<?xml version="1.0" encoding="UTF-8"?>
<!-- Date Stamp: Fri Sep 30 15:55:07 PDT 2022 -->
<!DOCTYPE topic PUBLIC "-//OASIS//DTD DITA 1.2 Topic//EN"
"topic.dtd">
<topic base="base" id="AI_REG">
  <title>Address Map</title>

  <body>
    <p>The following describes the address map for AI registers.</p>

    <table id="table_Device_Table_0jn2bxq1n">
      <title>AI Address Map</title>

      <tgroup cols="3">
        <colspec colwidth="148*"/>

        <colspec colwidth="218*"/>

        <colspec colwidth="634*"/>

        <thead>
          <row>
            <entry><p>Offset Address</p></entry>

            <entry><p>Register Mnemonic </p></entry>

            <entry><p>Register Description </p></entry>
          </row>
        </thead>

        <address-map>
          <register-reference>
            <address>0x00000</address>

            <addr-element>
              <address-prefix/>
            </addr-element>

            <address-details>
              <p><xref
              href="nvme_addr.xml#NVME_REG/table_Device_Table_NVME"/></p>
            </address-details>
          </register-reference>

          <register-reference audience="MSCCInternal">
            <address>0x60400</address>

            <addr-element>
              <addr-mnemonic>CERRSTS</addr-mnemonic>
            </addr-element>

            <address-details>
              <p><xref
              href="mt_ai_csrs_reg.xml#mt_ai_csrs/table_AICERRSTS"/></p>
            </address-details>
          </register-reference>

          <register-reference audience="MSCCInternal">
            <address>0x60404</address>

            <addr-element>
              <addr-mnemonic>CERRMSK</addr-mnemonic>
            </addr-element>

            <address-details>
              <p><xref
              href="mt_ai_csrs_reg.xml#mt_ai_csrs/table_AICERRMSK"/></p>
            </address-details>
          </register-reference>

          <register-reference audience="MSCCInternal">
            <address>0x60408</address>

            <addr-element>
              <addr-mnemonic>CERRSWTGR</addr-mnemonic>
            </addr-element>

            <address-details>
              <p><xref
              href="mt_ai_csrs_reg.xml#mt_ai_csrs/table_AICERRSWTGR"/></p>
            </address-details>
          </register-reference>

          <register-reference>
            <address>0x6040c</address>

            <addr-element>
              <addr-mnemonic>UCERRSTS</addr-mnemonic>
            </addr-element>

            <address-details>
              <p><xref
              href="mt_ai_csrs_reg.xml#mt_ai_csrs/table_AIUCERRSTS"/></p>
            </address-details>
          </register-reference>

          <register-reference>
            <address>0x60410</address>

            <addr-element>
              <addr-mnemonic>UCERRMSK</addr-mnemonic>
            </addr-element>

            <address-details>
              <p><xref
              href="mt_ai_csrs_reg.xml#mt_ai_csrs/table_AIUCERRMSK"/></p>
            </address-details>
          </register-reference>

          <register-reference>
            <address>0x60414</address>

            <addr-element>
              <addr-mnemonic>UCERRSWTGR</addr-mnemonic>
            </addr-element>

            <address-details>
              <p><xref
              href="mt_ai_csrs_reg.xml#mt_ai_csrs/table_AIUCERRSWTGR"/></p>
            </address-details>
          </register-reference>

          <register-reference audience="MSCCInternal">
            <address>0x60418</address>

            <addr-element>
              <addr-mnemonic>UCERRAUTDISMSK</addr-mnemonic>
            </addr-element>

            <address-details>
              <p><xref
              href="mt_ai_csrs_reg.xml#mt_ai_csrs/table_AIUCERRAUTDISMSK"/></p>
            </address-details>
          </register-reference>

          <register-reference>
            <address>0x6041c</address>

            <addr-element>
              <addr-mnemonic>IDMACERRSTS</addr-mnemonic>
            </addr-element>

            <address-details>
              <p><xref
              href="mt_ai_csrs_reg.xml#mt_ai_csrs/table_AIIDECERRSTS_-_AI_IDMA_correctable_error_rjhvakzbr"/></p>
            </address-details>
          </register-reference>

          <register-reference>
            <address>0x60420</address>

            <addr-element>
              <addr-mnemonic>IDMACERRMSK</addr-mnemonic>
            </addr-element>

            <address-details>
              <p><xref
              href="mt_ai_csrs_reg.xml#mt_ai_csrs/table_AIIDECERRMSK_-_AI_IDMA_correctable_error_sjhvakzbr"/></p>
            </address-details>
          </register-reference>

          <register-reference>
            <address>0x60424</address>

            <addr-element>
              <addr-mnemonic>IDMACERRSWTGR</addr-mnemonic>
            </addr-element>

            <address-details>
              <p><xref
              href="mt_ai_csrs_reg.xml#mt_ai_csrs/table_AIIDECERRSWTGR_-_AI_IDMA_correctable_err_tjhvakzbr"/></p>
            </address-details>
          </register-reference>

          <register-reference>
            <address>0x60428</address>

            <addr-element>
              <addr-mnemonic>IDMAUCERRSTS</addr-mnemonic>
            </addr-element>

            <address-details>
              <p><xref
              href="mt_ai_csrs_reg.xml#mt_ai_csrs/table_AIIDEUCERRSTS_-_AI_IDMA_uncorrectable_err_ujhvakzbr"/></p>
            </address-details>
          </register-reference>

          <register-reference>
            <address>0x6042c</address>

            <addr-element>
              <addr-mnemonic>IDMAUCERRMSK</addr-mnemonic>
            </addr-element>

            <address-details>
              <p><xref
              href="mt_ai_csrs_reg.xml#mt_ai_csrs/table_AIIDEUCERRMSK_-_AI_IDMA_uncorrectable_err_vjhvakzbr"/></p>
            </address-details>
          </register-reference>

          <register-reference>
            <address>0x60430</address>

            <addr-element>
              <addr-mnemonic>IDMAUCERRSWTGR</addr-mnemonic>
            </addr-element>

            <address-details>
              <p><xref
              href="mt_ai_csrs_reg.xml#mt_ai_csrs/table_AIIDEUCERRSWTGR_-_AI_IDMA_uncorrectable_e_wjhvakzbr"/></p>
            </address-details>
          </register-reference>

          <register-reference audience="MSCCInternal">
            <address>0x60434</address>

            <addr-element>
              <addr-mnemonic>IDMAAUTDISMSK</addr-mnemonic>
            </addr-element>

            <address-details>
              <p><xref
              href="mt_ai_csrs_reg.xml#mt_ai_csrs/table_AIIDEAUTDISMSK_-_AI_IDMA_uncorrectable_error_xjhvakzbr"/></p>
            </address-details>
          </register-reference>

          <register-reference audience="MSCCInternal">
            <address>0x60438</address>

            <addr-element>
              <addr-mnemonic>IDMATOPAUTDISMSK</addr-mnemonic>
            </addr-element>

            <address-details>
              <p><xref
              href="mt_ai_csrs_reg.xml#mt_ai_csrs/table_AIIDETOPAUTDISMSK_-_Control_whether_the_uerr_2bji2re6oo"/></p>
            </address-details>
          </register-reference>

          <register-reference>
            <address>0x6043c</address>

            <addr-element>
              <addr-mnemonic>EDMACERRSTS</addr-mnemonic>
            </addr-element>

            <address-details>
              <p><xref
              href="mt_ai_csrs_reg.xml#mt_ai_csrs/table_AIEDECERRSTS_-_AI_EDMA_correctable_error_yjhvakzbr"/></p>
            </address-details>
          </register-reference>

          <register-reference>
            <address>0x60440</address>

            <addr-element>
              <addr-mnemonic>EDMACERRMSK</addr-mnemonic>
            </addr-element>

            <address-details>
              <p><xref
              href="mt_ai_csrs_reg.xml#mt_ai_csrs/table_AIEDECERRMSK_-_AI_EDMA_correctable_error_zjhvakzbr"/></p>
            </address-details>
          </register-reference>

          <register-reference>
            <address>0x60444</address>

            <addr-element>
              <addr-mnemonic>EDMACERRSWTGR</addr-mnemonic>
            </addr-element>

            <address-details>
              <p><xref
              href="mt_ai_csrs_reg.xml#mt_ai_csrs/table_AIEDECERRSWTGR_-_AI_EDMA_correctable_err_10jhvakzbr"/></p>
            </address-details>
          </register-reference>

          <register-reference>
            <address>0x60448</address>

            <addr-element>
              <addr-mnemonic>EDMAUCERRSTS</addr-mnemonic>
            </addr-element>

            <address-details>
              <p><xref
              href="mt_ai_csrs_reg.xml#mt_ai_csrs/table_AIEDEUCERRSTS_-_AI_EDMA_uncorrectable_err_11jhvakzbr"/></p>
            </address-details>
          </register-reference>

          <register-reference>
            <address>0x6044c</address>

            <addr-element>
              <addr-mnemonic>EDMAUCERRMSK</addr-mnemonic>
            </addr-element>

            <address-details>
              <p><xref
              href="mt_ai_csrs_reg.xml#mt_ai_csrs/table_AIEDEUCERRMSK_-_AI_EDMA_uncorrectable_err_12jhvakzbr"/></p>
            </address-details>
          </register-reference>

          <register-reference>
            <address>0x60450</address>

            <addr-element>
              <addr-mnemonic>EDMAUCERRSWTGR</addr-mnemonic>
            </addr-element>

            <address-details>
              <p><xref
              href="mt_ai_csrs_reg.xml#mt_ai_csrs/table_AIEDEUCERRSWTGR_-_AI_EDMA_uncorrectable_e_13jhvakzbr"/></p>
            </address-details>
          </register-reference>

          <register-reference audience="MSCCInternal">
            <address>0x60454</address>

            <addr-element>
              <addr-mnemonic>EDMAAUTDISMSK</addr-mnemonic>
            </addr-element>

            <address-details>
              <p><xref
              href="mt_ai_csrs_reg.xml#mt_ai_csrs/table_AIEDEAUTDISMSK_-_AI_EDMA_uncorrectable_error_14jhvakzbr"/></p>
            </address-details>
          </register-reference>

          <register-reference audience="MSCCInternal">
            <address>0x60458</address>

            <addr-element>
              <addr-mnemonic>EDMATOPAUTDISMSK</addr-mnemonic>
            </addr-element>

            <address-details>
              <p><xref
              href="mt_ai_csrs_reg.xml#mt_ai_csrs/table_AIEDETOPAUTDISMSK_-_Control_whether_the_uerr_2cji2re6oo"/></p>
            </address-details>
          </register-reference>

          <register-reference>
            <address>0x6045c</address>

            <addr-element>
              <addr-mnemonic>WDMICERRSTS</addr-mnemonic>
            </addr-element>

            <address-details>
              <p><xref
              href="mt_ai_csrs_reg.xml#mt_ai_csrs/table_AIIDAECERRSTS_-_AI_IDMI_correctable_erro_15jhvakzbr"/></p>
            </address-details>
          </register-reference>

          <register-reference>
            <address>0x60460</address>

            <addr-element>
              <addr-mnemonic>WDMICERRMSK</addr-mnemonic>
            </addr-element>

            <address-details>
              <p><xref
              href="mt_ai_csrs_reg.xml#mt_ai_csrs/table_AIIDAECERRMSK_-_AI_IDMI_correctable_erro_16jhvakzbr"/></p>
            </address-details>
          </register-reference>

          <register-reference>
            <address>0x60464</address>

            <addr-element>
              <addr-mnemonic>WDMICERRSWTGR</addr-mnemonic>
            </addr-element>

            <address-details>
              <p><xref
              href="mt_ai_csrs_reg.xml#mt_ai_csrs/table_AIIDAECERRSWTGR_-_AI_IDMI_correctable_er_17jhvakzbs"/></p>
            </address-details>
          </register-reference>

          <register-reference>
            <address>0x60468</address>

            <addr-element>
              <addr-mnemonic>WDMIUCERRSTS</addr-mnemonic>
            </addr-element>

            <address-details>
              <p><xref
              href="mt_ai_csrs_reg.xml#mt_ai_csrs/table_AIIDAEUCERRSTS_-_AI_IDMI_uncorrectable_er_18jhvakzbs"/></p>
            </address-details>
          </register-reference>

          <register-reference>
            <address>0x6046c</address>

            <addr-element>
              <addr-mnemonic>WDMIUCERRMSK</addr-mnemonic>
            </addr-element>

            <address-details>
              <p><xref
              href="mt_ai_csrs_reg.xml#mt_ai_csrs/table_AIIDAEUCERRMSK_-_AI_IDMI_uncorrectable_er_19jhvakzbs"/></p>
            </address-details>
          </register-reference>

          <register-reference>
            <address>0x60470</address>

            <addr-element>
              <addr-mnemonic>WDMIUCERRSWTGR</addr-mnemonic>
            </addr-element>

            <address-details>
              <p><xref
              href="mt_ai_csrs_reg.xml#mt_ai_csrs/table_AIIDAEUCERRSWTGR_-_AI_IDMI_uncorrectable__1ajhvakzbs"/></p>
            </address-details>
          </register-reference>

          <register-reference audience="MSCCInternal">
            <address>0x60474</address>

            <addr-element>
              <addr-mnemonic>WDMIAUTDISMSK</addr-mnemonic>
            </addr-element>

            <address-details>
              <p><xref
              href="mt_ai_csrs_reg.xml#mt_ai_csrs/table_AIIDAEAUTDISMSK_-_AI_IDMI_uncorrectable_erro_1bjhvakzbs"/></p>
            </address-details>
          </register-reference>

          <register-reference audience="MSCCInternal">
            <address>0x60478</address>

            <addr-element>
              <addr-mnemonic>WDMITOPAUTDISMSK</addr-mnemonic>
            </addr-element>

            <address-details>
              <p><xref
              href="mt_ai_csrs_reg.xml#mt_ai_csrs/table_AIIDAETOPAUTDISMSK_-_Control_whether_the_uer_2dji2re6oo"/></p>
            </address-details>
          </register-reference>

          <register-reference>
            <address>0x6047c</address>

            <addr-element>
              <addr-mnemonic>RDMICERRSTS</addr-mnemonic>
            </addr-element>

            <address-details>
              <p><xref
              href="mt_ai_csrs_reg.xml#mt_ai_csrs/table_AIEDAECERRSTS_-_AI_EDMI_correctable_erro_1cjhvakzbs"/></p>
            </address-details>
          </register-reference>

          <register-reference>
            <address>0x60480</address>

            <addr-element>
              <addr-mnemonic>RDMICERRMSK</addr-mnemonic>
            </addr-element>

            <address-details>
              <p><xref
              href="mt_ai_csrs_reg.xml#mt_ai_csrs/table_AIEDAECERRMSK_-_AI_EDMI_correctable_erro_1djhvakzbs"/></p>
            </address-details>
          </register-reference>

          <register-reference>
            <address>0x60484</address>

            <addr-element>
              <addr-mnemonic>RDMICERRSWTGR</addr-mnemonic>
            </addr-element>

            <address-details>
              <p><xref
              href="mt_ai_csrs_reg.xml#mt_ai_csrs/table_AIEDAECERRSWTGR_-_AI_EDMI_correctable_er_1ejhvakzbs"/></p>
            </address-details>
          </register-reference>

          <register-reference>
            <address>0x60488</address>

            <addr-element>
              <addr-mnemonic>RDMIUCERRSTS</addr-mnemonic>
            </addr-element>

            <address-details>
              <p><xref
              href="mt_ai_csrs_reg.xml#mt_ai_csrs/table_AIEDAEUCERRSTS_-_AI_EDMI_uncorrectable_er_1fjhvakzbs"/></p>
            </address-details>
          </register-reference>

          <register-reference>
            <address>0x6048c</address>

            <addr-element>
              <addr-mnemonic>RDMIUCERRMSK</addr-mnemonic>
            </addr-element>

            <address-details>
              <p><xref
              href="mt_ai_csrs_reg.xml#mt_ai_csrs/table_AIEDAEUCERRMSK_-_AI_EDMI_uncorrectable_er_1gjhvakzbs"/></p>
            </address-details>
          </register-reference>

          <register-reference>
            <address>0x60490</address>

            <addr-element>
              <addr-mnemonic>RDMIUCERRSWTGR</addr-mnemonic>
            </addr-element>

            <address-details>
              <p><xref
              href="mt_ai_csrs_reg.xml#mt_ai_csrs/table_AIEDAEUCERRSWTGR_-_AI_EDMI_uncorrectable__1hjhvakzbs"/></p>
            </address-details>
          </register-reference>

          <register-reference audience="MSCCInternal">
            <address>0x60494</address>

            <addr-element>
              <addr-mnemonic>RDMIAUTDISMSK</addr-mnemonic>
            </addr-element>

            <address-details>
              <p><xref
              href="mt_ai_csrs_reg.xml#mt_ai_csrs/table_AIEDAEAUTDISMSK_-_AI_EDMI_uncorrectable_erro_1ijhvakzbs"/></p>
            </address-details>
          </register-reference>

          <register-reference audience="MSCCInternal">
            <address>0x60498</address>

            <addr-element>
              <addr-mnemonic>RDMITOPAUTDISMSK</addr-mnemonic>
            </addr-element>

            <address-details>
              <p><xref
              href="mt_ai_csrs_reg.xml#mt_ai_csrs/table_AIEDAETOPAUTDISMSK_-_Control_whether_the_uer_2eji2re6oo"/></p>
            </address-details>
          </register-reference>

          <register-reference>
            <address>0x6049c</address>

            <addr-element>
              <addr-mnemonic>IPICERRSTS</addr-mnemonic>
            </addr-element>

            <address-details>
              <p><xref
              href="mt_ai_csrs_reg.xml#mt_ai_csrs/table_AIDIMECERRSTS_-_AI_DIME_correctable_erro_1jjhvakzbs"/></p>
            </address-details>
          </register-reference>

          <register-reference>
            <address>0x604a0</address>

            <addr-element>
              <addr-mnemonic>IPICERRMSK</addr-mnemonic>
            </addr-element>

            <address-details>
              <p><xref
              href="mt_ai_csrs_reg.xml#mt_ai_csrs/table_AIDIMECERRMSK_-_AI_DIME_correctable_erro_1kjhvakzbs"/></p>
            </address-details>
          </register-reference>

          <register-reference>
            <address>0x604a4</address>

            <addr-element>
              <addr-mnemonic>IPICERRSWTGR</addr-mnemonic>
            </addr-element>

            <address-details>
              <p><xref
              href="mt_ai_csrs_reg.xml#mt_ai_csrs/table_AIDIMECERRSWTGR_-_AI_DIME_correctable_er_1ljhvakzbs"/></p>
            </address-details>
          </register-reference>

          <register-reference>
            <address>0x604a8</address>

            <addr-element>
              <addr-mnemonic>IPIUCERRSTS</addr-mnemonic>
            </addr-element>

            <address-details>
              <p><xref
              href="mt_ai_csrs_reg.xml#mt_ai_csrs/table_AIDIMEUCERRSTS_-_AI_DIME_uncorrectable_er_1mjhvakzbs"/></p>
            </address-details>
          </register-reference>

          <register-reference>
            <address>0x604ac</address>

            <addr-element>
              <addr-mnemonic>IPIUCERRMSK</addr-mnemonic>
            </addr-element>

            <address-details>
              <p><xref
              href="mt_ai_csrs_reg.xml#mt_ai_csrs/table_AIDIMEUCERRMSK_-_AI_DIME_uncorrectable_er_1njhvakzbs"/></p>
            </address-details>
          </register-reference>

          <register-reference>
            <address>0x604b0</address>

            <addr-element>
              <addr-mnemonic>IPIUCERRSWTGR</addr-mnemonic>
            </addr-element>

            <address-details>
              <p><xref
              href="mt_ai_csrs_reg.xml#mt_ai_csrs/table_AIDIMEUCERRSWTGR_-_AI_DIME_uncorrectable__1ojhvakzbs"/></p>
            </address-details>
          </register-reference>

          <register-reference audience="MSCCInternal">
            <address>0x604b4</address>

            <addr-element>
              <addr-mnemonic>IPIAUTDISMSK</addr-mnemonic>
            </addr-element>

            <address-details>
              <p><xref
              href="mt_ai_csrs_reg.xml#mt_ai_csrs/table_AIDIMEAUTDISMSK_-_AI_DIME_uncorrectable_erro_1pjhvakzbs"/></p>
            </address-details>
          </register-reference>

          <register-reference audience="MSCCInternal">
            <address>0x604b8</address>

            <addr-element>
              <addr-mnemonic>IPITOPAUTDISMSK</addr-mnemonic>
            </addr-element>

            <address-details>
              <p><xref
              href="mt_ai_csrs_reg.xml#mt_ai_csrs/table_AIDIMETOPAUTDISMSK_-_Control_whether_the_uer_2fji2re6oo"/></p>
            </address-details>
          </register-reference>

          <register-reference>
            <address>0x604bc</address>

            <addr-element>
              <addr-mnemonic>EPICERRSTS</addr-mnemonic>
            </addr-element>

            <address-details>
              <p><xref
              href="mt_ai_csrs_reg.xml#mt_ai_csrs/table_AIDEMECERRSTS_-_AI_DEME_correctable_erro_1qjhvakzbs"/></p>
            </address-details>
          </register-reference>

          <register-reference>
            <address>0x604c0</address>

            <addr-element>
              <addr-mnemonic>EPICERRMSK</addr-mnemonic>
            </addr-element>

            <address-details>
              <p><xref
              href="mt_ai_csrs_reg.xml#mt_ai_csrs/table_AIDEMECERRMSK_-_AI_DEME_correctable_erro_1rjhvakzbt"/></p>
            </address-details>
          </register-reference>

          <register-reference>
            <address>0x604c4</address>

            <addr-element>
              <addr-mnemonic>EPICERRSWTGR</addr-mnemonic>
            </addr-element>

            <address-details>
              <p><xref
              href="mt_ai_csrs_reg.xml#mt_ai_csrs/table_AIDEMECERRSWTGR_-_AI_DEME_correctable_er_1sjhvakzbt"/></p>
            </address-details>
          </register-reference>

          <register-reference>
            <address>0x604c8</address>

            <addr-element>
              <addr-mnemonic>EPIUCERRSTS</addr-mnemonic>
            </addr-element>

            <address-details>
              <p><xref
              href="mt_ai_csrs_reg.xml#mt_ai_csrs/table_AIDEMEUCERRSTS_-_AI_DEME_uncorrectable_er_1tjhvakzbt"/></p>
            </address-details>
          </register-reference>

          <register-reference>
            <address>0x604cc</address>

            <addr-element>
              <addr-mnemonic>EPIUCERRMSK</addr-mnemonic>
            </addr-element>

            <address-details>
              <p><xref
              href="mt_ai_csrs_reg.xml#mt_ai_csrs/table_AIDEMEUCERRMSK_-_AI_DEME_uncorrectable_er_1ujhvakzbt"/></p>
            </address-details>
          </register-reference>

          <register-reference>
            <address>0x604d0</address>

            <addr-element>
              <addr-mnemonic>EPIUCERRSWTGR</addr-mnemonic>
            </addr-element>

            <address-details>
              <p><xref
              href="mt_ai_csrs_reg.xml#mt_ai_csrs/table_AIDEMEUCERRSWTGR_-_AI_DEME_uncorrectable__1vjhvakzbt"/></p>
            </address-details>
          </register-reference>

          <register-reference audience="MSCCInternal">
            <address>0x604d4</address>

            <addr-element>
              <addr-mnemonic>EPIAUTDISMSK</addr-mnemonic>
            </addr-element>

            <address-details>
              <p><xref
              href="mt_ai_csrs_reg.xml#mt_ai_csrs/table_AIDEMEAUTDISMSK_-_AI_DEME_uncorrectable_erro_1wjhvakzbt"/></p>
            </address-details>
          </register-reference>

          <register-reference audience="MSCCInternal">
            <address>0x604d8</address>

            <addr-element>
              <addr-mnemonic>EPITOPAUTDISMSK</addr-mnemonic>
            </addr-element>

            <address-details>
              <p><xref
              href="mt_ai_csrs_reg.xml#mt_ai_csrs/table_AIDEMETOPAUTDISMSK_-_Control_whether_the_uer_2gji2re6oo"/></p>
            </address-details>
          </register-reference>

          <register-reference>
            <address>0x604dc</address>

            <addr-element>
              <addr-mnemonic>TOPCERRSTS</addr-mnemonic>
            </addr-element>

            <address-details>
              <p><xref
              href="mt_ai_csrs_reg.xml#mt_ai_csrs/table_AICERRSTS_-_AI_Aggregation_correctable_e_1xjhvakzbt"/></p>
            </address-details>
          </register-reference>

          <register-reference>
            <address>0x604e0</address>

            <addr-element>
              <addr-mnemonic>TOPUCERRSTS</addr-mnemonic>
            </addr-element>

            <address-details>
              <p><xref
              href="mt_ai_csrs_reg.xml#mt_ai_csrs/table_AIUCERRSTS_-_AI_Aggregation_uncorrectable_20jhvakzbt"/></p>
            </address-details>
          </register-reference>

          <register-reference>
            <address>0x60500</address>

            <addr-element>
              <addr-mnemonic>DMAVFDSBL[x]</addr-mnemonic>

              <instances>
                <instance>
                  <instance-start>0</instance-start>

                  <instance-stop>7</instance-stop>
                </instance>
              </instances>
            </addr-element>

            <address-details>
              <p><xref
              href="mt_ai_csrs_reg.xml#mt_ai_csrs/table_DMAVFDSBL">DMAVFDSBL</xref>

              </p>
            </address-details>
          </register-reference>

          <register-reference>
            <address>0x60800</address>

            <addr-element>
              <addr-mnemonic>MEMAPROP[x]</addr-mnemonic>

              <instances>
                <instance>
                  <instance-start>0</instance-start>

                  <instance-stop>3</instance-stop>
                </instance>
              </instances>
            </addr-element>

            <address-details>
              <p><xref
              href="mt_ai_csrs_reg.xml#mt_ai_csrs/table_AICMPC0"/></p>
            </address-details>
          </register-reference>

          <register-reference>
            <address>0x60810</address>

            <addr-element>
              <addr-mnemonic>MEMAPROT[x]</addr-mnemonic>

              <instances>
                <instance>
                  <instance-start>0</instance-start>

                  <instance-stop>3</instance-stop>
                </instance>
              </instances>
            </addr-element>

            <address-details>
              <p><xref
              href="mt_ai_csrs_reg.xml#mt_ai_csrs/table_AICMPC1"/></p>
            </address-details>
          </register-reference>

          <register-reference>
            <address>0x61000</address>

            <addr-element>
              <addr-mnemonic>PCIECTL</addr-mnemonic>
            </addr-element>

            <address-details>
              <p><xref
              href="mt_ai_csrs_reg.xml#mt_ai_csrs/table_AIPCIECTL"/></p>
            </address-details>
          </register-reference>

          <register-reference>
            <address>0x61004</address>

            <addr-element>
              <addr-mnemonic>PCIESTS</addr-mnemonic>
            </addr-element>

            <address-details>
              <p><xref
              href="mt_ai_csrs_reg.xml#mt_ai_csrs/table_AIPCIESTS"/></p>
            </address-details>
          </register-reference>

          <register-reference>
            <address>0x61008</address>

            <addr-element>
              <addr-mnemonic>CTOSTS</addr-mnemonic>
            </addr-element>

            <address-details>
              <p><xref
              href="mt_ai_csrs_reg.xml#mt_ai_csrs/table_AICTOSTS"/></p>
            </address-details>
          </register-reference>

          <register-reference>
            <address>0x61010</address>

            <addr-element>
              <addr-mnemonic>TOPCNFG</addr-mnemonic>
            </addr-element>

            <address-details>
              <p><xref
              href="mt_ai_csrs_reg.xml#mt_ai_csrs/table_TOPCNFG"/></p>
            </address-details>
          </register-reference>

          <register-reference audience="MSCCInternal">
            <address>0x61014</address>

            <addr-element>
              <addr-mnemonic>ETALPRAMCTL</addr-mnemonic>
            </addr-element>

            <address-details>
              <p><xref
              href="mt_ai_csrs_reg.xml#mt_ai_csrs/table_ETALPRAMCTL"/></p>
            </address-details>
          </register-reference>

          <register-reference audience="MSCCInternal">
            <address>0x61018</address>

            <addr-element>
              <addr-mnemonic>CPLLPRAMCTL</addr-mnemonic>
            </addr-element>

            <address-details>
              <p><xref
              href="mt_ai_csrs_reg.xml#mt_ai_csrs/table_CPLLPRAMCTL"/></p>
            </address-details>
          </register-reference>

          <register-reference>
            <address>0x61020</address>

            <addr-element>
              <addr-mnemonic>IDMACTL</addr-mnemonic>
            </addr-element>

            <address-details>
              <p><xref
              href="mt_ai_csrs_reg.xml#mt_ai_csrs/table_AIIDMACTL"/></p>
            </address-details>
          </register-reference>

          <register-reference>
            <address>0x61024</address>

            <addr-element>
              <addr-mnemonic>IDMASTS</addr-mnemonic>
            </addr-element>

            <address-details>
              <p><xref
              href="mt_ai_csrs_reg.xml#mt_ai_csrs/table_AIIDMASTS"/></p>
            </address-details>
          </register-reference>

          <register-reference>
            <address>0x61070</address>

            <addr-element>
              <addr-mnemonic>EDMACTL</addr-mnemonic>
            </addr-element>

            <address-details>
              <p><xref
              href="mt_ai_csrs_reg.xml#mt_ai_csrs/table_AIEDMACTL"/></p>
            </address-details>
          </register-reference>

          <register-reference>
            <address>0x61074</address>

            <addr-element>
              <addr-mnemonic>EDMASTS</addr-mnemonic>
            </addr-element>

            <address-details>
              <p><xref
              href="mt_ai_csrs_reg.xml#mt_ai_csrs/table_AIEDMASTS"/></p>
            </address-details>
          </register-reference>

          <register-reference>
            <address>0x610c0</address>

            <addr-element>
              <addr-mnemonic>RDMICTL</addr-mnemonic>
            </addr-element>

            <address-details>
              <p><xref
              href="mt_ai_csrs_reg.xml#mt_ai_csrs/table_AIRDMICTL"/></p>
            </address-details>
          </register-reference>

          <register-reference>
            <address>0x610c4</address>

            <addr-element>
              <addr-mnemonic>RDMISTS</addr-mnemonic>
            </addr-element>

            <address-details>
              <p><xref
              href="mt_ai_csrs_reg.xml#mt_ai_csrs/table_AIRDMISTS"/></p>
            </address-details>
          </register-reference>

          <register-reference>
            <address>0x610d0</address>

            <addr-element>
              <addr-mnemonic>WDMICTL</addr-mnemonic>
            </addr-element>

            <address-details>
              <p><xref
              href="mt_ai_csrs_reg.xml#mt_ai_csrs/table_AIWDMICTL"/></p>
            </address-details>
          </register-reference>

          <register-reference>
            <address>0x610d4</address>

            <addr-element>
              <addr-mnemonic>WDMISTS</addr-mnemonic>
            </addr-element>

            <address-details>
              <p><xref
              href="mt_ai_csrs_reg.xml#mt_ai_csrs/table_AIWDMISTS"/></p>
            </address-details>
          </register-reference>

          <register-reference>
            <address>0x610d8</address>

            <addr-element>
              <addr-mnemonic>DMILPBASE0</addr-mnemonic>
            </addr-element>

            <address-details>
              <p><xref
              href="mt_ai_csrs_reg.xml#mt_ai_csrs/table_AIDMILPBASE0"/></p>
            </address-details>
          </register-reference>

          <register-reference>
            <address>0x610dc</address>

            <addr-element>
              <addr-mnemonic>DMIUPBASE0</addr-mnemonic>
            </addr-element>

            <address-details>
              <p><xref
              href="mt_ai_csrs_reg.xml#mt_ai_csrs/table_AIDMIUPBASE0"/></p>
            </address-details>
          </register-reference>

          <register-reference>
            <address>0x610e0</address>

            <addr-element>
              <addr-mnemonic>DMILPLIMIT0</addr-mnemonic>
            </addr-element>

            <address-details>
              <p><xref
              href="mt_ai_csrs_reg.xml#mt_ai_csrs/table_AIDMILPLIMIT0"/></p>
            </address-details>
          </register-reference>

          <register-reference>
            <address>0x610e4</address>

            <addr-element>
              <addr-mnemonic>DMIUPLIMIT0</addr-mnemonic>
            </addr-element>

            <address-details>
              <p><xref
              href="mt_ai_csrs_reg.xml#mt_ai_csrs/table_AIDMIUPLIMIT0"/></p>
            </address-details>
          </register-reference>

          <register-reference>
            <address>0x610e8</address>

            <addr-element>
              <addr-mnemonic>DMIUMSK0</addr-mnemonic>
            </addr-element>

            <address-details>
              <p><xref
              href="mt_ai_csrs_reg.xml#mt_ai_csrs/table_DMIMSK0_H_-_Upper_two_bits_of_the_DMI_Me_jjhvakzbq"/></p>
            </address-details>
          </register-reference>

          <register-reference>
            <address>0x610ec</address>

            <addr-element>
              <addr-mnemonic>DMILMSK0</addr-mnemonic>
            </addr-element>

            <address-details>
              <p><xref
              href="mt_ai_csrs_reg.xml#mt_ai_csrs/table_AIDMIMSK0"/></p>
            </address-details>
          </register-reference>

          <register-reference>
            <address>0x610f0</address>

            <addr-element>
              <addr-mnemonic>DMIUCMBASE0</addr-mnemonic>
            </addr-element>

            <address-details>
              <p><xref
              href="mt_ai_csrs_reg.xml#mt_ai_csrs/table_DMICMBASE0_H_-_Upper_two_bits_of_the_DMI_kjhvakzbq"/></p>
            </address-details>
          </register-reference>

          <register-reference>
            <address>0x610f4</address>

            <addr-element>
              <addr-mnemonic>DMILCMBASE0</addr-mnemonic>
            </addr-element>

            <address-details>
              <p><xref
              href="mt_ai_csrs_reg.xml#mt_ai_csrs/table_AIDMICMBASE0"/></p>
            </address-details>
          </register-reference>

          <register-reference>
            <address>0x610f8</address>

            <addr-element>
              <addr-mnemonic>DMIPCIECTL0</addr-mnemonic>
            </addr-element>

            <address-details>
              <p><xref
              href="mt_ai_csrs_reg.xml#mt_ai_csrs/table_AIDMIPCIECTL0"/></p>
            </address-details>
          </register-reference>

          <register-reference>
            <address>0x61100</address>

            <addr-element>
              <addr-mnemonic>DMILPBASE1</addr-mnemonic>
            </addr-element>

            <address-details>
              <p><xref
              href="mt_ai_csrs_reg.xml#mt_ai_csrs/table_AIDMILPBASE1"/></p>
            </address-details>
          </register-reference>

          <register-reference>
            <address>0x61104</address>

            <addr-element>
              <addr-mnemonic>DMIUPBASE1</addr-mnemonic>
            </addr-element>

            <address-details>
              <p><xref
              href="mt_ai_csrs_reg.xml#mt_ai_csrs/table_AIDMIUPBASE1"/></p>
            </address-details>
          </register-reference>

          <register-reference>
            <address>0x61108</address>

            <addr-element>
              <addr-mnemonic>DMILPLIMIT1</addr-mnemonic>
            </addr-element>

            <address-details>
              <p><xref
              href="mt_ai_csrs_reg.xml#mt_ai_csrs/table_AIDMILPLIMIT1"/></p>
            </address-details>
          </register-reference>

          <register-reference>
            <address>0x6110c</address>

            <addr-element>
              <addr-mnemonic>DMIUPLIMIT1</addr-mnemonic>
            </addr-element>

            <address-details>
              <p><xref
              href="mt_ai_csrs_reg.xml#mt_ai_csrs/table_AIDMIUPLIMIT1"/></p>
            </address-details>
          </register-reference>

          <register-reference>
            <address>0x61110</address>

            <addr-element>
              <addr-mnemonic>DMIUMSK1</addr-mnemonic>
            </addr-element>

            <address-details>
              <p><xref
              href="mt_ai_csrs_reg.xml#mt_ai_csrs/table_DMIMSK1_H_-_Upper_two_bits_of_the_DMI_Me_ljhvakzbq"/></p>
            </address-details>
          </register-reference>

          <register-reference>
            <address>0x61114</address>

            <addr-element>
              <addr-mnemonic>DMILMSK1</addr-mnemonic>
            </addr-element>

            <address-details>
              <p><xref
              href="mt_ai_csrs_reg.xml#mt_ai_csrs/table_AIDMIMSK1"/></p>
            </address-details>
          </register-reference>

          <register-reference>
            <address>0x61118</address>

            <addr-element>
              <addr-mnemonic>DMIUCMBASE1</addr-mnemonic>
            </addr-element>

            <address-details>
              <p><xref
              href="mt_ai_csrs_reg.xml#mt_ai_csrs/table_DMICMBASE1_H_-_Upper_two_bits_of_the_DMI_mjhvakzbq"/></p>
            </address-details>
          </register-reference>

          <register-reference>
            <address>0x6111c</address>

            <addr-element>
              <addr-mnemonic>DMILCMBASE1</addr-mnemonic>
            </addr-element>

            <address-details>
              <p><xref
              href="mt_ai_csrs_reg.xml#mt_ai_csrs/table_AIDMICMBASE1"/></p>
            </address-details>
          </register-reference>

          <register-reference>
            <address>0x61140</address>

            <addr-element>
              <addr-mnemonic>DMILPSBASE0</addr-mnemonic>
            </addr-element>

            <address-details>
              <p><xref
              href="mt_ai_csrs_reg.xml#mt_ai_csrs/table_AIDMILPSBASE0"/></p>
            </address-details>
          </register-reference>

          <register-reference>
            <address>0x61144</address>

            <addr-element>
              <addr-mnemonic>DMIUPSBASE0</addr-mnemonic>
            </addr-element>

            <address-details>
              <p><xref
              href="mt_ai_csrs_reg.xml#mt_ai_csrs/table_AIDMIUPSBASE0"/></p>
            </address-details>
          </register-reference>

          <register-reference>
            <address>0x61150</address>

            <addr-element>
              <addr-mnemonic>DMILPSBASE1</addr-mnemonic>
            </addr-element>

            <address-details>
              <p><xref
              href="mt_ai_csrs_reg.xml#mt_ai_csrs/table_AIDMILPSBASE1"/></p>
            </address-details>
          </register-reference>

          <register-reference>
            <address>0x61154</address>

            <addr-element>
              <addr-mnemonic>DMIUPSBASE1</addr-mnemonic>
            </addr-element>

            <address-details>
              <p><xref
              href="mt_ai_csrs_reg.xml#mt_ai_csrs/table_AIDMIUPSBASE1"/></p>
            </address-details>
          </register-reference>

          <register-reference>
            <address>0x61158</address>

            <addr-element>
              <addr-mnemonic>DMIOLBASE0</addr-mnemonic>
            </addr-element>

            <address-details>
              <p><xref
              href="mt_ai_csrs_reg.xml#mt_ai_csrs/table_DMILEBASE0_-_AI_DMI_Lower_Egress_PCIe_Ba_1jn9xx2er"/></p>
            </address-details>
          </register-reference>

          <register-reference>
            <address>0x6115c</address>

            <addr-element>
              <addr-mnemonic>DMIOUBASE0</addr-mnemonic>
            </addr-element>

            <address-details>
              <p><xref
              href="mt_ai_csrs_reg.xml#mt_ai_csrs/table_DMIUEBASE0_-_AI_DMI_Upper_Egress_PCIe_Ba_2jn9xx2er"/></p>
            </address-details>
          </register-reference>

          <register-reference>
            <address>0x61160</address>

            <addr-element>
              <addr-mnemonic>DMIOLLIMT0</addr-mnemonic>
            </addr-element>

            <address-details>
              <p><xref
              href="mt_ai_csrs_reg.xml#mt_ai_csrs/table_DMILELIMT0_-_AI_DMI_Lower_Egress_PCIe_Li_3jn9xx2er"/></p>
            </address-details>
          </register-reference>

          <register-reference>
            <address>0x61164</address>

            <addr-element>
              <addr-mnemonic>DMIOULIMT0</addr-mnemonic>
            </addr-element>

            <address-details>
              <p><xref
              href="mt_ai_csrs_reg.xml#mt_ai_csrs/table_DMIUELIMT0_-_AI_DMI_Upper_Egress_PCIe_Li_4jn9xx2es"/></p>
            </address-details>
          </register-reference>

          <register-reference>
            <address>0x61168</address>

            <addr-element>
              <addr-mnemonic>DMIOLBASE1</addr-mnemonic>
            </addr-element>

            <address-details>
              <p><xref
              href="mt_ai_csrs_reg.xml#mt_ai_csrs/table_DMILEBASE1_-_AI_DMI_Lower_Egress_PCIe_Ba_5jn9xx2es"/></p>
            </address-details>
          </register-reference>

          <register-reference>
            <address>0x6116c</address>

            <addr-element>
              <addr-mnemonic>DMIOUBASE1</addr-mnemonic>
            </addr-element>

            <address-details>
              <p><xref
              href="mt_ai_csrs_reg.xml#mt_ai_csrs/table_DMIUEBASE1_-_AI_DMI_Upper_Egress_PCIe_Ba_6jn9xx2es"/></p>
            </address-details>
          </register-reference>

          <register-reference>
            <address>0x61170</address>

            <addr-element>
              <addr-mnemonic>DMIOLLIMT1</addr-mnemonic>
            </addr-element>

            <address-details>
              <p><xref
              href="mt_ai_csrs_reg.xml#mt_ai_csrs/table_DMILELIMT1_-_AI_DMI_Lower_Egress_PCIe_Li_7jn9xx2es"/></p>
            </address-details>
          </register-reference>

          <register-reference>
            <address>0x61174</address>

            <addr-element>
              <addr-mnemonic>DMIOULIMT1</addr-mnemonic>
            </addr-element>

            <address-details>
              <p><xref
              href="mt_ai_csrs_reg.xml#mt_ai_csrs/table_DMIUELIMT1_-_AI_DMI_Upper_Egress_PCIe_Li_8jn9xx2es"/></p>
            </address-details>
          </register-reference>

          <register-reference>
            <address>0x611E0</address>

            <addr-element>
              <addr-mnemonic>DMISTATTIMR</addr-mnemonic>
            </addr-element>

            <address-details>
              <p><xref
              href="mt_ai_csrs_reg.xml#mt_ai_csrs/table_DMISTATTIMR"/></p>
            </address-details>
          </register-reference>

          <register-reference>
            <address>0x611E4</address>

            <addr-element>
              <addr-mnemonic>DMIMRDBCNT</addr-mnemonic>
            </addr-element>

            <address-details>
              <p><xref
              href="mt_ai_csrs_reg.xml#mt_ai_csrs/table_DMIMRDBCNT"/></p>
            </address-details>
          </register-reference>

          <register-reference>
            <address>0x611E8</address>

            <addr-element>
              <addr-mnemonic>DMIMWRBCNT</addr-mnemonic>
            </addr-element>

            <address-details>
              <p><xref
              href="mt_ai_csrs_reg.xml#mt_ai_csrs/table_DMIMWRBCNT"/></p>
            </address-details>
          </register-reference>

          <register-reference>
            <address>0x611F0</address>

            <addr-element>
              <addr-mnemonic>DMIMRDDWCNT</addr-mnemonic>
            </addr-element>

            <address-details>
              <p><xref
              href="mt_ai_csrs_reg.xml#mt_ai_csrs/table_DMIMRDDWCNT"/></p>
            </address-details>
          </register-reference>

          <register-reference>
            <address>0x611F4</address>

            <addr-element>
              <addr-mnemonic>DMIMWRDWCNT</addr-mnemonic>
            </addr-element>

            <address-details>
              <p><xref
              href="mt_ai_csrs_reg.xml#mt_ai_csrs/table_DMIMWRDWCNT"/></p>
            </address-details>
          </register-reference>

          <register-reference>
            <address>0x61200</address>

            <addr-element>
              <addr-mnemonic>DMIMEMAPROP[x]</addr-mnemonic>

              <instances>
                <instance>
                  <instance-start>0</instance-start>

                  <instance-stop>1</instance-stop>
                </instance>
              </instances>
            </addr-element>

            <address-details>
              <p><xref
              href="mt_ai_csrs_reg.xml#mt_ai_csrs/table_DMICMPC0"/></p>
            </address-details>
          </register-reference>

          <register-reference>
            <address>0x61208</address>

            <addr-element>
              <addr-mnemonic>DMIMEMAPROT[x]</addr-mnemonic>

              <instances>
                <instance>
                  <instance-start>0</instance-start>

                  <instance-stop>1</instance-stop>
                </instance>
              </instances>
            </addr-element>

            <address-details>
              <p><xref
              href="mt_ai_csrs_reg.xml#mt_ai_csrs/table_DMICMPC1"/></p>
            </address-details>
          </register-reference>

          <register-reference>
            <address>0x6b000</address>

            <addr-element>
              <addr-mnemonic>IPICTL</addr-mnemonic>
            </addr-element>

            <address-details>
              <p><xref
              href="mt_ai_csrs_reg.xml#mt_ai_csrs/table_AIIPICTL"/></p>
            </address-details>
          </register-reference>

          <register-reference>
            <address>0x6b004</address>

            <addr-element>
              <addr-mnemonic>IPISTS</addr-mnemonic>
            </addr-element>

            <address-details>
              <p><xref
              href="mt_ai_csrs_reg.xml#mt_ai_csrs/table_AIIPISTS"/></p>
            </address-details>
          </register-reference>

          <register-reference>
            <address>0x6b008</address>

            <addr-element>
              <addr-mnemonic>IPICFG</addr-mnemonic>
            </addr-element>

            <address-details>
              <p><xref
              href="mt_ai_csrs_reg.xml#mt_ai_csrs/table_AIIPICFG"/></p>
            </address-details>
          </register-reference>

          <register-reference>
            <address>0x6b010</address>

            <addr-element>
              <addr-mnemonic>EPICTL</addr-mnemonic>
            </addr-element>

            <address-details>
              <p><xref
              href="mt_ai_csrs_reg.xml#mt_ai_csrs/table_AIEPICTL"/></p>
            </address-details>
          </register-reference>

          <register-reference>
            <address>0x6b014</address>

            <addr-element>
              <addr-mnemonic>EPISTS</addr-mnemonic>
            </addr-element>

            <address-details>
              <p><xref
              href="mt_ai_csrs_reg.xml#mt_ai_csrs/table_AIEPISTS"/></p>
            </address-details>
          </register-reference>

          <register-reference>
            <address>0x6b018</address>

            <addr-element>
              <addr-mnemonic>EPICFG</addr-mnemonic>
            </addr-element>

            <address-details>
              <p><xref
              href="mt_ai_csrs_reg.xml#mt_ai_csrs/table_AIEPICFG"/></p>
            </address-details>
          </register-reference>

          <register-reference>
            <address>0x6b080</address>

            <addr-element>
              <addr-mnemonic>FNRRCTL</addr-mnemonic>
            </addr-element>

            <address-details>
              <p><xref
              href="mt_ai_csrs_reg.xml#mt_ai_csrs/table_FNRRCTL_-_Function_NVMe_Register_Region__2ijkc0jpum"/></p>
            </address-details>
          </register-reference>

          <register-reference>
            <address>0x6b084</address>

            <addr-element>
              <addr-mnemonic>FNRRLBASE</addr-mnemonic>
            </addr-element>

            <address-details>
              <p><xref
              href="mt_ai_csrs_reg.xml#mt_ai_csrs/table_FNRRLBASE_-_Function_NVMe_Register_Regio_2jjkc0jpum"/></p>
            </address-details>
          </register-reference>

          <register-reference>
            <address>0x6b088</address>

            <addr-element>
              <addr-mnemonic>FNRRUBASE</addr-mnemonic>
            </addr-element>

            <address-details>
              <p><xref
              href="mt_ai_csrs_reg.xml#mt_ai_csrs/table_FNRRUBASE_-_Function_NVMe_Register_Regio_2kjkc0jpum"/></p>
            </address-details>
          </register-reference>

          <register-reference>
            <address>0x6b08c</address>

            <addr-element>
              <addr-mnemonic>FANRRCTL</addr-mnemonic>
            </addr-element>

            <address-details>
              <p><xref
              href="mt_ai_csrs_reg.xml#mt_ai_csrs/table_FANRRCTL_-_Function_Alternate_NVMe_Regis_2ljkc0jpum"/></p>
            </address-details>
          </register-reference>

          <register-reference>
            <address>0x6b090</address>

            <addr-element>
              <addr-mnemonic>FANRRLBASE</addr-mnemonic>
            </addr-element>

            <address-details>
              <p><xref
              href="mt_ai_csrs_reg.xml#mt_ai_csrs/table_FANRRLBASE_-_Function_Alternate_NVMe_Reg_2mjkc0jpum"/></p>
            </address-details>
          </register-reference>

          <register-reference>
            <address>0x6b094</address>

            <addr-element>
              <addr-mnemonic>FANRRUBASE</addr-mnemonic>
            </addr-element>

            <address-details>
              <p><xref
              href="mt_ai_csrs_reg.xml#mt_ai_csrs/table_FANRRUBASE_-_Function_Alternate_NVMe_Reg_2njkc0jpum"/></p>
            </address-details>
          </register-reference>

          <register-reference>
            <address>0x6b098</address>

            <addr-element>
              <addr-mnemonic>FMSIXTCTL</addr-mnemonic>
            </addr-element>

            <address-details>
              <p><xref
              href="mt_ai_csrs_reg.xml#mt_ai_csrs/table_FMSIXTCTL_-_Function_MSI-X_Table_Control_2ojkc0jpum"/></p>
            </address-details>
          </register-reference>

          <register-reference>
            <address>0x6b09c</address>

            <addr-element>
              <addr-mnemonic>FMSIXTLBASE</addr-mnemonic>
            </addr-element>

            <address-details>
              <p><xref
              href="mt_ai_csrs_reg.xml#mt_ai_csrs/table_FMSIXTLBASE_-_Function_MSI-X_Table_Lower_2pjkc0jpum"/></p>
            </address-details>
          </register-reference>

          <register-reference>
            <address>0x6b0a0</address>

            <addr-element>
              <addr-mnemonic>FMSIXTUBASE</addr-mnemonic>
            </addr-element>

            <address-details>
              <p><xref
              href="mt_ai_csrs_reg.xml#mt_ai_csrs/table_FMSIXTUBASE_-_Function_MSI-X_Table_Upper_2qjkc0jpum"/></p>
            </address-details>
          </register-reference>

          <register-reference>
            <address>0x6b0a4</address>

            <addr-element>
              <addr-mnemonic>SRIOVNRRCTL</addr-mnemonic>
            </addr-element>

            <address-details>
              <p><xref
              href="mt_ai_csrs_reg.xml#mt_ai_csrs/table_SRIOVNRRCTL_-_SR-IOV_NVMe_Register_Regio_2rjkc0jpum"/></p>
            </address-details>
          </register-reference>

          <register-reference>
            <address>0x6b0a8</address>

            <addr-element>
              <addr-mnemonic>SRIOVNRRLBASE</addr-mnemonic>
            </addr-element>

            <address-details>
              <p><xref
              href="mt_ai_csrs_reg.xml#mt_ai_csrs/table_SRIOVNRRLBASE_-_SR-IOV_NVMe_Register_Reg_2sjkc0jpum"/></p>
            </address-details>
          </register-reference>

          <register-reference>
            <address>0x6b0ac</address>

            <addr-element>
              <addr-mnemonic>SRIOVNRRUBASE</addr-mnemonic>
            </addr-element>

            <address-details>
              <p><xref
              href="mt_ai_csrs_reg.xml#mt_ai_csrs/table_SRIOVNRRUBASE_-_SR-IOV_NVMe_Register_Reg_2tjkc0jpum"/></p>
            </address-details>
          </register-reference>

          <register-reference>
            <address>0x6b0b0</address>

            <addr-element>
              <addr-mnemonic>SRIOVMSIXTCTL</addr-mnemonic>
            </addr-element>

            <address-details>
              <p><xref
              href="mt_ai_csrs_reg.xml#mt_ai_csrs/table_SRIOVMSIXTCTL_-_SR-IOV_MSI-X_Table_Contr_2ujkc0jpum"/></p>
            </address-details>
          </register-reference>

          <register-reference>
            <address>0x6b0b4</address>

            <addr-element>
              <addr-mnemonic>SRIOVMSIXTLBASE</addr-mnemonic>
            </addr-element>

            <address-details>
              <p><xref
              href="mt_ai_csrs_reg.xml#mt_ai_csrs/table_SRIOVMSIXTLBASE_-_SR-IOV_MSI-X_Table_Low_2vjkc0jpum"/></p>
            </address-details>
          </register-reference>

          <register-reference>
            <address>0x6b0b8</address>

            <addr-element>
              <addr-mnemonic>SRIOVMSIXTUBASE</addr-mnemonic>
            </addr-element>

            <address-details>
              <p><xref
              href="mt_ai_csrs_reg.xml#mt_ai_csrs/table_SRIOVMSIXTUBASE_-_SR-IOV_MSI-X_Table_Upp_2wjkc0jpum"/></p>
            </address-details>
          </register-reference>

          <register-reference audience="MSCCInternal">
            <address>0x6b0bc</address>

            <addr-element>
              <addr-mnemonic>DBGSQIN</addr-mnemonic>
            </addr-element>

            <address-details>
              <p><xref
              href="mt_ai_csrs_reg.xml#mt_ai_csrs/table_DBGSQIN_-_Debug_register_for_Submission__2xjkc5juo4"/></p>
            </address-details>
          </register-reference>

          <register-reference audience="MSCCInternal">
            <address>0x6b0c0</address>

            <addr-element>
              <addr-mnemonic>DBGCQIN</addr-mnemonic>
            </addr-element>

            <address-details>
              <p><xref
              href="mt_ai_csrs_reg.xml#mt_ai_csrs/table_DBGCQIN_-_Debug_register_for_Completion__2yjkc5juo4"/></p>
            </address-details>
          </register-reference>

          <register-reference audience="MSCCInternal">
            <address>0x6b0c4</address>

            <addr-element>
              <addr-mnemonic>DBGMSIXIN</addr-mnemonic>
            </addr-element>

            <address-details>
              <p><xref
              href="mt_ai_csrs_reg.xml#mt_ai_csrs/table_DBGMSIXIN_-_Debug_register_for_MSI-X_inf_2zjkc5juo4"/></p>
            </address-details>
          </register-reference>

          <register-reference audience="MSCCInternal">
            <address>0x6b0c8</address>

            <addr-element>
              <addr-mnemonic>DBGMAPSQ</addr-mnemonic>
            </addr-element>

            <address-details>
              <p><xref
              href="mt_ai_csrs_reg.xml#mt_ai_csrs/table_DBGMAPSQ_-_Debug_register_for_Submission_30jkc5juo4"/></p>
            </address-details>
          </register-reference>

          <register-reference audience="MSCCInternal">
            <address>0x6b0cc</address>

            <addr-element>
              <addr-mnemonic>DBGMAPCQ</addr-mnemonic>
            </addr-element>

            <address-details>
              <p><xref
              href="mt_ai_csrs_reg.xml#mt_ai_csrs/table_DBGMAPCQ_-_Debug_register_for_Completion_31jkc5juo4"/></p>
            </address-details>
          </register-reference>

          <register-reference audience="MSCCInternal">
            <address>0x6b0d0</address>

            <addr-element>
              <addr-mnemonic>DBGMAPMSIX</addr-mnemonic>
            </addr-element>

            <address-details>
              <p><xref
              href="mt_ai_csrs_reg.xml#mt_ai_csrs/table_DBGMAPMSIX_-_Debug_register_for_MSI-X_Ta_32jkc5juo4"/></p>
            </address-details>
          </register-reference>

          <register-reference audience="MSCCInternal">
            <address>0x6b0d4</address>

            <addr-element>
              <addr-mnemonic>DBGMAPSTS</addr-mnemonic>
            </addr-element>

            <address-details>
              <p><xref
              href="mt_ai_csrs_reg.xml#mt_ai_csrs/table_DBGMAPSTS_-_Debug_register_to_record_the_33jkc5juo4"/></p>
            </address-details>
          </register-reference>

          <register-reference audience="MSCCInternal">
            <address>0x6b0d8</address>

            <addr-element>
              <addr-mnemonic>DBGTMSTMP</addr-mnemonic>
            </addr-element>

            <address-details>
              <p><xref
              href="mt_ai_csrs_reg.xml#mt_ai_csrs/table_DBGTMSTMP_-_Debug_register_to_record_old_0jlor7euc"/></p>
            </address-details>
          </register-reference>

          <register-reference>
            <address>0x6b100</address>

            <addr-element>
              <addr-mnemonic>EFNRRCTL[x]</addr-mnemonic>

              <instances>
                <instance>
                  <instance-start>0</instance-start>

                  <instance-stop>62</instance-stop>
                </instance>
              </instances>
            </addr-element>

            <address-details>
              <p><xref
              href="mt_ai_csrs_reg.xml#mt_ai_csrs/table_EFNRRCTL_-_Extended_Function_NVMe_Register_Region"/></p>
            </address-details>
          </register-reference>

          <register-reference>
            <address>0x6b200</address>

            <addr-element>
              <addr-mnemonic>EFNRRLBASE[x]</addr-mnemonic>

              <instances>
                <instance>
                  <instance-start>0</instance-start>

                  <instance-stop>62</instance-stop>
                </instance>
              </instances>
            </addr-element>

            <address-details>
              <p><xref
              href="mt_ai_csrs_reg.xml#mt_ai_csrs/table_EFNRRLBASE_-_Extended_Function_NVMe_Register_Region"/></p>
            </address-details>
          </register-reference>

          <register-reference>
            <address>0x6b300</address>

            <addr-element>
              <addr-mnemonic>EFNRRUBASE[x]</addr-mnemonic>

              <instances>
                <instance>
                  <instance-start>0</instance-start>

                  <instance-stop>62</instance-stop>
                </instance>
              </instances>
            </addr-element>

            <address-details>
              <p><xref
              href="mt_ai_csrs_reg.xml#mt_ai_csrs/table_EFNRRUBASE_-_Extended_Function_NVMe_Register_Region"/></p>
            </address-details>
          </register-reference>

          <register-reference>
            <address>0x6b400</address>

            <addr-element>
              <addr-mnemonic>EFMSIXTCTL[x]</addr-mnemonic>

              <instances>
                <instance>
                  <instance-start>0</instance-start>

                  <instance-stop>62</instance-stop>
                </instance>
              </instances>
            </addr-element>

            <address-details>
              <p><xref
              href="mt_ai_csrs_reg.xml#mt_ai_csrs/table_EFMSIXTCTL_-_Extended_Function_MSI-X_Table_Control"/></p>
            </address-details>
          </register-reference>

          <register-reference>
            <address>0x6b500</address>

            <addr-element>
              <addr-mnemonic>EFMSIXTLBASE[x]</addr-mnemonic>

              <instances>
                <instance>
                  <instance-start>0</instance-start>

                  <instance-stop>62</instance-stop>
                </instance>
              </instances>
            </addr-element>

            <address-details>
              <p><xref
              href="mt_ai_csrs_reg.xml#mt_ai_csrs/table_EFMSIXTLBASE_-_Extended_Function_MSI-X_Table_Lower"/></p>
            </address-details>
          </register-reference>

          <register-reference>
            <address>0x6b600</address>

            <addr-element>
              <addr-mnemonic>EFMSIXTUBASE[x]</addr-mnemonic>

              <instances>
                <instance>
                  <instance-start>0</instance-start>

                  <instance-stop>62</instance-stop>
                </instance>
              </instances>
            </addr-element>

            <address-details>
              <p><xref
              href="mt_ai_csrs_reg.xml#mt_ai_csrs/table_EFMSIXTUBASE_-_Extended_Function_MSI-X_Table_Upper"/></p>
            </address-details>
          </register-reference>

          <register-reference>
            <address>0x6b700</address>

            <addr-element>
              <addr-mnemonic>IMSCTL</addr-mnemonic>
            </addr-element>

            <address-details>
              <p><xref
              href="mt_ai_csrs_reg.xml#mt_ai_csrs/table_IMSCTL_-_IMS_Register_Region"/></p>
            </address-details>
          </register-reference>

          <register-reference>
            <address>0x6b704</address>

            <addr-element>
              <addr-mnemonic>IMSLBASE</addr-mnemonic>
            </addr-element>

            <address-details>
              <p><xref
              href="mt_ai_csrs_reg.xml#mt_ai_csrs/table_IMSLBASE_-_IMS_Register_Region"/></p>
            </address-details>
          </register-reference>

          <register-reference>
            <address>0x6b708</address>

            <addr-element>
              <addr-mnemonic>IMSUBASE</addr-mnemonic>
            </addr-element>

            <address-details>
              <p><xref
              href="mt_ai_csrs_reg.xml#mt_ai_csrs/table_IMSUBASE_-_IMS_Register_Region"/></p>
            </address-details>
          </register-reference>

          <register-reference audience="MSCCInternal">
            <address>0x70000</address>

            <addr-element>
              <addr-mnemonic>RAMECTL</addr-mnemonic>
            </addr-element>

            <address-details>
              <p><xref
              href="mt_ai_csrs_reg.xml#mt_ai_csrs/table_AIRAMECTL"/></p>
            </address-details>
          </register-reference>

          <register-reference audience="MSCCInternal">
            <address>0x70010</address>

            <addr-element>
              <addr-mnemonic>RAMSBESTS</addr-mnemonic>
            </addr-element>

            <address-details>
              <p><xref
              href="mt_ai_csrs_reg.xml#mt_ai_csrs/table_AIRAMSBESTS"/></p>
            </address-details>
          </register-reference>

          <register-reference audience="MSCCInternal">
            <address>0x70058</address>

            <addr-element>
              <addr-mnemonic>RAMDBESTS</addr-mnemonic>
            </addr-element>

            <address-details>
              <p><xref
              href="mt_ai_csrs_reg.xml#mt_ai_csrs/table_AIRAMDBESTS"/></p>
            </address-details>
          </register-reference>

          <register-reference audience="MSCCInternal">
            <address>0x700a0</address>

            <addr-element>
              <addr-mnemonic>NETEC</addr-mnemonic>
            </addr-element>

            <address-details>
              <p><xref
              href="mt_ai_csrs_reg.xml#mt_ai_csrs/table_AINETEC"/></p>
            </address-details>
          </register-reference>

          <register-reference audience="MSCCInternal">
            <address>0x70100</address>

            <addr-element>
              <addr-mnemonic>FIFOUOSTUS</addr-mnemonic>
            </addr-element>

            <address-details>
              <p><xref
              href="mt_ai_csrs_reg.xml#mt_ai_csrs/table_AIDMADATFSTUS"/></p>
            </address-details>
          </register-reference>

          <register-reference audience="MSCCInternal">
            <address>0x70104</address>

            <addr-element>
              <addr-mnemonic>FIFOESTUS</addr-mnemonic>
            </addr-element>

            <address-details>
              <p><xref
              href="mt_ai_csrs_reg.xml#mt_ai_csrs/table_AIDMADATESTUS"/></p>
            </address-details>
          </register-reference>

          <register-reference audience="MSCCInternal">
            <address>0x70110</address>

            <addr-element>
              <addr-mnemonic>TLPRXIPI</addr-mnemonic>
            </addr-element>

            <address-details>
              <p><xref
              href="mt_ai_csrs_reg.xml#mt_ai_csrs/table_AITLPRXDIME"/></p>
            </address-details>
          </register-reference>

          <register-reference audience="MSCCInternal">
            <address>0x70114</address>

            <addr-element>
              <addr-mnemonic>TLPRXIDMA</addr-mnemonic>
            </addr-element>

            <address-details>
              <p><xref
              href="mt_ai_csrs_reg.xml#mt_ai_csrs/table_AITLPRXIDE"/></p>
            </address-details>
          </register-reference>

          <register-reference>
            <address>0x7011c</address>

            <addr-element>
              <addr-mnemonic>TLPRXWDMI</addr-mnemonic>
            </addr-element>

            <address-details>
              <p><xref
              href="mt_ai_csrs_reg.xml#mt_ai_csrs/table_AITLPRXIDAE"/></p>
            </address-details>
          </register-reference>

          <register-reference>
            <address>0x70120</address>

            <addr-element>
              <addr-mnemonic>TLPRXRDMI</addr-mnemonic>
            </addr-element>

            <address-details>
              <p><xref
              href="mt_ai_csrs_reg.xml#mt_ai_csrs/table_AITLPRXEDAE"/></p>
            </address-details>
          </register-reference>

          <register-reference audience="MSCCInternal">
            <address>0x70124</address>

            <addr-element>
              <addr-mnemonic>TLPRXNDE</addr-mnemonic>
            </addr-element>

            <address-details>
              <p><xref
              href="mt_ai_csrs_reg.xml#mt_ai_csrs/table_AITLPRXNDE"/></p>
            </address-details>
          </register-reference>

          <register-reference audience="MSCCInternal">
            <address>0x70128</address>

            <addr-element>
              <addr-mnemonic>TLPRXDSCD</addr-mnemonic>
            </addr-element>

            <address-details>
              <p><xref
              href="mt_ai_csrs_reg.xml#mt_ai_csrs/table_AITLPRXDSCD"/></p>
            </address-details>
          </register-reference>

          <register-reference audience="MSCCInternal">
            <address>0x7012c</address>

            <addr-element>
              <addr-mnemonic>TLPTXEPI</addr-mnemonic>
            </addr-element>

            <address-details>
              <p><xref
              href="mt_ai_csrs_reg.xml#mt_ai_csrs/table_AITLPTXDEME"/></p>
            </address-details>
          </register-reference>

          <register-reference audience="MSCCInternal">
            <address>0x70130</address>

            <addr-element>
              <addr-mnemonic>TLPTXIDMA</addr-mnemonic>
            </addr-element>

            <address-details>
              <p><xref
              href="mt_ai_csrs_reg.xml#mt_ai_csrs/table_AITLPTXIDE"/></p>
            </address-details>
          </register-reference>

          <register-reference audience="MSCCInternal">
            <address>0x70134</address>

            <addr-element>
              <addr-mnemonic>TLPTXEDMA</addr-mnemonic>
            </addr-element>

            <address-details>
              <p><xref
              href="mt_ai_csrs_reg.xml#mt_ai_csrs/table_AITLPTXEDE"/></p>
            </address-details>
          </register-reference>

          <register-reference audience="MSCCInternal">
            <address>0x70138</address>

            <addr-element>
              <addr-mnemonic>TLPTXRDMI</addr-mnemonic>
            </addr-element>

            <address-details>
              <p><xref
              href="mt_ai_csrs_reg.xml#mt_ai_csrs/table_AITLPTXEDAE"/></p>
            </address-details>
          </register-reference>

          <register-reference audience="MSCCInternal">
            <address>0x70140</address>

            <addr-element>
              <addr-mnemonic>TLPTXCQNDE</addr-mnemonic>
            </addr-element>

            <address-details>
              <p><xref
              href="mt_ai_csrs_reg.xml#mt_ai_csrs/table_TLPTXCQNDE_-_AI_NVMe_CQ_Transmitted_TLP__28jhvl9i53"/></p>
            </address-details>
          </register-reference>

          <register-reference audience="MSCCInternal">
            <address>0x70144</address>

            <addr-element>
              <addr-mnemonic>TLPTXSQNDE</addr-mnemonic>
            </addr-element>

            <address-details>
              <p><xref
              href="mt_ai_csrs_reg.xml#mt_ai_csrs/table_AITLPTXNDE"/></p>
            </address-details>
          </register-reference>

          <register-reference audience="MSCCInternal">
            <address>0x70148</address>

            <addr-element>
              <addr-mnemonic>TLPTXDSCD</addr-mnemonic>
            </addr-element>

            <address-details>
              <p><xref
              href="mt_ai_csrs_reg.xml#mt_ai_csrs/table_AITLPTXDSCD"/></p>
            </address-details>
          </register-reference>

          <register-reference audience="MSCCInternal">
            <address>0x701c4</address>

            <addr-element>
              <addr-mnemonic>IXETMDERR</addr-mnemonic>
            </addr-element>

            <address-details>
              <p><xref
              href="mt_ai_csrs_reg.xml#mt_ai_csrs/table_AIIXETMDERR"/></p>
            </address-details>
          </register-reference>

          <register-reference audience="MSCCInternal">
            <address>0x701cc</address>

            <addr-element>
              <addr-mnemonic>MEMFIFOFTHLD</addr-mnemonic>
            </addr-element>

            <address-details>
              <p><xref
              href="mt_ai_csrs_reg.xml#mt_ai_csrs/table_AICMUINTHLD"/></p>
            </address-details>
          </register-reference>

          <register-reference audience="MSCCInternal">
            <address>0x701d0</address>

            <addr-element>
              <addr-mnemonic>IDMACSTS</addr-mnemonic>
            </addr-element>

            <address-details>
              <p><xref
              href="mt_ai_csrs_reg.xml#mt_ai_csrs/table_AIIDESTS"/></p>
            </address-details>
          </register-reference>

          <register-reference audience="MSCCInternal">
            <address>0x701d4</address>

            <addr-element>
              <addr-mnemonic>EDMACSTS</addr-mnemonic>
            </addr-element>

            <address-details>
              <p><xref
              href="mt_ai_csrs_reg.xml#mt_ai_csrs/table_AIEDESTS"/></p>
            </address-details>
          </register-reference>

          <register-reference audience="MSCCInternal">
            <address>0x701e0</address>

            <addr-element>
              <addr-mnemonic>BUSYSTS</addr-mnemonic>
            </addr-element>

            <address-details>
              <p><xref
              href="mt_ai_csrs_reg.xml#mt_ai_csrs/table_AIBUSYSTS"/></p>
            </address-details>
          </register-reference>

          <register-reference audience="MSCCInternal">
            <address>0x701f0</address>

            <addr-element>
              <addr-mnemonic>MSGTXIDMAC</addr-mnemonic>
            </addr-element>

            <address-details>
              <p><xref
              href="mt_ai_csrs_reg.xml#mt_ai_csrs/table_AIMSGTXIDEC"/></p>
            </address-details>
          </register-reference>

          <register-reference audience="MSCCInternal">
            <address>0x701f4</address>

            <addr-element>
              <addr-mnemonic>MSGTXEDMAC</addr-mnemonic>
            </addr-element>

            <address-details>
              <p><xref
              href="mt_ai_csrs_reg.xml#mt_ai_csrs/table_AIMSGTXEDEC"/></p>
            </address-details>
          </register-reference>

          <register-reference audience="MSCCInternal">
            <address>0x70400</address>

            <addr-element>
              <addr-mnemonic>DISTS</addr-mnemonic>
            </addr-element>

            <address-details>
              <p><xref
              href="mt_ai_csrs_reg.xml#mt_ai_csrs/table_AIDNSTS"/></p>
            </address-details>
          </register-reference>

          <register-reference audience="MSCCInternal">
            <address>0x70404</address>

            <addr-element>
              <addr-mnemonic>DDATTX</addr-mnemonic>
            </addr-element>

            <address-details>
              <p><xref
              href="mt_ai_csrs_reg.xml#mt_ai_csrs/table_AIDDATTX"/></p>
            </address-details>
          </register-reference>

          <register-reference audience="MSCCInternal">
            <address>0x70408</address>

            <addr-element>
              <addr-mnemonic>BDATTX</addr-mnemonic>
            </addr-element>

            <address-details>
              <p><xref
              href="mt_ai_csrs_reg.xml#mt_ai_csrs/table_BDATTX_-_AI_BRAM_Data_Packet_Counts_pjhvakzbr"/></p>
            </address-details>
          </register-reference>

          <register-reference audience="MSCCInternal">
            <address>0x70410</address>

            <addr-element>
              <addr-mnemonic>DDATTXIDMA</addr-mnemonic>
            </addr-element>

            <address-details>
              <p><xref
              href="mt_ai_csrs_reg.xml#mt_ai_csrs/table_AIDDATTXIDE"/></p>
            </address-details>
          </register-reference>

          <register-reference audience="MSCCInternal">
            <address>0x70414</address>

            <addr-element>
              <addr-mnemonic>DDATTXEDMA</addr-mnemonic>
            </addr-element>

            <address-details>
              <p><xref
              href="mt_ai_csrs_reg.xml#mt_ai_csrs/table_AIDDATTXEDE"/></p>
            </address-details>
          </register-reference>

          <register-reference audience="MSCCInternal">
            <address>0x70420</address>

            <addr-element>
              <addr-mnemonic>DDATTXWDMI</addr-mnemonic>
            </addr-element>

            <address-details>
              <p><xref
              href="mt_ai_csrs_reg.xml#mt_ai_csrs/table_AIDDATTXIDAE"/></p>
            </address-details>
          </register-reference>

          <register-reference audience="MSCCInternal">
            <address>0x70424</address>

            <addr-element>
              <addr-mnemonic>DDATTXRDMI</addr-mnemonic>
            </addr-element>

            <address-details>
              <p><xref
              href="mt_ai_csrs_reg.xml#mt_ai_csrs/table_AIDDATTXEDAE"/></p>
            </address-details>
          </register-reference>

          <register-reference audience="MSCCInternal">
            <address>0x704F0</address>

            <addr-element>
              <addr-mnemonic>BISTS</addr-mnemonic>
            </addr-element>

            <address-details>
              <p><xref
              href="mt_ai_csrs_reg.xml#mt_ai_csrs/table_AIBNSTS"/></p>
            </address-details>
          </register-reference>

          <register-reference audience="MSCCInternal">
            <address>0x70504</address>

            <addr-element>
              <addr-mnemonic>MSGRXEDMAR</addr-mnemonic>
            </addr-element>

            <address-details>
              <p><xref
              href="mt_ai_csrs_reg.xml#mt_ai_csrs/table_AIMSGRXEDER"/></p>
            </address-details>
          </register-reference>

          <register-reference audience="MSCCInternal">
            <address>0x7050c</address>

            <addr-element>
              <addr-mnemonic>MSGRXIDMAR</addr-mnemonic>
            </addr-element>

            <address-details>
              <p><xref
              href="mt_ai_csrs_reg.xml#mt_ai_csrs/table_AIMSGRXIDER"/></p>
            </address-details>
          </register-reference>

          <register-reference audience="MSCCInternal">
            <address>0x70524</address>

            <addr-element>
              <addr-mnemonic>MSGRXEPIR</addr-mnemonic>
            </addr-element>

            <address-details>
              <p><xref
              href="mt_ai_csrs_reg.xml#mt_ai_csrs/table_AIMSGRXDEMER"/></p>
            </address-details>
          </register-reference>

          <register-reference audience="MSCCInternal">
            <address>0x70a24</address>

            <addr-element>
              <addr-mnemonic>MSGTXIPI</addr-mnemonic>
            </addr-element>

            <address-details>
              <p><xref
              href="mt_ai_csrs_reg.xml#mt_ai_csrs/table_AIMSGTXDIME"/></p>
            </address-details>
          </register-reference>

          <register-reference>
            <address>0x72000</address>

            <addr-element>
              <addr-mnemonic>ITPCTL</addr-mnemonic>
            </addr-element>

            <address-details>
              <p><xref
              href="mt_ai_csrs_reg.xml#mt_ai_csrs/table_AIITPCTL"/></p>
            </address-details>
          </register-reference>

          <register-reference>
            <address>0x72004</address>

            <addr-element>
              <addr-mnemonic>ETALPEN</addr-mnemonic>
            </addr-element>

            <address-details>
              <p><xref
              href="mt_ai_csrs_reg.xml#mt_ai_csrs/table_AIETALPEN"/></p>
            </address-details>
          </register-reference>

          <register-reference>
            <address>0x72008</address>

            <addr-element>
              <addr-mnemonic>ATMCTL</addr-mnemonic>
            </addr-element>

            <address-details>
              <p><xref
              href="mt_ai_csrs_reg.xml#mt_ai_csrs/table_ATMCTL_-_Control_bits_for_ATM_block_qjhvakzbr"/></p>
            </address-details>
          </register-reference>

          <register-reference audience="MSCCInternal">
            <address>0x7200c</address>

            <addr-element>
              <addr-mnemonic>ITLPFIFOAF</addr-mnemonic>
            </addr-element>

            <address-details>
              <p><xref
              href="mt_ai_csrs_reg.xml#mt_ai_csrs/table_ITLPFIFOAF_-_The_almost_full_threshold_o_24jhvdkml9"/></p>
            </address-details>
          </register-reference>

          <register-reference audience="MSCCInternal">
            <address>0x72010</address>

            <addr-element>
              <addr-mnemonic>IPRXFIFOAF</addr-mnemonic>
            </addr-element>

            <address-details>
              <p><xref
              href="mt_ai_csrs_reg.xml#mt_ai_csrs/table_IPRXFIFOAF_-_The_almost_full_threshold_o_25jhvdkml9"/></p>
            </address-details>
          </register-reference>

          <register-reference audience="MSCCInternal">
            <address>0x72014</address>

            <addr-element>
              <addr-mnemonic>ETLPFIFOAF</addr-mnemonic>
            </addr-element>

            <address-details>
              <p><xref
              href="mt_ai_csrs_reg.xml#mt_ai_csrs/table_ETLPFIFOAF_-_The_almost_full_threshold_o_26jhvdkmla"/></p>
            </address-details>
          </register-reference>

          <register-reference audience="MSCCInternal">
            <address>0x72018</address>

            <addr-element>
              <addr-mnemonic>MEMMSKFIFOAF</addr-mnemonic>
            </addr-element>

            <address-details>
              <p><xref
              href="mt_ai_csrs_reg.xml#mt_ai_csrs/table_CMUMSKFIFOAF_-_The_almost_full_threshold_27jhvdkmla"/></p>
            </address-details>
          </register-reference>

          <register-reference>
            <address>0x7201c</address>

            <addr-element>
              <addr-mnemonic>BRAMSTS</addr-mnemonic>
            </addr-element>

            <address-details>
              <p><xref
              href="mt_ai_csrs_reg.xml#mt_ai_csrs/table_BRAMSTS_-_BRAM_Persistent_memory_region__29ji2re6oo"/></p>
            </address-details>
          </register-reference>

          <register-reference>
            <address>0x72020</address>

            <addr-element>
              <addr-mnemonic>DRAMSTS</addr-mnemonic>
            </addr-element>

            <address-details>
              <p><xref
              href="mt_ai_csrs_reg.xml#mt_ai_csrs/table_DRAMSTS_-_DRAM_Persistent_memory_region__2aji2re6oo"/></p>
            </address-details>
          </register-reference>

          <register-reference audience="MSCCInternal">
            <address>0x72024</address>

            <addr-element>
              <addr-mnemonic>CPLMEMCTL</addr-mnemonic>
            </addr-element>

            <address-details>
              <p><xref
              href="mt_ai_csrs_reg.xml#mt_ai_csrs/table_CPLMEMCTL_-_Completion_memory_wrapper_co_2hjj5fx0yv"/></p>
            </address-details>
          </register-reference>

          <register-reference>
            <address>0x80000</address>

            <addr-element>
              <addr-mnemonic>MAPVFSQ[x]</addr-mnemonic>

              <instances>
                <instance>
                  <instance-start>0</instance-start>

                  <instance-stop>1024</instance-stop>
                </instance>
              </instances>
            </addr-element>

            <address-details>
              <p><xref
              href="itp_vm_csrs_mem_reg.xml#itp_vm_csrs/table_AI_MAPVFSQ"/></p>
            </address-details>
          </register-reference>

          <register-reference>
            <address>0x82000</address>

            <addr-element>
              <addr-mnemonic>MAPVFCQ[x]</addr-mnemonic>

              <instances>
                <instance>
                  <instance-start>0</instance-start>

                  <instance-stop>1024</instance-stop>
                </instance>
              </instances>
            </addr-element>

            <address-details>
              <p><xref
              href="itp_vm_csrs_mem_reg.xml#itp_vm_csrs/table_AI_MAPVFCQ"/></p>
            </address-details>
          </register-reference>

          <register-reference>
            <address>0x84000</address>

            <addr-element>
              <addr-mnemonic>MAPVFV[x]</addr-mnemonic>

              <instances>
                <instance>
                  <instance-start>0</instance-start>

                  <instance-stop>1024</instance-stop>
                </instance>
              </instances>
            </addr-element>

            <address-details>
              <p><xref
              href="itp_vm_csrs_mem_reg.xml#itp_vm_csrs/table_AI_MAPVFV"/></p>
            </address-details>
          </register-reference>

          <register-reference>
            <address>0xC0000</address>

            <addr-element>
              <address-prefix>PIQG0_IMQ[x]_</address-prefix>

              <instances>
                <instance>
                  <instance-start>0</instance-start>

                  <instance-stop>0</instance-stop>
                </instance>
              </instances>
            </addr-element>

            <address-details>
              <p><xref
              href="mif_ibq_addr.xml#ibq_addr/table_IMQ_Table_0j33kjmbs"/></p>
            </address-details>
          </register-reference>

          <register-reference>
            <address>0xC1000</address>

            <addr-element>
              <address-prefix>PIQG0_OMQ[x]_</address-prefix>

              <instances>
                <instance>
                  <instance-start>0</instance-start>

                  <instance-stop>2</instance-stop>
                </instance>
              </instances>
            </addr-element>

            <address-details>
              <p><xref
              href="mif_obq_addr.xml#obq_addr/table_OMQ_Table_0j33pa4bu"/></p>
            </address-details>
          </register-reference>

          <register-reference>
            <address>0xC2000</address>

            <addr-element>
              <address-prefix>PIQG0_</address-prefix>
            </addr-element>

            <address-details>
              <p><xref
              href="mif_group_addr.xml#queue_addr/table_MIF_CSR_Address_Table_fitltbioq"/></p>
            </address-details>
          </register-reference>

          <register-reference>
            <address>0xC4000</address>

            <addr-element>
              <address-prefix>PIQG1_IMQ[x]_</address-prefix>

              <instances>
                <instance>
                  <instance-start>0</instance-start>

                  <instance-stop>0</instance-stop>
                </instance>
              </instances>
            </addr-element>

            <address-details>
              <p><xref
              href="mif_ibq_addr.xml#ibq_addr/table_IMQ_Table_0j33kjmbs"/></p>
            </address-details>
          </register-reference>

          <register-reference>
            <address>0xC5000</address>

            <addr-element>
              <address-prefix>PIQG1_OMQ[x]_</address-prefix>

              <instances>
                <instance>
                  <instance-start>0</instance-start>

                  <instance-stop>0</instance-stop>
                </instance>
              </instances>
            </addr-element>

            <address-details>
              <p><xref
              href="mif_obq_addr.xml#obq_addr/table_OMQ_Table_0j33pa4bu"/></p>
            </address-details>
          </register-reference>

          <register-reference>
            <address>0xC6000</address>

            <addr-element>
              <address-prefix>PIQG1_</address-prefix>
            </addr-element>

            <address-details>
              <p><xref
              href="mif_group_addr.xml#queue_addr/table_MIF_CSR_Address_Table_fitltbioq"/></p>
            </address-details>
          </register-reference>

          <register-reference>
            <address>0xC8000</address>

            <addr-element>
              <address-prefix>IDMAQG0_IMQ[x]_</address-prefix>

              <instances>
                <instance>
                  <instance-start>0</instance-start>

                  <instance-stop>31</instance-stop>
                </instance>
              </instances>
            </addr-element>

            <address-details>
              <p><xref
              href="mif_ibq_addr.xml#ibq_addr/table_IMQ_Table_0j33kjmbs"/></p>
            </address-details>
          </register-reference>

          <register-reference>
            <address>0xC9000</address>

            <addr-element>
              <address-prefix>IDMAQG0_OMQ[x]_</address-prefix>

              <instances>
                <instance>
                  <instance-start>0</instance-start>

                  <instance-stop>15</instance-stop>
                </instance>
              </instances>
            </addr-element>

            <address-details>
              <p><xref
              href="mif_obq_addr.xml#obq_addr/table_OMQ_Table_0j33pa4bu"/></p>
            </address-details>
          </register-reference>

          <register-reference>
            <address>0xCA000</address>

            <addr-element>
              <address-prefix>IDMAQG0_</address-prefix>
            </addr-element>

            <address-details>
              <p><xref
              href="mif_group_addr.xml#queue_addr/table_MIF_CSR_Address_Table_fitltbioq"/></p>
            </address-details>
          </register-reference>

          <register-reference>
            <address>0xCC000</address>

            <addr-element>
              <address-prefix>EDMAQG0_IMQ[x]_</address-prefix>

              <instances>
                <instance>
                  <instance-start>0</instance-start>

                  <instance-stop>31</instance-stop>
                </instance>
              </instances>
            </addr-element>

            <address-details>
              <p><xref
              href="mif_ibq_addr.xml#ibq_addr/table_IMQ_Table_0j33kjmbs"/></p>
            </address-details>
          </register-reference>

          <register-reference>
            <address>0xCD000</address>

            <addr-element>
              <address-prefix>EDMAQG0_OMQ[x]_</address-prefix>

              <instances>
                <instance>
                  <instance-start>0</instance-start>

                  <instance-stop>15</instance-stop>
                </instance>
              </instances>
            </addr-element>

            <address-details>
              <p><xref
              href="mif_obq_addr.xml#obq_addr/table_OMQ_Table_0j33pa4bu"/></p>
            </address-details>
          </register-reference>

          <register-reference>
            <address>0xCE000</address>

            <addr-element>
              <address-prefix>EDMAQG0_</address-prefix>
            </addr-element>

            <address-details>
              <p><xref
              href="mif_group_addr.xml#queue_addr/table_MIF_CSR_Address_Table_fitltbioq"/></p>
            </address-details>
          </register-reference>

          <register-reference>
            <address>0xDC000</address>

            <addr-element>
              <address-prefix>PIQG2_IMQ[x]_</address-prefix>

              <instances>
                <instance>
                  <instance-start>0</instance-start>

                  <instance-stop>0</instance-stop>
                </instance>
              </instances>
            </addr-element>

            <address-details>
              <p><xref
              href="mif_ibq_addr.xml#ibq_addr/table_IMQ_Table_0j33kjmbs"/></p>
            </address-details>
          </register-reference>

          <register-reference>
            <address>0xDD000</address>

            <addr-element>
              <address-prefix>PIQG2_OMQ[x]_</address-prefix>

              <instances>
                <instance>
                  <instance-start>0</instance-start>

                  <instance-stop>0</instance-stop>
                </instance>
              </instances>
            </addr-element>

            <address-details>
              <p><xref
              href="mif_obq_addr.xml#obq_addr/table_OMQ_Table_0j33pa4bu"/></p>
            </address-details>
          </register-reference>

          <register-reference>
            <address>0xDE000</address>

            <addr-element>
              <address-prefix>PIQG2_</address-prefix>
            </addr-element>

            <address-details>
              <p><xref
              href="mif_group_addr.xml#queue_addr/table_MIF_CSR_Address_Table_fitltbioq"/></p>
            </address-details>
          </register-reference>

          <register-reference>
            <address>0xE0000</address>

            <addr-element>
              <address-prefix>PIQG3_IMQ[x]_</address-prefix>

              <instances>
                <instance>
                  <instance-start>0</instance-start>

                  <instance-stop>0</instance-stop>
                </instance>
              </instances>
            </addr-element>

            <address-details>
              <p><xref
              href="mif_ibq_addr.xml#ibq_addr/table_IMQ_Table_0j33kjmbs"/></p>
            </address-details>
          </register-reference>

          <register-reference>
            <address>0xE1000</address>

            <addr-element>
              <address-prefix>PIQG3_OMQ[x]_</address-prefix>

              <instances>
                <instance>
                  <instance-start>0</instance-start>

                  <instance-stop>0</instance-stop>
                </instance>
              </instances>
            </addr-element>

            <address-details>
              <p><xref
              href="mif_obq_addr.xml#obq_addr/table_OMQ_Table_0j33pa4bu"/></p>
            </address-details>
          </register-reference>

          <register-reference>
            <address>0xE2000</address>

            <addr-element>
              <address-prefix>PIQG3_</address-prefix>
            </addr-element>

            <address-details>
              <p><xref
              href="mif_group_addr.xml#queue_addr/table_MIF_CSR_Address_Table_fitltbioq"/></p>
            </address-details>
          </register-reference>

          <register-reference audience="MSCCInternal">
            <address>0xFFFFC</address>

            <addr-element>
              <addr-mnemonic>RESERVED</addr-mnemonic>
            </addr-element>

            <address-details>
              <p><xref
              href="mt_ai_csrs_reg.xml#mt_ai_csrs/table_CPLMEMCTL_-_Completion_memory_wrapper_co_2hjj5fx0yv"/></p>
            </address-details>
          </register-reference>
        </address-map>
      </tgroup>
    </table>
  </body>
</topic>
