<?xml version="1.0" encoding="UTF-8"?>
<!-- Date Stamp: Tue Jan 23 11:09:24 IST 2018 -->
<!DOCTYPE topic PUBLIC "-//OASIS//DTD DITA 1.2 Topic//EN"
"topic.dtd">
<topic base="base" id="atl_hlog_addr">
  <title>PCIe Switch Port ATL Header Log Register Address Map</title>

  <body>
    <table id="table_ATL_Header_Log_Register_Address_Map">
      <title>PCIe Switch Port ATL Header Log Register Address Map</title>

      <tgroup cols="3">
        <colspec colwidth="148*"/>

        <colspec colwidth="218*"/>

        <colspec colwidth="634*"/>

        <thead>
          <row>
            <entry><p>Offset Address</p></entry>

            <entry><p>Register Mnemonic </p></entry>

            <entry><p>Register Description </p></entry>
          </row>
        </thead>

        <address-map>
          <register-reference>
            <address>0x0</address>
            <addr-element>
              <addr-mnemonic>HLOG1</addr-mnemonic>
            </addr-element>

            <address-details>
              <p><xref
              href="atl_hlog_reg.xml#atl_hlog_reg/table_PCIEHLOG1_-_PCI_Express_Header_Log_1">HLOG1</xref></p>
            </address-details>
          </register-reference>

          <register-reference>
            <address>0x4</address>
            <addr-element>
              <addr-mnemonic>HLOG2</addr-mnemonic>
            </addr-element>

            <address-details>
              <p><xref
              href="atl_hlog_reg.xml#atl_hlog_reg/table_PCIEHLOG2_-_PCI_Express_Header_Log_2">HLOG2</xref></p>
            </address-details>
          </register-reference>

          <register-reference>
            <address>0x8</address>
            <addr-element>
              <addr-mnemonic>HLOG3</addr-mnemonic>
            </addr-element>

            <address-details>
              <p><xref
              href="atl_hlog_reg.xml#atl_hlog_reg/table_PCIEHLOG3_-_PCI_Express_Header_Log_3">HLOG3</xref></p>
            </address-details>
          </register-reference>

          <register-reference>
            <address>0xC</address>
            <addr-element>
              <addr-mnemonic>HLOG4</addr-mnemonic>
            </addr-element>

            <address-details>
              <p><xref
              href="atl_hlog_reg.xml#atl_hlog_reg/table_PCIEHLOG4_-_PCI_Express_Header_Log_4">HLOG4</xref></p>
            </address-details>
          </register-reference>

          <register-reference>
            <address>0x10</address>
            <addr-element>
              <addr-mnemonic>HLOG5</addr-mnemonic>
            </addr-element>

            <address-details>
              <p><xref
              href="atl_hlog_reg.xml#atl_hlog_reg/table_PCIEHLOG5_-_PCI_Express_Header_Log_5">HLOG5</xref></p>
            </address-details>
          </register-reference>

          <register-reference>
            <address>0x14</address>
            <addr-element>
              <addr-mnemonic>HLOG6</addr-mnemonic>
            </addr-element>

            <address-details>
              <p><xref
              href="atl_hlog_reg.xml#atl_hlog_reg/table_PCIEHLOG6_-_PCI_Express_Header_Log_6">HLOG6</xref></p>
            </address-details>
          </register-reference>

          <register-reference>
            <address>0x18</address>
            <addr-element>
              <addr-mnemonic>HLOG7</addr-mnemonic>
            </addr-element>

            <address-details>
              <p><xref
              href="atl_hlog_reg.xml#atl_hlog_reg/table_PCIEHLOG7_-_PCI_Express_Header_Log_7">HLOG7</xref></p>
            </address-details>
          </register-reference>

          <register-reference audience="MSCCInternal">
            <address>0x1C</address>

            <addr-element>
              <addr-mnemonic>RESERVED</addr-mnemonic>
            </addr-element>

            <address-details>
              <p><xref
              href="atl_hlog_reg.xml#atl_hlog_reg/table_RESERVED_-_Reserved_0jcvegifg">RESERVED</xref></p>
            </address-details>
          </register-reference>
        </address-map>
      </tgroup>
    </table>
  </body>
</topic>
