<?xml version="1.0" encoding="UTF-8"?>
<!DOCTYPE topic PUBLIC "-//OASIS//DTD DITA 1.2 Topic//EN"
"topic.dtd">
<topic base="base" id="atl_hlog_reg">
  <title>PCIe Switch Port ATL Header Log Registers</title>

  <body>
    <table id="table_PCIEHLOG1_-_PCI_Express_Header_Log_1">
      <title><reg-name-main verilog="PCIEHLOG1">HLOG1</reg-name-main> -
      <reg-desc>PCI Express Header Log 1</reg-desc></title>

      <tgroup cols="5">
        <colspec colname="A" colwidth="111*"/>

        <colspec colname="B" colwidth="144*"/>

        <colspec colname="C" colwidth="101*"/>

        <colspec colname="D" colwidth="87*"/>

        <colspec colname="E" colwidth="557*"/>

        <thead>
          <row>
            <entry><p>Bit Field</p></entry>

            <entry><p>Field Name</p></entry>

            <entry><p>Type</p></entry>

            <entry><p>Default Value</p></entry>

            <entry><p>Description</p></entry>
          </row>
        </thead>

        <reg-def>
          <field>
            <field-bits>
              <double>
                <msb>31</msb>

                <lsb>0</lsb>
              </double>
            </field-bits>

            <field-name verilog="HL">HL</field-name>

            <field-type sticky="no">RO</field-type>

            <field-default>0x0</field-default>

            <field-desc>
              <desc-title>Header Log</desc-title>

              <p>This field contains the 1st DWord of the recorded TLP
              header.</p>
            </field-desc>
          </field>
        </reg-def>
      </tgroup>
    </table>

    <table id="table_PCIEHLOG2_-_PCI_Express_Header_Log_2">
      <title><reg-name-main verilog="PCIEHLOG2">HLOG2</reg-name-main> -
      <reg-desc>PCI Express Header Log 2</reg-desc></title>

      <tgroup cols="5">
        <colspec colname="A" colwidth="111*"/>

        <colspec colname="B" colwidth="144*"/>

        <colspec colname="C" colwidth="101*"/>

        <colspec colname="D" colwidth="87*"/>

        <colspec colname="E" colwidth="557*"/>

        <thead>
          <row>
            <entry><p>Bit Field</p></entry>

            <entry><p>Field Name</p></entry>

            <entry><p>Type</p></entry>

            <entry><p>Default Value</p></entry>

            <entry><p>Description</p></entry>
          </row>
        </thead>

        <reg-def>
          <field>
            <field-bits>
              <double>
                <msb>31</msb>

                <lsb>0</lsb>
              </double>
            </field-bits>

            <field-name verilog="HL">HL</field-name>

            <field-type sticky="no">RO</field-type>

            <field-default>0x0</field-default>

            <field-desc>
              <desc-title>Header Log</desc-title>

              <p>This field contains the 2nd DWord of the recorded TLP
              header.</p>
            </field-desc>
          </field>
        </reg-def>
      </tgroup>
    </table>

    <table id="table_PCIEHLOG3_-_PCI_Express_Header_Log_3">
      <title><reg-name-main verilog="PCIEHLOG3">HLOG3</reg-name-main> -
      <reg-desc>PCI Express Header Log 3</reg-desc></title>

      <tgroup cols="5">
        <colspec colname="A" colwidth="111*"/>

        <colspec colname="B" colwidth="144*"/>

        <colspec colname="C" colwidth="101*"/>

        <colspec colname="D" colwidth="87*"/>

        <colspec colname="E" colwidth="557*"/>

        <thead>
          <row>
            <entry><p>Bit Field</p></entry>

            <entry><p>Field Name</p></entry>

            <entry><p>Type</p></entry>

            <entry><p>Default Value</p></entry>

            <entry><p>Description</p></entry>
          </row>
        </thead>

        <reg-def>
          <field>
            <field-bits>
              <double>
                <msb>31</msb>

                <lsb>0</lsb>
              </double>
            </field-bits>

            <field-name verilog="HL">HL</field-name>

            <field-type sticky="no">RO</field-type>

            <field-default>0x0</field-default>

            <field-desc>
              <desc-title>Header Log</desc-title>

              <p>This field contains the 3rd DWord of the recorded TLP
              header.</p>
            </field-desc>
          </field>
        </reg-def>
      </tgroup>
    </table>

    <table id="table_PCIEHLOG4_-_PCI_Express_Header_Log_4">
      <title><reg-name-main verilog="PCIEHLOG4">HLOG4</reg-name-main> -
      <reg-desc>PCI Express Header Log 4</reg-desc></title>

      <tgroup cols="5">
        <colspec colname="A" colwidth="111*"/>

        <colspec colname="B" colwidth="144*"/>

        <colspec colname="C" colwidth="101*"/>

        <colspec colname="D" colwidth="87*"/>

        <colspec colname="E" colwidth="557*"/>

        <thead>
          <row>
            <entry><p>Bit Field</p></entry>

            <entry><p>Field Name</p></entry>

            <entry><p>Type</p></entry>

            <entry><p>Default Value</p></entry>

            <entry><p>Description</p></entry>
          </row>
        </thead>

        <reg-def>
          <field>
            <field-bits>
              <double>
                <msb>31</msb>

                <lsb>0</lsb>
              </double>
            </field-bits>

            <field-name verilog="HL">HL</field-name>

            <field-type sticky="no">RO</field-type>

            <field-default>0x0</field-default>

            <field-desc>
              <desc-title>Header Log</desc-title>

              <p>This field contains the 4th DWord of the recorded TLP
              header.</p>
            </field-desc>
          </field>
        </reg-def>
      </tgroup>
    </table>

    <table id="table_PCIEHLOG5_-_PCI_Express_Header_Log_5">
      <title><reg-name-main verilog="PCIEHLOG5">HLOG5</reg-name-main> -
      <reg-desc>PCI Express Header Log 5</reg-desc></title>

      <tgroup cols="5">
        <colspec colname="A" colwidth="111*"/>

        <colspec colname="B" colwidth="144*"/>

        <colspec colname="C" colwidth="101*"/>

        <colspec colname="D" colwidth="87*"/>

        <colspec colname="E" colwidth="557*"/>

        <thead>
          <row>
            <entry><p>Bit Field</p></entry>

            <entry><p>Field Name</p></entry>

            <entry><p>Type</p></entry>

            <entry><p>Default Value</p></entry>

            <entry><p>Description</p></entry>
          </row>
        </thead>

        <reg-def>
          <field>
            <field-bits>
              <double>
                <msb>31</msb>

                <lsb>0</lsb>
              </double>
            </field-bits>

            <field-name verilog="PRFX">PRFX</field-name>

            <field-type sticky="no">RO</field-type>

            <field-default>0x0</field-default>

            <field-desc>
              <desc-title>Prefix Log</desc-title>

              <p>This field contains the 1st DWord of the recorded TLP
              prefix.</p>
            </field-desc>
          </field>
        </reg-def>
      </tgroup>
    </table>

    <table id="table_PCIEHLOG6_-_PCI_Express_Header_Log_6">
      <title><reg-name-main verilog="PCIEHLOG6">HLOG6</reg-name-main> -
      <reg-desc>PCI Express Header Log 6</reg-desc></title>

      <tgroup cols="5">
        <colspec colname="A" colwidth="111*"/>

        <colspec colname="B" colwidth="144*"/>

        <colspec colname="C" colwidth="101*"/>

        <colspec colname="D" colwidth="87*"/>

        <colspec colname="E" colwidth="557*"/>

        <thead>
          <row>
            <entry><p>Bit Field</p></entry>

            <entry><p>Field Name</p></entry>

            <entry><p>Type</p></entry>

            <entry><p>Default Value</p></entry>

            <entry><p>Description</p></entry>
          </row>
        </thead>

        <reg-def>
          <field>
            <field-bits>
              <double>
                <msb>31</msb>

                <lsb>0</lsb>
              </double>
            </field-bits>

            <field-name verilog="PRFX">PRFX</field-name>

            <field-type sticky="no">RO</field-type>

            <field-default>0x0</field-default>

            <field-desc>
              <desc-title>Prefix Log</desc-title>

              <p>This field contains the 2nd DWord of the recorded TLP
              prefix.</p>
            </field-desc>
          </field>
        </reg-def>
      </tgroup>
    </table>

    <table id="table_PCIEHLOG7_-_PCI_Express_Header_Log_7">
      <title><reg-name-main verilog="PCIEHLOG7">HLOG7</reg-name-main> -
      <reg-desc>PCI Express Header Log 7</reg-desc></title>

      <tgroup cols="5">
        <colspec colname="A" colwidth="111*"/>

        <colspec colname="B" colwidth="144*"/>

        <colspec colname="C" colwidth="101*"/>

        <colspec colname="D" colwidth="87*"/>

        <colspec colname="E" colwidth="557*"/>

        <thead>
          <row>
            <entry><p>Bit Field</p></entry>

            <entry><p>Field Name</p></entry>

            <entry><p>Type</p></entry>

            <entry><p>Default Value</p></entry>

            <entry><p>Description</p></entry>
          </row>
        </thead>

        <reg-def>
          <field>
            <field-bits>
              <double>
                <msb>31</msb>

                <lsb>12</lsb>
              </double>
            </field-bits>

            <field-name verilog="RESERVED">RESERVED</field-name>

            <field-type sticky="no">RO</field-type>

            <field-default>0x0</field-default>

            <field-desc>
              <desc-title>Reserved</desc-title>

              <p>Reserved</p>
            </field-desc>
          </field>

          <field>
            <field-bits>
              <double>
                <msb>11</msb>

                <lsb>8</lsb>
              </double>
            </field-bits>

            <field-name verilog="MALF_TYPE">MALF_TYPE</field-name>

            <field-type sticky="no">RO</field-type>

            <field-default>0x0</field-default>

            <field-desc>
              <desc-title>Malformed type</desc-title>

              <p>Valid when UE_TYPE is 2.</p>

              <field-enum-list>
                <field-enum>
                  <field-enum-value>0</field-enum-value>

                  <field-enum-def>
                    <field-enum-name>ERR0</field-enum-name>

                    <field-enum-desc>Unexpected format_type</field-enum-desc>
                  </field-enum-def>
                </field-enum>

                <field-enum>
                  <field-enum-value>1</field-enum-value>

                  <field-enum-def>
                    <field-enum-name>ERR1</field-enum-name>

                    <field-enum-desc>Length greater than MPS</field-enum-desc>
                  </field-enum-def>
                </field-enum>

                <field-enum>
                  <field-enum-value>2</field-enum-value>

                  <field-enum-def>
                    <field-enum-name>ERR2</field-enum-name>

                    <field-enum-desc>CplD completion status (other than SC)
                    errors</field-enum-desc>
                  </field-enum-def>
                </field-enum>

                <field-enum>
                  <field-enum-value>3</field-enum-value>

                  <field-enum-def>
                    <field-enum-name>ERR3</field-enum-name>

                    <field-enum-desc>4K boundary crossing
                    error</field-enum-desc>
                  </field-enum-def>
                </field-enum>

                <field-enum>
                  <field-enum-value>4</field-enum-value>

                  <field-enum-def>
                    <field-enum-name>ERR4</field-enum-name>

                    <field-enum-desc>I/O request header format
                    error</field-enum-desc>
                  </field-enum-def>
                </field-enum>

                <field-enum>
                  <field-enum-value>5</field-enum-value>

                  <field-enum-def>
                    <field-enum-name>ERR5</field-enum-name>

                    <field-enum-desc>Configuration request header format
                    error</field-enum-desc>
                  </field-enum-def>
                </field-enum>

                <field-enum>
                  <field-enum-value>6</field-enum-value>

                  <field-enum-def>
                    <field-enum-name>ERR6</field-enum-name>

                    <field-enum-desc>Memory request with TC !=0
                    error</field-enum-desc>
                  </field-enum-def>
                </field-enum>

                <field-enum>
                  <field-enum-value>7</field-enum-value>

                  <field-enum-def>
                    <field-enum-name>ERR7</field-enum-name>

                    <field-enum-desc>Message request with TC !=0
                    error</field-enum-desc>
                  </field-enum-def>
                </field-enum>

                <field-enum>
                  <field-enum-value>8</field-enum-value>

                  <field-enum-def>
                    <field-enum-name>ERR8</field-enum-name>

                    <field-enum-desc>Message with routing ID=000 (Routed to
                    RC) at upstream port</field-enum-desc>
                  </field-enum-def>
                </field-enum>

                <field-enum>
                  <field-enum-value>9</field-enum-value>

                  <field-enum-def>
                    <field-enum-name>ERR9</field-enum-name>

                    <field-enum-desc>Message with routing ID=011 (Broadcast
                    from RC) at downstream port</field-enum-desc>
                  </field-enum-def>
                </field-enum>

                <field-enum>
                  <field-enum-value>a</field-enum-value>

                  <field-enum-def>
                    <field-enum-name>ERR10</field-enum-name>

                    <field-enum-desc>Message with routing ID =101 (Gathered
                    and Routed to RC) at not PME_To_Ack</field-enum-desc>
                  </field-enum-def>
                </field-enum>

                <field-enum>
                  <field-enum-value>b</field-enum-value>

                  <field-enum-def>
                    <field-enum-name>ERR11</field-enum-name>

                    <field-enum-desc>Receiving PME_To_Ack message at upstream
                    port</field-enum-desc>
                  </field-enum-def>
                </field-enum>

                <field-enum>
                  <field-enum-value>c</field-enum-value>

                  <field-enum-def>
                    <field-enum-name>ERR12</field-enum-name>

                    <field-enum-desc>Received a TLP with a payload size
                    greater than MPS</field-enum-desc>
                  </field-enum-def>
                </field-enum>

                <field-enum>
                  <field-enum-value>d</field-enum-value>

                  <field-enum-def>
                    <field-enum-name>ERR13</field-enum-name>

                    <field-enum-desc>Received a TLP with more than the
                    supported number of prefix</field-enum-desc>
                  </field-enum-def>
                </field-enum>

                <field-enum>
                  <field-enum-value>e</field-enum-value>

                  <field-enum-def>
                    <field-enum-name>RESERVED</field-enum-name>

                    <field-enum-desc>Reserved</field-enum-desc>
                  </field-enum-def>
                </field-enum>

                <field-enum>
                  <field-enum-value>f</field-enum-value>

                  <field-enum-def>
                    <field-enum-name>RESERVED</field-enum-name>

                    <field-enum-desc>Reserved</field-enum-desc>
                  </field-enum-def>
                </field-enum>
              </field-enum-list>
            </field-desc>
          </field>

          <field>
            <field-bits>
              <double>
                <msb>7</msb>

                <lsb>5</lsb>
              </double>
            </field-bits>

            <field-name verilog="PRFX_CNT">PRFX_CNT</field-name>

            <field-type sticky="no">RO</field-type>

            <field-default>0x0</field-default>

            <field-desc>
              <desc-title>Prefix Count</desc-title>

              <field-enum-list>
                <field-enum>
                  <field-enum-value>0</field-enum-value>

                  <field-enum-def>
                    <field-enum-name/>

                    <field-enum-desc>Prefix in Px_PCIEHLOG5 &amp; 6 is
                    invalid</field-enum-desc>
                  </field-enum-def>
                </field-enum>

                <field-enum>
                  <field-enum-value>1</field-enum-value>

                  <field-enum-def>
                    <field-enum-name/>

                    <field-enum-desc>Contains 1 valid prefix in
                    Px_PCIEHLOG5</field-enum-desc>
                  </field-enum-def>
                </field-enum>

                <field-enum>
                  <field-enum-value>2</field-enum-value>

                  <field-enum-def>
                    <field-enum-name/>

                    <field-enum-desc>Contains 2 valid prefixes in Px_PCIEHLOG5
                    &amp; 6</field-enum-desc>
                  </field-enum-def>
                </field-enum>

                <field-enum>
                  <field-enum-value>3~7</field-enum-value>

                  <field-enum-def>
                    <field-enum-name/>

                    <field-enum-desc>Invalid</field-enum-desc>
                  </field-enum-def>
                </field-enum>
              </field-enum-list>
            </field-desc>
          </field>

          <field>
            <field-bits>
              <double>
                <msb>4</msb>

                <lsb>1</lsb>
              </double>
            </field-bits>

            <field-name verilog="UE_TYPE">UE_TYPE</field-name>

            <field-type sticky="no">RO</field-type>

            <field-default>0x0</field-default>

            <field-desc>
              <desc-title>Uncorrectable Error Type</desc-title>

              <field-enum-list>
                <field-enum>
                  <field-enum-value>0</field-enum-value>

                  <field-enum-def>
                    <field-enum-name>RESET</field-enum-name>

                    <field-enum-desc>Reset value</field-enum-desc>
                  </field-enum-def>
                </field-enum>

                <field-enum>
                  <field-enum-value>1</field-enum-value>

                  <field-enum-def>
                    <field-enum-name>UIE</field-enum-name>

                    <field-enum-desc>Uncorrectable internal
                    Error</field-enum-desc>
                  </field-enum-def>
                </field-enum>

                <field-enum>
                  <field-enum-value>2</field-enum-value>

                  <field-enum-def>
                    <field-enum-name>MALFORMED</field-enum-name>

                    <field-enum-desc>Malformed TLP Error</field-enum-desc>
                  </field-enum-def>
                </field-enum>

                <field-enum>
                  <field-enum-value>3</field-enum-value>

                  <field-enum-def>
                    <field-enum-name>ECRC</field-enum-name>

                    <field-enum-desc>ECRC Error</field-enum-desc>
                  </field-enum-def>
                </field-enum>

                <field-enum>
                  <field-enum-value>4</field-enum-value>

                  <field-enum-def>
                    <field-enum-name>UR</field-enum-name>

                    <field-enum-desc>UR Completion Error</field-enum-desc>
                  </field-enum-def>
                </field-enum>

                <field-enum>
                  <field-enum-value>5</field-enum-value>

                  <field-enum-def>
                    <field-enum-name>CA</field-enum-name>

                    <field-enum-desc>CA Completion Error</field-enum-desc>
                  </field-enum-def>
                </field-enum>

                <field-enum>
                  <field-enum-value>6</field-enum-value>

                  <field-enum-def>
                    <field-enum-name>POISONED</field-enum-name>

                    <field-enum-desc>Poisoned TLP Error</field-enum-desc>
                  </field-enum-def>
                </field-enum>

                <field-enum>
                  <field-enum-value>7</field-enum-value>

                  <field-enum-def>
                    <field-enum-name>MAC</field-enum-name>

                    <field-enum-desc>IDE MAC Error (Message Authentication
                    Check)</field-enum-desc>
                  </field-enum-def>
                </field-enum>

                <field-enum>
                  <field-enum-value>8</field-enum-value>

                  <field-enum-def>
                    <field-enum-name>MISROUTED</field-enum-name>

                    <field-enum-desc>IDE Misrouted Error</field-enum-desc>
                  </field-enum-def>
                </field-enum>

                <field-enum>
                  <field-enum-value>9</field-enum-value>

                  <field-enum-def>
                    <field-enum-name>PCRC</field-enum-name>

                    <field-enum-desc>IDE PCRC Error</field-enum-desc>
                  </field-enum-def>
                </field-enum>

                <field-enum>
                  <field-enum-value>11~15</field-enum-value>

                  <field-enum-def>
                    <field-enum-name>RESERVED</field-enum-name>

                    <field-enum-desc>Reserved</field-enum-desc>
                  </field-enum-def>
                </field-enum>
              </field-enum-list>
            </field-desc>
          </field>

          <field>
            <field-bits>
              <single>0</single>
            </field-bits>

            <field-name verilog="VALID">VALID</field-name>

            <field-type>RO</field-type>

            <field-default>0x0</field-default>

            <field-desc>
              <desc-title>Header Log Valid</desc-title>

              <p>Indicates that this log position contains a valid header
              log</p>
            </field-desc>
          </field>
        </reg-def>
      </tgroup>
    </table>

    <table audience="MSCCInternal" id="table_RESERVED_-_Reserved_0jcvegifg">
      <title><reg-name-main verilog="RESERVED">RESERVED</reg-name-main> -
      <reg-desc>Reserved</reg-desc></title>

      <tgroup cols="5">
        <colspec colname="A" colwidth="111*"/>

        <colspec colname="B" colwidth="144*"/>

        <colspec colname="C" colwidth="101*"/>

        <colspec colname="D" colwidth="87*"/>

        <colspec colname="E" colwidth="557*"/>

        <thead>
          <row>
            <entry><p>Bit Field</p></entry>

            <entry><p>Field Name</p></entry>

            <entry><p>Type</p></entry>

            <entry><p>Default Value</p></entry>

            <entry><p>Description</p></entry>
          </row>
        </thead>

        <reg-def>
          <field>
            <field-bits>
              <double>
                <msb>31</msb>

                <lsb>0</lsb>
              </double>
            </field-bits>

            <field-name verilog="RESERVED">RESERVED</field-name>

            <field-type>RO</field-type>

            <field-default>0x0</field-default>

            <field-desc>
              <p>Reserved</p>
            </field-desc>
          </field>
        </reg-def>
      </tgroup>
    </table>
  </body>
</topic>
