<?xml version="1.0" encoding="UTF-8"?>
<!-- Date Stamp: Tue Jan 23 11:09:24 IST 2018 -->
<!DOCTYPE topic PUBLIC "-//OASIS//DTD DITA 1.2 Topic//EN"
"topic.dtd">
<topic base="base" id="atl_errcnt_addr">
  <title>PCIe Switch Port ATL Error Counter Address Map</title>

  <body>
    <table id="table_ATL_Error_Counter_Register_Address_Map">
      <title>PCIe Switch Port ATL Error Counter Register Address Map</title>

      <tgroup cols="3">
        <colspec colwidth="148*"/>

        <colspec colwidth="218*"/>

        <colspec colwidth="634*"/>

        <thead>
          <row>
            <entry><p>Offset Address</p></entry>

            <entry><p>Register Mnemonic </p></entry>

            <entry><p>Register Description </p></entry>
          </row>
        </thead>

        <address-map>
          <register-reference>
            <address>0x0</address>
            <addr-element>
              <addr-mnemonic>ERRCNTCTL</addr-mnemonic>
            </addr-element>

            <address-details>
              <p><xref
              href="atl_errcnt_reg.xml#atl_errcnt_reg/table_PCIEERRCNTCTL_-_PCI_Express_Error_Counter_Control">ERRCNTCTL</xref></p>
            </address-details>
          </register-reference>

          <register-reference>
            <address>0x4</address>
            <addr-element>
              <addr-mnemonic>ERRCNTSTS</addr-mnemonic>
            </addr-element>

            <address-details>
              <p><xref
              href="atl_errcnt_reg.xml#atl_errcnt_reg/table_PCIEERRCNTSTS_-_PCI_Express_Error_Counter_Status">ERRCNTSTS</xref></p>
            </address-details>
          </register-reference>
        </address-map>
      </tgroup>
    </table>
  </body>
</topic>
