<?xml version="1.0" encoding="UTF-8"?>
<!DOCTYPE topic PUBLIC "-//OASIS//DTD DITA 1.2 Topic//EN"
"topic.dtd">
<topic base="base" id="atl_errcnt_reg">
  <title>PCIe Switch Port ATL Error Counter Registers</title>

  <body>
    <table id="table_PCIEERRCNTCTL_-_PCI_Express_Error_Counter_Control">
      <title><reg-name-main verilog="PCIEERRCNTCTL">ERRCNTCTL</reg-name-main>
      - <reg-desc>PCI Express Error Counter Control</reg-desc></title>

      <tgroup cols="5">
        <colspec colname="A" colwidth="111*"/>

        <colspec colname="B" colwidth="144*"/>

        <colspec colname="C" colwidth="101*"/>

        <colspec colname="D" colwidth="87*"/>

        <colspec colname="E" colwidth="557*"/>

        <thead>
          <row>
            <entry><p>Bit Field</p></entry>

            <entry><p>Field Name</p></entry>

            <entry><p>Type</p></entry>

            <entry><p>Default Value</p></entry>

            <entry><p>Description</p></entry>
          </row>
        </thead>

        <reg-def>
          <field>
            <field-bits>
              <double>
                <msb>31</msb>

                <lsb>7</lsb>
              </double>
            </field-bits>

            <field-name verilog="RESERVED">RESERVED</field-name>

            <field-type sticky="no">RO</field-type>

            <field-default>0x0</field-default>

            <field-desc>
              <desc-title>Reserved</desc-title>

              <p>Reserved</p>
            </field-desc>
          </field>

          <field>
            <field-bits>
              <double>
                <msb>6</msb>

                <lsb>2</lsb>
              </double>
            </field-bits>

            <field-name verilog="SRC">SRC</field-name>

            <field-type>RW</field-type>

            <field-default>0x0</field-default>

            <field-desc>
              <desc-title>Error Counter Source</desc-title>

              <field-enum-list>
                <field-enum>
                  <field-enum-value>0</field-enum-value>

                  <field-enum-def>
                    <field-enum-name>ptl_err_receiver_error</field-enum-name>

                    <field-enum-desc/>
                  </field-enum-def>
                </field-enum>

                <field-enum>
                  <field-enum-value>1</field-enum-value>

                  <field-enum-def>
                    <field-enum-name>ptl_err_bad_tlp</field-enum-name>

                    <field-enum-desc/>
                  </field-enum-def>
                </field-enum>

                <field-enum>
                  <field-enum-value>2</field-enum-value>

                  <field-enum-def>
                    <field-enum-name>ptl_err_bad_dllp</field-enum-name>

                    <field-enum-desc/>
                  </field-enum-def>
                </field-enum>

                <field-enum>
                  <field-enum-value>3</field-enum-value>

                  <field-enum-def>
                    <field-enum-name>ptl_err_replay_num_rollover</field-enum-name>

                    <field-enum-desc/>
                  </field-enum-def>
                </field-enum>

                <field-enum>
                  <field-enum-value>4</field-enum-value>

                  <field-enum-def>
                    <field-enum-name>ptl_err_replay_timer_timeout</field-enum-name>

                    <field-enum-desc/>
                  </field-enum-def>
                </field-enum>

                <field-enum>
                  <field-enum-value>5</field-enum-value>

                  <field-enum-def>
                    <field-enum-name>ptl_err_dl_protocol_error</field-enum-name>

                    <field-enum-desc/>
                  </field-enum-def>
                </field-enum>

                <field-enum>
                  <field-enum-value>6</field-enum-value>

                  <field-enum-def>
                    <field-enum-name>ptl_err_fc_protocol_error</field-enum-name>

                    <field-enum-desc/>
                  </field-enum-def>
                </field-enum>

                <field-enum>
                  <field-enum-value>7</field-enum-value>

                  <field-enum-def>
                    <field-enum-name>ptl_err_receiver_overflow</field-enum-name>

                    <field-enum-desc/>
                  </field-enum-def>
                </field-enum>

                <field-enum>
                  <field-enum-value>8</field-enum-value>

                  <field-enum-def>
                    <field-enum-name>ptl_err_malformed_tlp</field-enum-name>

                    <field-enum-desc/>
                  </field-enum-def>
                </field-enum>

                <field-enum>
                  <field-enum-value>9</field-enum-value>

                  <field-enum-def>
                    <field-enum-name>ptl_err_surprise_down</field-enum-name>

                    <field-enum-desc/>
                  </field-enum-def>
                </field-enum>

                <field-enum>
                  <field-enum-value>10</field-enum-value>

                  <field-enum-def>
                    <field-enum-name>ptl_err_tx_prty2</field-enum-name>

                    <field-enum-desc/>
                  </field-enum-def>
                </field-enum>

                <field-enum>
                  <field-enum-value>11</field-enum-value>

                  <field-enum-def>
                    <field-enum-name>ptl_err_tx_replay_ecc2</field-enum-name>

                    <field-enum-desc/>
                  </field-enum-def>
                </field-enum>

                <field-enum>
                  <field-enum-value>12</field-enum-value>

                  <field-enum-def>
                    <field-enum-name>ptl_err_tx_replay_ecc1</field-enum-name>

                    <field-enum-desc/>
                  </field-enum-def>
                </field-enum>

                <field-enum>
                  <field-enum-value>13</field-enum-value>

                  <field-enum-def>
                    <field-enum-name>ptl_err_buffer_cor_error</field-enum-name>

                    <field-enum-desc/>
                  </field-enum-def>
                </field-enum>

                <field-enum>
                  <field-enum-value>14</field-enum-value>

                  <field-enum-def>
                    <field-enum-name>ptl_err_tx_cleanup_hdr_valid</field-enum-name>

                    <field-enum-desc/>
                  </field-enum-def>
                </field-enum>

                <field-enum>
                  <field-enum-value>15</field-enum-value>

                  <field-enum-def>
                    <field-enum-name>pcieues_ca_upd</field-enum-name>

                    <field-enum-desc/>
                  </field-enum-def>
                </field-enum>

                <field-enum>
                  <field-enum-value>16</field-enum-value>

                  <field-enum-def>
                    <field-enum-name>pcieues_ecrc_upd</field-enum-name>

                    <field-enum-desc/>
                  </field-enum-def>
                </field-enum>

                <field-enum>
                  <field-enum-value>17</field-enum-value>

                  <field-enum-def>
                    <field-enum-name>pcieues_malformed_upd</field-enum-name>

                    <field-enum-desc/>
                  </field-enum-def>
                </field-enum>

                <field-enum>
                  <field-enum-value>18</field-enum-value>

                  <field-enum-def>
                    <field-enum-name>pcieues_poisoned_upd</field-enum-name>

                    <field-enum-desc/>
                  </field-enum-def>
                </field-enum>

                <field-enum>
                  <field-enum-value>19</field-enum-value>

                  <field-enum-def>
                    <field-enum-name>pcieues_uinterr_upd</field-enum-name>

                    <field-enum-desc/>
                  </field-enum-def>
                </field-enum>

                <field-enum>
                  <field-enum-value>20</field-enum-value>

                  <field-enum-def>
                    <field-enum-name>pcieues_ur_upd</field-enum-name>

                    <field-enum-desc/>
                  </field-enum-def>
                </field-enum>

                <field-enum>
                  <field-enum-value>21</field-enum-value>

                  <field-enum-def>
                    <field-enum-name>pcieues_mac_upd</field-enum-name>

                    <field-enum-desc/>
                  </field-enum-def>
                </field-enum>

                <field-enum>
                  <field-enum-value>22</field-enum-value>

                  <field-enum-def>
                    <field-enum-name>pcieues_misrouted_upd</field-enum-name>

                    <field-enum-desc/>
                  </field-enum-def>
                </field-enum>

                <field-enum>
                  <field-enum-value>23</field-enum-value>

                  <field-enum-def>
                    <field-enum-name>pcieues_pcrc_upd</field-enum-name>

                    <field-enum-desc/>
                  </field-enum-def>
                </field-enum>

                <field-enum>
                  <field-enum-value>24</field-enum-value>

                  <field-enum-def>
                    <field-enum-name>pcieues_dlperr_upd</field-enum-name>

                    <field-enum-desc/>
                  </field-enum-def>
                </field-enum>

                <field-enum>
                  <field-enum-value>25</field-enum-value>

                  <field-enum-def>
                    <field-enum-name>pcieues_fcpe_upd</field-enum-name>

                    <field-enum-desc/>
                  </field-enum-def>
                </field-enum>

                <field-enum>
                  <field-enum-value>26</field-enum-value>

                  <field-enum-def>
                    <field-enum-name>pcieues_rcovfl_upd</field-enum-name>

                    <field-enum-desc/>
                  </field-enum-def>
                </field-enum>

                <field-enum>
                  <field-enum-value>27</field-enum-value>

                  <field-enum-def>
                    <field-enum-name>pcieues_sderr_upd</field-enum-name>

                    <field-enum-desc/>
                  </field-enum-def>
                </field-enum>

                <field-enum>
                  <field-enum-value>28</field-enum-value>

                  <field-enum-def>
                    <field-enum-name>log_err_det</field-enum-name>

                    <field-enum-desc/>
                  </field-enum-def>
                </field-enum>

                <field-enum>
                  <field-enum-value>31:29</field-enum-value>

                  <field-enum-def>
                    <field-enum-name>RESERVED</field-enum-name>

                    <field-enum-desc/>
                  </field-enum-def>
                </field-enum>
              </field-enum-list>
            </field-desc>
          </field>

          <field>
            <field-bits>
              <single>1</single>
            </field-bits>

            <field-name verilog="CLR">CLR</field-name>

            <field-type>RW</field-type>

            <field-default>0x0</field-default>

            <field-desc>
              <desc-title>Error Counter Clear</desc-title>

              <p>This field, when asserted to 1 will clear the error counter.
              It is a self-clearing bit.</p>
            </field-desc>
          </field>

          <field>
            <field-bits>
              <single>0</single>
            </field-bits>

            <field-name verilog="EN">EN</field-name>

            <field-type>RW</field-type>

            <field-default>0x1</field-default>

            <field-desc>
              <desc-title>Error Counter Enable</desc-title>

              <p>This field enables the error counter.</p>
            </field-desc>
          </field>
        </reg-def>
      </tgroup>
    </table>

    <table id="table_PCIEERRCNTSTS_-_PCI_Express_Error_Counter_Status">
      <title><reg-name-main verilog="PCIEERRCNTSTS">ERRCNTSTS</reg-name-main>
      - <reg-desc>PCI Express Error Counter Status</reg-desc></title>

      <tgroup cols="5">
        <colspec colname="A" colwidth="111*"/>

        <colspec colname="B" colwidth="144*"/>

        <colspec colname="C" colwidth="101*"/>

        <colspec colname="D" colwidth="87*"/>

        <colspec colname="E" colwidth="557*"/>

        <thead>
          <row>
            <entry><p>Bit Field</p></entry>

            <entry><p>Field Name</p></entry>

            <entry><p>Type</p></entry>

            <entry><p>Default Value</p></entry>

            <entry><p>Description</p></entry>
          </row>
        </thead>

        <reg-def>
          <field>
            <field-bits>
              <double>
                <msb>31</msb>

                <lsb>0</lsb>
              </double>
            </field-bits>

            <field-name verilog="ERRCNTSTS">VAL</field-name>

            <field-type sticky="no">RO</field-type>

            <field-default>0x0</field-default>

            <field-desc>
              <desc-title>Error Counter Value</desc-title>

              <p>This field returns the current value of the error
              counter.</p>
            </field-desc>
          </field>
        </reg-def>
      </tgroup>
    </table>
  </body>
</topic>
