<?xml version="1.0" encoding="UTF-8"?>
<!-- Date Stamp: Tue Feb 22 11:29:32 PST 2022 -->
<!DOCTYPE topic PUBLIC "-//OASIS//DTD DITA 1.2 Topic//EN"
"topic.dtd">
<topic base="base" id="atl_address">
  <title>ATL Address Map</title>

  <body>
    <table id="table_ATL_Address_Table_0jeqf8746">
      <title>ATL Address Map</title>

      <tgroup cols="3">
        <colspec colwidth="148*"/>

        <colspec colwidth="218*"/>

        <colspec colwidth="634*"/>

        <thead>
          <row>
            <entry><p>Offset Address</p></entry>

            <entry><p>Register Mnemonic </p></entry>

            <entry><p>Register Description </p></entry>
          </row>
        </thead>

        <address-map>
          <register-reference>
            <address>0x0</address>

            <addr-element>
              <addr-mnemonic>ATSTS</addr-mnemonic>
            </addr-element>

            <address-details>
              <p><xref
              href="atl_reg.xml#atl_reg/atl_reg_id_0001">ATSTS</xref></p>
            </address-details>
          </register-reference>

          <register-reference>
            <address>0x4</address>

            <addr-element>
              <addr-mnemonic>ATMSK</addr-mnemonic>
            </addr-element>

            <address-details>
              <p><xref
              href="atl_reg.xml#atl_reg/atl_reg_id_2001">ATMSK</xref></p>
            </address-details>
          </register-reference>

          <register-reference>
            <address>0x8</address>

            <addr-element>
              <addr-mnemonic>UERRSTS</addr-mnemonic>
            </addr-element>

            <address-details>
              <p><xref
              href="atl_reg.xml#atl_reg/atl_reg_id_0002">UERRSTS</xref></p>
            </address-details>
          </register-reference>

          <register-reference>
            <address>0xC</address>

            <addr-element>
              <addr-mnemonic>UERRMSK</addr-mnemonic>
            </addr-element>

            <address-details>
              <p><xref
              href="atl_reg.xml#atl_reg/atl_reg_id_0003">UERRMSK</xref></p>
            </address-details>
          </register-reference>

          <register-reference>
            <address>0x10</address>

            <addr-element>
              <addr-mnemonic>UERRRPT</addr-mnemonic>
            </addr-element>

            <address-details>
              <p><xref
              href="atl_reg.xml#atl_reg/atl_reg_id_0004">UERRRPT</xref></p>
            </address-details>
          </register-reference>

          <register-reference>
            <address>0x14</address>

            <addr-element>
              <addr-mnemonic>UERRSWTGR</addr-mnemonic>
            </addr-element>

            <address-details>
              <p><xref
              href="atl_reg.xml#atl_reg/atl_reg_id_0005">UERRSTSWTRG</xref></p>
            </address-details>
          </register-reference>

          <register-reference>
            <address>0x18</address>

            <addr-element>
              <addr-mnemonic>CERRSTS</addr-mnemonic>
            </addr-element>

            <address-details>
              <p><xref
              href="atl_reg.xml#atl_reg/atl_reg_id_0006">CERRSTS</xref></p>
            </address-details>
          </register-reference>

          <register-reference>
            <address>0x1C</address>

            <addr-element>
              <addr-mnemonic>CERRMSK</addr-mnemonic>
            </addr-element>

            <address-details>
              <p><xref
              href="atl_reg.xml#atl_reg/atl_reg_id_0007">CERRMSK</xref></p>
            </address-details>
          </register-reference>

          <register-reference>
            <address>0x20</address>

            <addr-element>
              <addr-mnemonic>CERRRPT</addr-mnemonic>
            </addr-element>

            <address-details>
              <p><xref
              href="atl_reg.xml#atl_reg/table_PCIECER_-_PCI_Express_Correctable_Error__25jcipablc">CERRRPT</xref></p>
            </address-details>
          </register-reference>

          <register-reference>
            <address>0x24</address>

            <addr-element>
              <addr-mnemonic>CERRSWTGR</addr-mnemonic>
            </addr-element>

            <address-details>
              <p><xref
              href="atl_reg.xml#atl_reg/table_PCIECESWTGR_-_PCI_Express_Correctable_Er_26jcipablc">CERRSWTGR</xref></p>
            </address-details>
          </register-reference>

          <register-reference>
            <address>0x28</address>

            <addr-element>
              <addr-mnemonic>ERRSTS</addr-mnemonic>
            </addr-element>

            <address-details>
              <p><xref
              href="atl_reg.xml#atl_reg/table_PCIEESTS_-_PCI_Express_Error_Status_21jcimqicn">ESTS</xref></p>
            </address-details>
          </register-reference>

          <register-reference>
            <address>0x44</address>

            <addr-element>
              <addr-mnemonic>FMTCTL</addr-mnemonic>
            </addr-element>

            <address-details>
              <p><xref
              href="atl_reg.xml#atl_reg/atl_reg_id_0015">FMTCTL</xref></p>
            </address-details>
          </register-reference>

          <register-reference>
            <address>0x48</address>

            <addr-element>
              <addr-mnemonic>MALCHK_EN</addr-mnemonic>
            </addr-element>

            <address-details>
              <p><xref
              href="atl_reg.xml#atl_reg/atl_reg_id_0016">MALCHK_EN</xref></p>
            </address-details>
          </register-reference>

          <register-reference>
            <address>0x4C</address>

            <addr-element>
              <addr-mnemonic>LDCTL</addr-mnemonic>
            </addr-element>

            <address-details>
              <p><xref
              href="atl_reg.xml#atl_reg/atl_reg_id_0017">LDCTL</xref></p>
            </address-details>
          </register-reference>

          <register-reference audience="MSCCInternal">
            <address>0x50</address>

            <addr-element>
              <addr-mnemonic>UERRASTS</addr-mnemonic>
            </addr-element>

            <address-details>
              <p><xref
              href="atl_reg.xml#atl_reg/atl_reg_id_0018">UERRASTS</xref></p>
            </address-details>
          </register-reference>

          <register-reference audience="MSCCInternal">
            <address>0x54</address>

            <addr-element>
              <addr-mnemonic>CERRASTS</addr-mnemonic>
            </addr-element>

            <address-details>
              <p><xref
              href="atl_reg.xml#atl_reg/atl_reg_id_0019">CERRASTS</xref></p>
            </address-details>
          </register-reference>

          <register-reference>
            <address>0x58</address>

            <addr-element>
              <addr-mnemonic>CRSCTL</addr-mnemonic>
            </addr-element>

            <address-details>
              <p><xref
              href="atl_reg.xml#atl_reg/atl_reg_id_0020">CRSCTL</xref></p>
            </address-details>
          </register-reference>

          <register-reference audience="MSCCInternal">
            <address>0x5C</address>

            <addr-element>
              <addr-mnemonic>CTL</addr-mnemonic>
            </addr-element>

            <address-details>
              <p><xref
              href="atl_reg.xml#atl_reg/table_PCIE_ATLCTL_-_PCI_Express_ATL_Control_23jcimqico">CTL</xref></p>
            </address-details>
          </register-reference>

          <register-reference audience="MSCCInternal">
            <address>0x80</address>

            <addr-element>
              <addr-mnemonic>CAP_CTL</addr-mnemonic>
            </addr-element>

            <address-details>
              <p><xref
              href="atl_reg.xml#atl_reg/table_ATL_CAP_CTL_1">CAP_CTL</xref></p>
            </address-details>
          </register-reference>

          <register-reference audience="MSCCInternal">
            <address>0x84</address>

            <addr-element>
              <addr-mnemonic>CAP_TRIG</addr-mnemonic>
            </addr-element>

            <address-details>
              <p><xref
              href="atl_reg.xml#atl_reg/ATL_CAP_TRIG_2">CAP_TRIG</xref></p>
            </address-details>
          </register-reference>

          <register-reference audience="MSCCInternal">
            <address>0x88</address>

            <addr-element>
              <addr-mnemonic>CAP_FILT</addr-mnemonic>
            </addr-element>

            <address-details>
              <p><xref
              href="atl_reg.xml#atl_reg/ATL_CAP_FILT_3">CAP_FILT</xref></p>
            </address-details>
          </register-reference>

          <register-reference audience="MSCCInternal">
            <address>0x8C</address>

            <addr-element>
              <addr-mnemonic>CAP_ADDR_BASE_L</addr-mnemonic>
            </addr-element>

            <address-details>
              <p><xref
              href="atl_reg.xml#atl_reg/CAP_ADDR_BASE_L_2">CAP_ADDR_BASE_L</xref></p>
            </address-details>
          </register-reference>

          <register-reference audience="MSCCInternal">
            <address>0x90</address>

            <addr-element>
              <addr-mnemonic>CAP_ADDR_BASE_H</addr-mnemonic>
            </addr-element>

            <address-details>
              <p><xref
              href="atl_reg.xml#atl_reg/CAP_ADDR_BASE_H_2">CAP_ADDR_BASE_H</xref></p>
            </address-details>
          </register-reference>

          <register-reference audience="MSCCInternal">
            <address>0x94</address>

            <addr-element>
              <addr-mnemonic>CAP_ADDR_LIMIT_L</addr-mnemonic>
            </addr-element>

            <address-details>
              <p><xref
              href="atl_reg.xml#atl_reg/CAP_ADDR_Limit_L_2">CAP_ADDR_Limit_L</xref></p>
            </address-details>
          </register-reference>

          <register-reference audience="MSCCInternal">
            <address>0x98</address>

            <addr-element>
              <addr-mnemonic>CAP_ADDR_LIMIT_H</addr-mnemonic>
            </addr-element>

            <address-details>
              <p><xref
              href="atl_reg.xml#atl_reg/CAP_ADDR_Limit_H_2">CAP_ADDR_Limit_H</xref></p>
            </address-details>
          </register-reference>

          <register-reference audience="MSCCInternal">
            <address>0x9C</address>

            <addr-element>
              <addr-mnemonic>CAP_STS</addr-mnemonic>
            </addr-element>

            <address-details>
              <p><xref
              href="atl_reg.xml#atl_reg/ATL_CAP_STS_3">CAP_STS</xref></p>
            </address-details>
          </register-reference>

          <register-reference audience="MSCCInternal">
            <address>0xA0</address>

            <addr-element>
              <addr-mnemonic>CAP_RDCTL</addr-mnemonic>
            </addr-element>

            <address-details>
              <p><xref
              href="atl_reg.xml#atl_reg/ATL_CAP_RDCTL_4">CAP_RDCTL</xref></p>
            </address-details>
          </register-reference>

          <register-reference audience="MSCCInternal">
            <address>0xA4</address>

            <addr-element>
              <addr-mnemonic>CAP_TLP[x]</addr-mnemonic>

              <instances>
                <instance>
                  <instance-start>0</instance-start>

                  <instance-stop>6</instance-stop>
                </instance>
              </instances>
            </addr-element>

            <address-details>
              <p><xref
              href="atl_reg.xml#atl_reg/ATL_CAP_TLP_5">CAP_TLP</xref></p>
            </address-details>
          </register-reference>

          <register-reference audience="MSCCInternal">
            <address>0xC0</address>

            <addr-element>
              <addr-mnemonic>CAP_CNT_CTL[x]</addr-mnemonic>

              <instances>
                <instance>
                  <instance-start>0</instance-start>

                  <instance-stop>3</instance-stop>
                </instance>
              </instances>
            </addr-element>

            <address-details>
              <p><xref
              href="atl_reg.xml#atl_reg/ATL_CAP_CNT_CTL_6">CAP_CNT_CTL</xref></p>
            </address-details>
          </register-reference>

          <register-reference audience="MSCCInternal">
            <address>0xD0</address>

            <addr-element>
              <addr-mnemonic>CAP_CNT_SRC[x]</addr-mnemonic>

              <instances>
                <instance>
                  <instance-start>0</instance-start>

                  <instance-stop>3</instance-stop>
                </instance>
              </instances>
            </addr-element>

            <address-details>
              <p><xref
              href="atl_reg.xml#atl_reg/ATL_CAP_CNT_SRC_7">CAP_CNT_SRC</xref></p>
            </address-details>
          </register-reference>

          <register-reference audience="MSCCInternal">
            <address>0xE0</address>

            <addr-element>
              <addr-mnemonic>CAP_CNT[x]</addr-mnemonic>

              <instances>
                <instance>
                  <instance-start>0</instance-start>

                  <instance-stop>3</instance-stop>
                </instance>
              </instances>
            </addr-element>

            <address-details>
              <p><xref
              href="atl_reg.xml#atl_reg/ATL_CAP_CNT_8">CAP_CNT</xref></p>
            </address-details>
          </register-reference>

          <register-reference audience="MSCCInternal">
            <address>0xF0</address>

            <addr-element>
              <addr-mnemonic>CAP_TESTCTL</addr-mnemonic>
            </addr-element>

            <address-details>
              <p><xref
              href="atl_reg.xml#atl_reg/ATL_CAP_TESTCTL_11">CAP_TESTCTL</xref></p>
            </address-details>
          </register-reference>

          <register-reference audience="MSCCInternal">
            <address>0xF4</address>

            <addr-element>
              <addr-mnemonic>CAP_TEST0</addr-mnemonic>
            </addr-element>

            <address-details>
              <p><xref
              href="atl_reg.xml#atl_reg/table_ATL_CAP_TEST0_4">CAP_TEST0</xref></p>
            </address-details>
          </register-reference>

          <register-reference audience="MSCCInternal">
            <address>0xF8</address>

            <addr-element>
              <addr-mnemonic>CAP_TEST1</addr-mnemonic>
            </addr-element>

            <address-details>
              <p><xref
              href="atl_reg.xml#atl_reg/table_ATL_CAP_TEST1_4">CAP_TEST1</xref></p>
            </address-details>
          </register-reference>

          <register-reference>
            <address>0x100</address>

            <addr-element>
              <addr-mnemonic>HLOGCTL</addr-mnemonic>
            </addr-element>

            <address-details>
              <p><xref
              href="atl_reg.xml#atl_reg/table_HLOGCTL">HLOGCTL</xref></p>
            </address-details>
          </register-reference>

          <register-reference>
            <address>0x110</address>

            <addr-element>
              <address-prefix>HLOG[x]_</address-prefix>

	      <instances>
		<instance>
		  <instance-start>0</instance-start>
		  <instance-stop>3</instance-stop>
		</instance>
	      </instances>
            </addr-element>

            <address-details>
              <p><xref
              href="atl_hlog_addr.xml#atl_hlog_addr/table_ATL_Header_Log_Register_Address_Map">Header Log Address Map</xref></p>
            </address-details>
          </register-reference>

          <register-reference>
            <address>0x300</address>

            <addr-element>
              <address-prefix>ERRCNT[x]_</address-prefix>

	      <instances>
		<instance>
		  <instance-start>0</instance-start>
		  <instance-stop>7</instance-stop>
		</instance>
	      </instances>
            </addr-element>

            <address-details>
              <p><xref
              href="atl_errcnt_addr.xml#atl_errcnt_addr/table_ATL_Error_Counter_Register_Address_Map">Error Counter Address Map</xref></p>
            </address-details>
          </register-reference>

	  <register-reference>
            <address>0x1000</address>

            <addr-element>
              <address-prefix>RSTL</address-prefix>
            </addr-element>

            <address-details>
              <p><xref
              href="atl_rstl_address.xml#atl_address/table_ATL_RSTL_Address_Table_27jciqkz4j">
              RSTL Address Map</xref></p>
            </address-details>
          </register-reference>
        </address-map>
      </tgroup>
    </table>
  </body>
</topic>
