<?xml version="1.0" encoding="UTF-8"?>
<!-- Date Stamp: Fri Oct  6 12:48:31 MST 2023 -->
<!DOCTYPE topic PUBLIC "-//OASIS//DTD DITA 1.2 Topic//EN"
"topic.dtd">
<topic base="base" id="bm_address">
  <title>BM General registers</title>

  <body>
    <p>Buffer Manager general registers</p>

    <table id="table_BM_address_Table_0j6d77w83">
      <title>BM_address Table</title>

      <tgroup cols="3">
        <colspec colwidth="148*"/>

        <colspec colwidth="218*"/>

        <colspec colwidth="634*"/>

        <thead>
          <row>
            <entry><p>Offset Address</p></entry>

            <entry><p>Register Mnemonic </p></entry>

            <entry><p>Register Description </p></entry>
          </row>
        </thead>

        <address-map>
          <register-reference>
            <address>0x0</address>

            <addr-element>
              <addr-mnemonic>BUFMCTL</addr-mnemonic>
            </addr-element>

            <address-details>
              <p><xref
              href="bm_reg.xml#bm_reg/table_BM_BUFMCTL_-_Buffer_Manager_Control_lj6c0kcgi">BUFMCTL</xref></p>
            </address-details>
          </register-reference>

          <register-reference>
            <address>0x4</address>

            <addr-element>
              <addr-mnemonic>BUFMSTS</addr-mnemonic>
            </addr-element>

            <address-details>
              <p><xref
              href="bm_reg.xml#bm_reg/table_BM_BUFMSTS_-_Buffer_Manager_Status_mj6c0kcgi">BUFMSTS</xref></p>
            </address-details>
          </register-reference>

          <register-reference>
            <address>0x8</address>

            <addr-element>
              <addr-mnemonic>DDR_STARTL[x]</addr-mnemonic>

              <instances>
                <instance>
                  <instance-start>0</instance-start>

                  <instance-stop>7</instance-stop>
                </instance>
              </instances>
            </addr-element>

            <address-details>
              <p><xref
              href="bm_reg.xml#bm_reg/table_BM_BT_DDR_STARTL_-_Buffer_Manager_DDR_St_2j6bv57hj">DDR_STARTL</xref></p>
            </address-details>
          </register-reference>

          <register-reference>
            <address>0x28</address>

            <addr-element>
              <addr-mnemonic>DDR_STARTH[x]</addr-mnemonic>

              <instances>
                <instance>
                  <instance-start>0</instance-start>

                  <instance-stop>7</instance-stop>
                </instance>
              </instances>
            </addr-element>

            <address-details>
              <p><xref
              href="bm_reg.xml#bm_reg/table_BM_BT_DDR_STARTH_-_Buffer_Manager_DDR_St_3j6bv57hk">DDR_STARTH</xref></p>
            </address-details>
          </register-reference>

          <register-reference>
            <address>0x48</address>

            <addr-element>
              <addr-mnemonic>DDR_END_L[x]</addr-mnemonic>

              <instances>
                <instance>
                  <instance-start>0</instance-start>

                  <instance-stop>7</instance-stop>
                </instance>
              </instances>
            </addr-element>

            <address-details>
              <p><xref
              href="bm_reg.xml#bm_reg/table_BM_BT_DDR_END_L_-_Buffer_Manager_DDR_end_4j6bv57hk">DDR_END_L</xref></p>
            </address-details>
          </register-reference>

          <register-reference>
            <address>0x68</address>

            <addr-element>
              <addr-mnemonic>DDR_END_H[x]</addr-mnemonic>

              <instances>
                <instance>
                  <instance-start>0</instance-start>

                  <instance-stop>7</instance-stop>
                </instance>
              </instances>
            </addr-element>

            <address-details>
              <p><xref
              href="bm_reg.xml#bm_reg/table_BM_BT_DDR_END_H_-_Buffer_Manager_DDR_end_5j6bv57hk">DDR_END_H</xref></p>
            </address-details>
          </register-reference>

          <register-reference>
            <address>0x88</address>

            <addr-element>
              <addr-mnemonic>CACHE_SIZE[x]</addr-mnemonic>

              <instances>
                <instance>
                  <instance-start>0</instance-start>

                  <instance-stop>7</instance-stop>
                </instance>
              </instances>
            </addr-element>

            <address-details>
              <p><xref
              href="bm_reg.xml#bm_reg/table_BM_BT_CACHE_SIZE_-_Buffer_Manager_Buffer_6j6bv57hk">CACHE_SIZE</xref></p>
            </address-details>
          </register-reference>

          <register-reference>
            <address>0xa8</address>

            <addr-element>
              <addr-mnemonic>CERRSTS</addr-mnemonic>
            </addr-element>

            <address-details>
              <p><xref
              href="bm_reg.xml#bm_reg/table_BM_CERR_STS_-_Buffer_Manager_Corrected_E_7j6bv57hk">CERRSTS</xref></p>
            </address-details>
          </register-reference>

          <register-reference>
            <address>0xac</address>

            <addr-element>
              <addr-mnemonic>CERRMSK</addr-mnemonic>
            </addr-element>

            <address-details>
              <p><xref
              href="bm_reg.xml#bm_reg/table_BM_CERR_MSK_-_Buffer_Manager_Corrected_E_8j6bv57hk">CERRMSK</xref></p>
            </address-details>
          </register-reference>

          <register-reference>
            <address>0xb0</address>

            <addr-element>
              <addr-mnemonic>CERR_SWTGR</addr-mnemonic>
            </addr-element>

            <address-details>
              <p><xref
              href="bm_reg.xml#bm_reg/table_BM_CERR_SWTGR_-_Buffer_Manager_Corrected_9j6bv57hk">CERR_SWTGR</xref></p>
            </address-details>
          </register-reference>

          <register-reference>
            <address>0xb4</address>

            <addr-element>
              <addr-mnemonic>UCERRSTS</addr-mnemonic>
            </addr-element>

            <address-details>
              <p><xref
              href="bm_reg.xml#bm_reg/table_BM_UCERR_STS_-_Buffer_Manager_Uncorrecte_aj6bv57hk">UCERRSTS</xref></p>
            </address-details>
          </register-reference>

          <register-reference>
            <address>0xb8</address>

            <addr-element>
              <addr-mnemonic>UCERRMSK</addr-mnemonic>
            </addr-element>

            <address-details>
              <p><xref
              href="bm_reg.xml#bm_reg/table_BM_UCERR_MSK_-_Buffer_Manager_Uncorrecte_bj6bv57hk">UCERRMSK</xref></p>
            </address-details>
          </register-reference>

          <register-reference>
            <address>0xbc</address>

            <addr-element>
              <addr-mnemonic>UCERR_SWTGR</addr-mnemonic>
            </addr-element>

            <address-details>
              <p><xref
              href="bm_reg.xml#bm_reg/table_BM_UCERR_SWTGR_-_Buffer_Manager_Uncorrec_cj6bv57hk">UCERR_SWTGR</xref></p>
            </address-details>
          </register-reference>

          <register-reference audience="MSCCInternal">
            <address>0xc0</address>

            <addr-element>
              <addr-mnemonic>AUTDISMSK</addr-mnemonic>
            </addr-element>

            <address-details>
              <p><xref
              href="bm_reg.xml#bm_reg/table_BM_AUTO_DIS_M_-_Buffer_Manager_Autonomou_dj6bv57hk">AUTDISMSK</xref></p>
            </address-details>
          </register-reference>

          <register-reference audience="MSCCInternal">
            <address>0xc4</address>

            <addr-element>
              <addr-mnemonic>NET_ERRCTL</addr-mnemonic>
            </addr-element>

            <address-details>
              <p><xref
              href="bm_reg.xml#bm_reg/table_BM_NET_ERRCTL_-_Buffer_Manager_Network_E_ej6bv57hk">NET_ERRCTL</xref></p>
            </address-details>
          </register-reference>

          <register-reference audience="MSCCInternal">
            <address>0xc8</address>

            <addr-element>
              <addr-mnemonic>CACHE_ERRCTL</addr-mnemonic>
            </addr-element>

            <address-details>
              <p><xref
              href="bm_reg.xml#bm_reg/table_BM_CACHE_ERRCTL_-_Buffer_Manager_RAM_Err_fj6bv57hk">CACHE_ERRCTL</xref></p>
            </address-details>
          </register-reference>

          <register-reference audience="MSCCInternal">
            <address>0xcc</address>

            <addr-element>
              <addr-mnemonic>LOW_PWR_CTRL</addr-mnemonic>
            </addr-element>

            <address-details>
              <p><xref
              href="bm_reg.xml#bm_reg/table_BM_LOW_PWR_CTRL_-_Buffer_Manager_Low_Pow_gj6bv57hk">LOW_PWR_CTRL</xref></p>
            </address-details>
          </register-reference>

          <register-reference audience="MSCCInternal">
            <address>0xd0</address>

            <addr-element>
              <addr-mnemonic>THRESHOLD</addr-mnemonic>
            </addr-element>

            <address-details>
              <p><xref
              href="bm_reg.xml#bm_reg/table_THRESHOLD_-_The_threshold_of_cache_0j6wx495w">THRESHOLD</xref></p>
            </address-details>
          </register-reference>

          <register-reference audience="MSCCInternal">
            <address>0xd4</address>

            <addr-element>
              <addr-mnemonic>PWR_UP_CNT</addr-mnemonic>
            </addr-element>

            <address-details>
              <p><xref
              href="bm_reg.xml#bm_reg/table_PWR_UP_CNT_-_RAM_POWER_UP_WAITING_TIME_1j6zterxq">PWR_UP_CNT</xref></p>
            </address-details>
          </register-reference>

          <register-reference audience="MSCCInternal">
            <address>0xd8</address>

            <addr-element>
              <addr-mnemonic>MIF_A_CNT</addr-mnemonic>
            </addr-element>

            <address-details>
              <p><xref
              href="bm_reg.xml#bm_reg/table_MIF_A_CNT_-_MIF_BUFFALLOC_REQUEST_COUNTE_2j7vqme2r">MIF_A_CNT</xref></p>
            </address-details>
          </register-reference>

          <register-reference audience="MSCCInternal">
            <address>0xdc</address>

            <addr-element>
              <addr-mnemonic>MIF_F_CNT</addr-mnemonic>
            </addr-element>

            <address-details>
              <p><xref
              href="bm_reg.xml#bm_reg/table_MIF_F_CNT_-_MIF_BUFFFREE_REQUEST_COUNTER_3j7vqme2r">MIF_F_CNT</xref></p>
            </address-details>
          </register-reference>

          <register-reference audience="MSCCInternal">
            <address>0xe0</address>

            <addr-element>
              <addr-mnemonic>FCH_A_CNT</addr-mnemonic>
            </addr-element>

            <address-details>
              <p><xref
              href="bm_reg.xml#bm_reg/table_FCH_A_CNT_-_FLASH_CHANNEL_BUFF_ALLOC_REQ_4j7vqme2s">FCH_A_CNT</xref></p>
            </address-details>
          </register-reference>

          <register-reference audience="MSCCInternal">
            <address>0xe4</address>

            <addr-element>
              <addr-mnemonic>FCH_F_CNT</addr-mnemonic>
            </addr-element>

            <address-details>
              <p><xref
              href="bm_reg.xml#bm_reg/table_FCH_F_CNT_-_FLASH_CHANNEL_BUFF_FREE_REQU_5j7vqme2s">FCH_F_CNT</xref></p>
            </address-details>
          </register-reference>

          <register-reference audience="MSCCInternal">
            <address>0xe8</address>

            <addr-element>
              <addr-mnemonic>INTER_FSM</addr-mnemonic>
            </addr-element>

            <address-details>
              <p><xref
              href="bm_reg.xml#bm_reg/table_INTER_FSM_-_FSM_OF_INTERNAL_BLOCKS_6j7vqme2s">INTER_FSM</xref></p>
            </address-details>
          </register-reference>

          <register-reference audience="MSCCInternal">
            <address>0xec</address>

            <addr-element>
              <addr-mnemonic>BUF_TYPE_STS</addr-mnemonic>
            </addr-element>

            <address-details>
              <p><xref
              href="bm_reg.xml#bm_reg/table_BUF_TYPE_STS_-_STATUS_OF_EACH_BUFFER_TYP_0klve24q2">BUF_TYPE_STS</xref></p>
            </address-details>
          </register-reference>

          <register-reference audience="MSCCInternal">
            <address>0xf0</address>

            <addr-element>
              <addr-mnemonic>CACHEADDR_C[x]</addr-mnemonic>

              <instances>
                <instance>
                  <instance-start>0</instance-start>

                  <instance-stop>7</instance-stop>
                </instance>
              </instances>
            </addr-element>

            <address-details>
              <p><xref
              href="bm_reg.xml#bm_reg/table_CACHE_ADDR_C_-_CACHE_ADDRESS_COMPENSATE_8j7vqme2s">CACHEADDR_C</xref></p>
            </address-details>
          </register-reference>

          <register-reference audience="MSCCInternal">
            <address>0x110</address>

            <addr-element>
              <addr-mnemonic>CACHE_ADDR[x]</addr-mnemonic>

              <instances>
                <instance>
                  <instance-start>0</instance-start>

                  <instance-stop>7</instance-stop>
                </instance>
              </instances>
            </addr-element>

            <address-details>
              <p><xref
              href="bm_reg.xml#bm_reg/table_CACHE_ADDR_-_THE_ADDRESS_OF_CACHE_cj7vr38f5">CACHE_ADDR</xref></p>
            </address-details>
          </register-reference>

          <register-reference audience="MSCCInternal">
            <address>0x130</address>

            <addr-element>
              <addr-mnemonic>DDR_ADDR_L[x]</addr-mnemonic>

              <instances>
                <instance>
                  <instance-start>0</instance-start>

                  <instance-stop>7</instance-stop>
                </instance>
              </instances>
            </addr-element>

            <address-details>
              <p><xref
              href="bm_reg.xml#bm_reg/table_DDR_ADDR_L_-_THE_DDR_ADDRESS_LOW_32_BITS_aj7vqme2s">DDR_ADDR_L</xref></p>
            </address-details>
          </register-reference>

          <register-reference audience="MSCCInternal">
            <address>0x150</address>

            <addr-element>
              <addr-mnemonic>DDR_ADDR_H[x]</addr-mnemonic>

              <instances>
                <instance>
                  <instance-start>0</instance-start>

                  <instance-stop>7</instance-stop>
                </instance>
              </instances>
            </addr-element>

            <address-details>
              <p><xref
              href="bm_reg.xml#bm_reg/table_DDR_ADDR_H_-_THE_DDR_ADDRESS_HIGH_32_BIT_bj7vqme2s">DDR_ADDR_H</xref></p>
            </address-details>
          </register-reference>

          <register-reference audience="MSCCInternal">
            <address>0x170</address>

            <addr-element>
              <addr-mnemonic>FCH_M_CNT</addr-mnemonic>
            </addr-element>

            <address-details>
              <p><xref
              href="bm_reg.xml#bm_reg/table_FCH_M_CNT_-_THE_FCH_MALFORMED_REQUEST_CO_0jchdcpjq">FCH_M_CNT</xref></p>
            </address-details>
          </register-reference>

          <register-reference>
            <address>0x174</address>

            <addr-element>
              <addr-mnemonic>QTIMER</addr-mnemonic>
            </addr-element>

            <address-details>
              <p><xref
              href="bm_reg.xml#bm_reg/table_QTIMER_-_Buffer_Manager_Quiesced_Timer_2k06meq8n">QTIMER</xref></p>
            </address-details>
          </register-reference>

          <register-reference>
            <address>0x178</address>

            <addr-element>
              <addr-mnemonic>QTO</addr-mnemonic>
            </addr-element>

            <address-details>
              <p><xref
              href="bm_reg.xml#bm_reg/table_QTO_-_Buffer_Manager_Quiesced_Timeout_3k06mf2zg">QTO</xref></p>
            </address-details>
          </register-reference>

          <register-reference>
            <address>0xC0000</address>

            <addr-element>
              <address-prefix>IMQ[x]_</address-prefix>

              <instances>
                <instance>
                  <instance-start>0</instance-start>

                  <instance-stop>15</instance-stop>
                </instance>
              </instances>
            </addr-element>

            <address-details>
              <p><xref
              href="mif_ibq_addr.xml#ibq_addr/table_IMQ_Table_0j33kjmbs"/></p>
            </address-details>
          </register-reference>

          <register-reference>
            <address>0xC1000</address>

            <addr-element>
              <address-prefix>OMQ[x]_</address-prefix>

              <instances>
                <instance>
                  <instance-start>0</instance-start>

                  <instance-stop>15</instance-stop>
                </instance>
              </instances>
            </addr-element>

            <address-details>
              <p><xref
              href="mif_obq_addr.xml#obq_addr/table_OMQ_Table_0j33pa4bu"/></p>
            </address-details>
          </register-reference>

          <register-reference>
            <address>0xC2000</address>

            <addr-element>
              <address-prefix>QG_</address-prefix>
            </addr-element>

            <address-details>
              <p><xref
              href="mif_group_addr.xml#queue_addr/table_MIF_CSR_Address_Table_fitltbioq"/></p>
            </address-details>
          </register-reference>
        </address-map>
      </tgroup>
    </table>

    <p/>
  </body>
</topic>
