<?xml version="1.0" encoding="UTF-8"?>
<!-- Date Stamp: Thu Sep 15 17:15:28 PDT 2022 -->
<!DOCTYPE topic PUBLIC "-//OASIS//DTD DITA 1.2 Topic//EN"
"topic.dtd">
<topic base="base" id="ce_addr">
  <title>CE CSR Address Table</title>

  <body>
    <p/>

    <table id="table_CE_CSR_Address_Table_0jlr6sna7">
      <title>CE CSR Address Table</title>

      <tgroup cols="3">
        <colspec colwidth="148*"/>

        <colspec colwidth="218*"/>

        <colspec colwidth="634*"/>

        <thead>
          <row>
            <entry><p>Offset Address</p></entry>

            <entry><p>Register Mnemonic </p></entry>

            <entry><p>Register Description </p></entry>
          </row>
        </thead>

        <address-map>
          <register-reference>
            <address>0x00000</address>

            <addr-element>
              <addr-mnemonic>CTL</addr-mnemonic>
            </addr-element>

            <address-details>
              <p><xref
              href="ce_registers.xml#ce_registers/table_CTL_-_Control_0j5wm0kbf">CTL</xref></p>
            </address-details>
          </register-reference>

          <register-reference>
            <address>0x00008</address>

            <addr-element>
              <addr-mnemonic>STS</addr-mnemonic>
            </addr-element>

            <address-details>
              <p><xref
              href="ce_registers.xml#ce_registers/table_STS_-_Status_8j5wm2cuq">STS</xref></p>
            </address-details>
          </register-reference>

          <register-reference>
            <address>0x00010</address>

            <addr-element>
              <addr-mnemonic>UCERR</addr-mnemonic>
            </addr-element>

            <address-details>
              <p><xref
              href="ce_registers.xml#ce_registers/table_UERR_-_Uncorrectable_Error_8jfbeeqsd">UCERR</xref></p>
            </address-details>
          </register-reference>

          <register-reference>
            <address>0x00014</address>

            <addr-element>
              <addr-mnemonic>UCERRMSK</addr-mnemonic>
            </addr-element>

            <address-details>
              <p><xref
              href="ce_registers.xml#ce_registers/table_UERRMSK_-_Uncorrectable_Erro_7jfbee9tb">UCERRMSK</xref></p>
            </address-details>
          </register-reference>

          <register-reference>
            <address>0x00018</address>

            <addr-element>
              <addr-mnemonic>UCERRSWTGR</addr-mnemonic>
            </addr-element>

            <address-details>
              <p><xref
              href="ce_registers.xml#ce_registers/table_UERRSWTGR_-_Uncorrectable_Er_6jfbeduiu">UCERRSWTGR</xref></p>
            </address-details>
          </register-reference>

          <register-reference audience="MSCCInternal">
            <address>0x0001C</address>

            <addr-element>
              <addr-mnemonic>UCERRAMSK</addr-mnemonic>
            </addr-element>

            <address-details>
              <p><xref
              href="ce_registers.xml#ce_registers/table_UERRAMSK_-_Uncorrectable_Err_cjfbre1jf">UCERRAMSK</xref></p>
            </address-details>
          </register-reference>

          <register-reference>
            <address>0x00020</address>

            <addr-element>
              <addr-mnemonic>CERR</addr-mnemonic>
            </addr-element>

            <address-details>
              <p><xref
              href="ce_registers.xml#ce_registers/table_CERR_-_Correctable_Error_3jfbdpc04">CERR</xref></p>
            </address-details>
          </register-reference>

          <register-reference>
            <address>0x00024</address>

            <addr-element>
              <addr-mnemonic>CERRMSK</addr-mnemonic>
            </addr-element>

            <address-details>
              <p><xref
              href="ce_registers.xml#ce_registers/table_CERRMSK_-_Correctable_Erro_4jfbdpj10">CERRMSK</xref></p>
            </address-details>
          </register-reference>

          <register-reference audience="MSCCInternal">
            <address>0x00028</address>

            <addr-element>
              <addr-mnemonic>CERRSWTGR</addr-mnemonic>
            </addr-element>

            <address-details>
              <p><xref
              href="ce_registers.xml#ce_registers/table_CERRSWTGR_-_Correctable_Er_5jfbdprz0">CERRSWTGR</xref></p>
            </address-details>
          </register-reference>

          <register-reference audience="MSCCInternal">
            <address>0x00030</address>

            <addr-element>
              <addr-mnemonic>RAMECTL</addr-mnemonic>
            </addr-element>

            <address-details>
              <p><xref
              href="ce_registers.xml#ce_registers/table_RAMECTL_-_RAM_ECC_Control_ajfbjy9hb">RAMECTL</xref></p>
            </address-details>
          </register-reference>

          <register-reference>
            <address>0x00034</address>

            <addr-element>
              <addr-mnemonic>RAMDBESTS</addr-mnemonic>
            </addr-element>

            <address-details>
              <p><xref
              href="ce_registers.xml#ce_registers/table_RAMDBESTS_-_RAM_Uncorrected_Status_7kbk2bx4t">RAMDBESTS</xref></p>
            </address-details>
          </register-reference>

          <register-reference audience="MSCCInternal">
            <address>0x00038</address>

            <addr-element>
              <addr-mnemonic>RAMSBESTS</addr-mnemonic>
            </addr-element>

            <address-details>
              <p><xref
              href="ce_registers.xml#ce_registers/table_RAMSBESTS_-_RAM_Correctabl_9jfbjy1js">RAMSBESTS</xref></p>
            </address-details>
          </register-reference>

          <register-reference>
            <address>0x00040</address>

            <addr-element>
              <addr-mnemonic>QTIMER</addr-mnemonic>
            </addr-element>

            <address-details>
              <p><xref
              href="ce_registers.xml#ce_registers/table_QTIMER_-_Quiesce_Timer_0k0ehye51">QTIMER</xref></p>
            </address-details>
          </register-reference>

          <register-reference>
            <address>0x00044</address>

            <addr-element>
              <addr-mnemonic>QTO</addr-mnemonic>
            </addr-element>

            <address-details>
              <p><xref
              href="ce_registers.xml#ce_registers/table_QTO_-_Quiesce_Timeout_2k0ehzgz8">QTO</xref></p>
            </address-details>
          </register-reference>

          <register-reference audience="MSCCInternal">
            <address>0x00060</address>

            <addr-element>
              <addr-mnemonic>DBGSTS0</addr-mnemonic>
            </addr-element>

            <address-details>
              <p><xref
              href="ce_registers.xml#ce_registers/table_DBGSTS0_-_Debug_Status_9kbljn8x1">DBGSTS0</xref></p>
            </address-details>
          </register-reference>

          <register-reference audience="MSCCInternal">
            <address>0x00064</address>

            <addr-element>
              <addr-mnemonic>DBGSTS1</addr-mnemonic>
            </addr-element>

            <address-details>
              <p><xref
              href="ce_registers.xml#ce_registers/table_DBGSTS1_-_Debug_Status_bkbljniav">DBGSTS1</xref></p>
            </address-details>
          </register-reference>

          <register-reference>
            <address>0x00080</address>

            <addr-element>
              <addr-mnemonic>CREDREFRESH</addr-mnemonic>
            </addr-element>

            <address-details>
              <p><xref
              href="ce_registers.xml#ce_registers/table_CREDREFRESH_-_Credit_Update_Rate_8kbk3wrto">CREDREFRESH</xref></p>
            </address-details>
          </register-reference>

          <register-reference>
            <address>0x00090</address>

            <addr-element>
              <addr-mnemonic>SETCREDINCA</addr-mnemonic>
            </addr-element>

            <address-details>
              <p><xref
              href="ce_registers.xml#ce_registers/table_SETCREDINCA_-_Set_Credit_Increment_Addre_6kbqw7es6">SETCREDINCA</xref></p>
            </address-details>
          </register-reference>

          <register-reference>
            <address>0x00094</address>

            <addr-element>
              <addr-mnemonic>SETLMTCREDINCV</addr-mnemonic>
            </addr-element>

            <address-details>
              <p><xref
              href="ce_registers.xml#ce_registers/table_SETLMTCREDINCV_-_Set_Credit_Increment_Va_0kcfrb4et">SETLMTCREDINCV</xref></p>
            </address-details>
          </register-reference>

          <register-reference>
            <address>0x000A0</address>

            <addr-element>
              <addr-mnemonic>GRPCREDINCA</addr-mnemonic>
            </addr-element>

            <address-details>
              <p><xref
              href="ce_registers.xml#ce_registers/table_GRPCREDINCA_-_Group_Credit_Increment_Add_8kbqweowx">GRPCREDINCA</xref></p>
            </address-details>
          </register-reference>

          <register-reference>
            <address>0x000A4</address>

            <addr-element>
              <addr-mnemonic>GRPRSVCREDINCV</addr-mnemonic>
            </addr-element>

            <address-details>
              <p><xref
              href="ce_registers.xml#ce_registers/table_GRPRSVCREDINCV_-_Group_Reserved_Credit_I_9kbqwkmbl">GRPRSVCREDINCV</xref></p>
            </address-details>
          </register-reference>

          <register-reference>
            <address>0x000A8</address>

            <addr-element>
              <addr-mnemonic>GRPLMTCREDINCV</addr-mnemonic>
            </addr-element>

            <address-details>
              <p><xref
              href="ce_registers.xml#ce_registers/table_GRPLMTCREDINCV_-_Group_Limit_Credit_Incr_bkbqwn6fx">GRPLMTCREDINCV</xref></p>
            </address-details>
          </register-reference>

          <register-reference audience="MSCCInternal">
            <address>0x000B0</address>

            <addr-element>
              <addr-mnemonic>SETCREDCURRA</addr-mnemonic>
            </addr-element>

            <address-details>
              <p><xref
              href="ce_registers.xml#ce_registers/table_SETCREDCURRA_-_Set_Credit_Current_Value__dkbqwzldx">SETCREDCURRA</xref></p>
            </address-details>
          </register-reference>

          <register-reference audience="MSCCInternal">
            <address>0x000B4</address>

            <addr-element>
              <addr-mnemonic>SETLMTCREDCURRV</addr-mnemonic>
            </addr-element>

            <address-details>
              <p><xref
              href="ce_registers.xml#ce_registers/table_SETLMTCREDCURRV_-_Set_Limit_Credit_Curre_ekbqy436g">SETLMTCREDCURRV</xref></p>
            </address-details>
          </register-reference>

          <register-reference audience="MSCCInternal">
            <address>0x000C0</address>

            <addr-element>
              <addr-mnemonic>GRPCREDCURRA</addr-mnemonic>
            </addr-element>

            <address-details>
              <p><xref
              href="ce_registers.xml#ce_registers/table_GRPCREDCURRA_-_Group_Credit_Current_Valu_ckbqwxy4c">GRPCREDCURRA</xref></p>
            </address-details>
          </register-reference>

          <register-reference audience="MSCCInternal">
            <address>0x000C4</address>

            <addr-element>
              <addr-mnemonic>GRPRSVCREDCURRV</addr-mnemonic>
            </addr-element>

            <address-details>
              <p><xref
              href="ce_registers.xml#ce_registers/table_GRPRSVCREDCURRV_-_Group_Reserved_Credit__fkbqy6ln1">GRPRSVCREDCURRV</xref></p>
            </address-details>
          </register-reference>

          <register-reference audience="MSCCInternal">
            <address>0x000C8</address>

            <addr-element>
              <addr-mnemonic>GRPLMTCREDCURRV</addr-mnemonic>
            </addr-element>

            <address-details>
              <p><xref
              href="ce_registers.xml#ce_registers/table_GRPLMTCREDCURRV_-_Group_Limit_Credit_Cur_gkbqy8hk5">GRPLMTCREDCURRV</xref></p>
            </address-details>
          </register-reference>

          <register-reference>
            <address>0xC0000</address>

            <addr-element>
              <address-prefix>QG0_IMQ[x]_</address-prefix>

              <instances>
                <instance>
                  <instance-start>0</instance-start>

                  <instance-stop>15</instance-stop>
                </instance>
              </instances>
            </addr-element>

            <address-details>
              <p><xref
              href="mif_ibq_addr.xml#ibq_addr/table_IMQ_Table_0j33kjmbs">QG0_IMQ</xref></p>
            </address-details>
          </register-reference>

          <register-reference>
            <address>0xC1000</address>

            <addr-element>
              <address-prefix>QG0_OMQ[x]_</address-prefix>

              <instances>
                <instance>
                  <instance-start>0</instance-start>

                  <instance-stop>15</instance-stop>
                </instance>
              </instances>
            </addr-element>

            <address-details>
              <p><xref
              href="mif_obq_addr.xml#obq_addr/table_OMQ_Table_0j33pa4bu">QG0_OMQ</xref></p>
            </address-details>
          </register-reference>

          <register-reference>
            <address>0xC2000</address>

            <addr-element>
              <address-prefix>QG0_</address-prefix>
            </addr-element>

            <address-details>
              <p><xref
              href="mif_group_addr.xml#queue_addr/table_MIF_CSR_Address_Table_fitltbioq"/></p>
            </address-details>
          </register-reference>
        </address-map>
      </tgroup>
    </table>

    <p/>
  </body>
</topic>
