<?xml version="1.0" encoding="UTF-8"?>
<!-- Date Stamp: Thu Oct  8 16:30:54 PDT 2020 -->
<!DOCTYPE topic PUBLIC "-//OASIS//DTD DITA 1.2 Topic//EN"
"topic.dtd">
<topic base="base" id="ce_registers">
  <title>CE Credit Engine Registers</title>

  <body>
    <p/>

    <table id="table_CTL_-_Control_0j5wm0kbf">
      <title><reg-name-main verilog="CTL">CTL</reg-name-main> -
      <reg-desc>Control</reg-desc></title>

      <tgroup cols="5">
        <colspec colname="A" colwidth="111*"/>

        <colspec colname="B" colwidth="144*"/>

        <colspec colname="C" colwidth="101*"/>

        <colspec colname="D" colwidth="87*"/>

        <colspec colname="E" colwidth="557*"/>

        <thead>
          <row>
            <entry><p>Bit Field</p></entry>

            <entry><p>Field Name</p></entry>

            <entry><p>Type</p></entry>

            <entry><p>Default Value</p></entry>

            <entry><p>Description</p></entry>
          </row>
        </thead>

        <reg-def>
          <field>
            <field-bits>
              <double>
                <msb>31</msb>

                <lsb>27</lsb>
              </double>
            </field-bits>

            <field-name verilog="RESERVED">RESERVED</field-name>

            <field-type>RO</field-type>

            <field-default>0x0</field-default>

            <field-desc>
              <p>Reserved</p>
            </field-desc>
          </field>

          <field>
            <field-bits>
              <double>
                <msb>26</msb>

                <lsb>16</lsb>
              </double>
            </field-bits>

            <field-name verilog="MAXGROUP">MAXGROUP</field-name>

            <field-type>RW</field-type>

            <field-default>0x400</field-default>

            <field-desc>
              <desc-title>Groups in Use</desc-title>

              <p>Number of Groups in use. Up to 1024 groups may be specified.
              Minimum is 1.This field controls the number of groups for which
              credit is maintained by the refresh mechanism, and puts unused
              RAMs in low power mode.</p>
            </field-desc>
          </field>

          <field>
            <field-bits>
              <double>
                <msb>15</msb>

                <lsb>11</lsb>
              </double>
            </field-bits>

            <field-name verilog="RESERVED">RESERVED</field-name>

            <field-type>RO</field-type>

            <field-default>0x0</field-default>

            <field-desc>
              <p>Reserved</p>
            </field-desc>
          </field>

          <field>
            <field-bits>
              <double>
                <msb>10</msb>

                <lsb>8</lsb>
              </double>
            </field-bits>

            <field-name verilog="MAXSET">MAXSET</field-name>

            <field-type>RW</field-type>

            <field-default>0x4</field-default>

            <field-desc>
              <desc-title>Sets in Use</desc-title>

              <p>Number of Sets in use. Up to 1024 groups may be specified.
              Minimum is 1.This field controls the number of Sets for which
              credit is maintained by the refresh mechanism, and puts unused
              RAMs in low power mode.</p>
            </field-desc>
          </field>

          <field>
            <field-bits>
              <double>
                <msb>7</msb>

                <lsb>6</lsb>
              </double>
            </field-bits>

            <field-name verilog="RESERVED">RESERVED</field-name>

            <field-type>RO</field-type>

            <field-default>0x0</field-default>

            <field-desc>
              <p>Reserved</p>
            </field-desc>
          </field>

          <field audience="MSCCInternal">
            <field-bits>
              <single>5</single>
            </field-bits>

            <field-name verilog="BGREFRESH">BGREFRESH</field-name>

            <field-type>RW</field-type>

            <field-default>0x0</field-default>

            <field-desc>
              <desc-title>Background Refresh</desc-title>

              <p>When set, allows background refreshes while walking pending
              req list. Some reqs for different groups in same set may get
              group credit earlier. YOR-3224</p>
            </field-desc>
          </field>

          <field audience="MSCCInternal">
            <field-bits>
              <single>4</single>
            </field-bits>

            <field-name verilog="CGOVERRIDE">CGOVERRIDE</field-name>

            <field-type>RW</field-type>

            <field-default>0x1</field-default>

            <field-desc>
              <desc-title>Clock Gate Override</desc-title>

              <p>When set, prevents clock from being gated. Clear this bit to
              allow coarse-grained clock gating for power saving.</p>
            </field-desc>
          </field>

          <field audience="MSCCInternal">
            <field-bits>
              <single>3</single>
            </field-bits>

            <field-name verilog="PAUSE">PAUSE</field-name>

            <field-type>RW</field-type>

            <field-default>0x0</field-default>

            <field-desc>
              <desc-title>Pause Operation Mode</desc-title>

              <p>When set, at end of current operation, states machines will
              be quiesced to IDLE, allowing reading of values from RAMs.</p>
            </field-desc>
          </field>

          <field>
            <field-bits>
              <single>2</single>
            </field-bits>

            <field-name verilog="FLUSH">FLUSH</field-name>

            <field-type>RW</field-type>

            <field-default>0x0</field-default>

            <field-desc>
              <desc-title>Flush All Requests</desc-title>

              <p>When set, requests will be completed with MsgStatus FLUSH in
              the completion handle, not Success. No credit will be consumed.
              New requests will be Flushed as received until this bit is
              reset.</p>
            </field-desc>
          </field>

          <field>
            <field-bits>
              <double>
                <msb>1</msb>

                <lsb>0</lsb>
              </double>
            </field-bits>

            <field-name verilog="EN">EN</field-name>

            <field-type>RW</field-type>

            <field-default>0x0</field-default>

            <field-desc>
              <desc-title>Operational State Control</desc-title>

              <p>00: DISABLE</p>

              <p>01: ENABLE</p>

              <p>10: QUIESCE</p>

              <p>11: UNDEFINED</p>

              <p>Request the Credit Engine state to change to the state
              indicated. Poll status in MESTS.STATE to determine if state has
              changed</p>
            </field-desc>
          </field>
        </reg-def>
      </tgroup>
    </table>

    <table id="table_STS_-_Status_8j5wm2cuq">
      <title><reg-name-main verilog="STS">STS</reg-name-main> -
      <reg-desc>Status</reg-desc></title>

      <tgroup cols="5">
        <colspec colname="A" colwidth="111*"/>

        <colspec colname="B" colwidth="144*"/>

        <colspec colname="C" colwidth="101*"/>

        <colspec colname="D" colwidth="87*"/>

        <colspec colname="E" colwidth="557*"/>

        <thead>
          <row>
            <entry><p>Bit Field</p></entry>

            <entry><p>Field Name</p></entry>

            <entry><p>Type</p></entry>

            <entry><p>Default Value</p></entry>

            <entry><p>Description</p></entry>
          </row>
        </thead>

        <reg-def>
          <field>
            <field-bits>
              <double>
                <msb>31</msb>

                <lsb>5</lsb>
              </double>
            </field-bits>

            <field-name verilog="RESERVED">RESERVED</field-name>

            <field-type>RO</field-type>

            <field-default>0x0</field-default>

            <field-desc>
              <p>Reserved</p>
            </field-desc>
          </field>

          <field>
            <field-bits>
              <single>4</single>
            </field-bits>

            <field-name verilog="RLISTEMPTY">RLISTEMPTY</field-name>

            <field-type>RO</field-type>

            <field-default>0x1</field-default>

            <field-desc>
              <desc-title>Request List Empty</desc-title>

              <p>No requests are awaiting credit</p>
            </field-desc>
          </field>

          <field audience="MSCCInternal">
            <field-bits>
              <single>3</single>
            </field-bits>

            <field-name verilog="PAUSED">PAUSED</field-name>

            <field-type>RO</field-type>

            <field-default>0x0</field-default>

            <field-desc>
              <desc-title>Paused</desc-title>

              <p>In response to CTL.PAUSE, all FSMs have returned to IDLE.</p>
            </field-desc>
          </field>

          <field>
            <field-bits>
              <single>2</single>
            </field-bits>

            <field-name verilog="AUTDIS">AUTDIS</field-name>

            <field-type>RW1C</field-type>

            <field-default>0x0</field-default>

            <field-desc>
              <desc-title>AutoDisabled</desc-title>

              <p>Unit has been Autonomously Disabled due to error.</p>

              <p>Reason for autonomous disable can be determined from (UCERR
              &amp; ~UCERRAMSK)</p>
            </field-desc>
          </field>

          <field>
            <field-bits>
              <double>
                <msb>1</msb>

                <lsb>0</lsb>
              </double>
            </field-bits>

            <field-name verilog="STATE">STATE</field-name>

            <field-type>RO</field-type>

            <field-default>0x0</field-default>

            <field-desc>
              <desc-title>Operational State</desc-title>

              <p>Current Operational state of Credit Engine</p>

              <p>00: DISABLED</p>

              <p>01: ENABLED</p>

              <p>10: QUIESCED</p>

              <p>11:UNDEFINED</p>
            </field-desc>
          </field>
        </reg-def>
      </tgroup>
    </table>

    <table id="table_UERR_-_Uncorrectable_Error_8jfbeeqsd">
      <title><reg-name-main verilog="UCERR">UCERR</reg-name-main> -
      <reg-desc>Uncorrected Error</reg-desc></title>

      <tgroup cols="5">
        <colspec colname="A" colwidth="111*"/>

        <colspec colname="B" colwidth="144*"/>

        <colspec colname="C" colwidth="101*"/>

        <colspec colname="D" colwidth="87*"/>

        <colspec colname="E" colwidth="557*"/>

        <thead>
          <row>
            <entry><p>Bit Field</p></entry>

            <entry><p>Field Name</p></entry>

            <entry><p>Type</p></entry>

            <entry><p>Default Value</p></entry>

            <entry><p>Description</p></entry>
          </row>
        </thead>

        <reg-def>
          <field>
            <field-bits>
              <double>
                <msb>31</msb>

                <lsb>11</lsb>
              </double>
            </field-bits>

            <field-name verilog="RESERVED">RESERVED</field-name>

            <field-type>RO</field-type>

            <field-default>0x0</field-default>

            <field-desc>
              <p>Reserved</p>
            </field-desc>
          </field>

          <field>
            <field-bits>
              <single>10</single>
            </field-bits>

            <field-name verilog="QTO">QTO</field-name>

            <field-type>RW1C</field-type>

            <field-default>0x0</field-default>

            <field-desc>
              <desc-title>Quiesce Timer Expired</desc-title>

              <p>Uncorrectable error is detected due to expiration of the
              Quiesce Timer during Operational State transition from ENABLED
              to QUIESCED</p>
            </field-desc>
          </field>

          <field>
            <field-bits>
              <single>9</single>
            </field-bits>

            <field-name verilog="MIFADERR">MIFADERR</field-name>

            <field-type>RW1C</field-type>

            <field-default>0x0</field-default>

            <field-desc>
              <desc-title>MIF Autodisable Detected</desc-title>

              <p>MIF asserted autodisable</p>
            </field-desc>
          </field>

          <field>
            <field-bits>
              <single>8</single>
            </field-bits>

            <field-name verilog="UCRAMERR">UCRAMERR</field-name>

            <field-type>RW1C</field-type>

            <field-default>0x0</field-default>

            <field-desc>
              <desc-title>Uncorrected RAM Error</desc-title>

              <p>Uncorrected RAM ECC Error. See RAMDBESTS for source</p>
            </field-desc>
          </field>

          <field>
            <field-bits>
              <double>
                <msb>7</msb>

                <lsb>1</lsb>
              </double>
            </field-bits>

            <field-name verilog="RESERVED">RESERVED</field-name>

            <field-type>RO</field-type>

            <field-default>0x0</field-default>

            <field-desc>
              <p>Reserved</p>
            </field-desc>
          </field>

          <field>
            <field-bits>
              <single>0</single>
            </field-bits>

            <field-name verilog="MALMSG">MALMSG</field-name>

            <field-type>RW1C</field-type>

            <field-default>0x0</field-default>

            <field-desc>
              <desc-title>Malformed Message Error</desc-title>

              <p>Malformed message detected. Will cause autonomous disable of
              MIF unless masked</p>
            </field-desc>
          </field>
        </reg-def>
      </tgroup>
    </table>

    <table id="table_UERRMSK_-_Uncorrectable_Erro_7jfbee9tb">
      <title><reg-name-main verilog="UCERRMSK">UCERRMSK</reg-name-main> -
      <reg-desc>Uncorrected Error Interrupt Mask</reg-desc></title>

      <tgroup cols="5">
        <colspec colname="A" colwidth="111*"/>

        <colspec colname="B" colwidth="144*"/>

        <colspec colname="C" colwidth="101*"/>

        <colspec colname="D" colwidth="87*"/>

        <colspec colname="E" colwidth="557*"/>

        <thead>
          <row>
            <entry><p>Bit Field</p></entry>

            <entry><p>Field Name</p></entry>

            <entry><p>Type</p></entry>

            <entry><p>Default Value</p></entry>

            <entry><p>Description</p></entry>
          </row>
        </thead>

        <reg-def>
          <field>
            <field-bits>
              <double>
                <msb>31</msb>

                <lsb>11</lsb>
              </double>
            </field-bits>

            <field-name verilog="RESERVED">RESERVED</field-name>

            <field-type>RO</field-type>

            <field-default>0x0</field-default>

            <field-desc>
              <p>Reserved</p>
            </field-desc>
          </field>

          <field>
            <field-bits>
              <single>10</single>
            </field-bits>

            <field-name verilog="QTO">QTO</field-name>

            <field-type>RW</field-type>

            <field-default>0x0</field-default>

            <field-desc>
              <desc-title>Quiesce Timer Expired Mask</desc-title>

              <p>Prevent interrupt due to expiration of the Quiesce Timer</p>
            </field-desc>
          </field>

          <field>
            <field-bits>
              <single>9</single>
            </field-bits>

            <field-name verilog="MIFADERR">MIFADERR</field-name>

            <field-type>RW</field-type>

            <field-default>0x0</field-default>

            <field-desc>
              <desc-title>MIF Autodisable Mask</desc-title>

              <p>Prevent interrupt due to MIF autodisable</p>
            </field-desc>
          </field>

          <field>
            <field-bits>
              <single>8</single>
            </field-bits>

            <field-name verilog="UCRAMERR">UCRAMERR</field-name>

            <field-type>RW</field-type>

            <field-default>0x0</field-default>

            <field-desc>
              <desc-title>Uncorrected RAM Error Mask</desc-title>

              <p>Prevent interrupt due to FIFO Uncorrected RAM ECC Error</p>
            </field-desc>
          </field>

          <field>
            <field-bits>
              <double>
                <msb>7</msb>

                <lsb>1</lsb>
              </double>
            </field-bits>

            <field-name verilog="RESERVED">RESERVED</field-name>

            <field-type>RO</field-type>

            <field-default>0x0</field-default>

            <field-desc>
              <p>Reserved</p>
            </field-desc>
          </field>

          <field>
            <field-bits>
              <single>0</single>
            </field-bits>

            <field-name verilog="MALMSG">MALMSG</field-name>

            <field-type>RW</field-type>

            <field-default>0x0</field-default>

            <field-desc>
              <desc-title>Mask Malformed Error Mask</desc-title>

              <p>Prevent interrupt due to Malformed Message</p>
            </field-desc>
          </field>
        </reg-def>
      </tgroup>
    </table>

    <table id="table_UERRSWTGR_-_Uncorrectable_Er_6jfbeduiu">
      <title><reg-name-main verilog="UCERRSWTGR">UCERRSWTGR</reg-name-main> -
      <reg-desc>Uncorrected Error Software Trigger</reg-desc></title>

      <tgroup cols="5">
        <colspec colname="A" colwidth="111*"/>

        <colspec colname="B" colwidth="144*"/>

        <colspec colname="C" colwidth="101*"/>

        <colspec colname="D" colwidth="87*"/>

        <colspec colname="E" colwidth="557*"/>

        <thead>
          <row>
            <entry><p>Bit Field</p></entry>

            <entry><p>Field Name</p></entry>

            <entry><p>Type</p></entry>

            <entry><p>Default Value</p></entry>

            <entry><p>Description</p></entry>
          </row>
        </thead>

        <reg-def>
          <field>
            <field-bits>
              <double>
                <msb>31</msb>

                <lsb>11</lsb>
              </double>
            </field-bits>

            <field-name verilog="RESERVED">RESERVED</field-name>

            <field-type>RO</field-type>

            <field-default>0x0</field-default>

            <field-desc>
              <p>Reserved</p>
            </field-desc>
          </field>

          <field>
            <field-bits>
              <single>10</single>
            </field-bits>

            <field-name verilog="QTO">QTO</field-name>

            <field-type>RW</field-type>

            <field-default>0x0</field-default>

            <field-desc>
              <desc-title>Quiesce Timer Expired</desc-title>

              <p>Trigger detection of expiration of the Quiesce Timer</p>
            </field-desc>
          </field>

          <field>
            <field-bits>
              <single>9</single>
            </field-bits>

            <field-name verilog="MIFADERR">MIFADERR</field-name>

            <field-type>RW</field-type>

            <field-default>0x0</field-default>

            <field-desc>
              <desc-title>Trigger MIF Autodisable</desc-title>

              <p>Trigger MIF Autodisable detection</p>
            </field-desc>
          </field>

          <field>
            <field-bits>
              <single>8</single>
            </field-bits>

            <field-name verilog="UCRAMERR">UCRAMERR</field-name>

            <field-type>RW</field-type>

            <field-default>0x0</field-default>

            <field-desc>
              <desc-title>Trigger Uncorrected RAM Error</desc-title>

              <p>Trigger Uncorrected FIFO RAM Error</p>
            </field-desc>
          </field>

          <field>
            <field-bits>
              <double>
                <msb>7</msb>

                <lsb>1</lsb>
              </double>
            </field-bits>

            <field-name verilog="RESERVED">RESERVED</field-name>

            <field-type>RO</field-type>

            <field-default>0x0</field-default>

            <field-desc>
              <p>Reserved</p>
            </field-desc>
          </field>

          <field>
            <field-bits>
              <single>0</single>
            </field-bits>

            <field-name verilog="MALMSG">MALMSG</field-name>

            <field-type>RW</field-type>

            <field-default>0x0</field-default>

            <field-desc>
              <desc-title>Trigger Malformed Error</desc-title>

              <p>Trigger Malformed Message Error</p>
            </field-desc>
          </field>
        </reg-def>
      </tgroup>
    </table>

    <table audience="MSCCInternal"
           id="table_UERRAMSK_-_Uncorrectable_Err_cjfbre1jf">
      <title><reg-name-main verilog="UCERRAMSK">UCERRAMSK</reg-name-main> -
      <reg-desc>Uncorrected Error Autodisable Mask</reg-desc></title>

      <tgroup cols="5">
        <colspec colname="A" colwidth="111*"/>

        <colspec colname="B" colwidth="144*"/>

        <colspec colname="C" colwidth="101*"/>

        <colspec colname="D" colwidth="87*"/>

        <colspec colname="E" colwidth="557*"/>

        <thead>
          <row>
            <entry><p>Bit Field</p></entry>

            <entry><p>Field Name</p></entry>

            <entry><p>Type</p></entry>

            <entry><p>Default Value</p></entry>

            <entry><p>Description</p></entry>
          </row>
        </thead>

        <reg-def>
          <field>
            <field-bits>
              <double>
                <msb>31</msb>

                <lsb>11</lsb>
              </double>
            </field-bits>

            <field-name verilog="RESERVED">RESERVED</field-name>

            <field-type>RO</field-type>

            <field-default>0x0</field-default>

            <field-desc>
              <p>Reserved</p>
            </field-desc>
          </field>

          <field>
            <field-bits>
              <single>10</single>
            </field-bits>

            <field-name verilog="QTO">QTO</field-name>

            <field-type>RW</field-type>

            <field-default>0x0</field-default>

            <field-desc>
              <desc-title>Quiesce Timer Expired</desc-title>

              <p>Prevent autonomous disable due to expiration of the Quiesce
              Timer</p>
            </field-desc>
          </field>

          <field>
            <field-bits>
              <single>9</single>
            </field-bits>

            <field-name verilog="MIFADERR">MIFADERR</field-name>

            <field-type>RW </field-type>

            <field-default>0x0</field-default>

            <field-desc>
              <desc-title>Prevent autonomous disable due to MIF
              Autodisable</desc-title>

              <p>Prevent autonomous disable due to MIF Autodisable
              detection</p>
            </field-desc>
          </field>

          <field>
            <field-bits>
              <single>8</single>
            </field-bits>

            <field-name verilog="UCRAMERR">UCRAMERR</field-name>

            <field-type>RW</field-type>

            <field-default>0x0</field-default>

            <field-desc>
              <desc-title>Uncorrected RAM Error Mask</desc-title>

              <p>Prevent autonomous disable due to FIFO Uncorrected RAM ECC
              Error</p>
            </field-desc>
          </field>

          <field>
            <field-bits>
              <double>
                <msb>7</msb>

                <lsb>1</lsb>
              </double>
            </field-bits>

            <field-name verilog="RESERVED">RESERVED</field-name>

            <field-type>RO</field-type>

            <field-default>0x0</field-default>

            <field-desc>
              <p>Reserved</p>
            </field-desc>
          </field>

          <field>
            <field-bits>
              <single>0</single>
            </field-bits>

            <field-name verilog="MALMSG">MALMSG</field-name>

            <field-type>RW</field-type>

            <field-default>0x0</field-default>

            <field-desc>
              <desc-title>Mask Malformed Error Mask</desc-title>

              <p>Prevent autonomous disable due to Malformed Message</p>
            </field-desc>
          </field>
        </reg-def>
      </tgroup>
    </table>

    <table id="table_CERR_-_Correctable_Error_3jfbdpc04">
      <title><reg-name-main verilog="CERR">CERR</reg-name-main> -
      <reg-desc>Corrected Error</reg-desc></title>

      <tgroup cols="5">
        <colspec colname="A" colwidth="111*"/>

        <colspec colname="B" colwidth="144*"/>

        <colspec colname="C" colwidth="101*"/>

        <colspec colname="D" colwidth="87*"/>

        <colspec colname="E" colwidth="557*"/>

        <thead>
          <row>
            <entry><p>Bit Field</p></entry>

            <entry><p>Field Name</p></entry>

            <entry><p>Type</p></entry>

            <entry><p>Default Value</p></entry>

            <entry><p>Description</p></entry>
          </row>
        </thead>

        <reg-def>
          <field>
            <field-bits>
              <double>
                <msb>31</msb>

                <lsb>10</lsb>
              </double>
            </field-bits>

            <field-name verilog="RESERVED">RESERVED</field-name>

            <field-type>RO</field-type>

            <field-default>0x0</field-default>

            <field-desc>
              <p>Reserved</p>
            </field-desc>
          </field>

          <field>
            <field-bits>
              <single>9</single>
            </field-bits>

            <field-name verilog="MIFCERR">MIFCERR</field-name>

            <field-type>RW1C</field-type>

            <field-default>0x0</field-default>

            <field-desc>
              <desc-title>MIF Correctable Error Detected</desc-title>

              <p>MIF detected correctable error</p>
            </field-desc>
          </field>

          <field>
            <field-bits>
              <single>8</single>
            </field-bits>

            <field-name verilog="CRAMERR">CRAMERR</field-name>

            <field-type>RW1C</field-type>

            <field-default>0x0</field-default>

            <field-desc>
              <desc-title>Corrected RAM Error</desc-title>

              <p>Corrected RAM ECC Error</p>
            </field-desc>
          </field>

          <field>
            <field-bits>
              <double>
                <msb>7</msb>

                <lsb>0</lsb>
              </double>
            </field-bits>

            <field-name verilog="RESERVED">RESERVED</field-name>

            <field-type>RO</field-type>

            <field-default>0x0</field-default>

            <field-desc>
              <p>Reserved</p>
            </field-desc>
          </field>
        </reg-def>
      </tgroup>
    </table>

    <table id="table_CERRMSK_-_Correctable_Erro_4jfbdpj10">
      <title><reg-name-main verilog="CERRMSK">CERRMSK</reg-name-main> -
      <reg-desc>Corrected Error Mask</reg-desc></title>

      <tgroup cols="5">
        <colspec colname="A" colwidth="111*"/>

        <colspec colname="B" colwidth="144*"/>

        <colspec colname="C" colwidth="101*"/>

        <colspec colname="D" colwidth="87*"/>

        <colspec colname="E" colwidth="557*"/>

        <thead>
          <row>
            <entry><p>Bit Field</p></entry>

            <entry><p>Field Name</p></entry>

            <entry><p>Type</p></entry>

            <entry><p>Default Value</p></entry>

            <entry><p>Description</p></entry>
          </row>
        </thead>

        <reg-def>
          <field>
            <field-bits>
              <double>
                <msb>31</msb>

                <lsb>10</lsb>
              </double>
            </field-bits>

            <field-name verilog="RESERVED">RESERVED</field-name>

            <field-type>RO</field-type>

            <field-default>0x0</field-default>

            <field-desc>
              <p>Reserved</p>
            </field-desc>
          </field>

          <field>
            <field-bits>
              <single>9</single>
            </field-bits>

            <field-name verilog="MIFCERR">MIFCERR</field-name>

            <field-type>RW</field-type>

            <field-default>0x0</field-default>

            <field-desc>
              <desc-title>MIF Correctable Error Mask</desc-title>

              <p>Prevent global interrupt due to MIF detected correctable
              error</p>
            </field-desc>
          </field>

          <field>
            <field-bits>
              <single>8</single>
            </field-bits>

            <field-name verilog="CRAMERR">CRAMERR</field-name>

            <field-type>RW</field-type>

            <field-default>0x1</field-default>

            <field-desc>
              <desc-title>Corrected RAM Error Mask</desc-title>

              <p>Prevent global interrupt due to corrected RAM ECC Error</p>
            </field-desc>
          </field>

          <field>
            <field-bits>
              <double>
                <msb>7</msb>

                <lsb>0</lsb>
              </double>
            </field-bits>

            <field-name verilog="RESERVED">RESERVED</field-name>

            <field-type>RO</field-type>

            <field-default>0x0</field-default>

            <field-desc>
              <p>Reserved</p>
            </field-desc>
          </field>
        </reg-def>
      </tgroup>
    </table>

    <table audience="MSCCInternal"
           id="table_CERRSWTGR_-_Correctable_Er_5jfbdprz0">
      <title><reg-name-main verilog="CERRSWTGR">CERRSWTGR</reg-name-main> -
      <reg-desc>Corrected Error Software Trigger</reg-desc></title>

      <tgroup cols="5">
        <colspec colname="A" colwidth="111*"/>

        <colspec colname="B" colwidth="144*"/>

        <colspec colname="C" colwidth="101*"/>

        <colspec colname="D" colwidth="87*"/>

        <colspec colname="E" colwidth="557*"/>

        <thead>
          <row>
            <entry><p>Bit Field</p></entry>

            <entry><p>Field Name</p></entry>

            <entry><p>Type</p></entry>

            <entry><p>Default Value</p></entry>

            <entry><p>Description</p></entry>
          </row>
        </thead>

        <reg-def>
          <field>
            <field-bits>
              <double>
                <msb>31</msb>

                <lsb>10</lsb>
              </double>
            </field-bits>

            <field-name verilog="RESERVED">RESERVED</field-name>

            <field-type>RO</field-type>

            <field-default>0x0</field-default>

            <field-desc>
              <p>Reserved</p>
            </field-desc>
          </field>

          <field>
            <field-bits>
              <single>9</single>
            </field-bits>

            <field-name verilog="MIFCERR">MIFCERR</field-name>

            <field-type>RW</field-type>

            <field-default>0x0</field-default>

            <field-desc>
              <desc-title>MIF Correctable Error</desc-title>

              <p>Trigger MIF detected correctable error</p>
            </field-desc>
          </field>

          <field>
            <field-bits>
              <single>8</single>
            </field-bits>

            <field-name verilog="CRAMERR">CRAMERR</field-name>

            <field-type>RW</field-type>

            <field-default>0x0</field-default>

            <field-desc>
              <desc-title>Trigger Corrected RAM Error</desc-title>

              <p>Trigger Corrected RAM Error signaling</p>
            </field-desc>
          </field>

          <field>
            <field-bits>
              <double>
                <msb>7</msb>

                <lsb>0</lsb>
              </double>
            </field-bits>

            <field-name verilog="RESERVED">RESERVED</field-name>

            <field-type>RO</field-type>

            <field-default>0x0</field-default>

            <field-desc>
              <p>Reserved</p>
            </field-desc>
          </field>
        </reg-def>
      </tgroup>
    </table>

    <table audience="MSCCInternal"
           id="table_RAMECTL_-_RAM_ECC_Control_ajfbjy9hb">
      <title><reg-name-main verilog="RAMECTL">RAMECTL </reg-name-main>-
      <reg-desc>RAM ECC Control</reg-desc></title>

      <tgroup cols="5">
        <colspec colname="A" colwidth="111*"/>

        <colspec colname="B" colwidth="144*"/>

        <colspec colname="C" colwidth="101*"/>

        <colspec colname="D" colwidth="87*"/>

        <colspec colname="E" colwidth="557*"/>

        <thead>
          <row>
            <entry><p>Bit Field</p></entry>

            <entry><p>Field Name</p></entry>

            <entry><p>Type</p></entry>

            <entry><p>Default Value</p></entry>

            <entry><p>Description</p></entry>
          </row>
        </thead>

        <reg-def>
          <field>
            <field-bits>
              <double>
                <msb>31</msb>

                <lsb>6</lsb>
              </double>
            </field-bits>

            <field-name verilog="RESERVED">RESERVED</field-name>

            <field-type>RO</field-type>

            <field-default>0x0</field-default>

            <field-desc>
              <p>Reserved</p>
            </field-desc>
          </field>

          <field>
            <field-bits>
              <double>
                <msb>5</msb>

                <lsb>3</lsb>
              </double>
            </field-bits>

            <field-name verilog="INDEX">INDEX</field-name>

            <field-type>RW</field-type>

            <field-default>0x0</field-default>

            <field-desc>
              <desc-title>RAM Index</desc-title>

              <p>This field contains the index of the embedded RAM on which
              the command written to the CMD field is performed.</p>

              <p>4 = Pending Request RAM</p>

              <p>2 = Credit RAM</p>

              <p>1 = CSR RAM</p>

              <p>Remaining values: Reserved</p>
            </field-desc>
          </field>

          <field>
            <field-bits>
              <double>
                <msb>2</msb>

                <lsb>0</lsb>
              </double>
            </field-bits>

            <field-name verilog="CMD">CMD</field-name>

            <field-type>RW</field-type>

            <field-default>0x0</field-default>

            <field-desc>
              <desc-title>RAM Command</desc-title>

              <p>When a value is written to this field, the corresponding
              operation is performed on the embedded RAM selected in the INDEX
              field. Selecting an unimplemented RAM index or command causes a
              NOP to be executed.</p>

              <p>0=NOP</p>

              <p>1=Set corresponding single bit error</p>

              <p>2=Set corresponding double bit error</p>

              <p>3=ISBE Inject single bit RAM Error in data read from RAM</p>

              <p>4=IDBE Inject double bit RAM Error in data read from RAM</p>

              <p>5-7: Reserved</p>
            </field-desc>
          </field>
        </reg-def>
      </tgroup>
    </table>

    <table id="table_RAMDBESTS_-_RAM_Uncorrected_Status_7kbk2bx4t">
      <title><reg-name-main verilog="RAMDBESTS">RAMDBESTS</reg-name-main> -
      <reg-desc>RAM Uncorrected Status</reg-desc></title>

      <tgroup cols="5">
        <colspec colname="A" colwidth="111*"/>

        <colspec colname="B" colwidth="144*"/>

        <colspec colname="C" colwidth="101*"/>

        <colspec colname="D" colwidth="87*"/>

        <colspec colname="E" colwidth="557*"/>

        <thead>
          <row>
            <entry><p>Bit Field</p></entry>

            <entry><p>Field Name</p></entry>

            <entry><p>Type</p></entry>

            <entry><p>Default Value</p></entry>

            <entry><p>Description</p></entry>
          </row>
        </thead>

        <reg-def>
          <field>
            <field-bits>
              <double>
                <msb>31</msb>

                <lsb>3</lsb>
              </double>
            </field-bits>

            <field-name verilog="RESERVED">RESERVED</field-name>

            <field-type>RO</field-type>

            <field-default>0x0</field-default>

            <field-desc>
              <p>Reserved</p>
            </field-desc>
          </field>

          <field>
            <field-bits>
              <double>
                <msb>2</msb>

                <lsb>0</lsb>
              </double>
            </field-bits>

            <field-name verilog="STS">STS</field-name>

            <field-type>RW1C</field-type>

            <field-default>0x0</field-default>

            <field-desc>
              <desc-title>RAM Multiple Bit Error Status</desc-title>

              <p>Associated with each embedded RAM is a status bit. A status
              bit is set whenever a multiple bit error is detected in that
              RAM. Embedded RAM indices correspond to the INDEX field in
              RAMECTL. Bits corresponding to unused indices are hardwired to
              zero.</p>

              <p>4 = Request RAM</p>

              <p>2 = Credit RAM</p>

              <p>1 = CSR RAM</p>

              <p>Remaining values: Reserved</p>
            </field-desc>
          </field>
        </reg-def>
      </tgroup>
    </table>

    <table audience="MSCCInternal"
           id="table_RAMSBESTS_-_RAM_Correctabl_9jfbjy1js">
      <title><reg-name-main verilog="RAMSBESTS">RAMSBESTS</reg-name-main> -
      <reg-desc>RAM Corrected Error Status</reg-desc></title>

      <tgroup cols="5">
        <colspec colname="A" colwidth="111*"/>

        <colspec colname="B" colwidth="144*"/>

        <colspec colname="C" colwidth="101*"/>

        <colspec colname="D" colwidth="87*"/>

        <colspec colname="E" colwidth="557*"/>

        <thead>
          <row>
            <entry><p>Bit Field</p></entry>

            <entry><p>Field Name</p></entry>

            <entry><p>Type</p></entry>

            <entry><p>Default Value</p></entry>

            <entry><p>Description</p></entry>
          </row>
        </thead>

        <reg-def>
          <field>
            <field-bits>
              <double>
                <msb>31</msb>

                <lsb>3</lsb>
              </double>
            </field-bits>

            <field-name verilog="RESERVED">RESERVED</field-name>

            <field-type>RO</field-type>

            <field-default>0x0</field-default>

            <field-desc>
              <p>Reserved</p>
            </field-desc>
          </field>

          <field>
            <field-bits>
              <double>
                <msb>2</msb>

                <lsb>0</lsb>
              </double>
            </field-bits>

            <field-name verilog="STS">STS</field-name>

            <field-type>RW1C</field-type>

            <field-default>0x0</field-default>

            <field-desc>
              <desc-title>RAM Single Bit Error Status</desc-title>

              <p>Associated with each embedded RAM is a status bit. A status
              bit is set whenever a single bit error is detected in that
              RAM.Embedded RAM indices correspond to the INDEX field in
              RAMECTL. Bits corresponding to unused indices are hardwired to
              zero.</p>

              <p>4 = Request RAM</p>

              <p>2 = Credit RAM</p>

              <p>1 = CSR RAM</p>

              <p>Remaining values: Reserved</p>
            </field-desc>
          </field>
        </reg-def>
      </tgroup>
    </table>

    <table id="table_QTIMER_-_Quiesce_Timer_0k0ehye51">
      <title><reg-name-main verilog="QTIMER">QTIMER</reg-name-main> -
      <reg-desc>Quiesce Timer</reg-desc></title>

      <tgroup cols="5">
        <colspec colname="A" colwidth="111*"/>

        <colspec colname="B" colwidth="144*"/>

        <colspec colname="C" colwidth="101*"/>

        <colspec colname="D" colwidth="87*"/>

        <colspec colname="E" colwidth="557*"/>

        <thead>
          <row>
            <entry><p>Bit Field</p></entry>

            <entry><p>Field Name</p></entry>

            <entry><p>Type</p></entry>

            <entry><p>Default Value</p></entry>

            <entry><p>Description</p></entry>
          </row>
        </thead>

        <reg-def>
          <field>
            <field-bits>
              <double>
                <msb>31</msb>

                <lsb>0</lsb>
              </double>
            </field-bits>

            <field-name verilog="COUNT">COUNT</field-name>

            <field-type>RO</field-type>

            <field-default>0x0</field-default>

            <field-desc>
              <desc-title>Current Timeout Counter Value</desc-title>

              <p>When unit is directed to the QUIESCE operational state from
              the ENABLED operational state, this field is reset to zero and
              is incremented each clock cycle while the unit remains in the
              ENABLED operational state, processing outstanding operations. If
              the value of this field reaches that of the Timeout Count field
              in the Quiesced Timeout register (QTO.TOCOUNT), then unit
              quiesced timer is said to have expired, and unit transitions to
              AUTODISABLE regardless of outstanding operations. The value of
              this field is preserved when the unit is disabled and is only
              reset to its default value at transition from DISABLED state to
              ENABLED state or at reset.</p>
            </field-desc>
          </field>
        </reg-def>
      </tgroup>
    </table>

    <table id="table_QTO_-_Quiesce_Timeout_2k0ehzgz8">
      <title><reg-name-main verilog="QTO">QTO</reg-name-main> -
      <reg-desc>Quiesce Timeout</reg-desc></title>

      <tgroup cols="5">
        <colspec colname="A" colwidth="111*"/>

        <colspec colname="B" colwidth="144*"/>

        <colspec colname="C" colwidth="101*"/>

        <colspec colname="D" colwidth="87*"/>

        <colspec colname="E" colwidth="557*"/>

        <thead>
          <row>
            <entry><p>Bit Field</p></entry>

            <entry><p>Field Name</p></entry>

            <entry><p>Type</p></entry>

            <entry><p>Default Value</p></entry>

            <entry><p>Description</p></entry>
          </row>
        </thead>

        <reg-def>
          <field>
            <field-bits>
              <double>
                <msb>31</msb>

                <lsb>0</lsb>
              </double>
            </field-bits>

            <field-name verilog="TOCOUNT">TOCOUNT</field-name>

            <field-type>RW</field-type>

            <field-default>0x632EA0</field-default>

            <field-desc>
              <desc-title>Timeout Count</desc-title>

              <p>This field contains the unit quiesced timer timeout count
              threshold. The timeout time is equal to the value in this field
              multiplied by the period of the unit clock. The default value
              corresponds to a 10 msec timeout when the unit clock is 650
              M</p>
            </field-desc>
          </field>
        </reg-def>
      </tgroup>
    </table>

    <table audience="MSCCInternal" id="table_DBGSTS0_-_Debug_Status_9kbljn8x1">
      <title><reg-name-main verilog="DBGSTS0">DBGSTS0</reg-name-main> -
      <reg-desc>Debug Status</reg-desc></title>

      <tgroup cols="5">
        <colspec colname="A" colwidth="111*"/>

        <colspec colname="B" colwidth="144*"/>

        <colspec colname="C" colwidth="101*"/>

        <colspec colname="D" colwidth="87*"/>

        <colspec colname="E" colwidth="557*"/>

        <thead>
          <row>
            <entry><p>Bit Field</p></entry>

            <entry><p>Field Name</p></entry>

            <entry><p>Type</p></entry>

            <entry><p>Default Value</p></entry>

            <entry><p>Description</p></entry>
          </row>
        </thead>

        <reg-def>
          <field>
            <field-bits>
              <double>
                <msb>31</msb>

                <lsb>22</lsb>
              </double>
            </field-bits>

            <field-name verilog="RESERVED">RESERVED</field-name>

            <field-type>RO</field-type>

            <field-default>0x0</field-default>

            <field-desc>
              <p>Reserved</p>
            </field-desc>
          </field>

          <field>
            <field-bits>
              <double>
                <msb>21</msb>

                <lsb>0</lsb>
              </double>
            </field-bits>

            <field-name verilog="STATE">STATE</field-name>

            <field-type>RO</field-type>

            <field-default>0x0</field-default>

            <field-desc>
              <desc-title>Main FSM State</desc-title>

              <p>Current state of Main FSM</p>
            </field-desc>
          </field>
        </reg-def>
      </tgroup>
    </table>

    <table audience="MSCCInternal" id="table_DBGSTS1_-_Debug_Status_bkbljniav">
      <title><reg-name-main verilog="DBGSTS1">DBGSTS1</reg-name-main> -
      <reg-desc>Debug Status</reg-desc></title>

      <tgroup cols="5">
        <colspec colname="A" colwidth="111*"/>

        <colspec colname="B" colwidth="144*"/>

        <colspec colname="C" colwidth="101*"/>

        <colspec colname="D" colwidth="87*"/>

        <colspec colname="E" colwidth="557*"/>

        <thead>
          <row>
            <entry><p>Bit Field</p></entry>

            <entry><p>Field Name</p></entry>

            <entry><p>Type</p></entry>

            <entry><p>Default Value</p></entry>

            <entry><p>Description</p></entry>
          </row>
        </thead>

        <reg-def>
          <field>
            <field-bits>
              <double>
                <msb>31</msb>

                <lsb>29</lsb>
              </double>
            </field-bits>

            <field-name verilog="RESERVED">RESERVED</field-name>

            <field-type>RO</field-type>

            <field-default>0x0</field-default>

            <field-desc>
              <p>Reserved</p>
            </field-desc>
          </field>

          <field>
            <field-bits>
              <single>28</single>
            </field-bits>

            <field-name verilog="REFMISS">REFMISS</field-name>

            <field-type>RW1C</field-type>

            <field-default>0x0</field-default>

            <field-desc>
              <desc-title>Refresh Cycle Missed</desc-title>

              <p>Refresh Timer expired twice without update between.</p>
            </field-desc>
          </field>

          <field>
            <field-bits>
              <double>
                <msb>27</msb>

                <lsb>22</lsb>
              </double>
            </field-bits>

            <field-name verilog="RESERVED">RESERVED</field-name>

            <field-type>RO</field-type>

            <field-default>0x0</field-default>

            <field-desc>
              <p>Reserved</p>
            </field-desc>
          </field>

          <field>
            <field-bits>
              <double>
                <msb>21</msb>

                <lsb>0</lsb>
              </double>
            </field-bits>

            <field-name verilog="STATE">STATE</field-name>

            <field-type>RO</field-type>

            <field-default>0x0</field-default>

            <field-desc>
              <desc-title>Refresh FSM State</desc-title>

              <p>Current state of Refresh FSM</p>
            </field-desc>
          </field>
        </reg-def>
      </tgroup>
    </table>

    <table id="table_CREDREFRESH_-_Credit_Update_Rate_8kbk3wrto">
      <title><reg-name-main verilog="CREDREFRESH">CREDREFRESH</reg-name-main>
      - <reg-desc>Credit Update Rate</reg-desc></title>

      <tgroup cols="5">
        <colspec colname="A" colwidth="111*"/>

        <colspec colname="B" colwidth="144*"/>

        <colspec colname="C" colwidth="101*"/>

        <colspec colname="D" colwidth="87*"/>

        <colspec colname="E" colwidth="557*"/>

        <thead>
          <row>
            <entry><p>Bit Field</p></entry>

            <entry><p>Field Name</p></entry>

            <entry><p>Type</p></entry>

            <entry><p>Default Value</p></entry>

            <entry><p>Description</p></entry>
          </row>
        </thead>

        <reg-def>
          <field>
            <field-bits>
              <single>31</single>
            </field-bits>

            <field-name verilog="REFEN">REFEN</field-name>

            <field-type>RW</field-type>

            <field-default>0x0</field-default>

            <field-desc>
              <desc-title>Refresh Enable</desc-title>

              <p>Refresh is disabled after reset or autodisable.</p>

              <p>IMPORTANT: Before enabling refresh, Group Credit Increment
              values for all allocated groups in all allocated sets must be
              written to prevent reading uninitialized RAM, which will result
              in an error.</p>

              <p>1) The values for CTL.MAXGROUP &amp; CTL.MAXSET must be
              written.</p>

              <p>2) CREDINCR Values must be written to GRPRSVCREDINC and
              GRPLMTCREDINC for every GROUPNUM less than CTL.MAXGROUP and
              every SETNUM less than CTL.MAXSET, using indirect writes through
              GRPCREDINCA.</p>

              <p>3) Values must be written to SETLMTCREDINC for every SETNUM
              less than CTL.MAXSET, using indirect writes through
              SETCREDINCA</p>

              <p>After asserting REFEN, the credit table will be initialized.
              Completion of this task can be determined by polling
              REFREADY.</p>
            </field-desc>
          </field>

          <field>
            <field-bits>
              <single>30</single>
            </field-bits>

            <field-name verilog="REFREADY">REFREADY</field-name>

            <field-type>RO</field-type>

            <field-default>0x0</field-default>

            <field-desc>
              <desc-title>Refresh Ready</desc-title>

              <p>After REFEN is asserted, there will be an initialization of
              all allocated groups in the Credit Table. When this
              initialization is complete, REFREADY will be asserted.</p>
            </field-desc>
          </field>

          <field>
            <field-bits>
              <double>
                <msb>29</msb>

                <lsb>10</lsb>
              </double>
            </field-bits>

            <field-name verilog="RESERVED">RESERVED</field-name>

            <field-type>RO</field-type>

            <field-default>0x0</field-default>

            <field-desc>
              <p>Reserved</p>
            </field-desc>
          </field>

          <field>
            <field-bits>
              <double>
                <msb>9</msb>

                <lsb>0</lsb>
              </double>
            </field-bits>

            <field-name verilog="REFINT">REFINT</field-name>

            <field-type>RW</field-type>

            <field-default>0x40</field-default>

            <field-desc>
              <desc-title>Refresh Interval</desc-title>

              <p>Determines the time interval between updates to the Group
              Reserved Credit &amp; Group Limit Credit values. The Refresh
              Counter resets to zero and increments every 1024 sysclk cycles.
              When Refresh Counter reaches Refresh Interval value, all current
              credit values will be updated by their programmed increment
              amounts.This process will repeat while Refresh Enable is
              asserted.</p>

              <p>The following will occur (s=setnum, g=groupnum)</p>

              <p>1) GRPRSVINCR[s][g].CREDINCR will be added to current value
              of Group Reserved Credit[s][g].</p>

              <p>2) GRPLMTINCR[s][g].CREDINCR will be added to current value
              of Group Limit Credit[s][g].</p>

              <p>Value is x1024 sysclk cycles. e.g. a value of 16 will cause
              the update to occur every 16*1024=16384 sysclk cycles.</p>

              <p>Consider the following when choosing REFINT value:</p>

              <p>1) Choosing too small a value may interfere with processing
              requests, since refreshing takes time and competes for resources
              with request processing.</p>

              <p>2) Choosing too large a value also hurt performance, since
              credit rarely updates, and a request may have to wait
              longer.</p>

              <p>As a guideline, choose a value larger than:</p>

              <p>REFINT &gt;= ((CTL.MAXSET+1) * (CTL.MAXGROUP))/0x10</p>

              <p>Minimum supported value is 1</p>
            </field-desc>
          </field>
        </reg-def>
      </tgroup>
    </table>

    <table id="table_SETCREDINCA_-_Set_Credit_Increment_Addre_6kbqw7es6">
      <title><reg-name-main verilog="SETCREDINCA">SETCREDINCA</reg-name-main>
      - <reg-desc>Set Credit Increment Address</reg-desc></title>

      <tgroup cols="5">
        <colspec colname="A" colwidth="111*"/>

        <colspec colname="B" colwidth="144*"/>

        <colspec colname="C" colwidth="101*"/>

        <colspec colname="D" colwidth="87*"/>

        <colspec colname="E" colwidth="557*"/>

        <thead>
          <row>
            <entry><p>Bit Field</p></entry>

            <entry><p>Field Name</p></entry>

            <entry><p>Type</p></entry>

            <entry><p>Default Value</p></entry>

            <entry><p>Description</p></entry>
          </row>
        </thead>

        <reg-def>
          <field>
            <field-bits>
              <single>31</single>
            </field-bits>

            <field-name verilog="EXE">EXE</field-name>

            <field-type>RW</field-type>

            <field-default>0x0</field-default>

            <field-desc>
              <desc-title>Execute</desc-title>

              <p>After a one is written to this bit, the operation specified
              in the OP field of this register will be executed. HW will clear
              this bit when the operation has completed.</p>
            </field-desc>
          </field>

          <field>
            <field-bits>
              <single>30</single>
            </field-bits>

            <field-name verilog="OP">OP</field-name>

            <field-type>RW</field-type>

            <field-default>0x1</field-default>

            <field-desc>
              <desc-title>Command</desc-title>

              <p>1: Write</p>

              <p>The write operation updates the values in CSR RAM for the set
              indicated by SETNUM in this register with the values from
              SETLMTCREDINCR.CREDINCR.Write SETLMTCREDINCR before writing this
              register to initiate the write operation.</p>

              <p audience="MSCCInternal">0: Read</p>

              <p audience="MSCCInternal">The read operation updates the values
              in SETLMTCREDINCR.CREDINCR with the current values in CSR RAM
              for the set indicated by SETNUM in this register.SETLMTCREDINCR
              will be valid after the EXE field in this register has been
              cleared by HW. (Poll)</p>
            </field-desc>
          </field>

          <field>
            <field-bits>
              <double>
                <msb>29</msb>

                <lsb>2</lsb>
              </double>
            </field-bits>

            <field-name verilog="RESERVED">RESERVED</field-name>

            <field-type>RO</field-type>

            <field-default>0x0</field-default>

            <field-desc>
              <p>Reserved</p>
            </field-desc>
          </field>

          <field>
            <field-bits>
              <double>
                <msb>1</msb>

                <lsb>0</lsb>
              </double>
            </field-bits>

            <field-name verilog="SETNUM">SETNUM</field-name>

            <field-type>RW</field-type>

            <field-default>0x0</field-default>

            <field-desc>
              <desc-title>Set Number</desc-title>

              <p>Writing this pointer field determines which set to apply the
              command in this register's CMD field. Valid values are 0-3.
              Value must be less than CTL.MAXSET.</p>
            </field-desc>
          </field>
        </reg-def>
      </tgroup>
    </table>

    <table id="table_SETLMTCREDINCV_-_Set_Credit_Increment_Va_0kcfrb4et">
      <title><reg-name-main
      verilog="SETLMTCREDINCV">SETLMTCREDINCV</reg-name-main> - <reg-desc>Set
      Credit Increment Value</reg-desc></title>

      <tgroup cols="5">
        <colspec colname="A" colwidth="111*"/>

        <colspec colname="B" colwidth="144*"/>

        <colspec colname="C" colwidth="101*"/>

        <colspec colname="D" colwidth="87*"/>

        <colspec colname="E" colwidth="557*"/>

        <thead>
          <row>
            <entry><p>Bit Field</p></entry>

            <entry><p>Field Name</p></entry>

            <entry><p>Type</p></entry>

            <entry><p>Default Value</p></entry>

            <entry><p>Description</p></entry>
          </row>
        </thead>

        <reg-def>
          <field>
            <field-bits>
              <double>
                <msb>31</msb>

                <lsb>20</lsb>
              </double>
            </field-bits>

            <field-name verilog="RESERVED">RESERVED</field-name>

            <field-type>RO</field-type>

            <field-default>0x0</field-default>

            <field-desc>
              <p>Reserved</p>
            </field-desc>
          </field>

          <field>
            <field-bits>
              <double>
                <msb>19</msb>

                <lsb>0</lsb>
              </double>
            </field-bits>

            <field-name verilog="CREDINCR">CREDINCR</field-name>

            <field-type>RW</field-type>

            <field-default>0x0</field-default>

            <field-desc>
              <desc-title>Set Limit Credit Increment</desc-title>

              <p>This field indirectly accesses the increment value to be
              added to the Set Limit Credit Value for the set indicated in
              SETCREDINCA.SETNUM the next time the credit update timer
              expires.</p>

              <p>See write operation explanation in SETCREDINCA.OP.</p>

              <p>See read operation explanation in SETCREDINCA.OP.</p>
            </field-desc>
          </field>
        </reg-def>
      </tgroup>
    </table>

    <table id="table_GRPCREDINCA_-_Group_Credit_Increment_Add_8kbqweowx">
      <title><reg-name-main verilog="GRPCREDINCA">GRPCREDINCA</reg-name-main>
      - <reg-desc>Group Credit Increment Address</reg-desc></title>

      <tgroup cols="5">
        <colspec colname="A" colwidth="111*"/>

        <colspec colname="B" colwidth="144*"/>

        <colspec colname="C" colwidth="101*"/>

        <colspec colname="D" colwidth="87*"/>

        <colspec colname="E" colwidth="557*"/>

        <thead>
          <row>
            <entry><p>Bit Field</p></entry>

            <entry><p>Field Name</p></entry>

            <entry><p>Type</p></entry>

            <entry><p>Default Value</p></entry>

            <entry><p>Description</p></entry>
          </row>
        </thead>

        <reg-def>
          <field>
            <field-bits>
              <single>31</single>
            </field-bits>

            <field-name verilog="EXE">EXE</field-name>

            <field-type>RW</field-type>

            <field-default>0x0</field-default>

            <field-desc>
              <desc-title>Execute</desc-title>

              <p>After a one is written to this bit, the operation specified
              in the OP field of this register will be executed. HW will clear
              this bit when the operation has completed.</p>
            </field-desc>
          </field>

          <field>
            <field-bits>
              <single>30</single>
            </field-bits>

            <field-name verilog="OP">OP</field-name>

            <field-type>RW</field-type>

            <field-default>0x1</field-default>

            <field-desc>
              <desc-title>Command</desc-title>

              <p>1: Write</p>

              <p>The write operation updates the values in CSR RAM for the set
              and group indicated by SETNUM and GROUPNUM in this register with
              the values from GRPRSVCREDINCR.CREDINCR and
              GRPLMTCREDINCR.CREDINCR. GRPRSVCREDINCR.CREDINCR and
              GRPLMTCREDINCR.CREDINCR must be set before the write command is
              issued.</p>

              <p audience="MSCCInternal">0: Read</p>

              <p audience="MSCCInternal">The read operation updates the values
              in GRPRSVCREDINCR.CREDINCR and GRPLMTCREDINCR.CREDINCR with the
              current values in CSR RAM for the set indicated by SETNUM in
              this register and Group indicated by GROUPNUM in this
              register.GRPRSVCREDINCR and GRPLMTCREDINCR will be valid after
              the EXE field in this register has been cleared by HW.
              (Poll)</p>

              <p audience="MSCCInternal">NOTE: READ OPERATION ONLY ALLOWED
              DURING PAUSE MODE, CTL.PAUSE=1</p>
            </field-desc>
          </field>

          <field>
            <field-bits>
              <double>
                <msb>29</msb>

                <lsb>18</lsb>
              </double>
            </field-bits>

            <field-name verilog="RESERVED">RESERVED</field-name>

            <field-type>RO</field-type>

            <field-default>0x0</field-default>

            <field-desc>
              <p>Reserved</p>
            </field-desc>
          </field>

          <field>
            <field-bits>
              <double>
                <msb>17</msb>

                <lsb>16</lsb>
              </double>
            </field-bits>

            <field-name verilog="SETNUM">SETNUM</field-name>

            <field-type>RW</field-type>

            <field-default>0x0</field-default>

            <field-desc>
              <desc-title>Set Number</desc-title>

              <p>Writing this pointer field determines which set to apply the
              command in CMD in this register's CMD field. Valid values are
              0-3. Value must be less than CTL.MAXSET.</p>
            </field-desc>
          </field>

          <field>
            <field-bits>
              <double>
                <msb>15</msb>

                <lsb>10</lsb>
              </double>
            </field-bits>

            <field-name verilog="RESERVED">RESERVED</field-name>

            <field-type>RO</field-type>

            <field-default>0x0</field-default>

            <field-desc>
              <p>Reserved</p>
            </field-desc>
          </field>

          <field>
            <field-bits>
              <double>
                <msb>9</msb>

                <lsb>0</lsb>
              </double>
            </field-bits>

            <field-name verilog="GROUPNUM">GROUPNUM</field-name>

            <field-type>RW</field-type>

            <field-default>0x0</field-default>

            <field-desc>
              <desc-title>Group Number</desc-title>

              <p>Writing this pointer field determines which group to apply
              the command in CMD in this register's CMD field. Valid values
              are 0-1023. Value must be less than CTL.MAXGROUP.</p>
            </field-desc>
          </field>
        </reg-def>
      </tgroup>
    </table>

    <table id="table_GRPRSVCREDINCV_-_Group_Reserved_Credit_I_9kbqwkmbl">
      <title><reg-name-main
      verilog="GRPRSVCREDINCV">GRPRSVCREDINCV</reg-name-main> -
      <reg-desc>Group Reserved Credit Increment Value</reg-desc></title>

      <tgroup cols="5">
        <colspec colname="A" colwidth="111*"/>

        <colspec colname="B" colwidth="144*"/>

        <colspec colname="C" colwidth="101*"/>

        <colspec colname="D" colwidth="87*"/>

        <colspec colname="E" colwidth="557*"/>

        <thead>
          <row>
            <entry><p>Bit Field</p></entry>

            <entry><p>Field Name</p></entry>

            <entry><p>Type</p></entry>

            <entry><p>Default Value</p></entry>

            <entry><p>Description</p></entry>
          </row>
        </thead>

        <reg-def>
          <field>
            <field-bits>
              <double>
                <msb>31</msb>

                <lsb>20</lsb>
              </double>
            </field-bits>

            <field-name verilog="RESERVED">RESERVED</field-name>

            <field-type>RO</field-type>

            <field-default>0x0</field-default>

            <field-desc>
              <p>Reserved</p>
            </field-desc>
          </field>

          <field>
            <field-bits>
              <double>
                <msb>19</msb>

                <lsb>0</lsb>
              </double>
            </field-bits>

            <field-name verilog="CREDINCR">CREDINCR</field-name>

            <field-type>RW</field-type>

            <field-default>0x0</field-default>

            <field-desc>
              <desc-title>Group Reserved Credit Increment</desc-title>

              <p>This field allows setting or reading the increment value to
              be added to the Group Reserved Credit Value for the group &amp;
              set indicated in GRPCREDINCA.SETNUM and GRPCREDINCA.GROUPNUM the
              next time the credit update timer expires. See write operation
              explanation in GRPCREDINCA.OP description.</p>

              <p>This register may also be used to read the increment value,
              see read operation explanation in GRPCREDINCA.OP.</p>
            </field-desc>
          </field>
        </reg-def>
      </tgroup>
    </table>

    <table id="table_GRPLMTCREDINCV_-_Group_Limit_Credit_Incr_bkbqwn6fx">
      <title><reg-name-main
      verilog="GRPLMTCREDINCV">GRPLMTCREDINCV</reg-name-main> -
      <reg-desc>Group Limit Credit Increment Value</reg-desc></title>

      <tgroup cols="5">
        <colspec colname="A" colwidth="111*"/>

        <colspec colname="B" colwidth="144*"/>

        <colspec colname="C" colwidth="101*"/>

        <colspec colname="D" colwidth="87*"/>

        <colspec colname="E" colwidth="557*"/>

        <thead>
          <row>
            <entry><p>Bit Field</p></entry>

            <entry><p>Field Name</p></entry>

            <entry><p>Type</p></entry>

            <entry><p>Default Value</p></entry>

            <entry><p>Description</p></entry>
          </row>
        </thead>

        <reg-def>
          <field>
            <field-bits>
              <double>
                <msb>31</msb>

                <lsb>20</lsb>
              </double>
            </field-bits>

            <field-name verilog="RESERVED">RESERVED</field-name>

            <field-type>RO</field-type>

            <field-default>0x0</field-default>

            <field-desc>
              <p>Reserved</p>
            </field-desc>
          </field>

          <field>
            <field-bits>
              <double>
                <msb>19</msb>

                <lsb>0</lsb>
              </double>
            </field-bits>

            <field-name verilog="CREDINCR">CREDINCR</field-name>

            <field-type>RW</field-type>

            <field-default>0x0</field-default>

            <field-desc>
              <desc-title>Group Limit Credit Increment</desc-title>

              <p>This field allows setting or reading the increment value to
              be added to the Group Limit Credit Value for the group &amp; set
              indicated in GRPCREDINCA.SETNUM and GRPCREDINCA.GROUPNUM the
              next time the credit update timer expires. See write operation
              explanation in GRPCREDINCA.OP description.</p>

              <p>This register may also be used to read the increment value,
              see read operation explanation in GRPCREDINCA.OP.</p>
            </field-desc>
          </field>
        </reg-def>
      </tgroup>
    </table>

    <table audience="MSCCInternal"
           id="table_SETCREDCURRA_-_Set_Credit_Current_Value__dkbqwzldx">
      <title><reg-name-main
      verilog="SETCREDCURRA">SETCREDCURRA</reg-name-main> - <reg-desc>Set
      Credit Current Value Address</reg-desc></title>

      <tgroup cols="5">
        <colspec colname="A" colwidth="111*"/>

        <colspec colname="B" colwidth="144*"/>

        <colspec colname="C" colwidth="101*"/>

        <colspec colname="D" colwidth="87*"/>

        <colspec colname="E" colwidth="557*"/>

        <thead>
          <row>
            <entry><p>Bit Field</p></entry>

            <entry><p>Field Name</p></entry>

            <entry><p>Type</p></entry>

            <entry><p>Default Value</p></entry>

            <entry><p>Description</p></entry>
          </row>
        </thead>

        <reg-def>
          <field>
            <field-bits>
              <single>31</single>
            </field-bits>

            <field-name verilog="EXE">EXE</field-name>

            <field-type>RW</field-type>

            <field-default>0x0</field-default>

            <field-desc>
              <desc-title>Execute</desc-title>

              <p>After a one is written to this bit, the operation specified
              in the OP field of this register will be executed. HW will clear
              this bit when the operation has completed.</p>
            </field-desc>
          </field>

          <field>
            <field-bits>
              <single>30</single>
            </field-bits>

            <field-name verilog="OP">OP</field-name>

            <field-type>RW</field-type>

            <field-default>0x0</field-default>

            <field-desc>
              <desc-title>Command</desc-title>

              <p>1: Write</p>

              <p>0: Read</p>

              <p>The write operation accesses the current values for the set
              indicated by SETNUM in this register with the values from
              SETLMTCREDCURRV.CREDIT. SETLMTCREDCURRV must be set before the
              write operation starts.</p>

              <p>The read operation accesses the current value of credit for
              the set indicated by SETNUM in this register and writes it to
              SETLMTCREDCURRV.CREDIT. The value will be valid after the EXE
              field in this register has been cleared by HW. (Poll)</p>
            </field-desc>
          </field>

          <field>
            <field-bits>
              <double>
                <msb>29</msb>

                <lsb>18</lsb>
              </double>
            </field-bits>

            <field-name verilog="RESERVED">RESERVED</field-name>

            <field-type>RO</field-type>

            <field-default>0x0</field-default>

            <field-desc>
              <p>Reserved</p>
            </field-desc>
          </field>

          <field>
            <field-bits>
              <double>
                <msb>17</msb>

                <lsb>16</lsb>
              </double>
            </field-bits>

            <field-name verilog="SETNUM">SETNUM</field-name>

            <field-type>RW</field-type>

            <field-default>0x0</field-default>

            <field-desc>
              <desc-title>Set Number</desc-title>

              <p>Writing this pointer field determines which set to apply the
              command in CMD in this register's CMD field. Valid values are
              0-3. Value must be less than CTL.MAXSET.</p>
            </field-desc>
          </field>

          <field>
            <field-bits>
              <double>
                <msb>15</msb>

                <lsb>0</lsb>
              </double>
            </field-bits>

            <field-name verilog="RESERVED">RESERVED</field-name>

            <field-type>RO</field-type>

            <field-default>0x0</field-default>

            <field-desc>
              <p>Reserved</p>
            </field-desc>
          </field>
        </reg-def>
      </tgroup>
    </table>

    <table audience="MSCCInternal"
           id="table_SETLMTCREDCURRV_-_Set_Limit_Credit_Curre_ekbqy436g">
      <title><reg-name-main
      verilog="SETLMTCREDCURRV">SETLMTCREDCURRV</reg-name-main> -
      <reg-desc>Set Limit Credit Current Value</reg-desc></title>

      <tgroup cols="5">
        <colspec colname="A" colwidth="111*"/>

        <colspec colname="B" colwidth="144*"/>

        <colspec colname="C" colwidth="101*"/>

        <colspec colname="D" colwidth="87*"/>

        <colspec colname="E" colwidth="557*"/>

        <thead>
          <row>
            <entry><p>Bit Field</p></entry>

            <entry><p>Field Name</p></entry>

            <entry><p>Type</p></entry>

            <entry><p>Default Value</p></entry>

            <entry><p>Description</p></entry>
          </row>
        </thead>

        <reg-def>
          <field>
            <field-bits>
              <double>
                <msb>31</msb>

                <lsb>20</lsb>
              </double>
            </field-bits>

            <field-name verilog="RESERVED">RESERVED</field-name>

            <field-type>RO</field-type>

            <field-default>0x0</field-default>

            <field-desc>
              <p>Reserved</p>
            </field-desc>
          </field>

          <field>
            <field-bits>
              <double>
                <msb>19</msb>

                <lsb>0</lsb>
              </double>
            </field-bits>

            <field-name verilog="CREDIT">CREDIT</field-name>

            <field-type>RW</field-type>

            <field-default>0x0</field-default>

            <field-desc>
              <desc-title>Set Limit Credit Value</desc-title>

              <p>This field indirectly accesses the current value of the Set
              Limit Credit for the set indicated in SETCREDVALA.SETNUM. See
              write operation explanation in SETCREDVALA.OP. See read
              operation explanation in SETCREDVALA.OP .</p>
            </field-desc>
          </field>
        </reg-def>
      </tgroup>
    </table>

    <table audience="MSCCInternal"
           id="table_GRPCREDCURRA_-_Group_Credit_Current_Valu_ckbqwxy4c">
      <title><reg-name-main
      verilog="GRPCREDCURRA">GRPCREDCURRA</reg-name-main> - <reg-desc>Group
      Credit Current Value Address</reg-desc></title>

      <tgroup cols="5">
        <colspec colname="A" colwidth="111*"/>

        <colspec colname="B" colwidth="144*"/>

        <colspec colname="C" colwidth="101*"/>

        <colspec colname="D" colwidth="87*"/>

        <colspec colname="E" colwidth="557*"/>

        <thead>
          <row>
            <entry><p>Bit Field</p></entry>

            <entry><p>Field Name</p></entry>

            <entry><p>Type</p></entry>

            <entry><p>Default Value</p></entry>

            <entry><p>Description</p></entry>
          </row>
        </thead>

        <reg-def>
          <field>
            <field-bits>
              <single>31</single>
            </field-bits>

            <field-name verilog="EXE">EXE</field-name>

            <field-type>RW</field-type>

            <field-default>0x0</field-default>

            <field-desc>
              <desc-title>Execute</desc-title>

              <p>After a one is written to this bit, the operation specified
              in the OP field of this register will be executed. HW will clear
              this bit when the operation has completed.</p>

              <p>NOTE: READ/WRITE OPERATIONS TO GROUP CREDIT TABLE CAN ONLY BE
              PERFORMED IN PAUSE MODE, WHILE STS.PAUSED=1.</p>

              <p>NOTE: WRITES SHOULD ONLY BE PERFORMED AFTER
              CREDREFRESH.REFREADY=1, OR VALUES WILL BE OVERWRITTEN UPON
              INITIALIZATION</p>
            </field-desc>
          </field>

          <field>
            <field-bits>
              <single>30</single>
            </field-bits>

            <field-name verilog="OP">OP</field-name>

            <field-type>RW</field-type>

            <field-default>0x0</field-default>

            <field-desc>
              <desc-title>Command</desc-title>

              <p>1: Write</p>

              <p>0: Read</p>

              <p>The write operation updates the values in the Credit Table
              RAM for the set and group indicated by SETNUM and GROUPNUM in
              this register with the values from GRPRSVCREDCURRV.CREDIT &amp;
              GRPLMTCREDCURRV.CREDIT. GRPRSVCREDCURRV and GRPLMTCREDCURRV must
              be set before the write operation starts.</p>

              <p>The read operation accesses the values in the Credit Table
              RAM and writes them to GRPRSVCREDCURRV.CREDIT and
              GRPLMTCREDCURRV.CREDIT. The values will be valid after the EXE
              field in this register has been cleared by HW. (Poll)</p>
            </field-desc>
          </field>

          <field>
            <field-bits>
              <double>
                <msb>29</msb>

                <lsb>18</lsb>
              </double>
            </field-bits>

            <field-name verilog="RESERVED">RESERVED</field-name>

            <field-type>RO</field-type>

            <field-default>0x0</field-default>

            <field-desc>
              <p>Reserved</p>
            </field-desc>
          </field>

          <field>
            <field-bits>
              <double>
                <msb>17</msb>

                <lsb>16</lsb>
              </double>
            </field-bits>

            <field-name verilog="SETNUM">SETNUM</field-name>

            <field-type>RW</field-type>

            <field-default>0x0</field-default>

            <field-desc>
              <desc-title>Set Number</desc-title>

              <p>Writing this pointer field determines which set to apply the
              command in CMD in this register's CMD field. Valid values are
              0-3. Value must be less than CTL.MAXSET.</p>
            </field-desc>
          </field>

          <field>
            <field-bits>
              <double>
                <msb>15</msb>

                <lsb>10</lsb>
              </double>
            </field-bits>

            <field-name verilog="RESERVED">RESERVED</field-name>

            <field-type>RO</field-type>

            <field-default>0x0</field-default>

            <field-desc>
              <p>Reserved</p>
            </field-desc>
          </field>

          <field>
            <field-bits>
              <double>
                <msb>9</msb>

                <lsb>0</lsb>
              </double>
            </field-bits>

            <field-name verilog="GROUPNUM">GROUPNUM</field-name>

            <field-type>RW</field-type>

            <field-default>0x0</field-default>

            <field-desc>
              <desc-title>Set Number</desc-title>

              <p>Writing this pointer field determines which set to apply the
              command in CMD in this register's CMD field. Valid values are
              0-1023. Value must be less than CTL.MAXGROUP.</p>
            </field-desc>
          </field>
        </reg-def>
      </tgroup>
    </table>

    <table audience="MSCCInternal"
           id="table_GRPRSVCREDCURRV_-_Group_Reserved_Credit__fkbqy6ln1">
      <title><reg-name-main
      verilog="GRPRSVCREDCURRV">GRPRSVCREDCURRV</reg-name-main> -
      <reg-desc>Group Reserved Credit Current Value</reg-desc></title>

      <tgroup cols="5">
        <colspec colname="A" colwidth="111*"/>

        <colspec colname="B" colwidth="144*"/>

        <colspec colname="C" colwidth="101*"/>

        <colspec colname="D" colwidth="87*"/>

        <colspec colname="E" colwidth="557*"/>

        <thead>
          <row>
            <entry><p>Bit Field</p></entry>

            <entry><p>Field Name</p></entry>

            <entry><p>Type</p></entry>

            <entry><p>Default Value</p></entry>

            <entry><p>Description</p></entry>
          </row>
        </thead>

        <reg-def>
          <field>
            <field-bits>
              <double>
                <msb>31</msb>

                <lsb>20</lsb>
              </double>
            </field-bits>

            <field-name verilog="RESERVED">RESERVED</field-name>

            <field-type>RO</field-type>

            <field-default>0x0</field-default>

            <field-desc>
              <p>Reserved</p>
            </field-desc>
          </field>

          <field>
            <field-bits>
              <double>
                <msb>19</msb>

                <lsb>0</lsb>
              </double>
            </field-bits>

            <field-name verilog="CREDIT">CREDIT</field-name>

            <field-type>RW</field-type>

            <field-default>0x0</field-default>

            <field-desc>
              <desc-title>Group Reserved Credit Value</desc-title>

              <p>This field indirectly accesses the current value of the Group
              Reserved Credit for the group &amp; set indicated in
              GRPCREDCURRA.SETNUM and GRPCREDCURRA.GROUPNUM. See operation
              explanation in GRPCREDCURRA.OP. .</p>
            </field-desc>
          </field>
        </reg-def>
      </tgroup>
    </table>

    <table audience="MSCCInternal"
           id="table_GRPLMTCREDCURRV_-_Group_Limit_Credit_Cur_gkbqy8hk5">
      <title><reg-name-main
      verilog="GRPLMTCREDCURRV">GRPLMTCREDCURRV</reg-name-main> -
      <reg-desc>Group Limit Credit Current Value</reg-desc></title>

      <tgroup cols="5">
        <colspec colname="A" colwidth="111*"/>

        <colspec colname="B" colwidth="144*"/>

        <colspec colname="C" colwidth="101*"/>

        <colspec colname="D" colwidth="87*"/>

        <colspec colname="E" colwidth="557*"/>

        <thead>
          <row>
            <entry><p>Bit Field</p></entry>

            <entry><p>Field Name</p></entry>

            <entry><p>Type</p></entry>

            <entry><p>Default Value</p></entry>

            <entry><p>Description</p></entry>
          </row>
        </thead>

        <reg-def>
          <field>
            <field-bits>
              <double>
                <msb>31</msb>

                <lsb>20</lsb>
              </double>
            </field-bits>

            <field-name verilog="RESERVED">RESERVED</field-name>

            <field-type>RO</field-type>

            <field-default>0x0</field-default>

            <field-desc>
              <p>Reserved</p>
            </field-desc>
          </field>

          <field>
            <field-bits>
              <double>
                <msb>19</msb>

                <lsb>0</lsb>
              </double>
            </field-bits>

            <field-name verilog="CREDIT">CREDIT</field-name>

            <field-type>RW</field-type>

            <field-default>0x0</field-default>

            <field-desc>
              <desc-title>Group Limit Credit Value</desc-title>

              <p>This field indirectly accesses the current value of the Group
              Limit Credit for the group &amp; set indicated in
              GRPCREDVALA.SETNUM and GRPCREDVALA.GROUPNUM the next time the
              credit update timer expires. See operation explanation in
              GRPCREDCURRA.OP.</p>
            </field-desc>
          </field>
        </reg-def>
      </tgroup>
    </table>

    <p/>
  </body>
</topic>
