<?xml version="1.0" encoding="UTF-8"?>
<!-- Date Stamp: Sun Feb  5 05:43:03 PST 2023 -->
<!DOCTYPE topic PUBLIC "-//OASIS//DTD DITA 1.2 Topic//EN"
"topic.dtd">
<topic base="base" id="cpk_pma_lane_addr">
  <title>PCIe PMA Lane Register Address Map</title>

  <body>
    <table id="table_PCIe_PMA_LANE_Register_0jddxcn8q">
      <title>PCIe PMA Lane Register Address Map</title>

      <tgroup cols="3">
        <colspec colwidth="148*"/>

        <colspec colwidth="218*"/>

        <colspec colwidth="634*"/>

        <thead>
          <row>
            <entry><p>Offset Address</p></entry>

            <entry><p>Register Mnemonic </p></entry>

            <entry><p>Register Description </p></entry>
          </row>
        </thead>

        <address-map>
          <register-reference>
            <address>0x0</address>

            <addr-element>
              <addr-mnemonic>LANE_PCS_CONF_0</addr-mnemonic>
            </addr-element>

            <address-details>
              <p><xref
              href="cpk_pma_lane_reg.xml#cpk_pma_lane_reg/table_PMA_LANE_PCS_CONF_0_-_PCIe_PMA_PMAE_PCS_CONF_0_1jcra1s2t">LANE_PCS_CONF_0</xref></p>
            </address-details>
          </register-reference>

          <register-reference>
            <address>0x4</address>

            <addr-element>
              <addr-mnemonic>LANE_PCS_CONF_1</addr-mnemonic>
            </addr-element>

            <address-details>
              <p><xref
              href="cpk_pma_lane_reg.xml#cpk_pma_lane_reg/table_PMA_LANE_PCS_CONF_1_-_PCIe_PMA_PMAE_PCS_CONF_1_1jcra1s2t">LANE_PCS_CONF_1</xref></p>
            </address-details>
          </register-reference>

          <register-reference>
            <address>0x8</address>

            <addr-element>
              <addr-mnemonic>CMN_CTRL</addr-mnemonic>
            </addr-element>

            <address-details>
              <p><xref
              href="cpk_pma_lane_reg.xml#cpk_pma_lane_reg/table_CMN_CTRL_-_PCIe_PMA_CMN_CONTROL_1jcra1s2t">CMN_CTRL</xref></p>
            </address-details>
          </register-reference>


          <register-reference>
            <address>0xC</address>
            <addr-element>
              <addr-mnemonic>PMA_CNTX_SEL_0</addr-mnemonic>
            </addr-element>
            <address-details>
              <p><xref
              href="cpk_pma_lane_reg.xml#cpk_pma_lane_reg/table_CNTX_SEL_0_-_PCIe_PMA_CNTX_SEL_0_1jcra1s2t">PMA_CNTX_SEL_0</xref></p>
            </address-details>
          </register-reference>

          <register-reference>
            <address>0x10</address>
            <addr-element>
              <addr-mnemonic>PMA_CNTX_SEL_1</addr-mnemonic>
            </addr-element>
            <address-details>
              <p><xref
              href="cpk_pma_lane_reg.xml#cpk_pma_lane_reg/table_CNTX_SEL_1_-_PCIe_PMA_CNTX_SEL_1_1jcra1s2t">PMA_CNTX_SEL_1</xref></p>
            </address-details>
          </register-reference>

          <register-reference>
            <address>0x14</address>
            <addr-element>
              <addr-mnemonic>PMA_CNTX_SEL_2</addr-mnemonic>
            </addr-element>
            <address-details>
              <p><xref
              href="cpk_pma_lane_reg.xml#cpk_pma_lane_reg/table_CNTX_SEL_2_-_PCIe_PMA_CNTX_SEL_2_1jcra1s2t">PMA_CNTX_SEL_2</xref></p>
            </address-details>
          </register-reference>

          <register-reference>
            <address>0x18</address>
            <addr-element>
              <addr-mnemonic>PMA_CNTX_SEL_3</addr-mnemonic>
            </addr-element>
            <address-details>
              <p><xref
              href="cpk_pma_lane_reg.xml#cpk_pma_lane_reg/table_CNTX_SEL_3_-_PCIe_PMA_CNTX_SEL_3_1jcra1s2t">PMA_CNTX_SEL_3</xref></p>
            </address-details>
          </register-reference>

          <register-reference>
            <address>0x20</address>
            <addr-element>
              <addr-mnemonic>PROTOCOL_CTRL</addr-mnemonic>
            </addr-element>
            <address-details>
              <p><xref
              href="cpk_pma_lane_reg.xml#cpk_pma_lane_reg/table_PMA_LANE_PROTOCOL_CTRL_-_PCIe_PMA_PROTOCOL_CTRL_1jcra1s2t">PROTOCOL_CTRL</xref></p>
            </address-details>
          </register-reference>

          <register-reference>
            <address>0x24</address>
            <addr-element>
              <addr-mnemonic>LANE_RECIV</addr-mnemonic>
            </addr-element>
            <address-details>
              <p><xref
              href="cpk_pma_lane_reg.xml#cpk_pma_lane_reg/table_PMA_LANE_RECIV_-_PCIe_PMA_LANE_RECIV_1jcra1s2t">LANE_RECIV</xref></p>
            </address-details>
          </register-reference>

          <register-reference>
            <address>0x30</address>
            <addr-element>
              <addr-mnemonic>TX_CMN_CNTX_SEL_0</addr-mnemonic>
            </addr-element>
            <address-details>
              <p><xref
              href="cpk_pma_lane_reg.xml#cpk_pma_lane_reg/table_TX_CMN_CNTX_SEL_0_-_PCIe_TX_CMN_CNTX_SEL_0_1jcra1s2t">TX_CMN_CNTX_SEL_0</xref></p>
            </address-details>
          </register-reference>

          <register-reference>
            <address>0x34</address>
            <addr-element>
              <addr-mnemonic>TX_CMN_CNTX_SEL_1</addr-mnemonic>
            </addr-element>
            <address-details>
              <p><xref
              href="cpk_pma_lane_reg.xml#cpk_pma_lane_reg/table_TX_CMN_CNTX_SEL_1_-_PCIe_TX_CMN_CNTX_SEL_1_1jcra1s2t">TX_CMN_CNTX_SEL_1</xref></p>
            </address-details>
          </register-reference>

          <register-reference>
            <address>0x01FFC</address>
            <addr-element>
              <addr-mnemonic>RESERVED</addr-mnemonic>
            </addr-element>
            <address-details>
              <p><xref
              href="cpk_pma_lane_reg.xml#cpk_pma_lane_reg/table_RESERVED_-_PCIe_PMA_LANE_RESERVED">RESERVED</xref></p>
            </address-details>
          </register-reference>

 
        </address-map>
      </tgroup>
    </table>

    <p/>
  </body>
</topic>
