<?xml version="1.0" encoding="UTF-8"?>
<!DOCTYPE topic PUBLIC "-//OASIS//DTD DITA 1.2 Topic//EN"
"topic.dtd">
<topic base="base" id="cqm_csrs">
  <title>Completion Queue Manager</title>

  <body>
    <p>The following describes Completion Queue Manager registers.</p>

    <table id="table_CQMCTL">
      <title><reg-name-main verilog="CQMCTL">CQMCTL</reg-name-main> - <reg-desc>Completion
      Queue Manager Control</reg-desc></title>
      <tgroup cols="5">
        <colspec colname="A" colwidth="111*"/>
        <colspec colname="B" colwidth="144*"/>
        <colspec colname="C" colwidth="101*"/>
        <colspec colname="D" colwidth="87*"/>
        <colspec colname="E" colwidth="557*"/>
        <thead>
          <row>
            <entry><p>Bit Field</p></entry>
            <entry><p>Field Name</p></entry>
            <entry><p>Type</p></entry>
            <entry><p>Default Value</p></entry>
            <entry><p>Description</p></entry>
          </row>
        </thead>

        <reg-def>
          <field>
            <field-bits>
              <double>
                <msb>31</msb>
                <lsb>27</lsb>
              </double>
            </field-bits>
            <field-name verilog="MTIMEOUT">MTIMEOUT</field-name>
            <field-type>RW</field-type>
            <field-default>0x0</field-default>
            <field-desc>
              <p><b>Queue Manager Operational State Timeout Period</b></p>
              <p>If the operational state transition exceeds (2 ^ MTIMEOUT) time_signal cycles, 
              the queue manager is autodisabled.</p>
              <p>Valid range is 1 to 20. Other values disable timeouts.</p>
              <p>This field should only be modified with the queue manager
              disabled. Otherwise, the results are undefined.</p>
            </field-desc>
          </field>

          <field>
            <field-bits>
              <double>
                <msb>26</msb>
                <lsb>22</lsb>
              </double>
            </field-bits>
            <field-name verilog="ETIMEOUT">ETIMEOUT</field-name>
            <field-type>RW</field-type>
            <field-default>0x0</field-default>
            <field-desc>
              <p><b>Queue Engine/Vector Operational State Timeout Period</b></p>
              <p>If the operational state transition exceeds (2 ^ ETIMEOUT) time_signal cycles, 
              the queue engine/vector is autodisabled.</p>
              <p>Valid range is 1 to 20. Other values disable timeouts.</p>
              <p>This field should only be modified with the queue manager
              disabled. Otherwise, the results are undefined.</p>
            </field-desc>
          </field>

          <field>
            <field-bits>
              <double>
                <msb>21</msb>
                <lsb>12</lsb>
              </double>
            </field-bits>
            <field-name verilog="RESERVED">RESERVED</field-name>
            <field-type>RO</field-type>
            <field-default>0x0</field-default>
            <field-desc>
              <p/>
            </field-desc>
          </field>

          <field>
            <field-bits>
              <double>
                <msb>11</msb>
                <lsb>8</lsb>
              </double>
            </field-bits>
            <field-name verilog="CQBPSHL">CQBPSHL</field-name>
            <field-type>RW</field-type>
            <field-default>0x0</field-default>
            <field-desc>
              <p><b>Completion Queue Back Pressure Shift Left</b></p>
              <p>This field is used to calculate the Completion Queue Backpressure Threshold.
              See Completion Queue Engine BPTHRESH field for the calculation.</p>
              <p>This field should only be modified with the completion queue manager
              disabled. Otherwise, the results are undefined.</p>
            </field-desc>
          </field>

          <field>
            <field-bits>
              <double>
                <msb>7</msb>
                <lsb>5</lsb>
              </double>
            </field-bits>
            <field-name verilog="RESERVED">RESERVED</field-name>
            <field-type>RO</field-type>
            <field-default>0x0</field-default>
            <field-desc>
              <p/>
            </field-desc>
          </field>

          <field audience="MSCCInternal">
            <field-bits>
              <single>4</single>
            </field-bits>
            <field-name verilog="FCEN">FCEN</field-name>
            <field-type>RW</field-type>
            <field-default>0x0</field-default>
            <field-desc>
              <p><b>Force Clock Enable</b></p>
              <p>When set to 1, this field overrides dynamic course clock gating in the completion queue manager,
              causing the clock to run continuously.</p>
            </field-desc>
          </field>

          <field>
            <field-bits>
              <double>
                <msb>3</msb>
                <lsb>2</lsb>
              </double>
            </field-bits>
            <field-name verilog="RESERVED">RESERVED</field-name>
            <field-type>RO</field-type>
            <field-default>0x0</field-default>
            <field-desc>
              <p/>
            </field-desc>
          </field>

          <field>
            <field-bits>
              <double>
                <msb>1</msb>
                <lsb>0</lsb>
              </double>
            </field-bits>
            <field-name verilog="EN">EN</field-name>
            <field-type>RW</field-type>
            <field-default>0x0</field-default>
            <field-desc>
              <p><b>Enable</b></p>
              <p>This field allows firmware to control the operational state
              of the completion queue manager. Modifying the value of this
              field causes the completion queue manager to transition to the
              specified operational state. A transition does not complete
              until the new operational state is reflected in the State
              (STATE) field in the corresponding Completion Queue Manager
              Status (CQMSTS) register.</p>
              <p>Firmware must comprehend the possibility of an autonomous
              state transition to disabled due to an error.</p>
              <p>Only permitted transitions are allowed. Others result in undefined operation.</p>
              <p>See section Operational State Control and Status.</p>
              <p>0 Disabled</p>
              <p>1 Enabled</p>
              <p>2 Quiesced</p>
              <p>3 Paused</p>
            </field-desc>
          </field>
        </reg-def>
      </tgroup>
    </table>

    <table id="table_CQMSTS">
      <title><reg-name-main verilog="CQMSTS">CQMSTS</reg-name-main> - <reg-desc>Completion
      Queue Manager Status</reg-desc></title>
      <tgroup cols="5">
        <colspec colname="A" colwidth="111*"/>
        <colspec colname="B" colwidth="144*"/>
        <colspec colname="C" colwidth="101*"/>
        <colspec colname="D" colwidth="87*"/>
        <colspec colname="E" colwidth="557*"/>
        <thead>
          <row>
            <entry><p>Bit Field</p></entry>
            <entry><p>Field Name</p></entry>
            <entry><p>Type</p></entry>
            <entry><p>Default Value</p></entry>
            <entry><p>Description</p></entry>
          </row>
        </thead>

        <reg-def>
          <field>
            <field-bits>
              <double>
                <msb>31</msb>
                <lsb>3</lsb>
              </double>
            </field-bits>
            <field-name verilog="RESERVED">RESERVED</field-name>
            <field-type>RO</field-type>
            <field-default>0x0</field-default>
            <field-desc>
              <p/>
            </field-desc>
          </field>

          <field>
            <field-bits>
              <single>2</single>
            </field-bits>
            <field-name verilog="AUTDIS">AUTDIS</field-name>
            <field-type>RW1C</field-type>
            <field-default>0x0</field-default>
            <field-desc>
              <p><b>Autonomous Disable</b></p>
              <p>This bit is set by hardware when the completion queue manager
              is disabled due to an error. Refer to register CQMUCERRSTS for the reason.</p>
              <p>See section Operational State Control and Status.</p>
            </field-desc>
          </field>

          <field>
            <field-bits>
              <double>
                <msb>1</msb>
                <lsb>0</lsb>
              </double>
            </field-bits>
            <field-name verilog="STATE">STATE</field-name>
            <field-type>RO</field-type>
            <field-default>0x0</field-default>
            <field-desc>
              <p><b>State</b></p>
              <p>This field contains the current operational state of the
              completion queue manager.</p>
              <p>See section Operational State Control and Status.</p>
              <p>0 Disabled</p>
              <p>1 Enabled</p>
              <p>2 Quiesced</p>
              <p>3 Paused</p>
            </field-desc>
          </field>
        </reg-def>
      </tgroup>
    </table>

    <table id="table_CQMUCERRSTS">
      <title><reg-name-main verilog="CQMUERRSTS">CQMUCERRSTS</reg-name-main> - <reg-desc>Completion
      Queue Manager Uncorrected Error Status</reg-desc></title>
      <tgroup cols="5">
        <colspec colname="A" colwidth="111*"/>
        <colspec colname="B" colwidth="144*"/>
        <colspec colname="C" colwidth="101*"/>
        <colspec colname="D" colwidth="87*"/>
        <colspec colname="E" colwidth="557*"/>
        <thead>
          <row>
            <entry><p>Bit Field</p></entry>
            <entry><p>Field Name</p></entry>
            <entry><p>Type</p></entry>
            <entry><p>Default Value</p></entry>
            <entry><p>Description</p></entry>
          </row>
        </thead>

        <reg-def>
          <field>
            <field-bits>
              <double>
                <msb>31</msb>
                <lsb>0</lsb>
              </double>
            </field-bits>
            <field-name verilog="BITS">BITS</field-name>
            <field-type>RW1C</field-type>
            <field-default>0x0</field-default>
            <field-desc>
              <p><b>Bits</b></p>
              <p>Each bit is set when its corresponding error is detected.</p>
              <p>10 CIV Autodisabled due to mask stream id check error. Refer to registers CIVSTS.</p>
              <p>9 CIV Autodisabled due to operational state transition timeout. Refer to registers CIVSTS.</p>
              <p>8 CQE Autodisabled due to operational state transition timeout. Refer to registers CQESTS.</p>
              <p>7 CQM Autodisabled due to operational state transition timeout. </p>
              <p>6 CQE Autodisabled due to doorbell error. Refer to registers CQESTS.</p>
              <p>4 CQM MIF is autodisabled. Refer to MIF registers.</p>
              <p>3 CQM told to Autodisable by SQM because SQM went autodisabled.</p>
              <p>2 CQM told to Autodisable due to AI global autodisable.</p>
              <p>1 RAM double bit error.</p>
              <p>All other bits are Reserved.</p>
            </field-desc>
          </field>
        </reg-def>
      </tgroup>
    </table>

    <table id="table_CQMAUTDISMSK">
      <title><reg-name-main verilog="CQMADCTL">CQMAUTDISMSK</reg-name-main> - <reg-desc>Completion
      Queue Manager Autonomous Disable Control</reg-desc></title>
      <tgroup cols="5">
        <colspec colname="A" colwidth="111*"/>
        <colspec colname="B" colwidth="144*"/>
        <colspec colname="C" colwidth="101*"/>
        <colspec colname="D" colwidth="87*"/>
        <colspec colname="E" colwidth="557*"/>
        <thead>
          <row>
            <entry><p>Bit Field</p></entry>
            <entry><p>Field Name</p></entry>
            <entry><p>Type</p></entry>
            <entry><p>Default Value</p></entry>
            <entry><p>Description</p></entry>
          </row>
        </thead>

        <reg-def>
          <field>
            <field-bits>
              <double>
                <msb>31</msb>
                <lsb>0</lsb>
              </double>
            </field-bits>
            <field-name verilog="BITS">BITS</field-name>
            <field-type>RW</field-type>
            <field-default>0xffffff61</field-default>
            <field-desc>
              <p><b>Bits</b></p>
              <p>When a bit is written to 1, the corresponding error in the CQMUCERRSTS register is masked from
              causing autonomous disable.</p>
            </field-desc>
          </field>
        </reg-def>
      </tgroup>
    </table>

    <table audience="MSCCInternal" id="table_CQMTOPAUTDISMSK">
      <title><reg-name-main verilog="CQMTOPADCTL">CQMTOPAUTDISMSK</reg-name-main> - <reg-desc>Completion
      Queue Manager Top Autonomous Disable Control</reg-desc></title>
      <tgroup cols="5">
        <colspec colname="A" colwidth="111*"/>
        <colspec colname="B" colwidth="144*"/>
        <colspec colname="C" colwidth="101*"/>
        <colspec colname="D" colwidth="87*"/>
        <colspec colname="E" colwidth="557*"/>
        <thead>
          <row>
            <entry><p>Bit Field</p></entry>
            <entry><p>Field Name</p></entry>
            <entry><p>Type</p></entry>
            <entry><p>Default Value</p></entry>
            <entry><p>Description</p></entry>
          </row>
        </thead>

        <reg-def>
          <field>
            <field-bits>
              <double>
                <msb>31</msb>
                <lsb>0</lsb>
              </double>
            </field-bits>
            <field-name verilog="BITS">BITS</field-name>
            <field-type>RW</field-type>
            <field-default>0xffffffff</field-default>
            <field-desc>
              <p><b>Bits</b></p>
              <p>When a bit is written to 1, the corresponding error in the CQMUCERRSTS register is masked from
              causing the whole AI to go to autonomous disable.</p>
              <p>To clear a whole AI autonomous disable:</p>
              <p>1. For each manager (also known as engine), set all bits of AI*TOPAUTDISMSK.</p>
              <p>2. For each manager, cleanup and clear all bits of AI*UCERRSTS.</p>
              <p>3. For each manager, clear bits of AI*TOPAUTDISMSK as desired.</p>
              <p>4. Return to normal operation.</p>
            </field-desc>
          </field>
        </reg-def>
      </tgroup>
    </table>

    <table id="table_CQMUCERRMSK">
      <title><reg-name-main verilog="CQMUERRMSK">CQMUCERRMSK</reg-name-main> - <reg-desc>Completion
      Queue Manager Uncorrected Error Mask</reg-desc></title>
      <tgroup cols="5">
        <colspec colname="A" colwidth="111*"/>
        <colspec colname="B" colwidth="144*"/>
        <colspec colname="C" colwidth="101*"/>
        <colspec colname="D" colwidth="87*"/>
        <colspec colname="E" colwidth="557*"/>
        <thead>
          <row>
            <entry><p>Bit Field</p></entry>
            <entry><p>Field Name</p></entry>
            <entry><p>Type</p></entry>
            <entry><p>Default Value</p></entry>
            <entry><p>Description</p></entry>
          </row>
        </thead>

        <reg-def>
          <field>
            <field-bits>
              <double>
                <msb>31</msb>
                <lsb>0</lsb>
              </double>
            </field-bits>
            <field-name verilog="BITS">BITS</field-name>
            <field-type>RW</field-type>
            <field-default>0xfffff821</field-default>
            <field-desc>
              <p><b>Bits</b></p>
              <p>When a bit is written to 1, the corresponding error in the CQMUCERRSTS register is masked from
              causing an interrupt.</p>
            </field-desc>
          </field>
        </reg-def>
      </tgroup>
    </table>

    <table id="table_CQMUCERRSWTGR">
      <title><reg-name-main verilog="CQMUERRSWTGR">CQMUCERRSWTGR</reg-name-main> - <reg-desc>Completion
      Queue Manager Uncorrected Error Software Trigger</reg-desc></title>
      <tgroup cols="5">
        <colspec colname="A" colwidth="111*"/>
        <colspec colname="B" colwidth="144*"/>
        <colspec colname="C" colwidth="101*"/>
        <colspec colname="D" colwidth="87*"/>
        <colspec colname="E" colwidth="557*"/>
        <thead>
          <row>
            <entry><p>Bit Field</p></entry>
            <entry><p>Field Name</p></entry>
            <entry><p>Type</p></entry>
            <entry><p>Default Value</p></entry>
            <entry><p>Description</p></entry>
          </row>
        </thead>

        <reg-def>
          <field>
            <field-bits>
              <double>
                <msb>31</msb>
                <lsb>0</lsb>
              </double>
            </field-bits>
            <field-name verilog="BITS">BITS</field-name>
            <field-type>RW</field-type>
            <field-default>0x0</field-default>
            <field-desc>
              <p><b>Bits</b></p>
              <p>When a bit is written to 1, the corresponding bit is set in the CQMUCERRSTS register.</p>
              <p>This bit must be written to 0 before clearing the corresponding CQMUCERRSTS bit.</p>
            </field-desc>
          </field>
        </reg-def>
      </tgroup>
    </table>

    <table id="table_CQMCERRSTS">
      <title><reg-name-main verilog="CQMCERRSTS">CQMCERRSTS</reg-name-main> - <reg-desc>Completion
      Queue Manager Corrected Error Status</reg-desc></title>
      <tgroup cols="5">
        <colspec colname="A" colwidth="111*"/>
        <colspec colname="B" colwidth="144*"/>
        <colspec colname="C" colwidth="101*"/>
        <colspec colname="D" colwidth="87*"/>
        <colspec colname="E" colwidth="557*"/>
        <thead>
          <row>
            <entry><p>Bit Field</p></entry>
            <entry><p>Field Name</p></entry>
            <entry><p>Type</p></entry>
            <entry><p>Default Value</p></entry>
            <entry><p>Description</p></entry>
          </row>
        </thead>

        <reg-def>
          <field>
            <field-bits>
              <double>
                <msb>31</msb>
                <lsb>0</lsb>
              </double>
            </field-bits>
            <field-name verilog="BITS">BITS</field-name>
            <field-type>RW1C</field-type>
            <field-default>0x0</field-default>
            <field-desc>
              <p><b>Bits</b></p>
              <p>Each bit is set when its corresponding error is detected.</p>
              <p>5 CQM MIF correctable error. Refer to MIF registers.</p>
              <p>0 RAM single bit error.</p>
              <p>All other bits are Reserved.</p>
            </field-desc>
          </field>
        </reg-def>
      </tgroup>
    </table>

    <table id="table_CQMCERRMSK">
      <title><reg-name-main verilog="CQMCERRMSK">CQMCERRMSK</reg-name-main> - <reg-desc>Completion
      Queue Manager Corrected Error Mask</reg-desc></title>
      <tgroup cols="5">
        <colspec colname="A" colwidth="111*"/>
        <colspec colname="B" colwidth="144*"/>
        <colspec colname="C" colwidth="101*"/>
        <colspec colname="D" colwidth="87*"/>
        <colspec colname="E" colwidth="557*"/>
        <thead>
          <row>
            <entry><p>Bit Field</p></entry>
            <entry><p>Field Name</p></entry>
            <entry><p>Type</p></entry>
            <entry><p>Default Value</p></entry>
            <entry><p>Description</p></entry>
          </row>
        </thead>

        <reg-def>
          <field>
            <field-bits>
              <double>
                <msb>31</msb>
                <lsb>0</lsb>
              </double>
            </field-bits>
            <field-name verilog="BITS">BITS</field-name>
            <field-type>RW</field-type>
            <field-default>0xffffffff</field-default>
            <field-desc>
              <p><b>Bits</b></p>
              <p>When a bit is written to 1, the corresponding error in the CQMCERRSTS register is masked from
              causing an interrupt.</p>
            </field-desc>
          </field>
        </reg-def>
      </tgroup>
    </table>

    <table id="table_CQMCERRSWTGR">
      <title><reg-name-main verilog="CQMCERRSWTGR">CQMCERRSWTGR</reg-name-main> - <reg-desc>Completion
      Queue Manager Corrected Error Software Trigger</reg-desc></title>
      <tgroup cols="5">
        <colspec colname="A" colwidth="111*"/>
        <colspec colname="B" colwidth="144*"/>
        <colspec colname="C" colwidth="101*"/>
        <colspec colname="D" colwidth="87*"/>
        <colspec colname="E" colwidth="557*"/>
        <thead>
          <row>
            <entry><p>Bit Field</p></entry>
            <entry><p>Field Name</p></entry>
            <entry><p>Type</p></entry>
            <entry><p>Default Value</p></entry>
            <entry><p>Description</p></entry>
          </row>
        </thead>

        <reg-def>
          <field>
            <field-bits>
              <double>
                <msb>31</msb>
                <lsb>0</lsb>
              </double>
            </field-bits>
            <field-name verilog="BITS">BITS</field-name>
            <field-type>RW</field-type>
            <field-default>0x0</field-default>
            <field-desc>
              <p><b>Bits</b></p>
              <p>When a bit is written to 1, the corresponding bit is set in the CQMCERRSTS register.</p>
              <p>This bit must be written to 0 before clearing the corresponding CQMCERRSTS bit.</p>
              <p>5 CQM MIF correctable error. Refer to MIF registers.</p>
              <p audience="MSCCInternal">0 RAM single bit error.</p>
              <p>All other bits are Reserved.</p>
            </field-desc>
          </field>
        </reg-def>
      </tgroup>
    </table>

    <table audience="MSCCInternal" id="table_CQMRAMECTL">
      <title><reg-name-main verilog="CQMRAMECTL">CQMRAMECTL</reg-name-main> -
      <reg-desc>CQM Embedded RAM Error Control</reg-desc></title>
      <tgroup cols="5">
        <colspec colname="A" colwidth="111*"/>
        <colspec colname="B" colwidth="144*"/>
        <colspec colname="C" colwidth="101*"/>
        <colspec colname="D" colwidth="87*"/>
        <colspec colname="E" colwidth="557*"/>
        <thead>
          <row>
            <entry><p>Bit Field</p></entry>
            <entry><p>Field Name</p></entry>
            <entry><p>Type</p></entry>
            <entry><p>Default Value</p></entry>
            <entry><p>Description</p></entry>
          </row>
        </thead>

        <reg-def>
          <field>
            <field-bits>
              <double>
                <msb>31</msb>
                <lsb>16</lsb>
              </double>
            </field-bits>
            <field-name verilog="RESERVED">RESERVED</field-name>
            <field-type>RO</field-type>
            <field-default>0x0</field-default>
            <field-desc>
              <p/>
            </field-desc>
          </field>

          <field>
            <field-bits>
              <double>
                <msb>15</msb>
                <lsb>8</lsb>
              </double>
            </field-bits>
            <field-name verilog="INDEX">INDEX</field-name>
            <field-type>RW</field-type>
            <field-default>0x0</field-default>
            <field-desc>
              <p><b>RAM Index </b></p>
              <p>This field contains the index of the embedded RAM on which
              the command written to the CMD field is performed. The index also 
              corresponds to the bit index for CQMRAMSBESTS and CQMRAMDBESTS.</p>
              <p>  0    CQECTL</p>
              <p>  1    CQEBPCTL</p>
              <p>  2    CQEPCIEPRE</p>
              <p>  3    CQEPCIECTL</p>
              <p>  4    CQEUBASE</p>
              <p>  5    CQELBASE</p>
              <p>  6    CQETIME</p>
              <p>  7    CQEDBSIC</p>
              <p>  8    CIVPCIEPRE</p>
              <p>  9    CIVPCIECTL</p>
              <p> 10    CIVUADDR</p>
              <p> 11    CIVLADDR</p>
              <p> 12    CIVDATA</p>
              <p> 13    CIVTIME</p>
              <p> 14    CIVPCIESIC</p>
              <p> 15    CIVMSKSIC</p>
              <p> 16:23 CIVCTL  [0:7]</p>
              <p> 24:31 CIVINFO [0:7]</p>
            </field-desc>
          </field>

          <field>
            <field-bits>
              <double>
                <msb>7</msb>
                <lsb>3</lsb>
              </double>
            </field-bits>
            <field-name verilog="RESERVED">RESERVED</field-name>
            <field-type>RO</field-type>
            <field-default>0x0</field-default>
            <field-desc>
              <p/>
            </field-desc>
          </field>

          <field>
            <field-bits>
              <double>
                <msb>2</msb>
                <lsb>0</lsb>
              </double>
            </field-bits>
            <field-name verilog="CMD">CMD</field-name>
            <field-type>RW</field-type>
            <field-default>0x0</field-default>
            <field-desc>
              <p><b>RAM Command </b></p>
              <p>When a value is written to this field, the corresponding
              operation is performed on the embedded RAM selected in the INDEX
              field. Selecting an unimplemented RAM index or command causes a
              NOP to be executed.</p>
              <p>0 (NOP) No Operation</p>
              <p>1 (SBE) Set corresponding single bit error status bit</p>
              <p>2 (DBE) Set corresponding double bit error status bit</p>
              <p>3 (ISBE) Inject true single bit error in the next value read
              from RAM</p>
              <p>4 (IDBE) Inject true double bit error in the next value read
              from RAM</p>
              <p>Others Reserved</p>
            </field-desc>
          </field>
        </reg-def>
      </tgroup>
    </table>

    <table audience="MSCCInternal" id="table_CQMRAMSBESTS">
      <title><reg-name-main verilog="CQMRAMSBESTS">CQMRAMSBESTS</reg-name-main>
      - <reg-desc>CQM Embedded RAM Single Bit Error Status</reg-desc></title>
      <tgroup cols="5">
        <colspec colname="A" colwidth="111*"/>
        <colspec colname="B" colwidth="144*"/>
        <colspec colname="C" colwidth="101*"/>
        <colspec colname="D" colwidth="87*"/>
        <colspec colname="E" colwidth="557*"/>
        <thead>
          <row>
            <entry><p>Bit Field</p></entry>
            <entry><p>Field Name</p></entry>
            <entry><p>Type</p></entry>
            <entry><p>Default Value</p></entry>
            <entry><p>Description</p></entry>
          </row>
        </thead>

        <reg-def>
          <field>
            <field-bits>
              <double>
                <msb>31</msb>
                <lsb>0</lsb>
              </double>
            </field-bits>
            <field-name verilog="STS">STS</field-name>
            <field-type>RW1C</field-type>
            <field-default>0x0</field-default>
            <field-desc>
              <p><b>RAM Single Bit Error Status </b></p>
              <p>Associated with each embedded RAM is a status bit. A status
              bit is set whenever a single bit error is detected in that RAM.
              See CQMRAMECTL.INDEX for embedded RAM indices. Bits corresponding to unused
              indices are hardwired to zero.</p>
            </field-desc>
          </field>
        </reg-def>
      </tgroup>
    </table>

    <table audience="MSCCInternal" id="table_CQMRAMDBESTS">
      <title><reg-name-main verilog="CQMRAMDBESTS">CQMRAMDBESTS</reg-name-main>
      - <reg-desc>CQM Embedded RAM Double Bit Error Status</reg-desc></title>
      <tgroup cols="5">
        <colspec colname="A" colwidth="111*"/>
        <colspec colname="B" colwidth="144*"/>
        <colspec colname="C" colwidth="101*"/>
        <colspec colname="D" colwidth="87*"/>
        <colspec colname="E" colwidth="557*"/>
        <thead>
          <row>
            <entry><p>Bit Field</p></entry>
            <entry><p>Field Name</p></entry>
            <entry><p>Type</p></entry>
            <entry><p>Default Value</p></entry>
            <entry><p>Description</p></entry>
          </row>
        </thead>

        <reg-def>
          <field>
            <field-bits>
              <double>
                <msb>31</msb>
                <lsb>0</lsb>
              </double>
            </field-bits>
            <field-name verilog="STS">STS</field-name>
            <field-type>RW1C</field-type>
            <field-default>0x0</field-default>
            <field-desc>
              <p><b>RAM Double Bit Error Status </b></p>
              <p>Associated with each embedded RAM is a status bit. A status
              bit is set whenever a double bit error is detected in that RAM.
              See CQMRAMECTL.INDEX for embedded RAM indices. Bits corresponding to unused
              indices are hardwired to zero.</p>
            </field-desc>
          </field>
        </reg-def>
      </tgroup>
    </table>

    <table audience="MSCCInternal" id="table_CQMLPRAMCTL">
      <title><reg-name-main verilog="CQMLPRAMCTL">CQMLPRAMCTL</reg-name-main> -
      <reg-desc>CQM Low-Power RAM Control</reg-desc></title>
      <tgroup cols="5">
        <colspec colname="A" colwidth="111*"/>
        <colspec colname="B" colwidth="144*"/>
        <colspec colname="C" colwidth="101*"/>
        <colspec colname="D" colwidth="87*"/>
        <colspec colname="E" colwidth="557*"/>
        <thead>
          <row>
            <entry><p>Bit Field</p></entry>
            <entry><p>Field Name</p></entry>
            <entry><p>Type</p></entry>
            <entry><p>Default Value</p></entry>
            <entry><p>Description</p></entry>
          </row>
        </thead>

        <reg-def>
          <field>
            <field-bits>
              <double>
                <msb>31</msb>
                <lsb>21</lsb>
              </double>
            </field-bits>
            <field-name verilog="RESERVED">RESERVED</field-name>
            <field-type>RO</field-type>
            <field-default>0x0</field-default>
            <field-desc>
              <p/>
            </field-desc>
          </field>

          <field>
            <field-bits>
              <double>
                <msb>20</msb>
                <lsb>19</lsb>
              </double>
            </field-bits>
            <field-name verilog="ACTCNTCLKS">ACTCNTCLKS</field-name>
            <field-type>RW</field-type>
            <field-default>0x1</field-default>
            <field-desc>
              <p><b>LP RAM Activity Counter Clocks</b></p>
              <p>Number of cycles to count before putting RAMs into sleep mode (0:127, 1:255 (default), 2:511 or 3:1023 clocks).</p>
            </field-desc>
          </field>

          <field>
            <field-bits>
              <double>
                <msb>18</msb>
                <lsb>17</lsb>
              </double>
            </field-bits>
            <field-name verilog="RESERVED">RESERVED</field-name>
            <field-type>RO</field-type>
            <field-default>0x0</field-default>
            <field-desc>
              <p/>
            </field-desc>
          </field>

          <field>
            <field-bits>
              <double>
                <msb>16</msb>
                <lsb>15</lsb>
              </double>
            </field-bits>
            <field-name verilog="LPMODE">LPMODE</field-name>
            <field-type>RW</field-type>
            <field-default>0x2</field-default>
            <field-desc>
              <p><b>LP Mode</b></p>
              <p>0:none, 1:Light Sleep, 2:Deep Sleep (default) or 3:Shut Down.</p>
            </field-desc>
          </field>

          <field>
            <field-bits>
              <double>
                <msb>14</msb>
                <lsb>13</lsb>
              </double>
            </field-bits>
            <field-name verilog="RESERVED">RESERVED</field-name>
            <field-type>RO</field-type>
            <field-default>0x0</field-default>
            <field-desc>
              <p/>
            </field-desc>
          </field>

          <field>
            <field-bits>
              <double>
                <msb>12</msb>
                <lsb>9</lsb>
              </double>
            </field-bits>
            <field-name verilog="PWRUPCLKS">PWRUPCLKS</field-name>
            <field-type>RW</field-type>
            <field-default>0x5</field-default>
            <field-desc>
              <p><b>LP RAM Power Up Clocks</b></p>
              <p>Minimum number of clocks from wake up signal to RAM ready (powered up and ready).</p>
            </field-desc>
          </field>

          <field>
            <field-bits>
              <double>
                <msb>8</msb>
                <lsb>7</lsb>
              </double>
            </field-bits>
            <field-name verilog="RESERVED">RESERVED</field-name>
            <field-type>RO</field-type>
            <field-default>0x0</field-default>
            <field-desc>
              <p/>
            </field-desc>
          </field>

          <field>
            <field-bits>
              <double>
                <msb>6</msb>
                <lsb>3</lsb>
              </double>
            </field-bits>
            <field-name verilog="PWRDWNCLKS">PWRDWNCLKS</field-name>
            <field-type>RW</field-type>
            <field-default>0x3</field-default>
            <field-desc>
              <p><b>LP RAM Power Down Clocks</b></p>
              <p>Minimum number of clocks RAM LP mode is asserted (powered down).</p>
            </field-desc>
          </field>

          <field>
            <field-bits>
              <double>
                <msb>2</msb>
                <lsb>1</lsb>
              </double>
            </field-bits>
            <field-name verilog="RESERVED">RESERVED</field-name>
            <field-type>RO</field-type>
            <field-default>0x0</field-default>
            <field-desc>
              <p/>
            </field-desc>
          </field>

          <field>
            <field-bits>
              <single>0</single>
            </field-bits>
            <field-name verilog="PGOVERRIDE">PGOVERRIDE</field-name>
            <field-type>RW</field-type>
            <field-default>0x0</field-default>
            <field-desc>
              <p><b>LP RAM Power Gating Override</b></p>
              <p>This field enables/disables all LP RAM functionality in the CQM.</p>
              <p>1 : LP RAM functionality disabled.</p>
              <p>0 : LP RAM functionality enabled (default).</p>
            </field-desc>
          </field>
        </reg-def>
      </tgroup>
    </table>

    <table id="table_CICFG">
      <title><reg-name-main verilog="CICFG">CICFG</reg-name-main> 
      - <reg-desc>Completion Interrupt Configuration</reg-desc></title>
      <tgroup cols="5">
        <colspec colname="A" colwidth="111*"/>
        <colspec colname="B" colwidth="144*"/>
        <colspec colname="C" colwidth="101*"/>
        <colspec colname="D" colwidth="87*"/>
        <colspec colname="E" colwidth="557*"/>
        <thead>
          <row>
            <entry><p>Bit Field</p></entry>
            <entry><p>Field Name</p></entry>
            <entry><p>Type</p></entry>
            <entry><p>Default Value</p></entry>
            <entry><p>Description</p></entry>
          </row>
        </thead>

        <reg-def>
          <field>
            <field-bits>
              <double>
                <msb>31</msb>
                <lsb>16</lsb>
              </double>
            </field-bits>
            <field-name verilog="ATU">ATU</field-name>
            <field-type>RW</field-type>
            <field-default>0x0</field-default>
            <field-desc>
              <p><b>Aggregation Time Unit Scale Factor</b></p>
              <p>This field specifies the PCIe completion interrupt aggregation time unit scale factor
              in units of 2x time_signal (internal) clock periods (nominally 2uS using a
              650 MHz host interface clock). For example, if this field is 10, then the
              aggregation time unit will be 20 uS (i.e., 2 * 1uS * 10).</p>
              <p>A value of zero indicates a zero time period and thus
              disables time based aggregation.</p>
              <p>This field should only be modified with the completion queue manager
              is disabled. Otherwise, the results are undefined.</p>
            </field-desc>
          </field>

          <field>
            <field-bits>
              <double>
                <msb>15</msb>
                <lsb>11</lsb>
              </double>
            </field-bits>
            <field-name verilog="RESERVED">RESERVED</field-name>
            <field-type>RO</field-type>
            <field-default>0x0</field-default>
            <field-desc>
              <p/>
            </field-desc>
          </field>

          <field audience="MSCCInternal">
            <field-bits>
              <double>
                <msb>10</msb>
                <lsb>9</lsb>
              </double>
            </field-bits>
            <field-name verilog="INTMSCMSIX">INTMSCMSIX</field-name>
            <field-type>RW</field-type>
            <field-default>0x0</field-default>
            <field-desc>
              <p><b>INTMS/INTMC and/or MSI-X Masking Mechanism</b></p>
              <p>This field configures the NVMe INTMS/INTMC masking mechanism to mask the first 32 completion interrupt vectors as appropriate in the following ways:</p>
              <p>0 Mask when either the CIINTMSC.INTMSC[0:31] (MSI) or CIVMSK[0:31].MSK (MSI-X) bits are set</p>
              <p>1 Mask only when CIINTMSC.INTMSC[0:31] (MSI) bits are set</p>
              <p>2 Mask only when (MSI-X) bits are set</p>
              <p>3 RESERVED</p>
              <p>This field only affects the first 32 (for MSI mode) out of a possible 1025 (in MSI-X mode) completion interrupt vectors.</p>
              <p>This field should only be modified with the completion queue manager
              disabled. Otherwise, the results are undefined.</p>
            </field-desc>
          </field>

          <field>
            <field-bits>
              <single>8</single>
            </field-bits>
            <field-name verilog="VECTORS">VECTORS</field-name>
            <field-type>RW</field-type>
            <field-default>0x1</field-default>
            <field-desc>
              <p><b>Vectors</b></p>
              <p>This field indicates the number of completion interrupt vectors included in the
              vector search. It affects CIVCTL[*], CIVSTS[*], CIVEVENT[*] and CIVINVFO[*].
              The shorter search range results in higher throughput, but less vectors supported.</p>
              <p>1 1025 range is i=0 to 1024: CIV*[i]</p>
              <p>0 258 range is i=0 to 6: CIV*[(i*128):(i*128+31)] and i=7 CIV*[(i*128):(i*128+33)]</p>
              <p>This field should only be modified with the completion queue manager
              disabled. Otherwise, the results are undefined.</p>
            </field-desc>
          </field>

          <field>
            <field-bits>
              <double>
                <msb>7</msb>
                <lsb>4</lsb>
              </double>
            </field-bits>
            <field-name verilog="RESERVED">RESERVED</field-name>
            <field-type>RO</field-type>
            <field-default>0x0</field-default>
            <field-desc>
              <p/>
            </field-desc>
          </field>

          <field>
            <field-bits>
              <single>3</single>
            </field-bits>
            <field-name verilog="INTMODE">INTMODE</field-name>
            <field-type>RW</field-type>
            <field-default>0x0</field-default>
            <field-desc>
              <p><b>PCIe Completion Interrupt Mode</b></p>
              <p>This bit configures the PCIe Completion Interrupt mode.</p>
              <p>0 MSI/MSI-X</p>
              <p>1 INTX - only completion interrupt vector 0 is used in this mode.</p>
              <p>This field should only be modified with the completion queue manager
              disabled. Otherwise, the results are undefined.</p>
            </field-desc>
          </field>

          <field>
            <field-bits>
              <double>
                <msb>2</msb>
                <lsb>1</lsb>
              </double>
            </field-bits>
            <field-name verilog="INTX">INTX</field-name>
            <field-type>RW</field-type>
            <field-default>0x0</field-default>
            <field-desc>
              <p><b>IntX A/B/C/D Select</b></p>
              <p>This field configures the PCIe INTX mode. It is only used when INTMODE field is set to INTX.</p>
              <p>0 INTA</p>
              <p>1 INTB</p>
              <p>2 INTC</p>
              <p>3 INTD</p>
              <p>This field should only be modified with the completion queue manager
              disabled. Otherwise, the results are undefined.</p>
            </field-desc>
          </field>

          <field>
           <field-bits>
              <single>0</single>
            </field-bits>
            <field-name verilog="MSK">MSK</field-name>
            <field-type>RW</field-type>
            <field-default>0x0</field-default>
            <field-desc>
              <p><b>Mask</b></p>
              <p>When this bit is set, PCIe completion interrupts are masked, starting with the next vector to be evaluated.
              PCIe Completion Interrupts already selected and in the output pipeline will be output.</p>
            </field-desc>
          </field>
        </reg-def>
      </tgroup>
    </table>

    <table id="table_CIINTMSC">
      <title><reg-name-main verilog="CIINTMSC">CIINTMSC</reg-name-main>
      - <reg-desc>Completion Interrupt INTMS/INTMC</reg-desc></title>
      <tgroup cols="5">
        <colspec colname="A" colwidth="111*"/>
        <colspec colname="B" colwidth="144*"/>
        <colspec colname="C" colwidth="101*"/>
        <colspec colname="D" colwidth="87*"/>
        <colspec colname="E" colwidth="557*"/>
        <thead>
          <row>
            <entry><p>Bit Field</p></entry>
            <entry><p>Field Name</p></entry>
            <entry><p>Type</p></entry>
            <entry><p>Default Value</p></entry>
           <entry><p>Description</p></entry>
          </row>
        </thead>

        <reg-def>
          <field>
            <field-bits>
              <double>
                <msb>31</msb>
                <lsb>0</lsb>
              </double>
            </field-bits>
            <field-name verilog="INTMSC">INTMSC</field-name>
            <field-type>RW</field-type>
            <field-default>0x0</field-default>
            <field-desc>
              <p><b>NVMe Completion Interrupt Vector Mask Set/Clear</b></p>
              <p>This register is used to mask completion interrupts when using pin-based interrupts, single message MSI, or multiple
              message MSI. When using MSI-X, the completion interrupt mask table (CIVMSK[0:31].MSK) should be used to mask
              completion interrupts.</p>
              <p>When read, this field returns the current completion interrupt mask value within the controller.
              If a bit has a value of a '1', then the corresponding completion interrupt vector is masked. If a bit has a
              value of '0', then the corresponding completion interrupt vector is not masked.</p>
              <p>Host software shall not access this register when configured for MSI-X; any accesses when
              configured for MSI-X is undefined.</p>
            </field-desc>
          </field>
        </reg-def>
      </tgroup>
    </table>

    <p/>
  </body>
</topic>
