<?xml version="1.0" encoding="UTF-8"?>
<!-- Date Stamp: Mon Feb 28 14:51:00 PST 2022 -->
<!DOCTYPE topic PUBLIC "-//OASIS//DTD DITA 1.2 Topic//EN"
"topic.dtd">
<topic base="base" id="cy_regdef">
  <title>EU DPS Register Address Map</title>

  <body>
    <table id="table_Device_Table_0jlr9i7g5">
      <title>EU DPS Register Address Map</title>

      <tgroup cols="3">
        <colspec colwidth="148*"/>

        <colspec colwidth="218*"/>

        <colspec colwidth="634*"/>

        <thead>
          <row>
            <entry><p>Offset Address</p></entry>

            <entry><p>Register Mnemonic </p></entry>

            <entry><p>Register Description </p></entry>
          </row>
        </thead>

        <address-map>
          <register-reference>
            <address>0x00000</address>

            <addr-element>
              <addr-mnemonic>MEMAPROP[x]</addr-mnemonic>

              <instances>
                <instance>
                  <instance-start>0</instance-start>

                  <instance-stop>3</instance-stop>
                </instance>
              </instances>
            </addr-element>

            <address-details>
              <p><xref
              href="cy_regdef_reg.xml#cy_regdef/table_EU_MEMAPROP">MEMAPROP</xref></p>
            </address-details>
          </register-reference>

          <register-reference>
            <address>0x00010</address>

            <addr-element>
              <addr-mnemonic>MEMAPROT[x]</addr-mnemonic>

              <instances>
                <instance>
                  <instance-start>0</instance-start>

                  <instance-stop>3</instance-stop>
                </instance>
              </instances>
            </addr-element>

            <address-details>
              <p><xref
              href="cy_regdef_reg.xml#cy_regdef/table_EU_MEMAPROT">MEMAPROT</xref></p>
            </address-details>
          </register-reference>

          <register-reference>
            <address>0x00100</address>

            <addr-element>
              <addr-mnemonic>CTL</addr-mnemonic>
            </addr-element>

            <address-details>
              <p><xref href="cy_regdef_reg.xml#cy_regdef/table_EU_CTL"/></p>
            </address-details>
          </register-reference>

          <register-reference>
            <address>0x00104</address>

            <addr-element>
              <addr-mnemonic>STS</addr-mnemonic>
            </addr-element>

            <address-details>
              <p><xref href="cy_regdef_reg.xml#cy_regdef/table_EU_STS"/></p>
            </address-details>
          </register-reference>

          <register-reference>
            <address>0x00108</address>

            <addr-element>
              <addr-mnemonic>KEYTABLEA</addr-mnemonic>
            </addr-element>

            <address-details>
              <p><xref
              href="cy_regdef_reg.xml#cy_regdef/table_EU_KEYTABLEA"/></p>
            </address-details>
          </register-reference>

          <register-reference>
            <address>0x0010c</address>

            <addr-element>
              <addr-mnemonic>KEYTABLED</addr-mnemonic>
            </addr-element>

            <address-details>
              <p><xref
              href="cy_regdef_reg.xml#cy_regdef/table_EU_KEYTABLED"/></p>
            </address-details>
          </register-reference>

          <register-reference>
            <address>0x00110</address>

            <addr-element>
              <addr-mnemonic>QTIMER</addr-mnemonic>
            </addr-element>

            <address-details>
              <p><xref
              href="cy_regdef_reg.xml#cy_regdef/table_EU_QTIMER">QTIMER</xref></p>
            </address-details>
          </register-reference>

          <register-reference>
            <address>0x00114</address>

            <addr-element>
              <addr-mnemonic>QTO</addr-mnemonic>
            </addr-element>

            <address-details>
              <p><xref
              href="cy_regdef_reg.xml#cy_regdef/table_EU_QTO">QTO</xref></p>
            </address-details>
          </register-reference>

          <register-reference>
            <address>0x00200</address>

            <addr-element>
              <addr-mnemonic>UCERRSTS</addr-mnemonic>
            </addr-element>

            <address-details>
              <p><xref
              href="cy_regdef_reg.xml#cy_regdef/table_EU_UERRSTS"/></p>
            </address-details>
          </register-reference>

          <register-reference>
            <address>0x00204</address>

            <addr-element>
              <addr-mnemonic>UCERRMSK</addr-mnemonic>
            </addr-element>

            <address-details>
              <p><xref
              href="cy_regdef_reg.xml#cy_regdef/table_EU_UERRMSK"/></p>
            </address-details>
          </register-reference>

          <register-reference>
            <address>0x00208</address>

            <addr-element>
              <addr-mnemonic>UCERRSWTGR</addr-mnemonic>
            </addr-element>

            <address-details>
              <p><xref
              href="cy_regdef_reg.xml#cy_regdef/table_EU_UERRSWTGR"/></p>
            </address-details>
          </register-reference>

          <register-reference>
            <address>0x0020c</address>

            <addr-element>
              <addr-mnemonic>CERRSTS</addr-mnemonic>
            </addr-element>

            <address-details>
              <p><xref
              href="cy_regdef_reg.xml#cy_regdef/table_EU_CERRSTS"/></p>
            </address-details>
          </register-reference>

          <register-reference>
            <address>0x00210</address>

            <addr-element>
              <addr-mnemonic>CERRMSK</addr-mnemonic>
            </addr-element>

            <address-details>
              <p><xref
              href="cy_regdef_reg.xml#cy_regdef/table_EU_CERRMSK"/></p>
            </address-details>
          </register-reference>

          <register-reference>
            <address>0x00214</address>

            <addr-element>
              <addr-mnemonic>CERRSWTGR</addr-mnemonic>
            </addr-element>

            <address-details>
              <p><xref
              href="cy_regdef_reg.xml#cy_regdef/table_EU_CERRSWTGR"/></p>
            </address-details>
          </register-reference>

          <register-reference audience="MSCCInternal">
            <address>0x00218</address>

            <addr-element>
              <addr-mnemonic>AUTDISMSK</addr-mnemonic>
            </addr-element>

            <address-details>
              <p><xref href="cy_regdef_reg.xml#cy_regdef/table_EU_ADCTL"/></p>
            </address-details>
          </register-reference>

          <register-reference audience="MSCCInternal">
            <address>0x00220</address>

            <addr-element>
              <addr-mnemonic>ERRINJ</addr-mnemonic>
            </addr-element>

            <address-details>
              <p><xref
              href="cy_regdef_reg.xml#cy_regdef/table_EU_ERRINJ_-_Encryption_DPS_Error_Injecti_3jf314dil">ERRINJ</xref></p>
            </address-details>
          </register-reference>

          <register-reference audience="MSCCInternal">
            <address>0x00224</address>

            <addr-element>
              <addr-mnemonic>EERRINJ</addr-mnemonic>
            </addr-element>

            <address-details>
              <p><xref
              href="cy_regdef_reg.xml#cy_regdef/table_EU_EERRINJ_-_Encryption_DPS_Encryption_E_6jf3218eu">EERRINJ</xref></p>
            </address-details>
          </register-reference>

          <register-reference audience="MSCCInternal">
            <address>0x00600</address>

            <addr-element>
              <addr-mnemonic>RAMECTL</addr-mnemonic>
            </addr-element>

            <address-details>
              <p><xref
              href="cy_regdef_reg.xml#cy_regdef/table_EU_RAMECTL_-_Encryption_DPS_RAM_Error_Co_0jfacb0d1">RAMECTL</xref></p>
            </address-details>
          </register-reference>

          <register-reference audience="MSCCInternal">
            <address>0x00604</address>

            <addr-element>
              <addr-mnemonic>RAMSBE</addr-mnemonic>
            </addr-element>

            <address-details>
              <p><xref
              href="cy_regdef_reg.xml#cy_regdef/table_EU_RAMSBE_-_Encryption_DPS_RAM_Single_Bi_1jfacmw8c">RAMSBE</xref></p>
            </address-details>
          </register-reference>

          <register-reference audience="MSCCInternal">
            <address>0x00608</address>

            <addr-element>
              <addr-mnemonic>RAMDBE</addr-mnemonic>
            </addr-element>

            <address-details>
              <p><xref
              href="cy_regdef_reg.xml#cy_regdef/table_EU_RAMDBE_-_Encryption_DPS_RAM_Double_Bi_2jfacnw51">RAMDBE</xref></p>
            </address-details>
          </register-reference>

          <register-reference audience="MSCCInternal">
            <address>0x00800</address>

            <addr-element>
              <addr-mnemonic>KEYCTL</addr-mnemonic>
            </addr-element>

            <address-details>
              <p><xref
              href="cy_regdef_reg.xml#cy_regdef/table_EU_KEYCTL"/></p>
            </address-details>
          </register-reference>

          <register-reference audience="MSCCInternal">
            <address>0x00808</address>

            <addr-element>
              <addr-mnemonic>PWRFEAT</addr-mnemonic>
            </addr-element>

            <address-details>
              <p><xref
              href="cy_regdef_reg.xml#cy_regdef/table_EU_PWRFEAT_-_Encryption_DPS_Power_Featur_1jl74061u">PWRFEAT</xref></p>
            </address-details>
          </register-reference>

          <register-reference audience="MSCCInternal">
            <address>0x00810</address>

            <addr-element>
              <addr-mnemonic>RAMPCNT</addr-mnemonic>
            </addr-element>

            <address-details>
              <p><xref
              href="cy_regdef_reg.xml#cy_regdef/table_EU_RAMPCNT_-_Ram_power-count_cycle_for_s_2jl741xc5">RAMPCNT</xref></p>
            </address-details>
          </register-reference>

          <register-reference audience="MSCCInternal">
            <address>0x00814</address>

            <addr-element>
              <addr-mnemonic>DBGCTL</addr-mnemonic>
            </addr-element>

            <address-details>
              <p><xref
              href="cy_regdef_reg.xml#cy_regdef/table_EU_DBGCTL"/></p>
            </address-details>
          </register-reference>

          <register-reference audience="MSCCInternal">
            <address>0x0201c</address>

            <addr-element>
              <addr-mnemonic>KEYDBG1</addr-mnemonic>
            </addr-element>

            <address-details>
              <p><xref
              href="cy_regdef_reg.xml#cy_regdef/table_EU_KEYDBG1"/></p>
            </address-details>
          </register-reference>

          <register-reference audience="MSCCInternal">
            <address>0x04000</address>

            <addr-element>
              <addr-mnemonic>STATSCTL</addr-mnemonic>
            </addr-element>

            <address-details>
              <p><xref
              href="cy_regdef_reg.xml#cy_regdef/table_EU_STATSCTL"/></p>
            </address-details>
          </register-reference>

          <register-reference audience="MSCCInternal">
            <address>0x04004</address>

            <addr-element>
              <addr-mnemonic>STATSSTOPCNT</addr-mnemonic>
            </addr-element>

            <address-details>
              <p><xref
              href="cy_regdef_reg.xml#cy_regdef/table_EU_STATSSTOPCNT"/></p>
            </address-details>
          </register-reference>

          <register-reference audience="MSCCInternal">
            <address>0x04010</address>

            <addr-element>
              <addr-mnemonic>CYCLECNT</addr-mnemonic>
            </addr-element>

            <address-details>
              <p><xref
              href="cy_regdef_reg.xml#cy_regdef/table_EU_CYCLECNT"/></p>
            </address-details>
          </register-reference>

          <register-reference audience="MSCCInternal">
            <address>0x04014</address>

            <addr-element>
              <addr-mnemonic>PRS_MLF</addr-mnemonic>
            </addr-element>

            <address-details>
              <p><xref
              href="cy_regdef_reg.xml#cy_regdef/table_EU_PRS_DBG_-_Encryption_DPS_Parser_Debug_5jfbdh9ap">PRS_DBG</xref></p>
            </address-details>
          </register-reference>

          <register-reference audience="MSCCInternal">
            <address>0x04018</address>

            <addr-element>
              <addr-mnemonic>DBGSTS</addr-mnemonic>
            </addr-element>

            <address-details>
              <p><xref
              href="cy_regdef_reg.xml#cy_regdef/table_EU_DBGSTS_-_Encryption_DPS_Debug_Status_2jf1wp68x">DBGSTS</xref></p>
            </address-details>
          </register-reference>

          <register-reference audience="MSCCInternal">
            <address>0x0401C</address>

            <addr-element>
              <addr-mnemonic>DBG_MB</addr-mnemonic>
            </addr-element>

            <address-details>
              <p><xref
              href="cy_regdef_reg.xml#cy_regdef/table_EU_DBG_MB_-_Message_Buffer_internal_stat_0ji0zmfxp">DBG_MB</xref></p>
            </address-details>
          </register-reference>

          <register-reference audience="MSCCInternal">
            <address>0x04020</address>

            <addr-element>
              <addr-mnemonic>DBG_PRS</addr-mnemonic>
            </addr-element>

            <address-details>
              <p><xref
              href="cy_regdef_reg.xml#cy_regdef/table_EU_DBG_PRS_-_Parcer_internal_state_4jhwl0i12">DBG_PRS</xref></p>
            </address-details>
          </register-reference>

          <register-reference audience="MSCCInternal">
            <address>0x04024</address>

            <addr-element>
              <addr-mnemonic>DBG_GTH</addr-mnemonic>
            </addr-element>

            <address-details>
              <p><xref
              href="cy_regdef_reg.xml#cy_regdef/table_EU_GTH_-_Gather_internal_state_0jhi7un0y">DBG_GTH</xref></p>
            </address-details>
          </register-reference>

          <register-reference audience="MSCCInternal">
            <address>0x04028</address>

            <addr-element>
              <addr-mnemonic>DBG_OE</addr-mnemonic>
            </addr-element>

            <address-details>
              <p><xref
              href="cy_regdef_reg.xml#cy_regdef/table_EU_DBG_OE_-_Operational_Engine_internal__2jhwku17b">DBG_OE</xref></p>
            </address-details>
          </register-reference>

          <register-reference audience="MSCCInternal">
            <address>0x0402C</address>

            <addr-element>
              <addr-mnemonic>DBG_OE2</addr-mnemonic>
            </addr-element>

            <address-details>
              <p><xref
              href="cy_regdef_reg.xml#cy_regdef/table_EU_DBG_OE2_-_Operational_Engine_internal_0jkj5kpwu">DBG_OE2</xref></p>
            </address-details>
          </register-reference>

          <register-reference audience="MSCCInternal">
            <address>0x04030</address>

            <addr-element>
              <addr-mnemonic>DBG_KW</addr-mnemonic>
            </addr-element>

            <address-details>
              <p><xref
              href="cy_regdef_reg.xml#cy_regdef/table_EU_DBG_KW_-_Key_Wrap_Engine_internal_sta_1jhwko3ri">DBG_KW</xref></p>
            </address-details>
          </register-reference>

          <register-reference audience="MSCCInternal">
            <address>0x04034</address>

            <addr-element>
              <addr-mnemonic>DBG_ED</addr-mnemonic>
            </addr-element>

            <address-details>
              <p><xref
              href="cy_regdef_reg.xml#cy_regdef/table_EU_DBG_ED_-_Encr_Engine_internal_state_0jhwkndf8">DBG_ED</xref></p>
            </address-details>
          </register-reference>

          <register-reference audience="MSCCInternal">
            <address>0x04038</address>

            <addr-element>
              <addr-mnemonic>DBG_SC1</addr-mnemonic>
            </addr-element>

            <address-details>
              <p><xref
              href="cy_regdef_reg.xml#cy_regdef/table_EU_SCT1_-_Scatter_internal_state1_1jhi7xvz6">DBG_SC1</xref></p>
            </address-details>
          </register-reference>

          <register-reference audience="MSCCInternal">
            <address>0x0403C</address>

            <addr-element>
              <addr-mnemonic>DBG_SC2</addr-mnemonic>
            </addr-element>

            <address-details>
              <p><xref
              href="cy_regdef_reg.xml#cy_regdef/table_EU_SCT2_-_Scatter_internal_state2_2jhi7z70j">DBG_SC2</xref></p>
            </address-details>
          </register-reference>

          <register-reference audience="MSCCInternal">
            <address>0x04040</address>

            <addr-element>
              <addr-mnemonic>DBG_CPL</addr-mnemonic>
            </addr-element>

            <address-details>
              <p><xref
              href="cy_regdef_reg.xml#cy_regdef/table_EU_DBG_CPL_-_CPL_Engine_internal_state_3jhwkya02">DBG_CPL</xref></p>
            </address-details>
          </register-reference>

          <register-reference>
            <address>0xc0000</address>

            <addr-element>
              <address-prefix>IMQ[x]</address-prefix>

              <instances>
                <instance>
                  <instance-start>0</instance-start>

                  <instance-stop>15</instance-stop>
                </instance>
              </instances>
            </addr-element>

            <address-details>
              <p><xref
              href="mif_ibq_addr.xml#ibq_addr/table_IMQ_Table_0j33kjmbs"/></p>
            </address-details>
          </register-reference>

          <register-reference>
            <address>0xc1000</address>

            <addr-element>
              <address-prefix>OMQ[x]</address-prefix>

              <instances>
                <instance>
                  <instance-start>0</instance-start>

                  <instance-stop>15</instance-stop>
                </instance>
              </instances>
            </addr-element>

            <address-details>
              <p><xref
              href="mif_obq_addr.xml#obq_addr/table_OMQ_Table_0j33pa4bu"/></p>
            </address-details>
          </register-reference>

          <register-reference>
            <address>0xc2000</address>

            <addr-element>
              <address-prefix>QG</address-prefix>
            </addr-element>

            <address-details>
              <p><xref
              href="mif_group_addr.xml#queue_addr/table_MIF_CSR_Address_Table_fitltbioq"/></p>
            </address-details>
          </register-reference>
        </address-map>
      </tgroup>
    </table>
  </body>
</topic>
