<?xml version="1.0" encoding="UTF-8"?>
<!DOCTYPE topic PUBLIC "-//OASIS//DTD DITA 1.2 Topic//EN"
"/SysSchema/dita/dtd/technicalContent/dtd/topic.dtd">
<topic base="base" id="Data_Network_Debug_and_Statistics_5ti3647aju"
       xml:lang="en-US">
  <title>Data Network Debug and Statistic Registers</title>

  <body>
    <table audience="MSCCInternal" id="FIDNSTSFlashInterfaceDataNetworkStatus">
      <title><reg-name-main verilog="FIDNSTS">DNSTS</reg-name-main>
      <reg-desc>Flash Interface Data Network Status</reg-desc></title>

      <tgroup cols="5">
        <colspec colwidth="8*"/>

        <colspec colwidth="27*"/>

        <colspec colwidth="8*"/>

        <colspec colwidth="10*"/>

        <colspec colwidth="46*"/>

        <thead>
          <row>
            <entry><p>Bit Field</p></entry>

            <entry><p>Field Name</p></entry>

            <entry><p>Type</p></entry>

            <entry><p>Default Value</p></entry>

            <entry><p>Description</p></entry>
          </row>
        </thead>

        <reg-def>
          <field>
            <field-bits>
              <double>
                <msb>31</msb>

                <lsb>16</lsb>
              </double>
            </field-bits>

            <field-name verilog="TXBPCNT">TXBPCNT</field-name>

            <field-type>RCCs</field-type>

            <field-default>0x0</field-default>

            <field-desc>
              <p><b otherprops="bold">Backpressure Count</b></p>

              <p>This field contains the total number of functional unit clock
              cycles that transmission of a data network request packet has
              been delayed due to data network backpressure. This counter
              saturates at its maximum value (i.e., 0xFFFF) and does not roll
              over to zero.</p>

              <p>This field is automatically cleared as a side effect of a
              read. Writes to this field are ignored.</p>
            </field-desc>
          </field>

          <field>
            <field-bits>
              <double>
                <msb>15</msb>

                <lsb>2</lsb>
              </double>
            </field-bits>

            <field-name verilog="RESERVED">RESERVED</field-name>

            <field-type>RO</field-type>

            <field-default>0x0</field-default>

            <field-desc>
              <p/>
            </field-desc>
          </field>

          <field>
            <field-bits>
              <single>1</single>
            </field-bits>

            <field-name verilog="PENDING">PENDING</field-name>

            <field-type>RO</field-type>

            <field-default>0x0</field-default>

            <field-desc>
              <p><b otherprops="bold">Transmit Pending</b></p>

              <p>This bit is set when the functional unit has a data network
              request to transmit (i.e., a request will be transmitted on the
              next clock cycle assuming no data network backpressure).</p>
            </field-desc>
          </field>

          <field>
            <field-bits>
              <single>0</single>
            </field-bits>

            <field-name verilog="BP">BP</field-name>

            <field-type>RO</field-type>

            <field-default>0x0</field-default>

            <field-desc>
              <p><b otherprops="bold">Backpressure</b></p>

              <p>This bit is set when the functional unit experiences
              backpressure from the data network.</p>
            </field-desc>
          </field>
        </reg-def>
      </tgroup>
    </table>

    <table audience="MSCCInternal" id="FIDNCNTFlashInterfaceDataNetworkCount">
      <title><reg-name-main verilog="FIDNCNT">DNCNT</reg-name-main>
      <reg-desc>Flash Interface Data Network Count</reg-desc></title>

      <tgroup cols="5">
        <colspec colwidth="8*"/>

        <colspec colwidth="27*"/>

        <colspec colwidth="8*"/>

        <colspec colwidth="10*"/>

        <colspec colwidth="46*"/>

        <thead>
          <row>
            <entry><p>Bit Field</p></entry>

            <entry><p>Field Name</p></entry>

            <entry><p>Type</p></entry>

            <entry><p>Default Value</p></entry>

            <entry><p>Description</p></entry>
          </row>
        </thead>

        <reg-def>
          <field>
            <field-bits>
              <double>
                <msb>31</msb>

                <lsb>16</lsb>
              </double>
            </field-bits>

            <field-name verilog="RX">RX</field-name>

            <field-type>RCCs</field-type>

            <field-default>0x0</field-default>

            <field-desc>
              <p><b otherprops="bold">Data Network Completion Count</b></p>

              <p>This field contains the number of data network completions
              that have been received by the functional unit. This counter
              saturates at its maximum value (i.e., 0xFFFF) and does not roll
              over to zero.</p>

              <p>This register only counts for controller to flash operations.
              It will not register flash to controller operations.</p>

              <p>This field is automatically cleared as a side effect of a
              read. Writes to this field are ignored.</p>
            </field-desc>
          </field>

          <field>
            <field-bits>
              <double>
                <msb>15</msb>

                <lsb>0</lsb>
              </double>
            </field-bits>

            <field-name verilog="TX">TX</field-name>

            <field-type>RCCs</field-type>

            <field-default>0x0</field-default>

            <field-desc>
              <p><b otherprops="bold">Data Network Request Count</b></p>

              <p>This field contains the number of data network requests that
              have been transmitted by the functional unit. This counter
              saturates at its maximum value (i.e., 0xFFFF) and does not roll
              over to zero.</p>

              <p>This register only counts for controller to flash operations.
              It will not register flash to controller operations.</p>

              <p>This field is automatically cleared as a side effect of a
              read. Writes to this field are ignored.</p>
            </field-desc>
          </field>
        </reg-def>
      </tgroup>
    </table>
  </body>
</topic>
