<?xml version="1.0" encoding="UTF-8"?>
<!-- Date Stamp: Wed Apr  7 15:18:15 PDT 2021 -->
<!DOCTYPE topic PUBLIC "-//OASIS//DTD DITA 1.2 Topic//EN"
"topic.dtd">
<topic base="base" id="dcd_table">
  <title>Decoder Registers</title>

  <body>
    <p/>

    <table id="table_decoder_registers_0knjd45nt">
      <title>decoder registers</title>

      <tgroup cols="3">
        <colspec colwidth="148*"/>

        <colspec colwidth="218*"/>

        <colspec colwidth="634*"/>

        <thead>
          <row>
            <entry><p>Offset Address</p></entry>

            <entry><p>Register Mnemonic </p></entry>

            <entry><p>Register Description </p></entry>
          </row>
        </thead>

        <address-map>
          <register-reference>
            <address>0x000000</address>

            <addr-element>
              <addr-mnemonic>RVALUE1[x]</addr-mnemonic>

              <instances>
                <instance>
                  <instance-start>0</instance-start>

                  <instance-stop>399</instance-stop>
                </instance>
              </instances>
            </addr-element>

            <address-details>
              <p><xref
              href="dcd_reg.xml#dcd_reg/table_RVALUE1_-_No_Detailed_description_from_v_0kjt30nl8">RVALUE1</xref></p>
            </address-details>
          </register-reference>

          <register-reference>
            <address>0x000700</address>

            <addr-element>
              <addr-mnemonic>RVALUE2[x]</addr-mnemonic>

              <instances>
                <instance>
                  <instance-start>0</instance-start>

                  <instance-stop>49</instance-stop>
                </instance>
              </instances>
            </addr-element>

            <address-details>
              <p><xref
              href="dcd_reg.xml#dcd_reg/table_RVALUE2_-_No_Detailed_description_from_v_1kjt30nl9">RVALUE2</xref></p>
            </address-details>
          </register-reference>

          <register-reference>
            <address>0x000800</address>

            <addr-element>
              <addr-mnemonic>RVALUE3[x]</addr-mnemonic>

              <instances>
                <instance>
                  <instance-start>0</instance-start>

                  <instance-stop>49</instance-stop>
                </instance>
              </instances>
            </addr-element>

            <address-details>
              <p><xref
              href="dcd_reg.xml#dcd_reg/table_RVALUE3_-_No_Detailed_description_from_v_2kjt30nl9">RVALUE3</xref></p>
            </address-details>
          </register-reference>

          <register-reference>
            <address>0x000900</address>

            <addr-element>
              <addr-mnemonic>RVALUE4[x]</addr-mnemonic>

              <instances>
                <instance>
                  <instance-start>0</instance-start>

                  <instance-stop>23</instance-stop>
                </instance>
              </instances>
            </addr-element>

            <address-details>
              <p><xref
              href="dcd_reg.xml#dcd_reg/table_RVALUE4_-_No_Detailed_description_from_v_3kjt30nl9">RVALUE4</xref></p>
            </address-details>
          </register-reference>

          <register-reference>
            <address>0x000a00</address>

            <addr-element>
              <addr-mnemonic>RVALUE5[x]</addr-mnemonic>

              <instances>
                <instance>
                  <instance-start>0</instance-start>

                  <instance-stop>23</instance-stop>
                </instance>
              </instances>
            </addr-element>

            <address-details>
              <p><xref
              href="dcd_reg.xml#dcd_reg/table_RVALUE5_-_No_Detailed_description_from_v_4kjt30nl9">RVALUE5</xref></p>
            </address-details>
          </register-reference>

          <register-reference>
            <address>0x000b00</address>

            <addr-element>
              <addr-mnemonic>RVALUE6[x]</addr-mnemonic>

              <instances>
                <instance>
                  <instance-start>0</instance-start>

                  <instance-stop>23</instance-stop>
                </instance>
              </instances>
            </addr-element>

            <address-details>
              <p><xref
              href="dcd_reg.xml#dcd_reg/table_RVALUE6_-_No_Detailed_description_from_v_5kjt30nl9">RVALUE6</xref></p>
            </address-details>
          </register-reference>
        </address-map>
      </tgroup>
    </table>

    <p/>
  </body>
</topic>
