<?xml version="1.0" encoding="UTF-8"?>
<!DOCTYPE topic PUBLIC "-//OASIS//DTD DITA 1.2 Topic//EN"
"topic.dtd">
<topic base="base" id="dcd_reg">
  <title>Decode Registers</title>

  <body>
    <p/>

    <table id="table_RVALUE1_-_No_Detailed_description_from_v_0kjt30nl8">
      <title><reg-name-main verilog="RVALUE1">RVALUE1</reg-name-main> -
      <reg-desc>No Detailed description from vendor</reg-desc></title>

      <tgroup cols="5">
        <colspec colname="A" colwidth="111*"/>

        <colspec colname="B" colwidth="144*"/>

        <colspec colname="C" colwidth="101*"/>

        <colspec colname="D" colwidth="87*"/>

        <colspec colname="E" colwidth="557*"/>

        <thead>
          <row>
            <entry><p>Bit Field</p></entry>

            <entry><p>Field Name</p></entry>

            <entry><p>Type</p></entry>

            <entry><p>Default Value</p></entry>

            <entry><p>Description</p></entry>
          </row>
        </thead>

        <reg-def>
          <field>
            <field-bits>
              <double>
                <msb>31</msb>

                <lsb>13</lsb>
              </double>
            </field-bits>

            <field-name verilog="RESERVED">RESERVED</field-name>

            <field-type>RO</field-type>

            <field-default>0x0</field-default>

            <field-desc>
              <p/>
            </field-desc>
          </field>

          <field>
            <field-bits>
              <double>
                <msb>12</msb>

                <lsb>0</lsb>
              </double>
            </field-bits>

            <field-name verilog="VALUE">VALUE</field-name>

            <field-type>RW</field-type>

            <field-default>0x1FFF</field-default>

            <field-desc>
              <desc-title>Configuration</desc-title>

              <p>No other information at this time</p>
            </field-desc>
          </field>
        </reg-def>
      </tgroup>
    </table>

    <table id="table_RVALUE2_-_No_Detailed_description_from_v_1kjt30nl9">
      <title><reg-name-main verilog="RVALUE2">RVALUE2</reg-name-main> -
      <reg-desc>No Detailed description from vendor</reg-desc></title>

      <tgroup cols="5">
        <colspec colname="A" colwidth="111*"/>

        <colspec colname="B" colwidth="144*"/>

        <colspec colname="C" colwidth="101*"/>

        <colspec colname="D" colwidth="87*"/>

        <colspec colname="E" colwidth="557*"/>

        <thead>
          <row>
            <entry><p>Bit Field</p></entry>

            <entry><p>Field Name</p></entry>

            <entry><p>Type</p></entry>

            <entry><p>Default Value</p></entry>

            <entry><p>Description</p></entry>
          </row>
        </thead>

        <reg-def>
          <field>
            <field-bits>
              <double>
                <msb>31</msb>

                <lsb>6</lsb>
              </double>
            </field-bits>

            <field-name verilog="RESERVED">RESERVED</field-name>

            <field-type>RO</field-type>

            <field-default>0x0</field-default>

            <field-desc>
              <p/>
            </field-desc>
          </field>

          <field>
            <field-bits>
              <double>
                <msb>5</msb>

                <lsb>0</lsb>
              </double>
            </field-bits>

            <field-name verilog="VALUE">VALUE</field-name>

            <field-type>RW</field-type>

            <field-default>0x3F</field-default>

            <field-desc>
              <desc-title>Configuration</desc-title>

              <p>No other information at this time</p>
            </field-desc>
          </field>
        </reg-def>
      </tgroup>
    </table>

    <table id="table_RVALUE3_-_No_Detailed_description_from_v_2kjt30nl9">
      <title><reg-name-main verilog="RVALUE3">RVALUE3</reg-name-main> -
      <reg-desc>No Detailed description from vendor</reg-desc></title>

      <tgroup cols="5">
        <colspec colname="A" colwidth="111*"/>

        <colspec colname="B" colwidth="144*"/>

        <colspec colname="C" colwidth="101*"/>

        <colspec colname="D" colwidth="87*"/>

        <colspec colname="E" colwidth="557*"/>

        <thead>
          <row>
            <entry><p>Bit Field</p></entry>

            <entry><p>Field Name</p></entry>

            <entry><p>Type</p></entry>

            <entry><p>Default Value</p></entry>

            <entry><p>Description</p></entry>
          </row>
        </thead>

        <reg-def>
          <field>
            <field-bits>
              <double>
                <msb>31</msb>

                <lsb>6</lsb>
              </double>
            </field-bits>

            <field-name verilog="RESERVED">RESERVED</field-name>

            <field-type>RO</field-type>

            <field-default>0x0</field-default>

            <field-desc>
              <p/>
            </field-desc>
          </field>

          <field>
            <field-bits>
              <double>
                <msb>5</msb>

                <lsb>0</lsb>
              </double>
            </field-bits>

            <field-name verilog="VALUE">VALUE</field-name>

            <field-type>RW</field-type>

            <field-default>0x3F</field-default>

            <field-desc>
              <desc-title>Configuration</desc-title>

              <p>No other information at this time</p>
            </field-desc>
          </field>
        </reg-def>
      </tgroup>
    </table>

    <table id="table_RVALUE4_-_No_Detailed_description_from_v_3kjt30nl9">
      <title><reg-name-main verilog="RVALUE4">RVALUE4</reg-name-main> -
      <reg-desc>No Detailed description from vendor</reg-desc></title>

      <tgroup cols="5">
        <colspec colname="A" colwidth="111*"/>

        <colspec colname="B" colwidth="144*"/>

        <colspec colname="C" colwidth="101*"/>

        <colspec colname="D" colwidth="87*"/>

        <colspec colname="E" colwidth="557*"/>

        <thead>
          <row>
            <entry><p>Bit Field</p></entry>

            <entry><p>Field Name</p></entry>

            <entry><p>Type</p></entry>

            <entry><p>Default Value</p></entry>

            <entry><p>Description</p></entry>
          </row>
        </thead>

        <reg-def>
          <field>
            <field-bits>
              <double>
                <msb>31</msb>

                <lsb>15</lsb>
              </double>
            </field-bits>

            <field-name verilog="RESERVED">RESERVED</field-name>

            <field-type>RO</field-type>

            <field-default>0x0</field-default>

            <field-desc>
              <p/>
            </field-desc>
          </field>

          <field>
            <field-bits>
              <double>
                <msb>14</msb>

                <lsb>0</lsb>
              </double>
            </field-bits>

            <field-name verilog="VALUE">VALUE</field-name>

            <field-type>RW</field-type>

            <field-default>0x7FFF</field-default>

            <field-desc>
              <desc-title>Configuration</desc-title>

              <p>No other information at this time</p>
            </field-desc>
          </field>
        </reg-def>
      </tgroup>
    </table>

    <table id="table_RVALUE5_-_No_Detailed_description_from_v_4kjt30nl9">
      <title><reg-name-main verilog="RVALUE5">RVALUE5</reg-name-main> -
      <reg-desc>No Detailed description from vendor</reg-desc></title>

      <tgroup cols="5">
        <colspec colname="A" colwidth="111*"/>

        <colspec colname="B" colwidth="144*"/>

        <colspec colname="C" colwidth="101*"/>

        <colspec colname="D" colwidth="87*"/>

        <colspec colname="E" colwidth="557*"/>

        <thead>
          <row>
            <entry><p>Bit Field</p></entry>

            <entry><p>Field Name</p></entry>

            <entry><p>Type</p></entry>

            <entry><p>Default Value</p></entry>

            <entry><p>Description</p></entry>
          </row>
        </thead>

        <reg-def>
          <field>
            <field-bits>
              <double>
                <msb>31</msb>

                <lsb>18</lsb>
              </double>
            </field-bits>

            <field-name verilog="RESERVED">RESERVED</field-name>

            <field-type>RO</field-type>

            <field-default>0x0</field-default>

            <field-desc>
              <p/>
            </field-desc>
          </field>

          <field>
            <field-bits>
              <double>
                <msb>17</msb>

                <lsb>0</lsb>
              </double>
            </field-bits>

            <field-name verilog="VALUE">VALUE</field-name>

            <field-type>RW</field-type>

            <field-default>0x0</field-default>

            <field-desc>
              <desc-title>Configuration</desc-title>

              <p>No other information at this time</p>
            </field-desc>
          </field>
        </reg-def>
      </tgroup>
    </table>

    <table id="table_RVALUE6_-_No_Detailed_description_from_v_5kjt30nl9">
      <title><reg-name-main verilog="RVALUE6">RVALUE6</reg-name-main> -
      <reg-desc>No Detailed description from vendor</reg-desc></title>

      <tgroup cols="5">
        <colspec colname="A" colwidth="111*"/>

        <colspec colname="B" colwidth="144*"/>

        <colspec colname="C" colwidth="101*"/>

        <colspec colname="D" colwidth="87*"/>

        <colspec colname="E" colwidth="557*"/>

        <thead>
          <row>
            <entry><p>Bit Field</p></entry>

            <entry><p>Field Name</p></entry>

            <entry><p>Type</p></entry>

            <entry><p>Default Value</p></entry>

            <entry><p>Description</p></entry>
          </row>
        </thead>

        <reg-def>
          <field>
            <field-bits>
              <double>
                <msb>31</msb>

                <lsb>18</lsb>
              </double>
            </field-bits>

            <field-name verilog="RESERVED">RESERVED</field-name>

            <field-type>RO</field-type>

            <field-default>0x0</field-default>

            <field-desc>
              <p/>
            </field-desc>
          </field>

          <field>
            <field-bits>
              <double>
                <msb>17</msb>

                <lsb>0</lsb>
              </double>
            </field-bits>

            <field-name verilog="VALUE">VALUE</field-name>

            <field-type>RW</field-type>

            <field-default>0x3FFFF</field-default>

            <field-desc>
              <desc-title>Configuration</desc-title>

              <p>No other information at this time</p>
            </field-desc>
          </field>
        </reg-def>
      </tgroup>
    </table>

    <p/>
  </body>
</topic>
