<?xml version="1.0" encoding="UTF-8"?>
<!DOCTYPE topic PUBLIC "-//OASIS//DTD DITA 1.2 Topic//EN"
"/SysSchema/dita/dtd/technicalContent/dtd/topic.dtd">
<topic base="base" id="FC2_DCSU_addr">
<title>FC2_DCSU Register Map</title>
<body>
<p />
<table id="FC2_DCSU_addr_table_00">
<title>FC2_DCSU Register Map Table</title>
<tgroup cols="3">
<colspec colwidth="148*" />
<colspec colwidth="218*" />
<colspec colwidth="634*" />
<thead>
<row>
<entry><p>Offset Address</p></entry>
<entry><p>Register Mnemonic </p></entry>
<entry><p>Register Description </p></entry>
</row>
</thead>
<address-map>

<register-reference>
    <address>0x00000</address>
    <addr-element>
    <addr-mnemonic>SW_RESET_REG</addr-mnemonic>
    </addr-element>

    <address-details>
        <p><xref href="./dcsu_fc2_reg_reg.xml#FC2_DCSU/table_SW_RESET_REG_FC2_DCSU">SW_RESET_REG</xref></p>
    </address-details>
</register-reference>

<register-reference>
    <address>0x00004</address>
    <addr-element>
    <addr-mnemonic>DCO_CTRL_REG</addr-mnemonic>
    </addr-element>

    <address-details>
        <p><xref href="./dcsu_fc2_reg_reg.xml#FC2_DCSU/table_DCO_CTRL_REG_FC2_DCSU">DCO_CTRL_REG</xref></p>
    </address-details>
</register-reference>

<register-reference>
    <address>0x0000C</address>
    <addr-element>
    <addr-mnemonic>PREDIVCFG</addr-mnemonic>
    </addr-element>

    <address-details>
        <p><xref href="./dcsu_fc2_reg_reg.xml#FC2_DCSU/table_PRE_DIVIDER_CFG_REG_FC2_DCSU">PRE_DIVIDER_CFG_REG</xref></p>
    </address-details>
</register-reference>

<register-reference>
    <address>0x00010</address>
    <addr-element>
    <addr-mnemonic>POSTDIVUP</addr-mnemonic>
    </addr-element>

    <address-details>
        <p><xref href="./dcsu_fc2_reg_reg.xml#FC2_DCSU/table_POST_DIVIDER_UPDATE_REG_FC2_DCSU">POST_DIVIDER_UPDATE_REG</xref></p>
    </address-details>
</register-reference>

<register-reference>
    <address>0x00014</address>
    <addr-element>
    <addr-mnemonic>POSTDIVCTRL</addr-mnemonic>
    </addr-element>

    <address-details>
        <p><xref href="./dcsu_fc2_reg_reg.xml#FC2_DCSU/table_POST_DIVIDER_CTRL_REG_FC2_DCSU">POST_DIVIDER_CTRL_REG</xref></p>
    </address-details>
</register-reference>

<register-reference>
    <address>0x00018</address>
    <addr-element>
    <addr-mnemonic>POSTDIVCFG1</addr-mnemonic>
    </addr-element>

    <address-details>
        <p><xref href="./dcsu_fc2_reg_reg.xml#FC2_DCSU/table_POST_DIVIDER_CFG_REG_1_FC2_DCSU">POST_DIVIDER_CFG_REG_1</xref></p>
    </address-details>
</register-reference>

<register-reference>
    <address>0x0001C</address>
    <addr-element>
    <addr-mnemonic>POSTDIVCFG2</addr-mnemonic>
    </addr-element>

    <address-details>
        <p><xref href="./dcsu_fc2_reg_reg.xml#FC2_DCSU/table_POST_DIVIDER_CFG_REG_2_FC2_DCSU">POST_DIVIDER_CFG_REG_2</xref></p>
    </address-details>
</register-reference>

<register-reference>
    <address>0x00020</address>
    <addr-element>
    <addr-mnemonic>POSTDIVCFG3</addr-mnemonic>
    </addr-element>

    <address-details>
        <p><xref href="./dcsu_fc2_reg_reg.xml#FC2_DCSU/table_POST_DIVIDER_CFG_REG_3_FC2_DCSU">POST_DIVIDER_CFG_REG_3</xref></p>
    </address-details>
</register-reference>

<register-reference>
    <address>0x00024</address>
    <addr-element>
    <addr-mnemonic>FB_DIV_CFG_REG</addr-mnemonic>
    </addr-element>

    <address-details>
        <p><xref href="./dcsu_fc2_reg_reg.xml#FC2_DCSU/table_FB_DIV_CFG_REG_FC2_DCSU">FB_DIV_CFG_REG</xref></p>
    </address-details>
</register-reference>

<register-reference>
    <address>0x0003C</address>
    <addr-element>
    <addr-mnemonic>DCSU_INT_VAL_REG</addr-mnemonic>
    </addr-element>

    <address-details>
        <p><xref href="./dcsu_fc2_reg_reg.xml#FC2_DCSU/table_DCSU_INT_VAL_REG_FC2_DCSU">DCSU_INT_VAL_REG</xref></p>
    </address-details>
</register-reference>

<register-reference>
    <address>0x00040</address>
    <addr-element>
    <addr-mnemonic>DCSUINTSTAT</addr-mnemonic>
    </addr-element>

    <address-details>
        <p><xref href="./dcsu_fc2_reg_reg.xml#FC2_DCSU/table_DCSU_INT_STAT_REG_FC2_DCSU">DCSU_INT_STAT_REG</xref></p>
    </address-details>
</register-reference>

<register-reference>
    <address>0x00044</address>
    <addr-element>
    <addr-mnemonic>DCSU_INT_EN_REG</addr-mnemonic>
    </addr-element>

    <address-details>
        <p><xref href="./dcsu_fc2_reg_reg.xml#FC2_DCSU/table_DCSU_INT_EN_REG_FC2_DCSU">DCSU_INT_EN_REG</xref></p>
    </address-details>
</register-reference>

<register-reference audience="MSCCInternal">
    <address>0x0004C</address>
    <addr-element>
    <addr-mnemonic>BIST_CFG_REG_1</addr-mnemonic>
    </addr-element>

    <address-details>
        <p><xref href="./dcsu_fc2_reg_reg.xml#FC2_DCSU/table_BIST_CFG_REG_1_FC2_DCSU">BIST_CFG_REG_1</xref></p>
    </address-details>
</register-reference>

<register-reference audience="MSCCInternal">
    <address>0x00050</address>
    <addr-element>
    <addr-mnemonic>BIST_CFG_REG_2</addr-mnemonic>
    </addr-element>

    <address-details>
        <p><xref href="./dcsu_fc2_reg_reg.xml#FC2_DCSU/table_BIST_CFG_REG_2_FC2_DCSU">BIST_CFG_REG_2</xref></p>
    </address-details>
</register-reference>

<register-reference audience="MSCCInternal">
    <address>0x00054</address>
    <addr-element>
    <addr-mnemonic>BIST_CFG_REG_3</addr-mnemonic>
    </addr-element>

    <address-details>
        <p><xref href="./dcsu_fc2_reg_reg.xml#FC2_DCSU/table_BIST_CFG_REG_3_FC2_DCSU">BIST_CFG_REG_3</xref></p>
    </address-details>
</register-reference>

<register-reference audience="MSCCInternal">
    <address>0x00058</address>
    <addr-element>
    <addr-mnemonic>BIST_CFG_REG_4</addr-mnemonic>
    </addr-element>

    <address-details>
        <p><xref href="./dcsu_fc2_reg_reg.xml#FC2_DCSU/table_BIST_CFG_REG_4_FC2_DCSU">BIST_CFG_REG_4</xref></p>
    </address-details>
</register-reference>

<register-reference audience="MSCCInternal">
    <address>0x0008C</address>
    <addr-element>
    <addr-mnemonic>COMP_ID_REG</addr-mnemonic>
    </addr-element>

    <address-details>
        <p><xref href="./dcsu_fc2_reg_reg.xml#FC2_DCSU/table_COMP_ID_REG_FC2_DCSU">COMP_ID_REG</xref></p>
    </address-details>
</register-reference>

<register-reference audience="MSCCInternal">
    <address>0x00098</address>
    <addr-element>
    <addr-mnemonic>POSTDIVSTAT1</addr-mnemonic>
    </addr-element>

    <address-details>
        <p><xref href="./dcsu_fc2_reg_reg.xml#FC2_DCSU/table_POST_DIVIDER_STAT_REG_1_FC2_DCSU">POST_DIVIDER_STAT_REG_1</xref></p>
    </address-details>
</register-reference>

<register-reference audience="MSCCInternal">
    <address>0x0009C</address>
    <addr-element>
    <addr-mnemonic>POSTDIVSTAT2</addr-mnemonic>
    </addr-element>

    <address-details>
        <p><xref href="./dcsu_fc2_reg_reg.xml#FC2_DCSU/table_POST_DIVIDER_STAT_REG_2_FC2_DCSU">POST_DIVIDER_STAT_REG_2</xref></p>
    </address-details>
</register-reference>

<register-reference>
    <address>0x000B0</address>
    <addr-element>
    <addr-mnemonic>FB_FRAC_DIV_CFG_REG</addr-mnemonic>
    </addr-element>

    <address-details>
        <p><xref href="./dcsu_fc2_reg_reg.xml#FC2_DCSU/table_FB_FRAC_DIV_CFG_REG_FC2_DCSU">FB_FRAC_DIV_CFG_REG</xref></p>
    </address-details>
</register-reference>

<register-reference>
    <address>0x000B4</address>
    <addr-element>
    <addr-mnemonic>PLL_CTRL</addr-mnemonic>
    </addr-element>

    <address-details>
        <p><xref href="./dcsu_fc2_reg_reg.xml#FC2_DCSU/table_PLL_CTRL_FC2_DCSU">PLL_CTRL</xref></p>
    </address-details>
</register-reference>

<register-reference>
    <address>0x000B8</address>
    <addr-element>
    <addr-mnemonic>PLL_POST_DIV_CFG</addr-mnemonic>
    </addr-element>

    <address-details>
        <p><xref href="./dcsu_fc2_reg_reg.xml#FC2_DCSU/table_PLL_POST_DIV_CFG_FC2_DCSU">PLL_POST_DIV_CFG</xref></p>
    </address-details>
</register-reference>

<register-reference>
    <address>0x000CC</address>
    <addr-element>
    <addr-mnemonic>FLD_CONFIG_1</addr-mnemonic>
    </addr-element>

    <address-details>
        <p><xref href="./dcsu_fc2_reg_reg.xml#FC2_DCSU/table_FLD_CONFIG_1_FC2_DCSU">FLD_CONFIG_1</xref></p>
    </address-details>
</register-reference>

<register-reference>
    <address>0x000D0</address>
    <addr-element>
    <addr-mnemonic>FLD_CONFIG_2</addr-mnemonic>
    </addr-element>

    <address-details>
        <p><xref href="./dcsu_fc2_reg_reg.xml#FC2_DCSU/table_FLD_CONFIG_2_FC2_DCSU">FLD_CONFIG_2</xref></p>
    </address-details>
</register-reference>

<register-reference>
    <address>0x000D4</address>
    <addr-element>
    <addr-mnemonic>FLD_CONFIG_3</addr-mnemonic>
    </addr-element>

    <address-details>
        <p><xref href="./dcsu_fc2_reg_reg.xml#FC2_DCSU/table_FLD_CONFIG_3_FC2_DCSU">FLD_CONFIG_3</xref></p>
    </address-details>
</register-reference>

<register-reference>
    <address>0x000D8</address>
    <addr-element>
    <addr-mnemonic>FLD_LOCK_DET_STAT</addr-mnemonic>
    </addr-element>

    <address-details>
        <p><xref href="./dcsu_fc2_reg_reg.xml#FC2_DCSU/table_FLD_LOCK_DET_STAT_FC2_DCSU">FLD_LOCK_DET_STAT</xref></p>
    </address-details>
</register-reference>

<register-reference>
    <address>0x000DC</address>
    <addr-element>
    <addr-mnemonic>FLD_INT_REG</addr-mnemonic>
    </addr-element>

    <address-details>
        <p><xref href="./dcsu_fc2_reg_reg.xml#FC2_DCSU/table_FLD_INT_REG_FC2_DCSU">FLD_INT_REG</xref></p>
    </address-details>
</register-reference>

<register-reference>
    <address>0x000E0</address>
    <addr-element>
    <addr-mnemonic>FLD_INT_EN_REG</addr-mnemonic>
    </addr-element>

    <address-details>
        <p><xref href="./dcsu_fc2_reg_reg.xml#FC2_DCSU/table_FLD_INT_EN_REG_FC2_DCSU">FLD_INT_EN_REG</xref></p>
    </address-details>
</register-reference>

<register-reference>
    <address>0x000E4</address>
    <addr-element>
    <addr-mnemonic>FLD_INT_STAT_REG</addr-mnemonic>
    </addr-element>

    <address-details>
        <p><xref href="./dcsu_fc2_reg_reg.xml#FC2_DCSU/table_FLD_INT_STAT_REG_FC2_DCSU">FLD_INT_STAT_REG</xref></p>
    </address-details>
</register-reference>

<register-reference>
    <address>0x000E8</address>
    <addr-element>
    <addr-mnemonic>FLD_LOCK_DET_STAT_2</addr-mnemonic>
    </addr-element>

    <address-details>
        <p><xref href="./dcsu_fc2_reg_reg.xml#FC2_DCSU/table_FLD_LOCK_DET_STAT_2_FC2_DCSU">FLD_LOCK_DET_STAT_2</xref></p>
    </address-details>
</register-reference>

</address-map>
</tgroup>
</table>
<p />
</body>
</topic>