<?xml version="1.0" encoding="UTF-8"?>
<!DOCTYPE topic PUBLIC "-//OASIS//DTD DITA 1.2 Topic//EN"
"/SysSchema/dita/dtd/technicalContent/dtd/topic.dtd">
<topic base="base" id="SYS_DCSU">
<title>SYS DCSU Registers</title>

<body>
<p>SYS_DCSU Register Descriptions</p>
<table id="table_SW_RESET_REG_SYS_DCSU">
<title><reg-name-main verilog="SW_RESET_REG">SW_RESET_REG</reg-name-main> - <reg-desc>Software Reset Register</reg-desc></title>
<tgroup cols="5">
<colspec colname="A" colwidth="111*" />
<colspec colname="B" colwidth="144*" />
<colspec colname="C" colwidth="101*" />
<colspec colname="D" colwidth="87*" />
<colspec colname="E" colwidth="557*" />
<thead>
<row>
<entry><p>Bit Field</p></entry>
<entry><p>Field Name</p></entry>
<entry><p>Type</p></entry>
<entry><p>Default Value</p></entry>
<entry><p>Description</p></entry>
</row>
</thead>

<reg-def>
<field>
<field-bits>
<double>
<msb>31</msb>
<lsb>17</lsb>
</double>
</field-bits>
<field-name verilog="RESERVED">RESERVED</field-name>
<field-type>RO</field-type>
<field-default>0x0</field-default>
<field-desc><p><b>RESERVED</b></p></field-desc>
</field>

<field>
<field-bits>
<single>16</single>
</field-bits>
<field-name verilog="BOOT_MODE">BOOT_MODE</field-name>
<field-type>RO</field-type>
<field-default>0x1</field-default>
<field-desc>
<p><b>The BOOT_MODE status register reflects the state of the BOOT_MODE input pin of the PLL_WRAPPER_6N.</b></p>
<p>When read as logic:</p>
<p>1: PLL_WRAPPER_6N BOOT_MODE input is logic '1'.</p>
<p>0: PLL_WRAPPER_6N BOOT_MODE input is logic '0'.</p>
</field-desc>
</field>

<field>
<field-bits>
<double>
<msb>15</msb>
<lsb>1</lsb>
</double>
</field-bits>
<field-name verilog="RESERVED">RESERVED</field-name>
<field-type>RO</field-type>
<field-default>0x0</field-default>
<field-desc><p><b>RESERVED</b></p></field-desc>
</field>

<field>
<field-bits>
<single>0</single>
</field-bits>
<field-name verilog="SOFTWARE_RESET">SFTWRRST</field-name>
<field-type>RW</field-type>
<field-default>0x0</field-default>
<field-desc>
<p><b>Provides software reset of all PLL_WRAPPER_6N core logic</b></p>
<p>When set to logic:</p>
<p>1: PLL_WRAPPER_6N core logic is held in reset.</p>
<p>0: PLL_WRAPPER_6N core logic operates normally.</p>
</field-desc>
</field>

</reg-def>
</tgroup>
</table>

<table id="table_DCO_CTRL_REG_SYS_DCSU">
<title><reg-name-main verilog="DCO_CTRL_REG">DCO_CTRL_REG</reg-name-main> - <reg-desc>DCO Control Register</reg-desc></title>
<tgroup cols="5">
<colspec colname="A" colwidth="111*" />
<colspec colname="B" colwidth="144*" />
<colspec colname="C" colwidth="101*" />
<colspec colname="D" colwidth="87*" />
<colspec colname="E" colwidth="557*" />
<thead>
<row>
<entry><p>Bit Field</p></entry>
<entry><p>Field Name</p></entry>
<entry><p>Type</p></entry>
<entry><p>Default Value</p></entry>
<entry><p>Description</p></entry>
</row>
</thead>

<reg-def>
<field>
<field-bits>
<double>
<msb>31</msb>
<lsb>5</lsb>
</double>
</field-bits>
<field-name verilog="RESERVED">RESERVED</field-name>
<field-type>RO</field-type>
<field-default>0x0</field-default>
<field-desc><p><b>RESERVED</b></p></field-desc>
</field>

<field>
<field-bits>
<single>4</single>
</field-bits>
<field-name verilog="IDDQ">IDDQ</field-name>
<field-type>RW</field-type>
<field-default>0x0</field-default>
<field-desc>
<p><b>Power down when high to ensure the chip is IDDQ testable.</b></p>
<p>The digital post dividers are not affected. Can be asserted anytime.</p>
<p>Desassertion should be followed by an assertion of PLL reset.</p>
<p>When set to logic:</p>
<p>1: PLL is in power down</p>
<p>0: PLL operates normally.</p>
</field-desc>
</field>

<field>
<field-bits>
<single>3</single>
</field-bits>
<field-name verilog="ATMSB">ATMSB</field-name>
<field-type>RW</field-type>
<field-default>0x1</field-default>
<field-desc>
<p><b>The ATMSB bit selects the analog test mode for VCO</b></p>
<p>ATMSB bit is UNUSED and UNCONNECTED in PLL_WRAPPER_6N component</p>
<p>When set to logic:</p>
<p>1: VCO operates in normal mode.</p>
<p>0: Analog test mode is enabled.</p>
<p>Currently this bit has no usage in RTL.</p>
</field-desc>
</field>

<field>
<field-bits>
<single>2</single>
</field-bits>
<field-name verilog="OSC_CLK_EN">OSC_CLK_EN</field-name>
<field-type>RW</field-type>
<field-default>0x1</field-default>
<field-desc>
<p><b>This signal enables or gates the PLL output clock.</b></p>
<p>When set to logic:</p>
<p>1: The PLL output clock is enabled.</p>
<p>0: The PLL output clock is gated.</p>
</field-desc>
</field>

<field>
<field-bits>
<single>1</single>
</field-bits>
<field-name verilog="RESERVED">RESERVED</field-name>
<field-type>RO</field-type>
<field-default>0x0</field-default>
<field-desc><p><b>RESERVED</b></p></field-desc>
</field>

<field>
<field-bits>
<single>0</single>
</field-bits>
<field-name verilog="ENB">ENB</field-name>
<field-type>RW</field-type>
<field-default>0x0</field-default>
<field-desc>
<p><b>Active-low enable signal for PLL</b></p>
<p>When set to logic:</p>
<p>1: Entire PLL (except scan mode) is powered down (outputs (except SCANOUT) all held at 1'b0)</p>
<p>0: Entire PLL is enabled (unless scan mode is turned on SCANMODE=1)</p>
</field-desc>
</field>

</reg-def>
</tgroup>
</table>

<table id="table_PRE_DIVIDER_CFG_REG_SYS_DCSU">
<title><reg-name-main verilog="PRE_DIVIDER_CFG_REG">PREDIVCFG</reg-name-main> - <reg-desc>Pre-divider configuration register</reg-desc></title>
<tgroup cols="5">
<colspec colname="A" colwidth="111*" />
<colspec colname="B" colwidth="144*" />
<colspec colname="C" colwidth="101*" />
<colspec colname="D" colwidth="87*" />
<colspec colname="E" colwidth="557*" />
<thead>
<row>
<entry><p>Bit Field</p></entry>
<entry><p>Field Name</p></entry>
<entry><p>Type</p></entry>
<entry><p>Default Value</p></entry>
<entry><p>Description</p></entry>
</row>
</thead>

<reg-def>
<field>
<field-bits>
<double>
<msb>31</msb>
<lsb>6</lsb>
</double>
</field-bits>
<field-name verilog="RESERVED">RESERVED</field-name>
<field-type>RO</field-type>
<field-default>0x0</field-default>
<field-desc><p><b>RESERVED</b></p></field-desc>
</field>

<field>
<field-bits>
<double>
<msb>5</msb>
<lsb>0</lsb>
</double>
</field-bits>
<field-name verilog="PRE_DIV_BY">PRE_DIV_BY</field-name>
<field-type>RW</field-type>
<field-default>0x03</field-default>
<field-desc>
<p><b>Reference divide value (1 to 63)</b></p>
<p>INT mode: fout = (fref * FB_INT_DIV) / (PRE_DIV_BY * POSTDIV1 * POSTDIV2)</p>
<p>FRAC mode: fout = (fref / PRE_DIV_BY) * (FB_INT_DIV + (FB_FRAC_DIV / 2^24))/(POSTDIV1 * POSTDIV2)</p>
</field-desc>
</field>

</reg-def>
</tgroup>
</table>

<table id="table_POST_DIVIDER_UPDATE_REG_SYS_DCSU">
<title><reg-name-main verilog="POST_DIVIDER_UPDATE_REG">POSTDIVUP</reg-name-main> - <reg-desc>Post Divider Update Register</reg-desc></title>
<tgroup cols="5">
<colspec colname="A" colwidth="111*" />
<colspec colname="B" colwidth="144*" />
<colspec colname="C" colwidth="101*" />
<colspec colname="D" colwidth="87*" />
<colspec colname="E" colwidth="557*" />
<thead>
<row>
<entry><p>Bit Field</p></entry>
<entry><p>Field Name</p></entry>
<entry><p>Type</p></entry>
<entry><p>Default Value</p></entry>
<entry><p>Description</p></entry>
</row>
</thead>

<reg-def>
<field>
<field-bits>
<double>
<msb>31</msb>
<lsb>1</lsb>
</double>
</field-bits>
<field-name verilog="RESERVED">RESERVED</field-name>
<field-type>RO</field-type>
<field-default>0x0</field-default>
<field-desc><p><b>RESERVED</b></p></field-desc>
</field>

<field>
<field-bits>
<single>0</single>
</field-bits>
<field-name verilog="POST_UPDATE_EN">POSTUPDTEN</field-name>
<field-type>RW</field-type>
<field-default>0x0</field-default>
<field-desc>
<p><b>Enable signal to update configuration values of post divider circuits. To update post-divider configuration values;  First, update the values of the PSTDIVBY, PSTSYNCCNT, and  PSTSYNCEN registers then toggle POSTUPDTEN. The rising  edge of POSTUPDTEN causes the PLL_WRAPPER_6N to capture the new  configuration values and apply them to the post  dividers.</b></p>
<p>When set to logic:</p>
<p>1: Update enabled when rising edge is detected.</p>
<p>0: Update disabled</p>
</field-desc>
</field>

</reg-def>
</tgroup>
</table>

<table id="table_POST_DIVIDER_CTRL_REG_SYS_DCSU">
<title><reg-name-main verilog="POST_DIVIDER_CTRL_REG">POSTDIVCTRL</reg-name-main> - <reg-desc>Post Divider Control Register</reg-desc></title>
<tgroup cols="5">
<colspec colname="A" colwidth="111*" />
<colspec colname="B" colwidth="144*" />
<colspec colname="C" colwidth="101*" />
<colspec colname="D" colwidth="87*" />
<colspec colname="E" colwidth="557*" />
<thead>
<row>
<entry><p>Bit Field</p></entry>
<entry><p>Field Name</p></entry>
<entry><p>Type</p></entry>
<entry><p>Default Value</p></entry>
<entry><p>Description</p></entry>
</row>
</thead>

<reg-def>
<field>
<field-bits>
<double>
<msb>31</msb>
<lsb>24</lsb>
</double>
</field-bits>
<field-name verilog="SHIFT_CLK_SEL">SHFTCLKSEL</field-name>
<field-type>RW</field-type>
<field-default>0x00</field-default>
<field-desc>
<p><b>The shift clock select control (SHFTCLKSEL[n]) allows the SHIFT_CLK[n] to propagate through the PLL_WRAPPER_6N to the  associated CLK_OUT[n]. This capability is provided for AC and DC  scan testing of downstream blocks. When doing AC or DC scan,  SHFTCLKSEL should be asserted. See the integration section of  the engineering document for more details.</b></p>
<p>When set to logic:</p>
<p>1: SHIFT_CLK[n] is allowed to propagate to the CLK_OUT[n] output.</p>
<p>0: SHIFT_CLK[n] is gated.</p>
</field-desc>
</field>

<field>
<field-bits>
<double>
<msb>23</msb>
<lsb>16</lsb>
</double>
</field-bits>
<field-name verilog="AC_PULSE_REQ">ACPULSEREQ</field-name>
<field-type>RW</field-type>
<field-default>0x00</field-default>
<field-desc>
<p><b>When CLK_STOP[n] is asserted and a rising edge is detected on ACPULSEREQ[n], the output divider logic will  output 2 generated clock pulses. This capability is provided for  AC scan testing of downstream blocks. When doing AC scan, pin  control is used. This register was added as a diagnostic test  feature only.</b></p>
</field-desc>
</field>

<field>
<field-bits>
<double>
<msb>15</msb>
<lsb>8</lsb>
</double>
</field-bits>
<field-name verilog="CLK_STOP">CLK_STOP</field-name>
<field-type>RW</field-type>
<field-default>0xFD</field-default>
<field-desc>
<p><b>Provides the ability to glitchlessly stop the output clocks. Note that CLKBYPEN has precedence over this  register, therefore, if CLKBYPEN[n] is set to logic 1  refclk will be passed to the output independent of the state of  CLK_STOP[n].</b></p>
<p>When set to logic:</p>
<p>1: CLK_OUT[n] is glitchlessly stopped</p>
<p>0: CLK_OUT[n] is glitchlessly started</p>
</field-desc>
</field>

<field>
<field-bits>
<double>
<msb>7</msb>
<lsb>0</lsb>
</double>
</field-bits>
<field-name verilog="CLK_BYPASS_EN">CLKBYPEN</field-name>
<field-type>RW</field-type>
<field-default>0x00</field-default>
<field-desc>
<p><b>Controls whether or not REFCLK is output on the PLL_WRAPPER_6N clock outputs. Any switching between REFCLK and the generated  clock is "glitchless".</b></p>
<p>When set to logic:</p>
<p>1: A buffered version of REFCLK is output on CLK_OUT[n]</p>
<p>0: PLL_WRAPPER_6N generated clock is output on CLK_OUT[n]</p>
</field-desc>
</field>

</reg-def>
</tgroup>
</table>

<table id="table_POST_DIVIDER_CFG_REG_1_SYS_DCSU">
<title><reg-name-main verilog="POST_DIVIDER_CFG_REG_1">POSTDIVCFG1</reg-name-main> - <reg-desc>Post divider configuration register 1</reg-desc></title>
<tgroup cols="5">
<colspec colname="A" colwidth="111*" />
<colspec colname="B" colwidth="144*" />
<colspec colname="C" colwidth="101*" />
<colspec colname="D" colwidth="87*" />
<colspec colname="E" colwidth="557*" />
<thead>
<row>
<entry><p>Bit Field</p></entry>
<entry><p>Field Name</p></entry>
<entry><p>Type</p></entry>
<entry><p>Default Value</p></entry>
<entry><p>Description</p></entry>
</row>
</thead>

<reg-def>
<field>
<field-bits>
<double>
<msb>31</msb>
<lsb>16</lsb>
</double>
</field-bits>
<field-name verilog="RESERVED">RESERVED</field-name>
<field-type>RO</field-type>
<field-default>0x0</field-default>
<field-desc><p><b>RESERVED</b></p></field-desc>
</field>

<field>
<field-bits>
<double>
<msb>15</msb>
<lsb>8</lsb>
</double>
</field-bits>
<field-name verilog="POST_SYNC_EN">PSTSYNCEN</field-name>
<field-type>RW</field-type>
<field-default>0x00</field-default>
<field-desc>
<p><b>Active-high enable signal for CLK synchronization on corresponding CLK_OUT outputs. For example, to synchronize  CLK_OUT[0] and CLK_OUT[1] then PSTSYNCEN should be set to  8'b00000011.</b></p>
</field-desc>
</field>

<field>
<field-bits>
<double>
<msb>7</msb>
<lsb>6</lsb>
</double>
</field-bits>
<field-name verilog="RESERVED">RESERVED</field-name>
<field-type>RO</field-type>
<field-default>0x0</field-default>
<field-desc><p><b>RESERVED</b></p></field-desc>
</field>

<field>
<field-bits>
<double>
<msb>5</msb>
<lsb>0</lsb>
</double>
</field-bits>
<field-name verilog="POST_SYNC_CNT">PSTSYNCCNT</field-name>
<field-type>RW</field-type>
<field-default>0x00</field-default>
<field-desc>
<p><b>Post divider synchronizer count value is used to align the CLK_OUTs that are taking part in the synchronized  clock function.</b></p>
<p>PSTSYNCCNT must be set to one less than the least common multiple of the CLK_OUT divide values for the output  clocks to be synchronized. For example, if we are synchronizing  CLK_OUT[0] and CLK_OUT[1] and the two clocks are dividing by 2  and 3 respectively, the least common multiple of 2 and 3 is 6.  Therefore, we would program PSTSYNCCNT to be 0x05.</p>
</field-desc>
</field>

</reg-def>
</tgroup>
</table>

<table id="table_POST_DIVIDER_CFG_REG_2_SYS_DCSU">
<title><reg-name-main verilog="POST_DIVIDER_CFG_REG_2">POSTDIVCFG2</reg-name-main> - <reg-desc>Post divider configuration register 2</reg-desc></title>
<tgroup cols="5">
<colspec colname="A" colwidth="111*" />
<colspec colname="B" colwidth="144*" />
<colspec colname="C" colwidth="101*" />
<colspec colname="D" colwidth="87*" />
<colspec colname="E" colwidth="557*" />
<thead>
<row>
<entry><p>Bit Field</p></entry>
<entry><p>Field Name</p></entry>
<entry><p>Type</p></entry>
<entry><p>Default Value</p></entry>
<entry><p>Description</p></entry>
</row>
</thead>

<reg-def>
<field>
<field-bits>
<double>
<msb>31</msb>
<lsb>30</lsb>
</double>
</field-bits>
<field-name verilog="RESERVED">RESERVED</field-name>
<field-type>RO</field-type>
<field-default>0x0</field-default>
<field-desc><p><b>RESERVED</b></p></field-desc>
</field>

<field>
<field-bits>
<double>
<msb>29</msb>
<lsb>24</lsb>
</double>
</field-bits>
<field-name verilog="POST_DIV_BY3">PSTDIVBY3</field-name>
<field-type>RW</field-type>
<field-default>0x00</field-default>
<field-desc>
<p><b>PSTDIVBY3 sets the divider value for the PLL_WRAPPER_6N output divider on CLK_OUT[3]. The divider value is given by:  PSTDIVBY3+1.</b></p>
</field-desc>
</field>

<field>
<field-bits>
<double>
<msb>23</msb>
<lsb>22</lsb>
</double>
</field-bits>
<field-name verilog="RESERVED">RESERVED</field-name>
<field-type>RO</field-type>
<field-default>0x0</field-default>
<field-desc><p><b>RESERVED</b></p></field-desc>
</field>

<field>
<field-bits>
<double>
<msb>21</msb>
<lsb>16</lsb>
</double>
</field-bits>
<field-name verilog="POST_DIV_BY2">PSTDIVBY2</field-name>
<field-type>RW</field-type>
<field-default>0x00</field-default>
<field-desc>
<p><b>PSTDIVBY2 sets the divider value for the PLL_WRAPPER_6N output divider on CLK_OUT[2]. The divider value is given by:  PSTDIVBY2+1.</b></p>
</field-desc>
</field>

<field>
<field-bits>
<double>
<msb>15</msb>
<lsb>14</lsb>
</double>
</field-bits>
<field-name verilog="RESERVED">RESERVED</field-name>
<field-type>RO</field-type>
<field-default>0x0</field-default>
<field-desc><p><b>RESERVED</b></p></field-desc>
</field>

<field>
<field-bits>
<double>
<msb>13</msb>
<lsb>8</lsb>
</double>
</field-bits>
<field-name verilog="POST_DIV_BY1">PSTDIVBY1</field-name>
<field-type>RW</field-type>
<field-default>0x03</field-default>
<field-desc>
<p><b>PSTDIVBY1 sets the divider value for the PLL_WRAPPER_6N output divider on CLK_OUT[1]. The divider value is given by:  PSTDIVBY1+1.</b></p>
</field-desc>
</field>

<field>
<field-bits>
<double>
<msb>7</msb>
<lsb>6</lsb>
</double>
</field-bits>
<field-name verilog="RESERVED">RESERVED</field-name>
<field-type>RO</field-type>
<field-default>0x0</field-default>
<field-desc><p><b>RESERVED</b></p></field-desc>
</field>

<field>
<field-bits>
<double>
<msb>5</msb>
<lsb>0</lsb>
</double>
</field-bits>
<field-name verilog="POST_DIV_BY0">PSTDIVBY0</field-name>
<field-type>RW</field-type>
<field-default>0x00</field-default>
<field-desc>
<p><b>PSTDIVBY0 sets the divider value for the PLL_WRAPPER_6N output divider on CLK_OUT[0]. The divider value is given by:  PSTDIVBY0+1.</b></p>
</field-desc>
</field>

</reg-def>
</tgroup>
</table>

<table id="table_POST_DIVIDER_CFG_REG_3_SYS_DCSU">
<title><reg-name-main verilog="POST_DIVIDER_CFG_REG_3">POSTDIVCFG3</reg-name-main> - <reg-desc>Post divider configuration register 3</reg-desc></title>
<tgroup cols="5">
<colspec colname="A" colwidth="111*" />
<colspec colname="B" colwidth="144*" />
<colspec colname="C" colwidth="101*" />
<colspec colname="D" colwidth="87*" />
<colspec colname="E" colwidth="557*" />
<thead>
<row>
<entry><p>Bit Field</p></entry>
<entry><p>Field Name</p></entry>
<entry><p>Type</p></entry>
<entry><p>Default Value</p></entry>
<entry><p>Description</p></entry>
</row>
</thead>

<reg-def>
<field>
<field-bits>
<double>
<msb>31</msb>
<lsb>30</lsb>
</double>
</field-bits>
<field-name verilog="RESERVED">RESERVED</field-name>
<field-type>RO</field-type>
<field-default>0x0</field-default>
<field-desc><p><b>RESERVED</b></p></field-desc>
</field>

<field>
<field-bits>
<double>
<msb>29</msb>
<lsb>24</lsb>
</double>
</field-bits>
<field-name verilog="POST_DIV_BY7">PSTDIVBY7</field-name>
<field-type>RW</field-type>
<field-default>0x00</field-default>
<field-desc>
<p><b>PSTDIVBY7 sets the divider value for the PLL_WRAPPER_6N output divider on CLK_OUT[7]. The divider value is given by:  PSTDIVBY7+1.</b></p>
</field-desc>
</field>

<field>
<field-bits>
<double>
<msb>23</msb>
<lsb>22</lsb>
</double>
</field-bits>
<field-name verilog="RESERVED">RESERVED</field-name>
<field-type>RO</field-type>
<field-default>0x0</field-default>
<field-desc><p><b>RESERVED</b></p></field-desc>
</field>

<field>
<field-bits>
<double>
<msb>21</msb>
<lsb>16</lsb>
</double>
</field-bits>
<field-name verilog="POST_DIV_BY6">PSTDIVBY6</field-name>
<field-type>RW</field-type>
<field-default>0x00</field-default>
<field-desc>
<p><b>PSTDIVBY6 sets the divider value for the PLL_WRAPPER_6N output divider on CLK_OUT[6]. The divider value is given by:  PSTDIVBY6+1.</b></p>
</field-desc>
</field>

<field>
<field-bits>
<double>
<msb>15</msb>
<lsb>14</lsb>
</double>
</field-bits>
<field-name verilog="RESERVED">RESERVED</field-name>
<field-type>RO</field-type>
<field-default>0x0</field-default>
<field-desc><p><b>RESERVED</b></p></field-desc>
</field>

<field>
<field-bits>
<double>
<msb>13</msb>
<lsb>8</lsb>
</double>
</field-bits>
<field-name verilog="POST_DIV_BY5">PSTDIVBY5</field-name>
<field-type>RW</field-type>
<field-default>0x00</field-default>
<field-desc>
<p><b>PSTDIVBY5 sets the divider value for the PLL_WRAPPER_6N output divider on CLK_OUT[5]. The divider value is given by:  PSTDIVBY5+1.</b></p>
</field-desc>
</field>

<field>
<field-bits>
<double>
<msb>7</msb>
<lsb>6</lsb>
</double>
</field-bits>
<field-name verilog="RESERVED">RESERVED</field-name>
<field-type>RO</field-type>
<field-default>0x0</field-default>
<field-desc><p><b>RESERVED</b></p></field-desc>
</field>

<field>
<field-bits>
<double>
<msb>5</msb>
<lsb>0</lsb>
</double>
</field-bits>
<field-name verilog="POST_DIV_BY4">PSTDIVBY4</field-name>
<field-type>RW</field-type>
<field-default>0x00</field-default>
<field-desc>
<p><b>PSTDIVBY4 sets the divider value for the PLL_WRAPPER_6N output divider on CLK_OUT[4]. The divider value is given by:  PSTDIVBY4+1.</b></p>
</field-desc>
</field>

</reg-def>
</tgroup>
</table>

<table id="table_FB_DIV_CFG_REG_SYS_DCSU">
<title><reg-name-main verilog="FB_DIV_CFG_REG">FB_DIV_CFG_REG</reg-name-main> - <reg-desc>FB_DIV Configuration Register</reg-desc></title>
<tgroup cols="5">
<colspec colname="A" colwidth="111*" />
<colspec colname="B" colwidth="144*" />
<colspec colname="C" colwidth="101*" />
<colspec colname="D" colwidth="87*" />
<colspec colname="E" colwidth="557*" />
<thead>
<row>
<entry><p>Bit Field</p></entry>
<entry><p>Field Name</p></entry>
<entry><p>Type</p></entry>
<entry><p>Default Value</p></entry>
<entry><p>Description</p></entry>
</row>
</thead>

<reg-def>
<field>
<field-bits>
<double>
<msb>31</msb>
<lsb>12</lsb>
</double>
</field-bits>
<field-name verilog="RESERVED">RESERVED</field-name>
<field-type>RO</field-type>
<field-default>0x0</field-default>
<field-desc><p><b>RESERVED</b></p></field-desc>
</field>

<field>
<field-bits>
<double>
<msb>11</msb>
<lsb>0</lsb>
</double>
</field-bits>
<field-name verilog="FB_INT_DIV">FB_INT_DIV</field-name>
<field-type>RW</field-type>
<field-default>0x03C</field-default>
<field-desc>
<p><b>PLL Feedback divide value.</b></p>
<p>Feedback divide in INT mode: 16 to 4095).</p>
<p>Feedback divide in FRAC mode: 20 to 4095).</p>
<p>INT mode: fout = (fref * FB_INT_DIV) / (PRE_DIV_BY * POSTDIV1 * POSTDIV2)</p>
<p>FRAC mode: fout = (fref / PRE_DIV_BY) * (FB_INT_DIV + (FB_FRAC_DIV / 2^24))/(POSTDIV1 * POSTDIV2)</p>
</field-desc>
</field>

</reg-def>
</tgroup>
</table>

<table id="table_DCSU_INT_VAL_REG_SYS_DCSU">
<title><reg-name-main verilog="DCSU_INT_VAL_REG">DCSU_INT_VAL_REG</reg-name-main> - <reg-desc>DCSU Interrupt Value Register</reg-desc></title>
<tgroup cols="5">
<colspec colname="A" colwidth="111*" />
<colspec colname="B" colwidth="144*" />
<colspec colname="C" colwidth="101*" />
<colspec colname="D" colwidth="87*" />
<colspec colname="E" colwidth="557*" />
<thead>
<row>
<entry><p>Bit Field</p></entry>
<entry><p>Field Name</p></entry>
<entry><p>Type</p></entry>
<entry><p>Default Value</p></entry>
<entry><p>Description</p></entry>
</row>
</thead>

<reg-def>
<field>
<field-bits>
<double>
<msb>31</msb>
<lsb>1</lsb>
</double>
</field-bits>
<field-name verilog="RESERVED">RESERVED</field-name>
<field-type>RO</field-type>
<field-default>0x0</field-default>
<field-desc><p><b>RESERVED</b></p></field-desc>
</field>

<field>
<field-bits>
<single>0</single>
</field-bits>
<field-name verilog="LOCK_V">LOCK_V</field-name>
<field-type>RO</field-type>
<field-default>0x0</field-default>
<field-desc>
<p><b>Indicates whether PLL_WRAPPER_6N has locked to REFCLK or not</b></p>
<p>When read as logic:</p>
<p>1: PLL_WRAPPER_6N has locked to REFCLK</p>
<p>0: PLL_WRAPPER_6N is searching for phase/frequency lock</p>
</field-desc>
</field>

</reg-def>
</tgroup>
</table>

<table id="table_DCSU_INT_STAT_REG_SYS_DCSU">
<title><reg-name-main verilog="DCSU_INT_STAT_REG">DCSUINTSTAT</reg-name-main> - <reg-desc>DCSU Interrupt Status Register</reg-desc></title>
<tgroup cols="5">
<colspec colname="A" colwidth="111*" />
<colspec colname="B" colwidth="144*" />
<colspec colname="C" colwidth="101*" />
<colspec colname="D" colwidth="87*" />
<colspec colname="E" colwidth="557*" />
<thead>
<row>
<entry><p>Bit Field</p></entry>
<entry><p>Field Name</p></entry>
<entry><p>Type</p></entry>
<entry><p>Default Value</p></entry>
<entry><p>Description</p></entry>
</row>
</thead>

<reg-def>
<field>
<field-bits>
<double>
<msb>31</msb>
<lsb>1</lsb>
</double>
</field-bits>
<field-name verilog="RESERVED">RESERVED</field-name>
<field-type>RO</field-type>
<field-default>0x0</field-default>
<field-desc><p><b>RESERVED</b></p></field-desc>
</field>

<field>
<field-bits>
<single>0</single>
</field-bits>
<field-name verilog="LOCK_I">LOCK_I</field-name>
<field-type>RW</field-type>
<field-default>0x0</field-default>
<field-desc>
<p><b>The lock interrupt bit is an event indicator that may be processed via interrupt or polling. When read as  logic:</b></p>
<p>1: LOCK_V status has changed</p>
<p>0: No event has occurred.</p>
<p>When WCIMODE is set to 0, the LOCK_I bit is cleared when the PLL_WRAPPER_6N_INTERRUPTS register is read. When WCIMODE is set  to 1, the LOCK_I bit is cleared when LOCK_I is set to 1 through  a register write.</p>
</field-desc>
</field>

</reg-def>
</tgroup>
</table>

<table id="table_DCSU_INT_EN_REG_SYS_DCSU">
<title><reg-name-main verilog="DCSU_INT_EN_REG">DCSU_INT_EN_REG</reg-name-main> - <reg-desc>DCSU Interrupt Enable Register</reg-desc></title>
<tgroup cols="5">
<colspec colname="A" colwidth="111*" />
<colspec colname="B" colwidth="144*" />
<colspec colname="C" colwidth="101*" />
<colspec colname="D" colwidth="87*" />
<colspec colname="E" colwidth="557*" />
<thead>
<row>
<entry><p>Bit Field</p></entry>
<entry><p>Field Name</p></entry>
<entry><p>Type</p></entry>
<entry><p>Default Value</p></entry>
<entry><p>Description</p></entry>
</row>
</thead>

<reg-def>
<field>
<field-bits>
<double>
<msb>31</msb>
<lsb>1</lsb>
</double>
</field-bits>
<field-name verilog="RESERVED">RESERVED</field-name>
<field-type>RO</field-type>
<field-default>0x0</field-default>
<field-desc><p><b>RESERVED</b></p></field-desc>
</field>

<field>
<field-bits>
<single>0</single>
</field-bits>
<field-name verilog="LOCK_E">LOCK_E</field-name>
<field-type>RW</field-type>
<field-default>0x0</field-default>
<field-desc>
<p><b>The Lock Enable bit is an interrupt enable for the LOCK_I bit.</b></p>
<p>When set to logic:</p>
<p>1: The LOCK_I bit will be propagated to the interrupt pin to allow interrupt processing.</p>
<p>0: The LOCK_I bit can only be processed through polling.</p>
</field-desc>
</field>

</reg-def>
</tgroup>
</table>

<table audience="MSCCInternal" id="table_BIST_CFG_REG_1_SYS_DCSU">
<title><reg-name-main verilog="BIST_CFG_REG_1">BIST_CFG_REG_1</reg-name-main> - <reg-desc>Bist Configuration Register 1</reg-desc></title>
<tgroup cols="5">
<colspec colname="A" colwidth="111*" />
<colspec colname="B" colwidth="144*" />
<colspec colname="C" colwidth="101*" />
<colspec colname="D" colwidth="87*" />
<colspec colname="E" colwidth="557*" />
<thead>
<row>
<entry><p>Bit Field</p></entry>
<entry><p>Field Name</p></entry>
<entry><p>Type</p></entry>
<entry><p>Default Value</p></entry>
<entry><p>Description</p></entry>
</row>
</thead>

<reg-def>
<field>
<field-bits>
<double>
<msb>31</msb>
<lsb>26</lsb>
</double>
</field-bits>
<field-name verilog="RESERVED">RESERVED</field-name>
<field-type>RO</field-type>
<field-default>0x0</field-default>
<field-desc><p><b>RESERVED</b></p></field-desc>
</field>

<field>
<field-bits>
<double>
<msb>25</msb>
<lsb>16</lsb>
</double>
</field-bits>
<field-name verilog="MEAS_PERIOD">MEASPERIOD</field-name>
<field-type>RW</field-type>
<field-default>0x0</field-default>
<field-desc>
<p><b>Sets the number of refclk cycles spent on each tap during DCO BIST test. Refer to BIST section of the PLL_WRAPPER_6N  engineering document for more details on how to configure this  register.</b></p>
</field-desc>
</field>

<field>
<field-bits>
<double>
<msb>15</msb>
<lsb>7</lsb>
</double>
</field-bits>
<field-name verilog="RESERVED">RESERVED</field-name>
<field-type>RO</field-type>
<field-default>0x0</field-default>
<field-desc><p><b>RESERVED</b></p></field-desc>
</field>

<field>
<field-bits>
<double>
<msb>6</msb>
<lsb>5</lsb>
</double>
</field-bits>
<field-name verilog="BIST_CNT_RESULT">BISTCNTRSL</field-name>
<field-type>RO</field-type>
<field-default>0x0</field-default>
<field-desc>
<p><b>Indicates the results of the comparison between the final count in the BIST test and the BISTCNTMIN and  BISTCNTMAX registers.</b></p>
<p>When read as logic:</p>
<p>00: DCO BIST counter was between BISTCNTMIN and BISTCNTMAX.</p>
<p>01: DCO BIST counter was less than BISTCNTMIN.</p>
<p>10: DCO BIST counter was greater than BISTCNTMAX.</p>
<p>11: reserved.</p>
</field-desc>
</field>

<field>
<field-bits>
<single>4</single>
</field-bits>
<field-name verilog="BIST_ERROR">BIST_ERROR</field-name>
<field-type>RO</field-type>
<field-default>0x0</field-default>
<field-desc>
<p><b>Indicates whether the DCO BIST counters overran due to a too large measurement period. This bit should only be read  after BIST_DONE is set to 1.</b></p>
<p>When read as logic:</p>
<p>1: DCO BIST counters overran creating an error.</p>
<p>0: DCO BIST counters did not overrun.</p>
</field-desc>
</field>

<field>
<field-bits>
<single>3</single>
</field-bits>
<field-name verilog="BIST_PASS">BIST_PASS</field-name>
<field-type>RO</field-type>
<field-default>0x1</field-default>
<field-desc>
<p><b>Indicates whether the DCO BIST test completed successfully. This bit should only be read after BIST_DONE is  set to 1.</b></p>
<p>When read as logic:</p>
<p>1: DCO BIST test is completed successfully.</p>
<p>0: DCO BIST test failed.</p>
</field-desc>
</field>

<field>
<field-bits>
<single>2</single>
</field-bits>
<field-name verilog="BIST_DONE">BIST_DONE</field-name>
<field-type>RO</field-type>
<field-default>0x0</field-default>
<field-desc>
<p><b>Indicates that the DCO BIST test has completed. This bit will be set low after both BIST_EN and BIST_START are set to  logic 1, it will clear with the BIST test has  completed.</b></p>
<p>When read as logic:</p>
<p>1: DCO BIST test is complete and BIST result can be read from the BIST_RESULT register.</p>
<p>0: DCO BIST test is in progress.</p>
</field-desc>
</field>

<field>
<field-bits>
<single>1</single>
</field-bits>
<field-name verilog="BIST_START">BIST_START</field-name>
<field-type>RW</field-type>
<field-default>0x0</field-default>
<field-desc>
<p><b>Starts the DCO BIST test. Before setting this bit to 1, ensure that the MEASPERIOD, BIST_START_TAP and BIST_END_TAP  registers have been programmed and are stable. As well, this bit  is only valid when BIST_EN is set to logic 1.</b></p>
<p>A rising edge on BIST_START will start the DCO BIST test.</p>
</field-desc>
</field>

<field>
<field-bits>
<single>0</single>
</field-bits>
<field-name verilog="BIST_EN">BIST_EN</field-name>
<field-type>RW</field-type>
<field-default>0x0</field-default>
<field-desc>
<p><b>Enables the DCO BIST logic. Before setting this bit to logic 1, ensure that the MEASPERIOD register has been  programmed and is stable.</b></p>
<p>BIST module is UNUSED in PLL_WRAPPER_6N component</p>
<p>When set to logic:</p>
<p>1: DCO BIST logic is enabled.</p>
<p>0: DCO BIST logic is disabled.</p>
</field-desc>
</field>

</reg-def>
</tgroup>
</table>

<table audience="MSCCInternal" id="table_BIST_CFG_REG_2_SYS_DCSU">
<title><reg-name-main verilog="BIST_CFG_REG_2">BIST_CFG_REG_2</reg-name-main> - <reg-desc>Bist Configuration Register 2</reg-desc></title>
<tgroup cols="5">
<colspec colname="A" colwidth="111*" />
<colspec colname="B" colwidth="144*" />
<colspec colname="C" colwidth="101*" />
<colspec colname="D" colwidth="87*" />
<colspec colname="E" colwidth="557*" />
<thead>
<row>
<entry><p>Bit Field</p></entry>
<entry><p>Field Name</p></entry>
<entry><p>Type</p></entry>
<entry><p>Default Value</p></entry>
<entry><p>Description</p></entry>
</row>
</thead>

<reg-def>
<field>
<field-bits>
<double>
<msb>31</msb>
<lsb>24</lsb>
</double>
</field-bits>
<field-name verilog="RESERVED">RESERVED</field-name>
<field-type>RO</field-type>
<field-default>0x0</field-default>
<field-desc><p><b>RESERVED</b></p></field-desc>
</field>

<field>
<field-bits>
<double>
<msb>23</msb>
<lsb>16</lsb>
</double>
</field-bits>
<field-name verilog="END_TAP">END_TAP</field-name>
<field-type>RW</field-type>
<field-default>0xC7</field-default>
<field-desc>
<p><b>Sets the ending DCO delay line tap for the DCO BIST test. Normally, DCO BIST ends on tap 319 (the highest possible  tap). Refer to BIST section of the PLL_WRAPPER_6N engineering document  for more details on how to configure this register.</b></p>
</field-desc>
</field>

<field>
<field-bits>
<double>
<msb>15</msb>
<lsb>8</lsb>
</double>
</field-bits>
<field-name verilog="RESERVED">RESERVED</field-name>
<field-type>RO</field-type>
<field-default>0x0</field-default>
<field-desc><p><b>RESERVED</b></p></field-desc>
</field>

<field>
<field-bits>
<double>
<msb>7</msb>
<lsb>0</lsb>
</double>
</field-bits>
<field-name verilog="START_TAP">START_TAP</field-name>
<field-type>RW</field-type>
<field-default>0x0</field-default>
<field-desc>
<p><b>Sets the starting DCO delay line tap for the DCO BIST test. Normally, DCO BIST starts on tap 0. Refer to BIST section  of the PLL_WRAPPER_6N engineering document for more details on how to  configure this register.</b></p>
</field-desc>
</field>

</reg-def>
</tgroup>
</table>

<table audience="MSCCInternal" id="table_BIST_CFG_REG_3_SYS_DCSU">
<title><reg-name-main verilog="BIST_CFG_REG_3">BIST_CFG_REG_3</reg-name-main> - <reg-desc>Bist Configuration Register 3</reg-desc></title>
<tgroup cols="5">
<colspec colname="A" colwidth="111*" />
<colspec colname="B" colwidth="144*" />
<colspec colname="C" colwidth="101*" />
<colspec colname="D" colwidth="87*" />
<colspec colname="E" colwidth="557*" />
<thead>
<row>
<entry><p>Bit Field</p></entry>
<entry><p>Field Name</p></entry>
<entry><p>Type</p></entry>
<entry><p>Default Value</p></entry>
<entry><p>Description</p></entry>
</row>
</thead>

<reg-def>
<field>
<field-bits>
<double>
<msb>31</msb>
<lsb>20</lsb>
</double>
</field-bits>
<field-name verilog="RESERVED">RESERVED</field-name>
<field-type>RO</field-type>
<field-default>0x0</field-default>
<field-desc><p><b>RESERVED</b></p></field-desc>
</field>

<field>
<field-bits>
<double>
<msb>19</msb>
<lsb>0</lsb>
</double>
</field-bits>
<field-name verilog="BIST_CNT_MIN">BISTCNTMIN</field-name>
<field-type>RW</field-type>
<field-default>0x0</field-default>
<field-desc>
<p><b>Sets the lower limit of the comparison at the end of the BIST test. When the BIST test completes, the final count  value is compared against BISTCNTMIN and BISTCNTMAX, the  results are shown in the BISTCNTRSL register.</b></p>
</field-desc>
</field>

</reg-def>
</tgroup>
</table>

<table audience="MSCCInternal" id="table_BIST_CFG_REG_4_SYS_DCSU">
<title><reg-name-main verilog="BIST_CFG_REG_4">BIST_CFG_REG_4</reg-name-main> - <reg-desc>Bist Configuration Register 4</reg-desc></title>
<tgroup cols="5">
<colspec colname="A" colwidth="111*" />
<colspec colname="B" colwidth="144*" />
<colspec colname="C" colwidth="101*" />
<colspec colname="D" colwidth="87*" />
<colspec colname="E" colwidth="557*" />
<thead>
<row>
<entry><p>Bit Field</p></entry>
<entry><p>Field Name</p></entry>
<entry><p>Type</p></entry>
<entry><p>Default Value</p></entry>
<entry><p>Description</p></entry>
</row>
</thead>

<reg-def>
<field>
<field-bits>
<double>
<msb>31</msb>
<lsb>20</lsb>
</double>
</field-bits>
<field-name verilog="RESERVED">RESERVED</field-name>
<field-type>RO</field-type>
<field-default>0x0</field-default>
<field-desc><p><b>RESERVED</b></p></field-desc>
</field>

<field>
<field-bits>
<double>
<msb>19</msb>
<lsb>0</lsb>
</double>
</field-bits>
<field-name verilog="BIST_CNT_MAX">BISTCNTMAX</field-name>
<field-type>RW</field-type>
<field-default>0x0</field-default>
<field-desc>
<p><b>Sets the upper limit of the comparison at the end of the BIST test. When the BIST test completes, the final count  value is compared against BISTCNTMIN and BISTCNTMAX, the  results are shown in the BISTCNTRSL register.</b></p>
</field-desc>
</field>

</reg-def>
</tgroup>
</table>

<table audience="MSCCInternal" id="table_COMP_ID_REG_SYS_DCSU">
<title><reg-name-main verilog="COMP_ID_REG">COMP_ID_REG</reg-name-main> - <reg-desc>Comp ID Register</reg-desc></title>
<tgroup cols="5">
<colspec colname="A" colwidth="111*" />
<colspec colname="B" colwidth="144*" />
<colspec colname="C" colwidth="101*" />
<colspec colname="D" colwidth="87*" />
<colspec colname="E" colwidth="557*" />
<thead>
<row>
<entry><p>Bit Field</p></entry>
<entry><p>Field Name</p></entry>
<entry><p>Type</p></entry>
<entry><p>Default Value</p></entry>
<entry><p>Description</p></entry>
</row>
</thead>

<reg-def>
<field>
<field-bits>
<single>31</single>
</field-bits>
<field-name verilog="COMPONENT_ID_TEST">COMPIDTEST</field-name>
<field-type>RW</field-type>
<field-default>0x0</field-default>
<field-desc>
<p><b>This R/W bit allows PE the ability to perform both read and write accesses to the component id  register.</b></p>
</field-desc>
</field>

<field>
<field-bits>
<double>
<msb>30</msb>
<lsb>0</lsb>
</double>
</field-bits>
<field-name verilog="COMPONENT_ID">COMPID</field-name>
<field-type>RO</field-type>
<field-default>0x17D9CAA8</field-default>
<field-desc>
<p><b>The component id bit stores a unique binary component identifier.</b></p>
</field-desc>
</field>

</reg-def>
</tgroup>
</table>

<table audience="MSCCInternal" id="table_POST_DIVIDER_STAT_REG_1_SYS_DCSU">
<title><reg-name-main verilog="POST_DIVIDER_STAT_REG_1">POSTDIVSTAT1</reg-name-main> - <reg-desc>Post divider status register 1</reg-desc></title>
<tgroup cols="5">
<colspec colname="A" colwidth="111*" />
<colspec colname="B" colwidth="144*" />
<colspec colname="C" colwidth="101*" />
<colspec colname="D" colwidth="87*" />
<colspec colname="E" colwidth="557*" />
<thead>
<row>
<entry><p>Bit Field</p></entry>
<entry><p>Field Name</p></entry>
<entry><p>Type</p></entry>
<entry><p>Default Value</p></entry>
<entry><p>Description</p></entry>
</row>
</thead>

<reg-def>
<field>
<field-bits>
<double>
<msb>31</msb>
<lsb>30</lsb>
</double>
</field-bits>
<field-name verilog="RESERVED">RESERVED</field-name>
<field-type>RO</field-type>
<field-default>0x0</field-default>
<field-desc><p><b>RESERVED</b></p></field-desc>
</field>

<field>
<field-bits>
<double>
<msb>29</msb>
<lsb>24</lsb>
</double>
</field-bits>
<field-name verilog="POST_DIV_BY3_RD">PDIVBY3RD</field-name>
<field-type>RO</field-type>
<field-default>0x00</field-default>
<field-desc>
<p><b>This is a status register containing the last loaded PSTDIVBY3 value of the post divider.</b></p>
</field-desc>
</field>

<field>
<field-bits>
<double>
<msb>23</msb>
<lsb>22</lsb>
</double>
</field-bits>
<field-name verilog="RESERVED">RESERVED</field-name>
<field-type>RO</field-type>
<field-default>0x0</field-default>
<field-desc><p><b>RESERVED</b></p></field-desc>
</field>

<field>
<field-bits>
<double>
<msb>21</msb>
<lsb>16</lsb>
</double>
</field-bits>
<field-name verilog="POST_DIV_BY2_RD">PDIVBY2RD</field-name>
<field-type>RO</field-type>
<field-default>0x00</field-default>
<field-desc>
<p><b>This is a status register containing the last loaded PSTDIVBY2 value of the post divider.</b></p>
</field-desc>
</field>

<field>
<field-bits>
<double>
<msb>15</msb>
<lsb>14</lsb>
</double>
</field-bits>
<field-name verilog="RESERVED">RESERVED</field-name>
<field-type>RO</field-type>
<field-default>0x0</field-default>
<field-desc><p><b>RESERVED</b></p></field-desc>
</field>

<field>
<field-bits>
<double>
<msb>13</msb>
<lsb>8</lsb>
</double>
</field-bits>
<field-name verilog="POST_DIV_BY1_RD">PDIVBY1RD</field-name>
<field-type>RO</field-type>
<field-default>0x03</field-default>
<field-desc>
<p><b>This is a status register containing the last loaded PSTDIVBY1 value of the post divider.</b></p>
</field-desc>
</field>

<field>
<field-bits>
<double>
<msb>7</msb>
<lsb>6</lsb>
</double>
</field-bits>
<field-name verilog="RESERVED">RESERVED</field-name>
<field-type>RO</field-type>
<field-default>0x0</field-default>
<field-desc><p><b>RESERVED</b></p></field-desc>
</field>

<field>
<field-bits>
<double>
<msb>5</msb>
<lsb>0</lsb>
</double>
</field-bits>
<field-name verilog="POST_DIV_BY0_RD">PDIVBY0RD</field-name>
<field-type>RO</field-type>
<field-default>0x00</field-default>
<field-desc>
<p><b>This is a status register containing the last loaded PSTDIVBY0 value of the post divider.</b></p>
</field-desc>
</field>

</reg-def>
</tgroup>
</table>

<table audience="MSCCInternal" id="table_POST_DIVIDER_STAT_REG_2_SYS_DCSU">
<title><reg-name-main verilog="POST_DIVIDER_STAT_REG_2">POSTDIVSTAT2</reg-name-main> - <reg-desc>Post divider status register 2</reg-desc></title>
<tgroup cols="5">
<colspec colname="A" colwidth="111*" />
<colspec colname="B" colwidth="144*" />
<colspec colname="C" colwidth="101*" />
<colspec colname="D" colwidth="87*" />
<colspec colname="E" colwidth="557*" />
<thead>
<row>
<entry><p>Bit Field</p></entry>
<entry><p>Field Name</p></entry>
<entry><p>Type</p></entry>
<entry><p>Default Value</p></entry>
<entry><p>Description</p></entry>
</row>
</thead>

<reg-def>
<field>
<field-bits>
<double>
<msb>31</msb>
<lsb>30</lsb>
</double>
</field-bits>
<field-name verilog="RESERVED">RESERVED</field-name>
<field-type>RO</field-type>
<field-default>0x0</field-default>
<field-desc><p><b>RESERVED</b></p></field-desc>
</field>

<field>
<field-bits>
<double>
<msb>29</msb>
<lsb>24</lsb>
</double>
</field-bits>
<field-name verilog="POST_DIV_BY7_RD">PDIVBY7RD</field-name>
<field-type>RO</field-type>
<field-default>0x00</field-default>
<field-desc>
<p><b>This is a status register containing the last loaded PSTDIVBY7 value of the post divider.</b></p>
</field-desc>
</field>

<field>
<field-bits>
<double>
<msb>23</msb>
<lsb>22</lsb>
</double>
</field-bits>
<field-name verilog="RESERVED">RESERVED</field-name>
<field-type>RO</field-type>
<field-default>0x0</field-default>
<field-desc><p><b>RESERVED</b></p></field-desc>
</field>

<field>
<field-bits>
<double>
<msb>21</msb>
<lsb>16</lsb>
</double>
</field-bits>
<field-name verilog="POST_DIV_BY6_RD">PDIVBY6RD</field-name>
<field-type>RO</field-type>
<field-default>0x00</field-default>
<field-desc>
<p><b>This is a status register containing the last loaded PSTDIVBY6 value of the post divider.</b></p>
</field-desc>
</field>

<field>
<field-bits>
<double>
<msb>15</msb>
<lsb>14</lsb>
</double>
</field-bits>
<field-name verilog="RESERVED">RESERVED</field-name>
<field-type>RO</field-type>
<field-default>0x0</field-default>
<field-desc><p><b>RESERVED</b></p></field-desc>
</field>

<field>
<field-bits>
<double>
<msb>13</msb>
<lsb>8</lsb>
</double>
</field-bits>
<field-name verilog="POST_DIV_BY5_RD">PDIVBY5RD</field-name>
<field-type>RO</field-type>
<field-default>0x00</field-default>
<field-desc>
<p><b>This is a status register containing the last loaded PSTDIVBY5 value of the post divider.</b></p>
</field-desc>
</field>

<field>
<field-bits>
<double>
<msb>7</msb>
<lsb>6</lsb>
</double>
</field-bits>
<field-name verilog="RESERVED">RESERVED</field-name>
<field-type>RO</field-type>
<field-default>0x0</field-default>
<field-desc><p><b>RESERVED</b></p></field-desc>
</field>

<field>
<field-bits>
<double>
<msb>5</msb>
<lsb>0</lsb>
</double>
</field-bits>
<field-name verilog="POST_DIV_BY4_RD">PDIVBY4RD</field-name>
<field-type>RO</field-type>
<field-default>0x00</field-default>
<field-desc>
<p><b>This is a status register containing the last loaded PSTDIVBY4 value of the post divider.</b></p>
</field-desc>
</field>

</reg-def>
</tgroup>
</table>

<table id="table_FB_FRAC_DIV_CFG_REG_SYS_DCSU">
<title><reg-name-main verilog="FB_FRAC_DIV_CFG_REG">FB_FRAC_DIV_CFG_REG</reg-name-main> - <reg-desc>FB_FRAC_DIV Configuration Register</reg-desc></title>
<tgroup cols="5">
<colspec colname="A" colwidth="111*" />
<colspec colname="B" colwidth="144*" />
<colspec colname="C" colwidth="101*" />
<colspec colname="D" colwidth="87*" />
<colspec colname="E" colwidth="557*" />
<thead>
<row>
<entry><p>Bit Field</p></entry>
<entry><p>Field Name</p></entry>
<entry><p>Type</p></entry>
<entry><p>Default Value</p></entry>
<entry><p>Description</p></entry>
</row>
</thead>

<reg-def>
<field>
<field-bits>
<double>
<msb>31</msb>
<lsb>24</lsb>
</double>
</field-bits>
<field-name verilog="RESERVED">RESERVED</field-name>
<field-type>RO</field-type>
<field-default>0x0</field-default>
<field-desc><p><b>RESERVED</b></p></field-desc>
</field>

<field>
<field-bits>
<double>
<msb>23</msb>
<lsb>0</lsb>
</double>
</field-bits>
<field-name verilog="FB_FRAC_DIV">FB_FRAC_DIV</field-name>
<field-type>RW</field-type>
<field-default>0x000000</field-default>
<field-desc>
<p><b>Fractional portion of feedback divide value.</b></p>
<p>INT mode: fout = (fref * FB_INT_DIV) / (PRE_DIV_BY * POSTDIV1 * POSTDIV2)</p>
<p>FRAC mode: fout = (fref / PRE_DIV_BY) * (FB_INT_DIV + (FB_FRAC_DIV / 2^24))/(POSTDIV1 * POSTDIV2)</p>
</field-desc>
</field>

</reg-def>
</tgroup>
</table>

<table id="table_PLL_CTRL_SYS_DCSU">
<title><reg-name-main verilog="PLL_CTRL">PLL_CTRL</reg-name-main> - <reg-desc>PLL Control</reg-desc></title>
<tgroup cols="5">
<colspec colname="A" colwidth="111*" />
<colspec colname="B" colwidth="144*" />
<colspec colname="C" colwidth="101*" />
<colspec colname="D" colwidth="87*" />
<colspec colname="E" colwidth="557*" />
<thead>
<row>
<entry><p>Bit Field</p></entry>
<entry><p>Field Name</p></entry>
<entry><p>Type</p></entry>
<entry><p>Default Value</p></entry>
<entry><p>Description</p></entry>
</row>
</thead>

<reg-def>
<field>
<field-bits>
<double>
<msb>31</msb>
<lsb>9</lsb>
</double>
</field-bits>
<field-name verilog="RESERVED">RESERVED</field-name>
<field-type>RO</field-type>
<field-default>0x0</field-default>
<field-desc><p><b>RESERVED</b></p></field-desc>
</field>

<field>
<field-bits>
<double>
<msb>8</msb>
<lsb>5</lsb>
</double>
</field-bits>
<field-name verilog="PLL_FOUT_DBG_SEL">PLL_FOUT_DBG_SEL</field-name>
<field-type>RW</field-type>
<field-default>0x0</field-default>
<field-desc>
<p><b>Select signal for PLL clock output used for debugging.</b></p>
<p>By default, this field will be set to 0 so that FOUTP will be used  from the PLL as an input to the POST DIVIDER module, to branch out  into 8 clocks, clk_out[7:0].</p>
<p>If other values are assigned to this field, the selected fout from PLL will then be used as an input to the POST DIVIDER module.</p>
<p>The mapping for this field is shown below.</p>
<p>4'b0001 : FOUTN</p>
<p>4'b0010 : FOUT2</p>
<p>4'b0011 : FOUT3</p>
<p>4'b0100 : FOUT4</p>
<p>4'b0101 : FOUT1PH0</p>
<p>4'b0110 : FOUT1PH90</p>
<p>4'b0111 : FOUT1PH180</p>
<p>4'b1000 : FOUT1PH270</p>
<p>4'b1001 : CLKSSCG</p>
<p>4'b1010 : FOUTPOSTDIV</p>
<p>default :1'b0 </p>
</field-desc>
</field>

<field>
<field-bits>
<single>4</single>
</field-bits>
<field-name verilog="FOUT_POST_DIV_EN">FOUT_POST_DIV_EN</field-name>
<field-type>RW</field-type>
<field-default>0x0</field-default>
<field-desc>
<p><b>Post divide power down.</b></p>
<p>0 -&gt; FOUTPOSTDIV, 4-phase, and synchronous clocks are powered down (outputs held at 1'b0)</p>
<p>1 -&gt; FOUTPOSTDIV, 4-phase, and synchronous clocks are enabled VDDPOST power domain, SVT</p>
</field-desc>
</field>

<field>
<field-bits>
<single>3</single>
</field-bits>
<field-name verilog="FOUT_4_PHASE_EN">FOUT_4_PHASE_EN</field-name>
<field-type>RW</field-type>
<field-default>0x0</field-default>
<field-desc>
<p><b>Enable of 4 phase clock generator.</b></p>
<p>4 phase output is also powered down if FOUTPOSTDIVEN=1'b0.</p>
<p>0 -&gt; 4-phase and synchronous clocks are powered down (outputs held at 1'b0).</p>
<p>1 -&gt; 4-phase and synchronous clocks are enabled VDDPOST power domain, SVT.</p>
</field-desc>
</field>

<field>
<field-bits>
<single>2</single>
</field-bits>
<field-name verilog="PLL_BYPASS_EN">PLL_BYPASS_EN</field-name>
<field-type>RW</field-type>
<field-default>0x0</field-default>
<field-desc>
<p><b>0 -&gt; Post divided VCO is output on FOUTPOSTDIV.</b></p>
<p>1 -&gt; FREF is bypassed to FOUTPOSTDIV when FOUTPOSTDIVEN=1</p>
</field-desc>
</field>

<field>
<field-bits>
<single>1</single>
</field-bits>
<field-name verilog="DSMEN">DSMEN</field-name>
<field-type>RW</field-type>
<field-default>0x0</field-default>
<field-desc>
<p><b>Enable Delta-Sigma Modulator. When set to logic:</b></p>
<p>1: DSM is active (fractional mode)</p>
<p>0: DSM is powered down (integer mode)</p>
</field-desc>
</field>

<field>
<field-bits>
<single>0</single>
</field-bits>
<field-name verilog="DACEN">DACEN</field-name>
<field-type>RW</field-type>
<field-default>0x1</field-default>
<field-desc>
<p><b>Enable fractional noise canceling DAC in FRAC mode (this has no function in integer mode)</b></p>
<p>0 : Fractional noise canceling DAC is not active (test mode only)</p>
<p>1 : Fractional noise canceling DAC is active (default mode)</p>
</field-desc>
</field>

</reg-def>
</tgroup>
</table>

<table id="table_PLL_POST_DIV_CFG_SYS_DCSU">
<title><reg-name-main verilog="PLL_POST_DIV_CFG">PLL_POST_DIV_CFG</reg-name-main> - <reg-desc>PLL_POST_DIV_CFG</reg-desc></title>
<tgroup cols="5">
<colspec colname="A" colwidth="111*" />
<colspec colname="B" colwidth="144*" />
<colspec colname="C" colwidth="101*" />
<colspec colname="D" colwidth="87*" />
<colspec colname="E" colwidth="557*" />
<thead>
<row>
<entry><p>Bit Field</p></entry>
<entry><p>Field Name</p></entry>
<entry><p>Type</p></entry>
<entry><p>Default Value</p></entry>
<entry><p>Description</p></entry>
</row>
</thead>

<reg-def>
<field>
<field-bits>
<double>
<msb>31</msb>
<lsb>6</lsb>
</double>
</field-bits>
<field-name verilog="RESERVED">RESERVED</field-name>
<field-type>RO</field-type>
<field-default>0x0</field-default>
<field-desc><p><b>RESERVED</b></p></field-desc>
</field>

<field>
<field-bits>
<double>
<msb>5</msb>
<lsb>3</lsb>
</double>
</field-bits>
<field-name verilog="POST_DIV2">POST_DIV2</field-name>
<field-type>RW</field-type>
<field-default>0x0</field-default>
<field-desc>
<p><b>PLL post divide 2 setting (1 to 7), POSTDIV2=0 is unused.</b></p>
<p>Total post divide is POSTDIV1*POSTDIV2, POSTDIV1 &gt;= POSTDIV2</p>
</field-desc>
</field>

<field>
<field-bits>
<double>
<msb>2</msb>
<lsb>0</lsb>
</double>
</field-bits>
<field-name verilog="POST_DIV1">POST_DIV1</field-name>
<field-type>RW</field-type>
<field-default>0x0</field-default>
<field-desc>
<p><b>PLL post divide 1 setting (1 to 7), POSTDIV1=0 is unused.</b></p>
<p>Total post divide is POSTDIV1*POSTDIV2, POSTDIV1 &gt;= POSTDIV2</p>
</field-desc>
</field>

</reg-def>
</tgroup>
</table>

<table id="table_FLD_CONFIG_1_SYS_DCSU">
<title><reg-name-main verilog="FLD_CONFIG_1">FLD_CONFIG_1</reg-name-main> - <reg-desc>FLD_CONFIG_1</reg-desc></title>
<tgroup cols="5">
<colspec colname="A" colwidth="111*" />
<colspec colname="B" colwidth="144*" />
<colspec colname="C" colwidth="101*" />
<colspec colname="D" colwidth="87*" />
<colspec colname="E" colwidth="557*" />
<thead>
<row>
<entry><p>Bit Field</p></entry>
<entry><p>Field Name</p></entry>
<entry><p>Type</p></entry>
<entry><p>Default Value</p></entry>
<entry><p>Description</p></entry>
</row>
</thead>

<reg-def>
<field>
<field-bits>
<double>
<msb>31</msb>
<lsb>7</lsb>
</double>
</field-bits>
<field-name verilog="RESERVED">RESERVED</field-name>
<field-type>RO</field-type>
<field-default>0x0</field-default>
<field-desc><p><b>RESERVED</b></p></field-desc>
</field>

<field>
<field-bits>
<single>6</single>
</field-bits>
<field-name verilog="FLD_EN">FLD_EN</field-name>
<field-type>RW</field-type>
<field-default>0x0</field-default>
<field-desc>
<p><b>Active High Enable signal to the frequence lock detector block (FLD).</b></p>
<p>0b0 - FLD Block is disabled(software reset is asserted).</p>
<p>0b1 - FLD Block is enabled(software reset is de-asserted).</p>
</field-desc>
</field>

<field>
<field-bits>
<single>5</single>
</field-bits>
<field-name verilog="RESERVED">RESERVED</field-name>
<field-type>RO</field-type>
<field-default>0x0</field-default>
<field-desc><p><b>RESERVED</b></p></field-desc>
</field>

<field>
<field-bits>
<single>4</single>
</field-bits>
<field-name verilog="FLD_LOAD_CLK_CNTRS">FLD_LOAD_CLK_CNTRS</field-name>
<field-type>RW</field-type>
<field-default>0x0</field-default>
<field-desc>
<p><b>Load the two clock counters(REFCLK and DIVCLK) with FLD_CLK_CNT_MAX value.</b></p>
<p>Ensure assertion of this signal to be long enough, such that it gets sampled on both the master(REFCLK) and slave(DIVCLK) domain.</p>
<p>0b0 - The two clock counters are not updated with the FLD_CLK_CNT_MAX value.</p>
<p>0b1 - Loads the two clock counters with the FLD_CLK_CNT_MAX value.</p>
</field-desc>
</field>

<field>
<field-bits>
<double>
<msb>3</msb>
<lsb>2</lsb>
</double>
</field-bits>
<field-name verilog="RESERVED">RESERVED</field-name>
<field-type>RO</field-type>
<field-default>0x0</field-default>
<field-desc><p><b>RESERVED</b></p></field-desc>
</field>

<field>
<field-bits>
<single>1</single>
</field-bits>
<field-name verilog="FLD_PPM_OFF_RD_REQ">FLD_PPM_OFF_RD_REQ</field-name>
<field-type>RW</field-type>
<field-default>0x0</field-default>
<field-desc>
<p><b>FLD_PPM_OFF_RD_REQ is used to take the snapshot of the offset difference between the counters.</b></p>
<p>FLD_PPM_OFF_RD_VAL is updated when FLD_PPM_OFF_RD_REQ is asserted.</p>
<p>Firmware should to write 0b1 into this field and wait until this bit is cleared by the FLD. Then read the counter  values from FLD_PPM_OFF_RD_VAL.</p>
</field-desc>
</field>

<field>
<field-bits>
<single>0</single>
</field-bits>
<field-name verilog="FLD_RESET_HISTORY">FLD_RESET_HISTORY</field-name>
<field-type>RW</field-type>
<field-default>0x0</field-default>
<field-desc>
<p><b>Used to reset the pass/fail counters. When set to 1 it resets the outputs FLD_IN_RANGE_N_PASSES/FLD_IN_RANGE_FAILS  interrupts. Reset history is a static input.</b></p>
</field-desc>
</field>

</reg-def>
</tgroup>
</table>

<table id="table_FLD_CONFIG_2_SYS_DCSU">
<title><reg-name-main verilog="FLD_CONFIG_2">FLD_CONFIG_2</reg-name-main> - <reg-desc>FLD_CONFIG_2</reg-desc></title>
<tgroup cols="5">
<colspec colname="A" colwidth="111*" />
<colspec colname="B" colwidth="144*" />
<colspec colname="C" colwidth="101*" />
<colspec colname="D" colwidth="87*" />
<colspec colname="E" colwidth="557*" />
<thead>
<row>
<entry><p>Bit Field</p></entry>
<entry><p>Field Name</p></entry>
<entry><p>Type</p></entry>
<entry><p>Default Value</p></entry>
<entry><p>Description</p></entry>
</row>
</thead>

<reg-def>
<field>
<field-bits>
<double>
<msb>31</msb>
<lsb>16</lsb>
</double>
</field-bits>
<field-name verilog="RESERVED">RESERVED</field-name>
<field-type>RO</field-type>
<field-default>0x0</field-default>
<field-desc><p><b>RESERVED</b></p></field-desc>
</field>

<field>
<field-bits>
<double>
<msb>15</msb>
<lsb>0</lsb>
</double>
</field-bits>
<field-name verilog="FLD_CLK_CNT_MAX">FLD_CLK_CNT_MAX</field-name>
<field-type>RW</field-type>
<field-default>0x02710</field-default>
<field-desc>
<p><b>FLD_CLK_CNT_MAX [15:0] denotes the number of refclk cycles that the REFCLK counter counts before comparing with the  DIVCLK counter value. FLD_CLK_CNT_MAX is used during phase  acquisition and normal operation. FLD_CLK_CNT_MAX is a static  input.</b></p>
</field-desc>
</field>

</reg-def>
</tgroup>
</table>

<table id="table_FLD_CONFIG_3_SYS_DCSU">
<title><reg-name-main verilog="FLD_CONFIG_3">FLD_CONFIG_3</reg-name-main> - <reg-desc>FLD_CONFIG_3</reg-desc></title>
<tgroup cols="5">
<colspec colname="A" colwidth="111*" />
<colspec colname="B" colwidth="144*" />
<colspec colname="C" colwidth="101*" />
<colspec colname="D" colwidth="87*" />
<colspec colname="E" colwidth="557*" />
<thead>
<row>
<entry><p>Bit Field</p></entry>
<entry><p>Field Name</p></entry>
<entry><p>Type</p></entry>
<entry><p>Default Value</p></entry>
<entry><p>Description</p></entry>
</row>
</thead>

<reg-def>
<field>
<field-bits>
<double>
<msb>31</msb>
<lsb>28</lsb>
</double>
</field-bits>
<field-name verilog="FLD_LOCK_PRECISION">FLD_LOCK_PRECISION</field-name>
<field-type>RW</field-type>
<field-default>0x0</field-default>
<field-desc>
<p><b>Defines the precision between divclk and refclk to generate the lock condition. This input is considered to be  static. This signal is used in the DIVCLK domain.</b></p>
</field-desc>
</field>

<field>
<field-bits>
<double>
<msb>27</msb>
<lsb>24</lsb>
</double>
</field-bits>
<field-name verilog="FLD_LOCK_CNT_MAX">FLD_LOCK_CNT_MAX</field-name>
<field-type>RW</field-type>
<field-default>0x1</field-default>
<field-desc>
<p><b>Denotes the number of consecutive "LOCK" detections to assert the LOCKB signal. This input is considered  static.</b></p>
</field-desc>
</field>

<field>
<field-bits>
<double>
<msb>23</msb>
<lsb>22</lsb>
</double>
</field-bits>
<field-name verilog="RESERVED">RESERVED</field-name>
<field-type>RO</field-type>
<field-default>0x0</field-default>
<field-desc><p><b>RESERVED</b></p></field-desc>
</field>

<field>
<field-bits>
<double>
<msb>21</msb>
<lsb>12</lsb>
</double>
</field-bits>
<field-name verilog="FLD_PASS_CNT_MAX">FLD_PASS_CNT_MAX</field-name>
<field-type>RW</field-type>
<field-default>0x001</field-default>
<field-desc>
<p><b>Denotes the number of "LOCK" detections to assert IN_RANGE_N_PASS signal. This input is considered  static.</b></p>
</field-desc>
</field>

<field>
<field-bits>
<double>
<msb>11</msb>
<lsb>10</lsb>
</double>
</field-bits>
<field-name verilog="RESERVED">RESERVED</field-name>
<field-type>RO</field-type>
<field-default>0x0</field-default>
<field-desc><p><b>RESERVED</b></p></field-desc>
</field>

<field>
<field-bits>
<double>
<msb>9</msb>
<lsb>0</lsb>
</double>
</field-bits>
<field-name verilog="FLD_FAIL_CNT_MAX">FLD_FAIL_CNT_MAX</field-name>
<field-type>RW</field-type>
<field-default>0x1F4</field-default>
<field-desc>
<p><b>Denotes the number of "NO LOCK" detections to assert IN_RANGE_N_FAILS signal. This input is considered  static.</b></p>
</field-desc>
</field>

</reg-def>
</tgroup>
</table>

<table id="table_FLD_LOCK_DET_STAT_SYS_DCSU">
<title><reg-name-main verilog="FLD_LOCK_DET_STAT">FLD_LOCK_DET_STAT</reg-name-main> - <reg-desc>FLD_LOCK_DET_STAT</reg-desc></title>
<tgroup cols="5">
<colspec colname="A" colwidth="111*" />
<colspec colname="B" colwidth="144*" />
<colspec colname="C" colwidth="101*" />
<colspec colname="D" colwidth="87*" />
<colspec colname="E" colwidth="557*" />
<thead>
<row>
<entry><p>Bit Field</p></entry>
<entry><p>Field Name</p></entry>
<entry><p>Type</p></entry>
<entry><p>Default Value</p></entry>
<entry><p>Description</p></entry>
</row>
</thead>

<reg-def>
<field>
<field-bits>
<double>
<msb>31</msb>
<lsb>17</lsb>
</double>
</field-bits>
<field-name verilog="RESERVED">RESERVED</field-name>
<field-type>RO</field-type>
<field-default>0x0</field-default>
<field-desc><p><b>RESERVED</b></p></field-desc>
</field>

<field>
<field-bits>
<double>
<msb>16</msb>
<lsb>0</lsb>
</double>
</field-bits>
<field-name verilog="FLD_PPM_OFF_RD_VAL">FLD_PPM_OFF_RD_VAL</field-name>
<field-type>RO</field-type>
<field-default>0x000000</field-default>
<field-desc>
<p><b>Snapshot of the offset difference between the counters (from refclk and divclk clock domains). This register  is updated upon FLD_PPM_OFF_RD_REQ. Note that FLD_PPM_OFF_RD_REQ  is a self-clearing bit. The register value is valid when  FLD_PPM_OFF_RD_REQ is cleared.</b></p>
</field-desc>
</field>

</reg-def>
</tgroup>
</table>

<table id="table_FLD_INT_REG_SYS_DCSU">
<title><reg-name-main verilog="FLD_INT_REG">FLD_INT_REG</reg-name-main> - <reg-desc>FLD_INT_REG</reg-desc></title>
<tgroup cols="5">
<colspec colname="A" colwidth="111*" />
<colspec colname="B" colwidth="144*" />
<colspec colname="C" colwidth="101*" />
<colspec colname="D" colwidth="87*" />
<colspec colname="E" colwidth="557*" />
<thead>
<row>
<entry><p>Bit Field</p></entry>
<entry><p>Field Name</p></entry>
<entry><p>Type</p></entry>
<entry><p>Default Value</p></entry>
<entry><p>Description</p></entry>
</row>
</thead>

<reg-def>
<field>
<field-bits>
<double>
<msb>31</msb>
<lsb>6</lsb>
</double>
</field-bits>
<field-name verilog="RESERVED">RESERVED</field-name>
<field-type>RO</field-type>
<field-default>0x0</field-default>
<field-desc><p><b>RESERVED</b></p></field-desc>
</field>

<field>
<field-bits>
<single>5</single>
</field-bits>
<field-name verilog="FLD_PPM_OFF_UPD_I">FLD_PPM_OFF_UPD_I</field-name>
<field-type>RW</field-type>
<field-default>0x0</field-default>
<field-desc>
<p><b>Interrupt status for ppm_offset</b></p>
</field-desc>
</field>

<field>
<field-bits>
<single>4</single>
</field-bits>
<field-name verilog="FLD_DIVCLK_DEAD_I">FLD_DIVCLK_DEAD_I</field-name>
<field-type>RW</field-type>
<field-default>0x0</field-default>
<field-desc>
<p><b>Frequency lock detect failed to detect an active divided clock.</b></p>
</field-desc>
</field>

<field>
<field-bits>
<single>3</single>
</field-bits>
<field-name verilog="FLD_IN_RANGE_N_FAILS_I">FLD_IN_RANGE_N_FAILS_I</field-name>
<field-type>RW</field-type>
<field-default>0x0</field-default>
<field-desc>
<p><b>Frequency lock detect engine detected N lock faillures.</b></p>
</field-desc>
</field>

<field>
<field-bits>
<single>2</single>
</field-bits>
<field-name verilog="FLD_IN_RANGE_N_PASSES_I">FLD_IN_RANGE_N_PASSES_I</field-name>
<field-type>RW</field-type>
<field-default>0x0</field-default>
<field-desc>
<p><b>Frequency lock detect engine detected N locks.</b></p>
</field-desc>
</field>

<field>
<field-bits>
<single>1</single>
</field-bits>
<field-name verilog="FLD_LOCK_LOSS_I">FLD_LOCK_LOSS_I</field-name>
<field-type>RW</field-type>
<field-default>0x1</field-default>
<field-desc>
<p><b>Frequency lock detect engine detected lock loss.</b></p>
</field-desc>
</field>

<field>
<field-bits>
<single>0</single>
</field-bits>
<field-name verilog="FLD_LOCK_GAIN_I">FLD_LOCK_GAIN_I</field-name>
<field-type>RW</field-type>
<field-default>0x0</field-default>
<field-desc>
<p><b>Frequency lock detect engine detected lock gain.</b></p>
</field-desc>
</field>

</reg-def>
</tgroup>
</table>

<table id="table_FLD_INT_EN_REG_SYS_DCSU">
<title><reg-name-main verilog="FLD_INT_EN_REG">FLD_INT_EN_REG</reg-name-main> - <reg-desc>FLD_INT_EN_REG</reg-desc></title>
<tgroup cols="5">
<colspec colname="A" colwidth="111*" />
<colspec colname="B" colwidth="144*" />
<colspec colname="C" colwidth="101*" />
<colspec colname="D" colwidth="87*" />
<colspec colname="E" colwidth="557*" />
<thead>
<row>
<entry><p>Bit Field</p></entry>
<entry><p>Field Name</p></entry>
<entry><p>Type</p></entry>
<entry><p>Default Value</p></entry>
<entry><p>Description</p></entry>
</row>
</thead>

<reg-def>
<field>
<field-bits>
<double>
<msb>31</msb>
<lsb>6</lsb>
</double>
</field-bits>
<field-name verilog="RESERVED">RESERVED</field-name>
<field-type>RO</field-type>
<field-default>0x0</field-default>
<field-desc><p><b>RESERVED</b></p></field-desc>
</field>

<field>
<field-bits>
<single>5</single>
</field-bits>
<field-name verilog="FLD_PPM_OFF_UPD_E">FLD_PPM_OFF_UPD_E</field-name>
<field-type>RW</field-type>
<field-default>0x0</field-default>
<field-desc>
<p><b>Interrupt status for ppm_offset</b></p>
</field-desc>
</field>

<field>
<field-bits>
<single>4</single>
</field-bits>
<field-name verilog="FLD_DIVCLK_DEAD_E">FLD_DIVCLK_DEAD_E</field-name>
<field-type>RW</field-type>
<field-default>0x0</field-default>
<field-desc>
<p><b>Frequency lock detect failed to detect an active divided clock.</b></p>
</field-desc>
</field>

<field>
<field-bits>
<single>3</single>
</field-bits>
<field-name verilog="FLD_IN_RANGE_N_FAILS_E">FLD_IN_RANGE_N_FAILS_E</field-name>
<field-type>RW</field-type>
<field-default>0x0</field-default>
<field-desc>
<p><b>Frequency lock detect engine detected N lock faillures.</b></p>
</field-desc>
</field>

<field>
<field-bits>
<single>2</single>
</field-bits>
<field-name verilog="FLD_IN_RANGE_N_PASSES_E">FLD_IN_RANGE_N_PASSES_E</field-name>
<field-type>RW</field-type>
<field-default>0x0</field-default>
<field-desc>
<p><b>Frequency lock detect engine detected N locks.</b></p>
</field-desc>
</field>

<field>
<field-bits>
<single>1</single>
</field-bits>
<field-name verilog="FLD_LOCK_LOSS_E">FLD_LOCK_LOSS_E</field-name>
<field-type>RW</field-type>
<field-default>0x0</field-default>
<field-desc>
<p><b>Frequency lock detect engine detected lock loss.</b></p>
</field-desc>
</field>

<field>
<field-bits>
<single>0</single>
</field-bits>
<field-name verilog="FLD_LOCK_GAIN_E">FLD_LOCK_GAIN_E</field-name>
<field-type>RW</field-type>
<field-default>0x0</field-default>
<field-desc>
<p><b>Frequency lock detect engine detected lock gain.</b></p>
</field-desc>
</field>

</reg-def>
</tgroup>
</table>

<table id="table_FLD_INT_STAT_REG_SYS_DCSU">
<title><reg-name-main verilog="FLD_INT_STAT_REG">FLD_INT_STAT_REG</reg-name-main> - <reg-desc>FLD_INT_STAT_REG</reg-desc></title>
<tgroup cols="5">
<colspec colname="A" colwidth="111*" />
<colspec colname="B" colwidth="144*" />
<colspec colname="C" colwidth="101*" />
<colspec colname="D" colwidth="87*" />
<colspec colname="E" colwidth="557*" />
<thead>
<row>
<entry><p>Bit Field</p></entry>
<entry><p>Field Name</p></entry>
<entry><p>Type</p></entry>
<entry><p>Default Value</p></entry>
<entry><p>Description</p></entry>
</row>
</thead>

<reg-def>
<field>
<field-bits>
<double>
<msb>31</msb>
<lsb>6</lsb>
</double>
</field-bits>
<field-name verilog="RESERVED">RESERVED</field-name>
<field-type>RO</field-type>
<field-default>0x0</field-default>
<field-desc><p><b>RESERVED</b></p></field-desc>
</field>

<field>
<field-bits>
<single>5</single>
</field-bits>
<field-name verilog="FLD_PPM_OFF_UPD_V">FLD_PPM_OFF_UPD_V</field-name>
<field-type>RO</field-type>
<field-default>0x0</field-default>
<field-desc>
<p><b>Interrupt status for ppm_offset</b></p>
</field-desc>
</field>

<field>
<field-bits>
<single>4</single>
</field-bits>
<field-name verilog="FLD_DIVCLK_DEAD_V">FLD_DIVCLK_DEAD_V</field-name>
<field-type>RO</field-type>
<field-default>0x0</field-default>
<field-desc>
<p><b>Frequency lock detect failed to detect an active divided clock.</b></p>
</field-desc>
</field>

<field>
<field-bits>
<single>3</single>
</field-bits>
<field-name verilog="FLD_IN_RANGE_N_FAILS_V">FLD_IN_RANGE_N_FAILS_V</field-name>
<field-type>RO</field-type>
<field-default>0x0</field-default>
<field-desc>
<p><b>Frequency lock detect engine detected N lock faillures.</b></p>
</field-desc>
</field>

<field>
<field-bits>
<single>2</single>
</field-bits>
<field-name verilog="FLD_IN_RANGE_N_PASSES_V">FLD_IN_RANGE_N_PASSES_V</field-name>
<field-type>RO</field-type>
<field-default>0x0</field-default>
<field-desc>
<p><b>Frequency lock detect engine detected N locks.</b></p>
</field-desc>
</field>

<field>
<field-bits>
<single>1</single>
</field-bits>
<field-name verilog="FLD_LOCK_LOSS_V">FLD_LOCK_LOSS_V</field-name>
<field-type>RO</field-type>
<field-default>0x1</field-default>
<field-desc>
<p><b>Frequency lock detect engine detected lock loss.</b></p>
</field-desc>
</field>

<field>
<field-bits>
<single>0</single>
</field-bits>
<field-name verilog="FLD_LOCK_GAIN_V">FLD_LOCK_GAIN_V</field-name>
<field-type>RO</field-type>
<field-default>0x0</field-default>
<field-desc>
<p><b>Frequency lock detect engine detected lock gain.</b></p>
</field-desc>
</field>

</reg-def>
</tgroup>
</table>

<table id="table_FLD_LOCK_DET_STAT_2_SYS_DCSU">
<title><reg-name-main verilog="FLD_LOCK_DET_STAT_2">FLD_LOCK_DET_STAT_2</reg-name-main> - <reg-desc>FLD_LOCK_DET_STAT_2</reg-desc></title>
<tgroup cols="5">
<colspec colname="A" colwidth="111*" />
<colspec colname="B" colwidth="144*" />
<colspec colname="C" colwidth="101*" />
<colspec colname="D" colwidth="87*" />
<colspec colname="E" colwidth="557*" />
<thead>
<row>
<entry><p>Bit Field</p></entry>
<entry><p>Field Name</p></entry>
<entry><p>Type</p></entry>
<entry><p>Default Value</p></entry>
<entry><p>Description</p></entry>
</row>
</thead>

<reg-def>
<field>
<field-bits>
<double>
<msb>31</msb>
<lsb>17</lsb>
</double>
</field-bits>
<field-name verilog="RESERVED">RESERVED</field-name>
<field-type>RO</field-type>
<field-default>0x0</field-default>
<field-desc><p><b>RESERVED</b></p></field-desc>
</field>

<field>
<field-bits>
<double>
<msb>16</msb>
<lsb>0</lsb>
</double>
</field-bits>
<field-name verilog="FLD_PPM_OFFSET_VAL">FLD_PPM_OFFSET_VAL</field-name>
<field-type>RO</field-type>
<field-default>0x000000</field-default>
<field-desc>
<p><b>2's complement value of the PPM difference between the clocks.</b></p>
</field-desc>
</field>

</reg-def>
</tgroup>
</table>

<p />
</body>
</topic>