<?xml version="1.0" encoding="UTF-8"?>
<!-- Date Stamp: Tue Oct 24 14:44:21 IST 2023 -->
<!DOCTYPE topic PUBLIC "-//OASIS//DTD DITA 1.2 Topic//EN"
"topic.dtd">
<topic base="base" id="DCSU_reg_addr">
  <title>DCSU Register Address Map</title>

  <body>
    <p/>

    <table id="table_DCSU_Address_Map_Table_0j84vx1un">
      <title>DCSU Address Map Table</title>

      <tgroup cols="3">
        <colspec colwidth="148*"/>

        <colspec colwidth="218*"/>

        <colspec colwidth="634*"/>

        <thead>
          <row>
            <entry><p>Offset Address</p></entry>

            <entry><p>Register Mnemonic </p></entry>

            <entry><p>Register Description </p></entry>
          </row>
        </thead>

        <address-map>
          <register-reference>
            <address>0x00000</address>

            <addr-element>
              <address-prefix>PLL0_</address-prefix>
            </addr-element>

            <address-details>
              <p><xref
              href="dcsu_fccpu_reg_addr.xml#FCCPU_DCSU_addr/FCCPU_DCSU_addr_table_00">FCCPU
              DCSU Registers</xref></p>
            </address-details>
          </register-reference>

          <register-reference>
            <address>0x10000</address>

            <addr-element>
              <address-prefix>PLL1_</address-prefix>
            </addr-element>

            <address-details>
              <p><xref
              href="dcsu_fc3_reg_addr.xml#FC3_DCSU_addr/FC3_DCSU_addr_table_00">FC3
              DCSU Registers</xref></p>
            </address-details>
          </register-reference>

            <register-reference>
            <address>0x20000</address>

            <addr-element>
              <address-prefix>PLL2_</address-prefix>
            </addr-element>

            <address-details>
              <p><xref
              href="dcsu_fc2_reg_addr.xml#FC2_DCSU_addr/FC2_DCSU_addr_table_00">FC2
              DCSU Registers</xref></p>
            </address-details>
          </register-reference>


          <register-reference>
            <address>0x30000</address>

            <addr-element>
              <address-prefix>PLL3_</address-prefix>
            </addr-element>

            <address-details>
              <p><xref
              href="dcsu_fc1_reg_addr.xml#FC1_DCSU_addr/FC1_DCSU_addr_table_00">FC1
              DCSU Registers</xref></p>
            </address-details>
          </register-reference>

          <register-reference>
            <address>0x40000</address>

            <addr-element>
              <address-prefix>PLL4_</address-prefix>
            </addr-element>

            <address-details>
              <p><xref
              href="dcsu_fc0_reg_addr.xml#FC0_DCSU_addr/FC0_DCSU_addr_table_00">FC0
              DCSU Registers</xref></p>
            </address-details>
          </register-reference>

        <register-reference>
            <address>0x50000</address>

            <addr-element>
              <address-prefix>PLL5_</address-prefix>
            </addr-element>

            <address-details>
              <p><xref
              href="dcsu_sys_reg_addr.xml#SYS_DCSU_addr/SYS_DCSU_addr_table_00">SYS
              DCSU Registers</xref></p>
            </address-details>
          </register-reference>

         <register-reference>
            <address>0x60000</address>

            <addr-element>
              <address-prefix>PLL6_</address-prefix>
            </addr-element>

            <address-details>
              <p><xref
              href="dcsu_cpu_reg_addr.xml#CPU_DCSU_addr/CPU_DCSU_addr_table_00">CPU
              DCSU Registers</xref></p>
            </address-details>
          </register-reference>

          <register-reference>
            <address>0x70000</address>

            <addr-element>
              <address-prefix>PLL7_</address-prefix>
            </addr-element>

            <address-details>
              <p><xref
              href="dcsu_ccn_reg_addr.xml#CCN_DCSU_addr/CCN_DCSU_addr_table_00">CCN
              DCSU Registers</xref></p>
            </address-details>
          </register-reference>

          <register-reference>
            <address>0x80000</address>

            <addr-element>
              <address-prefix>PLL8_</address-prefix>
            </addr-element>

            <address-details>
              <p><xref
              href="dcsu_pcie_reg_addr.xml#PCIE_DCSU_addr/PCIE_DCSU_addr_table_00">PCIE
              DCSU Registers</xref></p>
            </address-details>
          </register-reference>

          <register-reference>
            <address>0x90000</address>

            <addr-element>
              <address-prefix>PLL9_</address-prefix>
            </addr-element>

            <address-details>
              <p><xref
              href="dcsu_ddr_reg_addr.xml#DDR_DCSU_addr/DDR_DCSU_addr_table_00">DDR
              DCSU Registers</xref></p>
            </address-details>
          </register-reference>
          
          <register-reference>
            <address>0xA0000</address>

            <addr-element>
              <address-prefix>TI_</address-prefix>
            </addr-element>

            <address-details>
              <p><xref
              href="pm35160_fltc_ti_reg_addr.xml#TI_addr/TI_addr_table_00">FLASHTEC TI
              PCBI registers</xref></p>
            </address-details>
          </register-reference>
        </address-map>
      </tgroup>
    </table>
  </body>
</topic>
