<?xml version="1.0" encoding="UTF-8"?>
<!-- Date Stamp: Thu Oct  6 22:46:46 IST 2022 -->
<!DOCTYPE topic PUBLIC "-//OASIS//DTD DITA 1.2 Topic//EN"
"topic.dtd">
<topic base="base" id="ddr_top_addr">
  <title>DDR_top Address Table</title>

  <body>
    <p/>

    <table id="table_DDR_top_CSR_Address_Map">
      <title>DDR_top CSR Address Table</title>

      <tgroup cols="3">
        <colspec colwidth="148*"/>

        <colspec colwidth="218*"/>

        <colspec colwidth="634*"/>

        <thead>
          <row>
            <entry><p>Offset Address</p></entry>

            <entry><p>Register Mnemonic </p></entry>

            <entry><p>Register Description </p></entry>
          </row>
        </thead>

        <address-map>
          <register-reference>
            <address>0x0000</address>

            <addr-element>
              <addr-mnemonic>CTL0</addr-mnemonic>
            </addr-element>

            <address-details>
              <p><xref
              href="ddr_top.xml#ddr_top/table_DRAMCTL0_-_DDR_Control_Register_0_0j3m1oxr6"/></p>
            </address-details>
          </register-reference>

          <register-reference>
            <address>0x0004</address>

            <addr-element>
              <addr-mnemonic>PHY0</addr-mnemonic>
            </addr-element>

            <address-details>
              <p><xref
              href="ddr_top.xml#ddr_top/table_DRAMPHY0_-_PHY_Control_0_0j6e6e7tp"/></p>
            </address-details>
          </register-reference>

          <register-reference>
            <address>0x0008</address>

            <addr-element>
              <addr-mnemonic>PHYSTS0</addr-mnemonic>
            </addr-element>

            <address-details>
              <p><xref
              href="ddr_top.xml#ddr_top/table_DRAMPHYSTS0_-_PHY_Status_0_1j6e6efdg"/></p>
            </address-details>
          </register-reference>

          <register-reference>
            <address>0x000C</address>

            <addr-element>
              <addr-mnemonic>CTL1</addr-mnemonic>
            </addr-element>

            <address-details>
              <p><xref
              href="ddr_top.xml#ddr_top/table_DRAMCTL1_-_DDR_Control_Register_1_0jgr262lr"/></p>
            </address-details>
          </register-reference>

          <register-reference>
            <address>0x0010</address>

            <addr-element>
              <addr-mnemonic>UCERRSTS</addr-mnemonic>
            </addr-element>

            <address-details>
              <p><xref
              href="ddr_top.xml#ddr_top/table_UCERRSTS_-_Uncorrectable_Error_Status_1j3lrrf9h"/></p>
            </address-details>
          </register-reference>

          <register-reference>
            <address>0x0014</address>

            <addr-element>
              <addr-mnemonic>UCERRSTS_DCH1</addr-mnemonic>
            </addr-element>

            <address-details>
              <p><xref
              href="ddr_top.xml#ddr_top/table_UCERRSTS_DCH1_-_Uncorrectable_Error_Status_1j3lrrf9h"/></p>
            </address-details>
          </register-reference>

          <register-reference>
            <address>0x001c</address>

            <addr-element>
              <addr-mnemonic>UCERRMSK</addr-mnemonic>
            </addr-element>

            <address-details>
              <p><xref
              href="ddr_top.xml#ddr_top/table_DRAMUCERRMSK_-_DRAM_Uncorrectable_Error__2j3lunr32"/></p>
            </address-details>
          </register-reference>

          <register-reference>
            <address>0x0020</address>

            <addr-element>
              <addr-mnemonic>UCERRMSK_DCH1</addr-mnemonic>
            </addr-element>

            <address-details>
              <p><xref
              href="ddr_top.xml#ddr_top/table_DRAMUCERRMSK_DCH1_-_DRAM_Uncorrectable_Error__2j3lunr32"/></p>
            </address-details>
          </register-reference>

          <register-reference>
            <address>0x0028</address>

            <addr-element>
              <addr-mnemonic>UCERRSWTGR</addr-mnemonic>
            </addr-element>

            <address-details>
              <p><xref
              href="ddr_top.xml#ddr_top/table_DRAMUCERRSWTGR_-_DRAM_Uncorrectable_Soft_0jm05dgb3"/></p>
            </address-details>
          </register-reference>

          <register-reference>
            <address>0x002c</address>

            <addr-element>
              <addr-mnemonic>UCERRSWTGR_DCH1</addr-mnemonic>
            </addr-element>

            <address-details>
              <p><xref
              href="ddr_top.xml#ddr_top/table_DRAMUCERRSWTGR_DCH1_-_DRAM_Uncorrectable_Soft_0jm05dgb3"/></p>
            </address-details>
          </register-reference>

          <register-reference>
            <address>0x0030</address>

            <addr-element>
              <addr-mnemonic>CERRSTS</addr-mnemonic>
            </addr-element>

            <address-details>
              <p><xref
              href="ddr_top.xml#ddr_top/table_DRAMCERRSTS_-_DRAM_Correctable_Error_Sta_3j3lunxpv"/></p>
            </address-details>
          </register-reference>

          <register-reference>
            <address>0x0034</address>

            <addr-element>
              <addr-mnemonic>CERRMSK</addr-mnemonic>
            </addr-element>

            <address-details>
              <p><xref
              href="ddr_top.xml#ddr_top/table_DRAMCERRMSK_-_DRAM_Correctable_Error_Mas_4j3luo2lw"/></p>
            </address-details>
          </register-reference>

          <register-reference>
            <address>0x0038</address>

            <addr-element>
              <addr-mnemonic>CERRSWTGR</addr-mnemonic>
            </addr-element>

            <address-details>
              <p><xref
              href="ddr_top.xml#ddr_top/table_DRAMCERRSWTGR_-_DRAM_Correctable_Error_S_1jm05eeym"/></p>
            </address-details>
          </register-reference>

          <register-reference>
            <address>0x0040</address>

            <addr-element>
              <addr-mnemonic>SYNCERRSTS</addr-mnemonic>
            </addr-element>

            <address-details>
              <p><xref
              href="ddr_top.xml#ddr_top/table_DRAMSYNCERRSTS_-_DRAM_Error_Sync_Status_1jlqun72o"/></p>
            </address-details>
          </register-reference>

          <register-reference>
            <address>0x0044</address>

            <addr-element>
              <addr-mnemonic>SYNCERRMSK</addr-mnemonic>
            </addr-element>

            <address-details>
              <p><xref
              href="ddr_top.xml#ddr_top/table_DRAMSYNCERRMSK_-_DRAM_Error_Sync_Mask_0jlqulstu"/></p>
            </address-details>
          </register-reference>

          <register-reference>
            <address>0x0048</address>

            <addr-element>
              <addr-mnemonic>SYNCERRMSK_DCH1</addr-mnemonic>
            </addr-element>

            <address-details>
              <p><xref
              href="ddr_top.xml#ddr_top/table_DRAMSYNCERRMSK_DCH1_-_DRAM_Error_Sync_Mask_0jlqulstu"/></p>
            </address-details>
          </register-reference>

          <register-reference audience="MSCCInternal">
            <address>0x004c</address>

            <addr-element>
              <addr-mnemonic>RAMECTL</addr-mnemonic>
            </addr-element>

            <address-details>
              <p><xref
              href="ddr_top.xml#ddr_top/table_DRAMRAMECTL_-_DRAM_Embedded_RAM_Error_Co_2jm05w9ax"/></p>
            </address-details>
          </register-reference>

          <register-reference audience="MSCCInternal">
            <address>0x0050</address>

            <addr-element>
              <addr-mnemonic>RAMECTL_DCH1</addr-mnemonic>
            </addr-element>

            <address-details>
              <p><xref
              href="ddr_top.xml#ddr_top/table_DRAMRAMECTL_DCH1_-_DRAM_Embedded_RAM_Error_Co_2jm05w9ax"/></p>
            </address-details>
          </register-reference>

          <register-reference>
            <address>0x0054</address>

            <addr-element>
              <addr-mnemonic>ADDRERR0</addr-mnemonic>
            </addr-element>

            <address-details>
              <p><xref
              href="ddr_top.xml#ddr_top/table_DRAMADDRERR0_-_DRAM_Address_Error_0_0j6h1bu20"/></p>
            </address-details>
          </register-reference>

          <register-reference>
            <address>0x0058</address>

            <addr-element>
              <addr-mnemonic>ADDRERR1</addr-mnemonic>
            </addr-element>

            <address-details>
              <p><xref
              href="ddr_top.xml#ddr_top/table_DRAMADDRERR1_-_DRAM_Address_Error_1_1j6h1bu21"/></p>
            </address-details>
          </register-reference>

          <register-reference>
            <address>0x0060</address>

            <addr-element>
              <addr-mnemonic>FERR</addr-mnemonic>
            </addr-element>

            <address-details>
              <p><xref
              href="ddr_top.xml#ddr_top/table_DRAMFERR_-_DRAM_Force_Error_1jootp1jg"/></p>
            </address-details>
          </register-reference>

          <register-reference>
            <address>0x0100</address>

            <addr-element>
              <addr-mnemonic>HWFFC0</addr-mnemonic>
            </addr-element>

            <address-details>
              <p><xref
              href="ddr_top.xml#ddr_top/table_DRAMHWFFC0_-_HardWare_Fast_Frequency_Cha_7iyw0u9yu"/></p>
            </address-details>
          </register-reference>

          <register-reference>
            <address>0x010C</address>

            <addr-element>
              <addr-mnemonic>HWFFCSTS</addr-mnemonic>
            </addr-element>

            <address-details>
              <p><xref
              href="ddr_top.xml#ddr_top/table_DRAMHWFFCSTS_-_HardWare_Fast_Frequency_C_5iyw0mkjo"/></p>
            </address-details>
          </register-reference>

          <register-reference audience="MSCCInternal">
            <address>0x0160</address>

            <addr-element>
              <addr-mnemonic>CDBG</addr-mnemonic>
            </addr-element>

            <address-details>
              <p><xref
              href="ddr_top.xml#ddr_top/table_DRAMCDBG_-_DRAM_Controller_Credit_3jm0fsl4d"/></p>
            </address-details>
          </register-reference>

          <register-reference audience="MSCCInternal">
            <address>0x0200</address>

            <addr-element>
              <addr-mnemonic>HIF_MRR_RD[x]</addr-mnemonic>

              <instances>
                <instance>
                  <instance-start>0</instance-start>

                  <instance-stop>17</instance-stop>
                </instance>
              </instances>
            </addr-element>

            <address-details>
              <p><xref
              href="ddr_top.xml#ddr_top/table_HIF_MRR_RD_-_MRR_READ_DATA_1kn71nyv6">HIF_MRR_RD</xref></p>
            </address-details>
          </register-reference>

          <register-reference audience="MSCCInternal">
            <address>0x024C</address>

            <addr-element>
              <addr-mnemonic>HIF_MRR_RD_VALID</addr-mnemonic>
            </addr-element>

            <address-details>
              <p><xref
              href="ddr_top.xml#ddr_top/table_HIF_MRR_RD_VALID_-_HIF_MRR_READ_DATA_VAL_2kn71yiuw">HIF_MRR_RD_VALID</xref></p>
            </address-details>
          </register-reference>

          <register-reference audience="MSCCInternal">
            <address>0x0250</address>

            <addr-element>
              <addr-mnemonic>HIF_MRR_RD_DCH1[x]</addr-mnemonic>

              <instances>
                <instance>
                  <instance-start>0</instance-start>

                  <instance-stop>17</instance-stop>
                </instance>
              </instances>
            </addr-element>

            <address-details>
              <p><xref
              href="ddr_top.xml#ddr_top/table_HIF_MRR_RD_DCH1_-_MRR_READ_DATA_DDR5_CHA_0knia6m84">HIF_MRR_RD_DCH1</xref>
              </p>
            </address-details>
          </register-reference>

          <register-reference audience="MSCCInternal">
            <address>0x029C</address>

            <addr-element>
              <addr-mnemonic>HIF_MRR_RD_VALID_DCH1</addr-mnemonic>
            </addr-element>

            <address-details>
              <p><xref
              href="ddr_top.xml#ddr_top/table_HIF_MRR_RD_VALID_DCH1_-_HIF_MRR_READ_DAT_1knia85g8">HIF_MRR_RD_VALID_DCH1</xref>
              </p>
            </address-details>
          </register-reference>

        </address-map>
      </tgroup>
    </table>

    <p/>
  </body>
</topic>
