<?xml version="1.0" encoding="UTF-8"?>
<!DOCTYPE topic PUBLIC "-//OASIS//DTD DITA 1.2 Topic//EN"
"topic.dtd">
<topic base="base" id="Decode_regs">
  <title>Decode Translator Registers</title>

  <body>
    <p>Control for the decode translator</p>

    <table id="table_DCCFG_-_Decoder_Configuration_3kon5ld9e">
      <title><reg-name-main verilog="DCCFG">DCCFG</reg-name-main> -
      <reg-desc>Decoder Configuration</reg-desc></title>

      <tgroup cols="5">
        <colspec colname="A" colwidth="111*"/>

        <colspec colname="B" colwidth="144*"/>

        <colspec colname="C" colwidth="101*"/>

        <colspec colname="D" colwidth="87*"/>

        <colspec colname="E" colwidth="557*"/>

        <thead>
          <row>
            <entry><p>Bit Field</p></entry>

            <entry><p>Field Name</p></entry>

            <entry><p>Type</p></entry>

            <entry><p>Default Value</p></entry>

            <entry><p>Description</p></entry>
          </row>
        </thead>

        <reg-def>
          <field>
            <field-bits>
              <double>
                <msb>31</msb>

                <lsb>30</lsb>
              </double>
            </field-bits>

            <field-name verilog="RESERVED">RESERVED</field-name>

            <field-type>RO</field-type>

            <field-default>0x0</field-default>

            <field-desc>
              <p/>
            </field-desc>
          </field>

          <field>
            <field-bits>
              <double>
                <msb>29</msb>

                <lsb>24</lsb>
              </double>
            </field-bits>

            <field-name verilog="EXTRAITER">EXTRAITER</field-name>

            <field-type>RW</field-type>

            <field-default>0x0</field-default>

            <field-desc>
              <p><b>Extra Iterations</b></p>
            </field-desc>
          </field>

          <field>
            <field-bits>
              <double>
                <msb>23</msb>

                <lsb>22</lsb>
              </double>
            </field-bits>

            <field-name verilog="RESERVED">RESERVED</field-name>

            <field-type>RO</field-type>

            <field-default>0x0</field-default>

            <field-desc>
              <p/>
            </field-desc>
          </field>

          <field>
            <field-bits>
              <double>
                <msb>21</msb>

                <lsb>16</lsb>
              </double>
            </field-bits>

            <field-name verilog="EXTRALLR">EXTRALLR</field-name>

            <field-type>RW</field-type>

            <field-default>0x0</field-default>

            <field-desc>
              <p><b>Extra LLR</b></p>

              <p>Set to zero to disable extra iterations</p>
            </field-desc>
          </field>

          <field>
            <field-bits>
              <double>
                <msb>15</msb>

                <lsb>14</lsb>
              </double>
            </field-bits>

            <field-name verilog="RESERVED">RESERVED</field-name>

            <field-type>RO</field-type>

            <field-default>0x0</field-default>

            <field-desc>
              <p/>
            </field-desc>
          </field>

          <field audience="MSCCInternal">
            <field-bits>
              <double>
                <msb>13</msb>

                <lsb>8</lsb>
              </double>
            </field-bits>

            <field-name verilog="ITERTH">ITERTH</field-name>

            <field-type>RW</field-type>

            <field-default>0x10</field-default>

            <field-desc>
              <p><b>Iteration Threshold</b></p>

              <p>Iteration Threshold for 16K inline soft decode operations
              <i><b>unused?</b></i></p>
            </field-desc>
          </field>

          <field>
            <field-bits>
              <double>
                <msb>7</msb>

                <lsb>4</lsb>
              </double>
            </field-bits>

            <field-name verilog="EOPTM">EOPTM</field-name>

            <field-type>RW</field-type>

            <field-default>0x4</field-default>

            <field-desc>
              <p><b>EOP Wait Time</b></p>
            </field-desc>
          </field>

          <field audience="MSCCInternal">
            <field-bits>
              <single>3</single>
            </field-bits>

            <field-name verilog="PAMODE">PAMODE</field-name>

            <field-type>RW</field-type>

            <field-default>0x0</field-default>

            <field-desc>
              <p><b>Physical Address Mode</b></p>

              <p>If set 40 bits of physical address is used, and the seed is
              extended to 32 bits. If it is cleared, only a 16 bit seed is
              used. (Morristown compatible)</p>
            </field-desc>
          </field>

          <field>
            <field-bits>
              <double>
                <msb>2</msb>

                <lsb>1</lsb>
              </double>
            </field-bits>

            <field-name verilog="RESERVED">RESERVED</field-name>

            <field-type>RO</field-type>

            <field-default>0x0</field-default>

            <field-desc>
              <p/>
            </field-desc>
          </field>

          <field>
            <field-bits>
              <single>0</single>
            </field-bits>

            <field-name verilog="DESRMDIS">DESRMDIS</field-name>

            <field-type>RW</field-type>

            <field-default>0x0</field-default>

            <field-desc>
              <p><b>Descrambler Disable</b></p>

              <p>This bit should match the corresponding scrambler disable bit
              in the ECCCTL register</p>
            </field-desc>
          </field>
        </reg-def>
      </tgroup>
    </table>

    <table audience="MSCCInternal"
           id="table_DCCFG1_-_Decoder_Configuration_1_4kon5ld9e">
      <title><reg-name-main verilog="DCCFG1">DCCFG1</reg-name-main> -
      <reg-desc>Decoder Configuration 1</reg-desc></title>

      <tgroup cols="5">
        <colspec colname="A" colwidth="111*"/>

        <colspec colname="B" colwidth="144*"/>

        <colspec colname="C" colwidth="101*"/>

        <colspec colname="D" colwidth="87*"/>

        <colspec colname="E" colwidth="557*"/>

        <thead>
          <row>
            <entry><p>Bit Field</p></entry>

            <entry><p>Field Name</p></entry>

            <entry><p>Type</p></entry>

            <entry><p>Default Value</p></entry>

            <entry><p>Description</p></entry>
          </row>
        </thead>

        <reg-def>
          <field>
            <field-bits>
              <double>
                <msb>31</msb>

                <lsb>2</lsb>
              </double>
            </field-bits>

            <field-name verilog="SPARE">SPARE</field-name>

            <field-type>RW</field-type>

            <field-default>0x0</field-default>

            <field-desc>
              <p><b>Spare bits</b></p>
            </field-desc>
          </field>

          <field>
            <field-bits>
              <double>
                <msb>1</msb>

                <lsb>0</lsb>
              </double>
            </field-bits>

            <field-name verilog="DCDLIMIT">DCDLIMIT</field-name>

            <field-type>RW</field-type>

            <field-default>0x2</field-default>

            <field-desc>
              <p><b>Decode Limit</b></p>

              <p>Due to YOR-4015/4022 the default has been made 0x2
              permanently.</p>

              <p>0 - no limit</p>

              <p>1 - one ECC chunk at a time</p>

              <p>2 - two ECC chunks at a time</p>

              <p>3 - three ECC chunks at a time (same as no limit)</p>
            </field-desc>
          </field>
        </reg-def>
      </tgroup>
    </table>

    <table audience="MSCCInternal"
           id="table_DCFBSEED_-_Decoder_Floorbreak_Seed_5kon5ld9e">
      <title><reg-name-main verilog="DCFBSEED">DCFBSEED</reg-name-main> -
      <reg-desc>Decoder Floorbreak Seed</reg-desc></title>

      <tgroup cols="5">
        <colspec colname="A" colwidth="111*"/>

        <colspec colname="B" colwidth="144*"/>

        <colspec colname="C" colwidth="101*"/>

        <colspec colname="D" colwidth="87*"/>

        <colspec colname="E" colwidth="557*"/>

        <thead>
          <row>
            <entry><p>Bit Field</p></entry>

            <entry><p>Field Name</p></entry>

            <entry><p>Type</p></entry>

            <entry><p>Default Value</p></entry>

            <entry><p>Description</p></entry>
          </row>
        </thead>

        <reg-def>
          <field>
            <field-bits>
              <double>
                <msb>31</msb>

                <lsb>0</lsb>
              </double>
            </field-bits>

            <field-name verilog="SEED">SEED</field-name>

            <field-type>RW</field-type>

            <field-default>0x0</field-default>

            <field-desc>
              <p><b>Floor Break Seed</b></p>
            </field-desc>
          </field>
        </reg-def>
      </tgroup>
    </table>

    <table audience="MSCCInternal"
           id="table_DCTHRESH_-_Decoder_Threshold_x_0-7_12Row_6kon5ld9e">
      <title><reg-name-main verilog="DCTHRESH">DCTHRESH</reg-name-main> -
      <reg-desc>Decoder Threshold [x]=0-7: 12Row, 14Row, 16Row, 18Row, 20Row,
      26Row, 30Row, 34Row</reg-desc></title>

      <tgroup cols="5">
        <colspec colname="A" colwidth="111*"/>

        <colspec colname="B" colwidth="144*"/>

        <colspec colname="C" colwidth="101*"/>

        <colspec colname="D" colwidth="87*"/>

        <colspec colname="E" colwidth="557*"/>

        <thead>
          <row>
            <entry><p>Bit Field</p></entry>

            <entry><p>Field Name</p></entry>

            <entry><p>Type</p></entry>

            <entry><p>Default Value</p></entry>

            <entry><p>Description</p></entry>
          </row>
        </thead>

        <reg-def>
          <field>
            <field-bits>
              <single>31</single>
            </field-bits>

            <field-name verilog="RESERVED">RESERVED</field-name>

            <field-type>RO</field-type>

            <field-default>0x0</field-default>

            <field-desc>
              <p/>
            </field-desc>
          </field>

          <field>
            <field-bits>
              <double>
                <msb>30</msb>

                <lsb>16</lsb>
              </double>
            </field-bits>

            <field-name verilog="EXTRA">EXTRA</field-name>

            <field-type>RW</field-type>

            <field-default>0x0</field-default>

            <field-desc>
              <p/>
            </field-desc>
          </field>

          <field>
            <field-bits>
              <single>15</single>
            </field-bits>

            <field-name verilog="RESERVED">RESERVED</field-name>

            <field-type>RO</field-type>

            <field-default>0x0</field-default>

            <field-desc>
              <p/>
            </field-desc>
          </field>

          <field>
            <field-bits>
              <double>
                <msb>14</msb>

                <lsb>0</lsb>
              </double>
            </field-bits>

            <field-name verilog="TRAP">TRAP</field-name>

            <field-type>RW</field-type>

            <field-default>0x0</field-default>

            <field-desc>
              <p/>
            </field-desc>
          </field>
        </reg-def>
      </tgroup>
    </table>

    <table audience="MSCCInternal"
           id="table_DCFBCFG_-_Decoder_Floorbreak_Config_one__7kon5ld9e">
      <title><reg-name-main verilog="DCFBCFG">DCFBCFG</reg-name-main> -
      <reg-desc>Decoder Floorbreak Config (one 16 bit mask per
      code)</reg-desc></title>

      <tgroup cols="5">
        <colspec colname="A" colwidth="111*"/>

        <colspec colname="B" colwidth="144*"/>

        <colspec colname="C" colwidth="101*"/>

        <colspec colname="D" colwidth="87*"/>

        <colspec colname="E" colwidth="557*"/>

        <thead>
          <row>
            <entry><p>Bit Field</p></entry>

            <entry><p>Field Name</p></entry>

            <entry><p>Type</p></entry>

            <entry><p>Default Value</p></entry>

            <entry><p>Description</p></entry>
          </row>
        </thead>

        <reg-def>
          <field>
            <field-bits>
              <double>
                <msb>31</msb>

                <lsb>29</lsb>
              </double>
            </field-bits>

            <field-name verilog="RESERVED">RESERVED</field-name>

            <field-type>RO</field-type>

            <field-default>0x0</field-default>

            <field-desc>
              <p/>
            </field-desc>
          </field>

          <field>
            <field-bits>
              <single>28</single>
            </field-bits>

            <field-name verilog="LOADSEED1">LOADSEED1</field-name>

            <field-type>RW</field-type>

            <field-default>0x0</field-default>

            <field-desc>
              <p><b>Load Seed</b></p>

              <p>When a 1 is written, the seed is loaded. Will self clear back
              to zero when done.</p>
            </field-desc>
          </field>

          <field>
            <field-bits>
              <double>
                <msb>27</msb>

                <lsb>24</lsb>
              </double>
            </field-bits>

            <field-name verilog="NUMLOOPS1">NUMLOOPS1</field-name>

            <field-type>RW</field-type>

            <field-default>0x0</field-default>

            <field-desc>
              <p><b>Number of Loops</b></p>

              <p>Number of passes through the set of steps, jump back to
              start+1</p>
            </field-desc>
          </field>

          <field>
            <field-bits>
              <double>
                <msb>23</msb>

                <lsb>20</lsb>
              </double>
            </field-bits>

            <field-name verilog="NUMSTEPS1">NUMSTEPS1</field-name>

            <field-type>RW</field-type>

            <field-default>0x0</field-default>

            <field-desc>
              <p><b>Number of Breaking Steps</b></p>
            </field-desc>
          </field>

          <field>
            <field-bits>
              <double>
                <msb>19</msb>

                <lsb>16</lsb>
              </double>
            </field-bits>

            <field-name verilog="STARTPTR1">STARTPTR1</field-name>

            <field-type>RW</field-type>

            <field-default>0x0</field-default>

            <field-desc>
              <p><b>Pointer to starting step</b></p>
            </field-desc>
          </field>

          <field>
            <field-bits>
              <double>
                <msb>15</msb>

                <lsb>13</lsb>
              </double>
            </field-bits>

            <field-name verilog="RESERVED">RESERVED</field-name>

            <field-type>RO</field-type>

            <field-default>0x0</field-default>

            <field-desc>
              <p/>
            </field-desc>
          </field>

          <field>
            <field-bits>
              <single>12</single>
            </field-bits>

            <field-name verilog="LOADSEED0">LOADSEED0</field-name>

            <field-type>RW</field-type>

            <field-default>0x0</field-default>

            <field-desc>
              <p><b>Load Seed</b></p>

              <p>When a 1 is written, the seed is loaded. Will self clear back
              to zero when done.</p>
            </field-desc>
          </field>

          <field>
            <field-bits>
              <double>
                <msb>11</msb>

                <lsb>8</lsb>
              </double>
            </field-bits>

            <field-name verilog="NUMLOOPS0">NUMLOOPS0</field-name>

            <field-type>RW</field-type>

            <field-default>0x0</field-default>

            <field-desc>
              <p><b>Number of Loops</b></p>

              <p>Number of passes through the set of steps, jump back to
              start+1</p>
            </field-desc>
          </field>

          <field>
            <field-bits>
              <double>
                <msb>7</msb>

                <lsb>4</lsb>
              </double>
            </field-bits>

            <field-name verilog="NUMSTEPS0">NUMSTEPS0</field-name>

            <field-type>RW</field-type>

            <field-default>0x0</field-default>

            <field-desc>
              <p><b>Number of Breaking Steps</b></p>
            </field-desc>
          </field>

          <field>
            <field-bits>
              <double>
                <msb>3</msb>

                <lsb>0</lsb>
              </double>
            </field-bits>

            <field-name verilog="STARTPTR0">STARTPTR0</field-name>

            <field-type>RW</field-type>

            <field-default>0x0</field-default>

            <field-desc>
              <p><b>Pointer to starting step</b></p>
            </field-desc>
          </field>
        </reg-def>
      </tgroup>
    </table>

    <table audience="MSCCInternal"
           id="table_DCSTEPCFG_-_Decode_Floorbreak_step_confi_8kon5ld9e">
      <title><reg-name-main verilog="DCSTEPCFG">DCSTEPCFG</reg-name-main> -
      <reg-desc>Decode Floorbreak step configuration</reg-desc></title>

      <tgroup cols="5">
        <colspec colname="A" colwidth="111*"/>

        <colspec colname="B" colwidth="144*"/>

        <colspec colname="C" colwidth="101*"/>

        <colspec colname="D" colwidth="87*"/>

        <colspec colname="E" colwidth="557*"/>

        <thead>
          <row>
            <entry><p>Bit Field</p></entry>

            <entry><p>Field Name</p></entry>

            <entry><p>Type</p></entry>

            <entry><p>Default Value</p></entry>

            <entry><p>Description</p></entry>
          </row>
        </thead>

        <reg-def>
          <field>
            <field-bits>
              <double>
                <msb>31</msb>

                <lsb>26</lsb>
              </double>
            </field-bits>

            <field-name verilog="MAXITER">MAXITER</field-name>

            <field-type>RW</field-type>

            <field-default>0x0</field-default>

            <field-desc>
              <p/>
            </field-desc>
          </field>

          <field>
            <field-bits>
              <double>
                <msb>25</msb>

                <lsb>16</lsb>
              </double>
            </field-bits>

            <field-name verilog="RANDPROB">RANDPROB</field-name>

            <field-type>RW</field-type>

            <field-default>0x0</field-default>

            <field-desc>
              <p/>
            </field-desc>
          </field>

          <field>
            <field-bits>
              <double>
                <msb>15</msb>

                <lsb>12</lsb>
              </double>
            </field-bits>

            <field-name verilog="WEAKRAND">WEAKRAND</field-name>

            <field-type>RW</field-type>

            <field-default>0x0</field-default>

            <field-desc>
              <p/>
            </field-desc>
          </field>

          <field>
            <field-bits>
              <double>
                <msb>11</msb>

                <lsb>8</lsb>
              </double>
            </field-bits>

            <field-name verilog="WEAKLLR">WEAKLLR</field-name>

            <field-type>RW</field-type>

            <field-default>0x0</field-default>

            <field-desc>
              <p/>
            </field-desc>
          </field>

          <field>
            <field-bits>
              <double>
                <msb>7</msb>

                <lsb>4</lsb>
              </double>
            </field-bits>

            <field-name verilog="BASERAND">BASERAND</field-name>

            <field-type>RW</field-type>

            <field-default>0x0</field-default>

            <field-desc>
              <p/>
            </field-desc>
          </field>

          <field>
            <field-bits>
              <double>
                <msb>3</msb>

                <lsb>0</lsb>
              </double>
            </field-bits>

            <field-name verilog="BASELLR">BASELLR</field-name>

            <field-type>RW</field-type>

            <field-default>0x0</field-default>

            <field-desc>
              <p/>
            </field-desc>
          </field>
        </reg-def>
      </tgroup>
    </table>

    <table id="table_DCCHADDR_Decode_Channel_Return_Address_9kon5ld9e">
      <title><reg-name-main verilog="DCCHADDR">DCCHADDR</reg-name-main>
      <reg-desc>Decode Channel Return Address</reg-desc></title>

      <tgroup cols="5">
        <colspec colwidth="100*"/>

        <colspec colwidth="148*"/>

        <colspec colwidth="117*"/>

        <colspec colwidth="91*"/>

        <colspec colwidth="544*"/>

        <thead>
          <row>
            <entry><p>Bit Field</p></entry>

            <entry><p>Field Name</p></entry>

            <entry><p>Type</p></entry>

            <entry><p>Default Value</p></entry>

            <entry><p>Description</p></entry>
          </row>
        </thead>

        <reg-def>
          <field>
            <field-bits>
              <single>31</single>
            </field-bits>

            <field-name verilog="INIT">INIT</field-name>

            <field-type>RW</field-type>

            <field-default>0x0</field-default>

            <field-desc>
              <p status="unchanged"><b otherprops="bold">Operation
              Init</b></p>

              <p status="unchanged">When this bit is written with a value of
              one, the operation specified by the OP, and ADDR fields in this
              register is initiation on the Channel Return embedded RAM.</p>

              <p status="unchanged">The operation may many clock cycles to
              complete. This bit will return a value of one as long as the
              operation is in progress. When the operation has completed, this
              bit returns a value of zero when read.</p>
            </field-desc>
          </field>

          <field>
            <field-bits>
              <single>30</single>
            </field-bits>

            <field-name verilog="OP">OP</field-name>

            <field-type>RW</field-type>

            <field-default>0x0</field-default>

            <field-desc>
              <p status="unchanged"><b otherprops="bold">RAM Operation</b></p>

              <p>This field specifies the operation to be performed on the RAM
              (i.e., read or write).</p>

              <p status="unchanged">A read operation causes the DCCHDATA
              register to be updated with the value read from the RAM.</p>

              <p status="unchanged">This is a read only ram. Writes are not
              supported.</p>

              <p status="unchanged"><i>0 (read) Read embedded RAM</i></p>

              <p status="unchanged"><i>1 (reserved) will produce undefined
              operation</i></p>

              <p status="unchanged">When read this field returns the previous
              value written.</p>
            </field-desc>
          </field>

          <field>
            <field-bits>
              <double>
                <msb>29</msb>

                <lsb>8</lsb>
              </double>
            </field-bits>

            <field-name verilog="RESERVED">RESERVED</field-name>

            <field-type>RO</field-type>

            <field-default>0x0</field-default>

            <field-desc>
              <p><b otherprops="bold"/></p>
            </field-desc>
          </field>

          <field>
            <field-bits>
              <double>
                <msb>7</msb>

                <lsb>0</lsb>
              </double>
            </field-bits>

            <field-name verilog="ADDR">ADDR</field-name>

            <field-type>RW</field-type>

            <field-default>0x0</field-default>

            <field-desc>
              <p><b otherprops="bold">RAM Address</b></p>

              <p>This field contains the Channel Return embedded RAM address
              to be accessed.</p>

              <p>When read this field returns the previous value written.</p>
            </field-desc>
          </field>
        </reg-def>
      </tgroup>
    </table>

    <table id="table_DCCHDATA_-_Decode_Channel_Return_Data_akon5ld9f">
      <title><reg-name-main verilog="DCCHDATA">DCCHDATA</reg-name-main> -
      <reg-desc>Decode Channel Return Data</reg-desc></title>

      <tgroup cols="5">
        <colspec colname="A" colwidth="111*"/>

        <colspec colname="B" colwidth="144*"/>

        <colspec colname="C" colwidth="101*"/>

        <colspec colname="D" colwidth="87*"/>

        <colspec colname="E" colwidth="557*"/>

        <thead>
          <row>
            <entry><p>Bit Field</p></entry>

            <entry><p>Field Name</p></entry>

            <entry><p>Type</p></entry>

            <entry><p>Default Value</p></entry>

            <entry><p>Description</p></entry>
          </row>
        </thead>

        <reg-def>
          <field>
            <field-bits>
              <double>
                <msb>31</msb>

                <lsb>0</lsb>
              </double>
            </field-bits>

            <field-name verilog="DATA">DATA</field-name>

            <field-type>RW</field-type>

            <field-default>0x0</field-default>

            <field-desc>
              <p>Data from the DCCHADDR operation</p>
            </field-desc>
          </field>
        </reg-def>
      </tgroup>
    </table>

    <table id="table_DCEXPL_-_Decode_Expected_Embedded_Addres_bkon5ld9f">
      <title><reg-name-main verilog="DCEXPL">DCEXPL</reg-name-main> -
      <reg-desc>Decode Expected Embedded Address Seed Low</reg-desc></title>

      <tgroup cols="5">
        <colspec colname="A" colwidth="111*"/>

        <colspec colname="B" colwidth="144*"/>

        <colspec colname="C" colwidth="101*"/>

        <colspec colname="D" colwidth="87*"/>

        <colspec colname="E" colwidth="557*"/>

        <thead>
          <row>
            <entry><p>Bit Field</p></entry>

            <entry><p>Field Name</p></entry>

            <entry><p>Type</p></entry>

            <entry><p>Default Value</p></entry>

            <entry><p>Description</p></entry>
          </row>
        </thead>

        <reg-def>
          <field>
            <field-bits>
              <double>
                <msb>31</msb>

                <lsb>0</lsb>
              </double>
            </field-bits>

            <field-name verilog="SEEDL">SEEDL</field-name>

            <field-type>RO</field-type>

            <field-default>0x0</field-default>

            <field-desc>
              <p>Lower 32 bits of the expected address seed</p>
            </field-desc>
          </field>
        </reg-def>
      </tgroup>
    </table>

    <table id="table_DCEXPU_-_Decode_Expected_Embedded_Addres_ckon5ld9f">
      <title><reg-name-main verilog="DCEXPU">DCEXPU</reg-name-main> -
      <reg-desc>Decode Expected Embedded Address Seed Upper</reg-desc></title>

      <tgroup cols="5">
        <colspec colname="A" colwidth="111*"/>

        <colspec colname="B" colwidth="144*"/>

        <colspec colname="C" colwidth="101*"/>

        <colspec colname="D" colwidth="87*"/>

        <colspec colname="E" colwidth="557*"/>

        <thead>
          <row>
            <entry><p>Bit Field</p></entry>

            <entry><p>Field Name</p></entry>

            <entry><p>Type</p></entry>

            <entry><p>Default Value</p></entry>

            <entry><p>Description</p></entry>
          </row>
        </thead>

        <reg-def>
          <field>
            <field-bits>
              <double>
                <msb>31</msb>

                <lsb>0</lsb>
              </double>
            </field-bits>

            <field-name verilog="SEEDU">SEEDU</field-name>

            <field-type>RO</field-type>

            <field-default>0x0</field-default>

            <field-desc>
              <p>Upper 32 bits of the expected address seed</p>
            </field-desc>
          </field>
        </reg-def>
      </tgroup>
    </table>

    <table id="table_DCRCVL_-_Decode_Recovered_Embedded_Addre_dkon5ld9f">
      <title><reg-name-main verilog="DCRCVL">DCRCVL</reg-name-main> -
      <reg-desc>Decode Recovered Embedded Address Seed Low</reg-desc></title>

      <tgroup cols="5">
        <colspec colname="A" colwidth="111*"/>

        <colspec colname="B" colwidth="144*"/>

        <colspec colname="C" colwidth="101*"/>

        <colspec colname="D" colwidth="87*"/>

        <colspec colname="E" colwidth="557*"/>

        <thead>
          <row>
            <entry><p>Bit Field</p></entry>

            <entry><p>Field Name</p></entry>

            <entry><p>Type</p></entry>

            <entry><p>Default Value</p></entry>

            <entry><p>Description</p></entry>
          </row>
        </thead>

        <reg-def>
          <field>
            <field-bits>
              <double>
                <msb>31</msb>

                <lsb>0</lsb>
              </double>
            </field-bits>

            <field-name verilog="SEEDL">SEEDL</field-name>

            <field-type>RO</field-type>

            <field-default>0x0</field-default>

            <field-desc>
              <p>Lower 32 bits of the recovered address seed</p>
            </field-desc>
          </field>
        </reg-def>
      </tgroup>
    </table>

    <table id="table_DCRCVU_-_Decode_Recovered_Embedded_Addre_ekon5ld9f">
      <title><reg-name-main verilog="DCRCVU">DCRCVU</reg-name-main> -
      <reg-desc>Decode Recovered Embedded Address Seed
      Upper</reg-desc></title>

      <tgroup cols="5">
        <colspec colname="A" colwidth="111*"/>

        <colspec colname="B" colwidth="144*"/>

        <colspec colname="C" colwidth="101*"/>

        <colspec colname="D" colwidth="87*"/>

        <colspec colname="E" colwidth="557*"/>

        <thead>
          <row>
            <entry><p>Bit Field</p></entry>

            <entry><p>Field Name</p></entry>

            <entry><p>Type</p></entry>

            <entry><p>Default Value</p></entry>

            <entry><p>Description</p></entry>
          </row>
        </thead>

        <reg-def>
          <field>
            <field-bits>
              <double>
                <msb>31</msb>

                <lsb>0</lsb>
              </double>
            </field-bits>

            <field-name verilog="SEEDU">SEEDU</field-name>

            <field-type>RO</field-type>

            <field-default>0x0</field-default>

            <field-desc>
              <p>Upper 32 bits of the recovered address seed</p>
            </field-desc>
          </field>
        </reg-def>
      </tgroup>
    </table>

    <table id="table_DCEMBED_-_Decode_Embedded_Seed_fkon5ld9f">
      <title><reg-name-main verilog="DCEMBED">DCEMBED</reg-name-main> -
      <reg-desc>Decode Embedded Seed</reg-desc></title>

      <tgroup cols="5">
        <colspec colname="A" colwidth="111*"/>

        <colspec colname="B" colwidth="144*"/>

        <colspec colname="C" colwidth="101*"/>

        <colspec colname="D" colwidth="87*"/>

        <colspec colname="E" colwidth="557*"/>

        <thead>
          <row>
            <entry><p>Bit Field</p></entry>

            <entry><p>Field Name</p></entry>

            <entry><p>Type</p></entry>

            <entry><p>Default Value</p></entry>

            <entry><p>Description</p></entry>
          </row>
        </thead>

        <reg-def>
          <field>
            <field-bits>
              <double>
                <msb>31</msb>

                <lsb>16</lsb>
              </double>
            </field-bits>

            <field-name verilog="RCVD">RCVD</field-name>

            <field-type>RO</field-type>

            <field-default>0x0</field-default>

            <field-desc>
              <p>Recovered Embedded Seed</p>
            </field-desc>
          </field>

          <field>
            <field-bits>
              <double>
                <msb>15</msb>

                <lsb>0</lsb>
              </double>
            </field-bits>

            <field-name verilog="EXPCT">EXPCT</field-name>

            <field-type>RO</field-type>

            <field-default>0x0</field-default>

            <field-desc>
              <p>Expected Embedded Seed</p>
            </field-desc>
          </field>
        </reg-def>
      </tgroup>
    </table>

    <table id="table_DCSEEDSTS_-_Decode_Seed_Status_gkon5ld9f">
      <title><reg-name-main verilog="DCSEEDSTS">DCSEEDSTS</reg-name-main> -
      <reg-desc>Decode Seed Status</reg-desc></title>

      <tgroup cols="5">
        <colspec colname="A" colwidth="111*"/>

        <colspec colname="B" colwidth="144*"/>

        <colspec colname="C" colwidth="101*"/>

        <colspec colname="D" colwidth="87*"/>

        <colspec colname="E" colwidth="557*"/>

        <thead>
          <row>
            <entry><p>Bit Field</p></entry>

            <entry><p>Field Name</p></entry>

            <entry><p>Type</p></entry>

            <entry><p>Default Value</p></entry>

            <entry><p>Description</p></entry>
          </row>
        </thead>

        <reg-def>
          <field>
            <field-bits>
              <double>
                <msb>31</msb>

                <lsb>4</lsb>
              </double>
            </field-bits>

            <field-name verilog="RESERVED">RESERVED</field-name>

            <field-type>RO</field-type>

            <field-default>0x0</field-default>

            <field-desc>
              <p/>
            </field-desc>
          </field>

          <field>
            <field-bits>
              <double>
                <msb>3</msb>

                <lsb>0</lsb>
              </double>
            </field-bits>

            <field-name verilog="VALID">VALID</field-name>

            <field-type>RW1C</field-type>

            <field-default>0x0</field-default>

            <field-desc>
              <p>Seed Info Valid</p>

              <p>When a bit is set, the corresponding table for SDINFO is
              valid. When a 1 is written to a bit location, that SDINFO field
              is ready for re-use.</p>
            </field-desc>
          </field>
        </reg-def>
      </tgroup>
    </table>

    <table id="table_DCSTATCFG_-_Decode_Status_Configuration_hkon5ld9f">
      <title><reg-name-main verilog="DCSTATCFG">DCSTATCFG</reg-name-main> -
      <reg-desc>Decode Status Configuration</reg-desc></title>

      <tgroup cols="5">
        <colspec colname="A" colwidth="111*"/>

        <colspec colname="B" colwidth="144*"/>

        <colspec colname="C" colwidth="101*"/>

        <colspec colname="D" colwidth="87*"/>

        <colspec colname="E" colwidth="557*"/>

        <thead>
          <row>
            <entry><p>Bit Field</p></entry>

            <entry><p>Field Name</p></entry>

            <entry><p>Type</p></entry>

            <entry><p>Default Value</p></entry>

            <entry><p>Description</p></entry>
          </row>
        </thead>

        <reg-def>
          <field>
            <field-bits>
              <double>
                <msb>31</msb>

                <lsb>28</lsb>
              </double>
            </field-bits>

            <field-name verilog="RESERVED">RESERVED</field-name>

            <field-type>RO</field-type>

            <field-default>0x0</field-default>

            <field-desc>
              <p/>
            </field-desc>
          </field>

          <field>
            <field-bits>
              <double>
                <msb>27</msb>

                <lsb>16</lsb>
              </double>
            </field-bits>

            <field-name verilog="INTERVAL">INTERVAL</field-name>

            <field-type>RW</field-type>

            <field-default>0x0</field-default>

            <field-desc>
              <p>Number of clocks in an interval</p>
            </field-desc>
          </field>

          <field>
            <field-bits>
              <double>
                <msb>15</msb>

                <lsb>0</lsb>
              </double>
            </field-bits>

            <field-name verilog="WINDOW">WINDOW</field-name>

            <field-type>RW</field-type>

            <field-default>0x0</field-default>

            <field-desc>
              <p>Number of Intervals to collect over</p>
            </field-desc>
          </field>
        </reg-def>
      </tgroup>
    </table>

    <table id="table_DCSTATMAX_-_Decode_Status_Maximum_Busy_C_ikon5ld9f">
      <title><reg-name-main verilog="DCSTATMAX">DCSTATMAX</reg-name-main> -
      <reg-desc>Decode Status Maximum Busy Count</reg-desc></title>

      <tgroup cols="5">
        <colspec colname="A" colwidth="111*"/>

        <colspec colname="B" colwidth="144*"/>

        <colspec colname="C" colwidth="101*"/>

        <colspec colname="D" colwidth="87*"/>

        <colspec colname="E" colwidth="557*"/>

        <thead>
          <row>
            <entry><p>Bit Field</p></entry>

            <entry><p>Field Name</p></entry>

            <entry><p>Type</p></entry>

            <entry><p>Default Value</p></entry>

            <entry><p>Description</p></entry>
          </row>
        </thead>

        <reg-def>
          <field>
            <field-bits>
              <double>
                <msb>31</msb>

                <lsb>12</lsb>
              </double>
            </field-bits>

            <field-name verilog="RESERVED">RESERVED</field-name>

            <field-type>RO</field-type>

            <field-default>0x0</field-default>

            <field-desc>
              <p/>
            </field-desc>
          </field>

          <field>
            <field-bits>
              <double>
                <msb>11</msb>

                <lsb>0</lsb>
              </double>
            </field-bits>

            <field-name verilog="BSYCNT">BSYCNT</field-name>

            <field-type>RO</field-type>

            <field-default>0x0</field-default>

            <field-desc>
              <p>Maximum busy count interval during the last window</p>
            </field-desc>
          </field>
        </reg-def>
      </tgroup>
    </table>

    <table id="table_DCSTATTOT_-_Decode_Status_Total_Busy_Cou_jkon5ld9f">
      <title><reg-name-main verilog="DCSTATTOT">DCSTATTOT</reg-name-main> -
      <reg-desc>Decode Status Total Busy Count</reg-desc></title>

      <tgroup cols="5">
        <colspec colname="A" colwidth="111*"/>

        <colspec colname="B" colwidth="144*"/>

        <colspec colname="C" colwidth="101*"/>

        <colspec colname="D" colwidth="87*"/>

        <colspec colname="E" colwidth="557*"/>

        <thead>
          <row>
            <entry><p>Bit Field</p></entry>

            <entry><p>Field Name</p></entry>

            <entry><p>Type</p></entry>

            <entry><p>Default Value</p></entry>

            <entry><p>Description</p></entry>
          </row>
        </thead>

        <reg-def>
          <field>
            <field-bits>
              <double>
                <msb>31</msb>

                <lsb>28</lsb>
              </double>
            </field-bits>

            <field-name verilog="RESERVED">RESERVED</field-name>

            <field-type>RO</field-type>

            <field-default>0x0</field-default>

            <field-desc>
              <p/>
            </field-desc>
          </field>

          <field>
            <field-bits>
              <double>
                <msb>27</msb>

                <lsb>0</lsb>
              </double>
            </field-bits>

            <field-name verilog="BSYCNT">BSYCNT</field-name>

            <field-type>RO</field-type>

            <field-default>0x0</field-default>

            <field-desc>
              <p>Total busy count for the previous full window</p>
            </field-desc>
          </field>
        </reg-def>
      </tgroup>
    </table>

    <table id="table_MAPL_-_Inline_Soft_Lower_LLR_Map_0kom2ntxp">
      <title><reg-name-main verilog="DCMAPL">DCMAPL</reg-name-main> - Inline
      Soft <reg-desc>Lower LLR Map</reg-desc></title>

      <tgroup cols="5">
        <colspec colname="A" colwidth="111*"/>

        <colspec colname="B" colwidth="144*"/>

        <colspec colname="C" colwidth="101*"/>

        <colspec colname="D" colwidth="87*"/>

        <colspec colname="E" colwidth="557*"/>

        <thead>
          <row>
            <entry><p>Bit Field</p></entry>

            <entry><p>Field Name</p></entry>

            <entry><p>Type</p></entry>

            <entry><p>Default Value</p></entry>

            <entry><p>Description</p></entry>
          </row>
        </thead>

        <reg-def>
          <field>
            <field-bits>
              <double>
                <msb>31</msb>

                <lsb>30</lsb>
              </double>
            </field-bits>

            <field-name verilog="RESERVED">RESERVED</field-name>

            <field-type>RO</field-type>

            <field-default>0x0</field-default>

            <field-desc>
              <p/>
            </field-desc>
          </field>

          <field>
            <field-bits>
              <double>
                <msb>29</msb>

                <lsb>24</lsb>
              </double>
            </field-bits>

            <field-name verilog="LLR3">LLR3</field-name>

            <field-type>RW</field-type>

            <field-default>0x0</field-default>

            <field-desc>
              <p>LLR3</p>
            </field-desc>
          </field>

          <field>
            <field-bits>
              <double>
                <msb>23</msb>

                <lsb>22</lsb>
              </double>
            </field-bits>

            <field-name verilog="RESERVED">RESERVED</field-name>

            <field-type>RO</field-type>

            <field-default>0x0</field-default>

            <field-desc>
              <p/>
            </field-desc>
          </field>

          <field>
            <field-bits>
              <double>
                <msb>21</msb>

                <lsb>16</lsb>
              </double>
            </field-bits>

            <field-name verilog="LLR2">LLR2</field-name>

            <field-type>RW</field-type>

            <field-default>0x0</field-default>

            <field-desc>
              <p>LLR2</p>
            </field-desc>
          </field>

          <field>
            <field-bits>
              <double>
                <msb>15</msb>

                <lsb>14</lsb>
              </double>
            </field-bits>

            <field-name verilog="RESERVED">RESERVED</field-name>

            <field-type>RO</field-type>

            <field-default>0x0</field-default>

            <field-desc>
              <p/>
            </field-desc>
          </field>

          <field>
            <field-bits>
              <double>
                <msb>13</msb>

                <lsb>8</lsb>
              </double>
            </field-bits>

            <field-name verilog="LLR1">LLR1</field-name>

            <field-type>RW</field-type>

            <field-default>0x0</field-default>

            <field-desc>
              <p>LLR1</p>
            </field-desc>
          </field>

          <field>
            <field-bits>
              <double>
                <msb>7</msb>

                <lsb>6</lsb>
              </double>
            </field-bits>

            <field-name verilog="RESERVED">RESERVED</field-name>

            <field-type>RO</field-type>

            <field-default>0x0</field-default>

            <field-desc>
              <p/>
            </field-desc>
          </field>

          <field>
            <field-bits>
              <double>
                <msb>5</msb>

                <lsb>0</lsb>
              </double>
            </field-bits>

            <field-name verilog="LLR0">LLR0</field-name>

            <field-type>RW</field-type>

            <field-default>0x0</field-default>

            <field-desc>
              <p>LLR0</p>
            </field-desc>
          </field>
        </reg-def>
      </tgroup>
    </table>

    <table id="table_MAPU_-_Inline_Soft_Upper_LLR_Map_1kom2ntxp">
      <title><reg-name-main verilog="DCMAPU">DCMAPU</reg-name-main> - Inline
      Soft <reg-desc>Upper LLR Map</reg-desc></title>

      <tgroup cols="5">
        <colspec colname="A" colwidth="111*"/>

        <colspec colname="B" colwidth="144*"/>

        <colspec colname="C" colwidth="101*"/>

        <colspec colname="D" colwidth="87*"/>

        <colspec colname="E" colwidth="557*"/>

        <thead>
          <row>
            <entry><p>Bit Field</p></entry>

            <entry><p>Field Name</p></entry>

            <entry><p>Type</p></entry>

            <entry><p>Default Value</p></entry>

            <entry><p>Description</p></entry>
          </row>
        </thead>

        <reg-def>
          <field>
            <field-bits>
              <double>
                <msb>31</msb>

                <lsb>30</lsb>
              </double>
            </field-bits>

            <field-name verilog="RESERVED">RESERVED</field-name>

            <field-type>RO</field-type>

            <field-default>0x0</field-default>

            <field-desc>
              <p/>
            </field-desc>
          </field>

          <field>
            <field-bits>
              <double>
                <msb>29</msb>

                <lsb>24</lsb>
              </double>
            </field-bits>

            <field-name verilog="LLR7">LLR7</field-name>

            <field-type>RW</field-type>

            <field-default>0x0</field-default>

            <field-desc>
              <p>LLR7</p>
            </field-desc>
          </field>

          <field>
            <field-bits>
              <double>
                <msb>23</msb>

                <lsb>22</lsb>
              </double>
            </field-bits>

            <field-name verilog="RESERVED">RESERVED</field-name>

            <field-type>RO</field-type>

            <field-default>0x0</field-default>

            <field-desc>
              <p/>
            </field-desc>
          </field>

          <field>
            <field-bits>
              <double>
                <msb>21</msb>

                <lsb>16</lsb>
              </double>
            </field-bits>

            <field-name verilog="LLR6">LLR6</field-name>

            <field-type>RW</field-type>

            <field-default>0x0</field-default>

            <field-desc>
              <p>LLR6</p>
            </field-desc>
          </field>

          <field>
            <field-bits>
              <double>
                <msb>15</msb>

                <lsb>14</lsb>
              </double>
            </field-bits>

            <field-name verilog="RESERVED">RESERVED</field-name>

            <field-type>RO</field-type>

            <field-default>0x0</field-default>

            <field-desc>
              <p/>
            </field-desc>
          </field>

          <field>
            <field-bits>
              <double>
                <msb>13</msb>

                <lsb>8</lsb>
              </double>
            </field-bits>

            <field-name verilog="LLR5">LLR5</field-name>

            <field-type>RW</field-type>

            <field-default>0x0</field-default>

            <field-desc>
              <p>LLR5</p>
            </field-desc>
          </field>

          <field>
            <field-bits>
              <double>
                <msb>7</msb>

                <lsb>6</lsb>
              </double>
            </field-bits>

            <field-name verilog="RESERVED">RESERVED</field-name>

            <field-type>RO</field-type>

            <field-default>0x0</field-default>

            <field-desc>
              <p/>
            </field-desc>
          </field>

          <field>
            <field-bits>
              <double>
                <msb>5</msb>

                <lsb>0</lsb>
              </double>
            </field-bits>

            <field-name verilog="LLR4">LLR4</field-name>

            <field-type>RW</field-type>

            <field-default>0x0</field-default>

            <field-desc>
              <p>LLR4</p>
            </field-desc>
          </field>
        </reg-def>
      </tgroup>
    </table>

    <table audience="MSCCInternal"
           id="table_DCDDEBUG_-_Decoder_Debug_Register_0kyz3m07v">
      <title><reg-name-main verilog="DCDDEBUG">DCDDEBUG</reg-name-main> -
      <reg-desc>Decoder Debug Register</reg-desc></title>

      <tgroup cols="5">
        <colspec colname="A" colwidth="111*"/>

        <colspec colname="B" colwidth="144*"/>

        <colspec colname="C" colwidth="101*"/>

        <colspec colname="D" colwidth="87*"/>

        <colspec colname="E" colwidth="557*"/>

        <thead>
          <row>
            <entry><p>Bit Field</p></entry>

            <entry><p>Field Name</p></entry>

            <entry><p>Type</p></entry>

            <entry><p>Default Value</p></entry>

            <entry><p>Description</p></entry>
          </row>
        </thead>

        <reg-def>
          <field>
            <field-bits>
              <double>
                <msb>31</msb>

                <lsb>0</lsb>
              </double>
            </field-bits>

            <field-name verilog="DEBUG">DEBUG</field-name>

            <field-type>RO </field-type>

            <field-default>0x0</field-default>

            <field-desc>
              <p>See RTL</p>
            </field-desc>
          </field>
        </reg-def>
      </tgroup>
    </table>

    <p/>
  </body>
</topic>
