<?xml version="1.0" encoding="UTF-8"?>
<!DOCTYPE topic PUBLIC "-//OASIS//DTD DITA 1.2 Topic//EN"
"/SysSchema/dita/dtd/technicalContent/dtd/topic.dtd">
<topic base="base" id="ECC_Internal_RAM_Debug_and_Status_5ri3647aju"
       xml:lang="en-US">
  <title>ECC Internal RAM Debug and Status Registers</title>

  <body>
    <table audience="MSCCInternal" id="ECCRAMECTLECCEmbeddedRAMErrorControl">
      <title><reg-name-main verilog="ECCRAMECTL">ECCRAMECTL</reg-name-main>
      <reg-desc>ECC Embedded RAM Error Control</reg-desc></title>

      <tgroup cols="5">
        <colspec colwidth="8*"/>

        <colspec colwidth="27*"/>

        <colspec colwidth="8*"/>

        <colspec colwidth="10*"/>

        <colspec colwidth="46*"/>

        <thead>
          <row>
            <entry><p>Bit Field</p></entry>

            <entry><p>Field Name</p></entry>

            <entry><p>Type</p></entry>

            <entry><p>Default Value</p></entry>

            <entry><p>Description</p></entry>
          </row>
        </thead>

        <reg-def>
          <field>
            <field-bits>
              <double>
                <msb>31</msb>

                <lsb>16</lsb>
              </double>
            </field-bits>

            <field-name verilog="RESERVED">RESERVED</field-name>

            <field-type>RO</field-type>

            <field-default>0x0</field-default>

            <field-desc>
              <p/>
            </field-desc>
          </field>

          <field>
            <field-bits>
              <double>
                <msb>15</msb>

                <lsb>8</lsb>
              </double>
            </field-bits>

            <field-name verilog="INDEX">INDEX</field-name>

            <field-type>RW</field-type>

            <field-default>0x0</field-default>

            <field-desc>
              <p><b otherprops="bold">RAM Index</b></p>

              <p>This field contains the index of the embedded RAM on which
              the command written to the CMD field is performed.</p>

              <p>See RTL for embedded RAM indices.</p>
            </field-desc>
          </field>

          <field>
            <field-bits>
              <double>
                <msb>7</msb>

                <lsb>0</lsb>
              </double>
            </field-bits>

            <field-name verilog="CMD">CMD</field-name>

            <field-type>RW</field-type>

            <field-default>0x0</field-default>

            <field-desc>
              <p><b otherprops="bold">RAM Command</b></p>

              <p>When a value is written to this field, the corresponding
              operation is performed on the embedded RAM selected in the INDEX
              field. Selecting an unimplemented RAM index or command causes a
              NOP to be executed.</p>

              <p><i>0 (NOP) No Operation</i></p>

              <p><i>1 (SBE) Set corresponding single bit error status
              bit</i></p>

              <p><i>2 (DBE) Set corresponding double bit error status
              bit</i></p>

              <p><i>3 (ISBE) Inject true single bit error in the next value
              read from RAM </i></p>

              <p><i>4 (IDBE) Inject true double bit error in the next value
              read from RAM</i></p>

              <p>Others Reserved</p>
            </field-desc>
          </field>
        </reg-def>
      </tgroup>
    </table>

    <table audience="MSCCInternal" id="ECCRAMSBESTSECCRAMSingleBitErrorStatus">
      <title><reg-name-main
      verilog="ECCRAMSBESTS">ECCRAMSBESTS</reg-name-main> <reg-desc>ECC RAM
      Single Bit Error Status</reg-desc></title>

      <tgroup cols="5">
        <colspec colwidth="8*"/>

        <colspec colwidth="27*"/>

        <colspec colwidth="8*"/>

        <colspec colwidth="10*"/>

        <colspec colwidth="46*"/>

        <thead>
          <row>
            <entry><p>Bit Field</p></entry>

            <entry><p>Field Name</p></entry>

            <entry><p>Type</p></entry>

            <entry><p>Default Value</p></entry>

            <entry><p>Description</p></entry>
          </row>
        </thead>

        <reg-def>
          <field>
            <field-bits>
              <double>
                <msb>31</msb>

                <lsb>8</lsb>
              </double>
            </field-bits>

            <field-name verilog="RESERVED">RESERVED</field-name>

            <field-type>RO</field-type>

            <field-default>0x0</field-default>

            <field-desc>
              <p/>
            </field-desc>
          </field>

          <field>
            <field-bits>
              <double>
                <msb>7</msb>

                <lsb>0</lsb>
              </double>
            </field-bits>

            <field-name verilog="STS">STS</field-name>

            <field-type>RW1C</field-type>

            <field-default>0x0</field-default>

            <field-desc>
              <p><b otherprops="bold">RAM Single Bit Error Status</b></p>

              <p>Associated with each embedded RAM is a status bit. A status
              bit is set whenever a single bit error is detected in that
              RAM.</p>

              <p>Bits corresponding to unused indices are hardwired to
              zero.</p>
            </field-desc>
          </field>
        </reg-def>
      </tgroup>
    </table>

    <table audience="MSCCInternal" id="ECCRAMDBESTSECCRAMDoubleBitErrorStatus">
      <title><reg-name-main
      verilog="ECCRAMDBESTS">ECCRAMDBESTS</reg-name-main> <reg-desc>ECC RAM
      Double Bit Error Status</reg-desc></title>

      <tgroup cols="5">
        <colspec colwidth="8*"/>

        <colspec colwidth="27*"/>

        <colspec colwidth="8*"/>

        <colspec colwidth="10*"/>

        <colspec colwidth="46*"/>

        <thead>
          <row>
            <entry><p>Bit Field</p></entry>

            <entry><p>Field Name</p></entry>

            <entry><p>Type</p></entry>

            <entry><p>Default Value</p></entry>

            <entry><p>Description</p></entry>
          </row>
        </thead>

        <reg-def>
          <field>
            <field-bits>
              <double>
                <msb>31</msb>

                <lsb>8</lsb>
              </double>
            </field-bits>

            <field-name verilog="RESERVED">RESERVED</field-name>

            <field-type>RO</field-type>

            <field-default>0x0</field-default>

            <field-desc>
              <p/>
            </field-desc>
          </field>

          <field>
            <field-bits>
              <double>
                <msb>7</msb>

                <lsb>0</lsb>
              </double>
            </field-bits>

            <field-name verilog="STS">STS</field-name>

            <field-type>RW1C</field-type>

            <field-default>0x0</field-default>

            <field-desc>
              <p><b otherprops="bold">RAM Double Bit Error Status</b></p>

              <p>Associated with each embedded RAM is a status bit. A status
              bit is set whenever a double bit error is detected in that
              RAM.</p>

              <p>Bits corresponding to unused indices are hardwired to
              zero.</p>
            </field-desc>
          </field>
        </reg-def>
      </tgroup>
    </table>
  </body>
</topic>
