<?xml version="1.0" encoding="UTF-8"?>
<!DOCTYPE topic PUBLIC "-//OASIS//DTD DITA 1.2 Topic//EN"
"/SysSchema/dita/dtd/technicalContent/dtd/topic.dtd">
<topic base="base" id="ECC_5bi3647aju" xml:lang="en-US">
  <title>ECC Registers</title>

  <body>
    <table id="ECCCTLECCControl">
      <title><reg-name-main verilog="ECCCTL">ECCCTL</reg-name-main>
      <reg-desc>ECC Control</reg-desc></title>

      <tgroup cols="5">
        <colspec colwidth="8*"/>

        <colspec colwidth="27*"/>

        <colspec colwidth="8*"/>

        <colspec colwidth="10*"/>

        <colspec colwidth="46*"/>

        <thead>
          <row>
            <entry><p>Bit Field</p></entry>

            <entry><p>Field Name</p></entry>

            <entry><p>Type</p></entry>

            <entry><p>Default Value</p></entry>

            <entry><p>Description</p></entry>
          </row>
        </thead>

        <reg-def>
          <field audience="MSCCInternal">
            <field-bits>
              <single>31</single>
            </field-bits>

            <field-name verilog="PHYSADDREN">PHYSADDREN</field-name>

            <field-type>RW</field-type>

            <field-default>0x0</field-default>

            <field-desc>
              <p><b>Physical Address enable</b></p>

              <p>A specialized feature, enables 40 bits of physical address
              and 16 extra bits of seed for the flash interface.</p>
            </field-desc>
          </field>

          <field>
            <field-bits>
              <single>30</single>
            </field-bits>

            <field-name verilog="SCRMDIS">SCRMDIS</field-name>

            <field-type>RW</field-type>

            <field-default>0x0</field-default>

            <field-desc>
              <p><b>Scrambler Disable</b></p>

              <p>When set the scrambler seed is still inserted into the chunk,
              but no scrambling will occur. Not used in normal operation.</p>
            </field-desc>
          </field>

          <field>
            <field-bits>
              <single>29</single>
            </field-bits>

            <field-name verilog="RESERVED">RESERVED</field-name>

            <field-type>RO</field-type>

            <field-default>0x0</field-default>

            <field-desc>
              <p/>
            </field-desc>
          </field>

          <field>
            <field-bits>
              <double>
                <msb>28</msb>

                <lsb>24</lsb>
              </double>
            </field-bits>

            <field-name verilog="ERASEDTH">ERASEDTH</field-name>

            <field-type>RW</field-type>

            <field-default>0x0</field-default>

            <field-desc>
              <p><b otherprops="bold">Erased Page ECC Chunk Threshold</b></p>

              <p>This field encodes the percentage of bits with a value of one
              that must be present in an ECC chunk transferred from Flash
              during a protected or raw bulk data transfer for the Erased (Er)
              bit to be set in the corresponding F2C transfer status.</p>

              <p>A value of zero in this field disables erased page detection
              and the Erased (Er) bit always returns a value of zero.</p>

              <p>A non-zero value in this field specifies the one bit
              threshold in units of thirty-seconds (i.e., 1/32).</p>

              <p>Examples:</p>

              <p>A value of one means that more that 3.125% of the bits in an
              ECC chunk must have a value of one for the Er bit to be set.</p>

              <p>A value of 15 means that more than 46.875% of the bits in an
              ECC chunk must have a value of one for the Er bit to be set.</p>

              <p>A value of 31 means that more than 96.875% of the bits in an
              ECC chunk must have a value of one for the Er bit to be set.</p>
            </field-desc>
          </field>

          <field>
            <field-bits>
              <double>
                <msb>23</msb>

                <lsb>22</lsb>
              </double>
            </field-bits>

            <field-name verilog="RESERVED">RESERVED</field-name>

            <field-type>RO</field-type>

            <field-default>0x0</field-default>

            <field-desc>
              <p/>
            </field-desc>
          </field>

          <field>
            <field-bits>
              <double>
                <msb>21</msb>

                <lsb>16</lsb>
              </double>
            </field-bits>

            <field-name verilog="ITERTH">ITERTH</field-name>

            <field-type>RW</field-type>

            <field-default>0x0</field-default>

            <field-desc>
              <p><b>Iteration Threshold</b></p>

              <p>For an in-line soft-decode with transfer status ok, the
              iteration threshold status bit is set if the number of decode
              iterations equals or exceeds this value</p>
            </field-desc>
          </field>

          <field>
            <field-bits>
              <double>
                <msb>15</msb>

                <lsb>4</lsb>
              </double>
            </field-bits>

            <field-name verilog="RESERVED">RESERVED</field-name>

            <field-type>RO</field-type>

            <field-default>0x0</field-default>

            <field-desc>
              <p/>
            </field-desc>
          </field>

          <field>
            <field-bits>
              <single>3</single>
            </field-bits>

            <field-name verilog="F2CTSM">F2CTSM</field-name>

            <field-type>RW</field-type>

            <field-default>0x0</field-default>

            <field-desc>
              <p><b>F2C Transfer Status Mode</b></p>

              <p>This field controls the format of the status that is returned
              when a protected ECC bulk data transfer ECC decode operation
              completes successfully (i.e., with status OK).</p>

              <p>When F2CTSM is set to zero, the transfer status shown in</p>

              <p/>

              <p>When F2CTSM is set to one, the transfer status is shown
              in</p>

              <p/>
            </field-desc>
          </field>

          <field>
            <field-bits>
              <single>2</single>
            </field-bits>

            <field-name verilog="RESERVED">RESERVED</field-name>

            <field-type>RO</field-type>

            <field-default>0x0</field-default>

            <field-desc>
              <p><b otherprops="bold"/></p>
            </field-desc>
          </field>

          <field>
            <field-bits>
              <double>
                <msb>1</msb>

                <lsb>0</lsb>
              </double>
            </field-bits>

            <field-name verilog="SSGEN">SSGEN</field-name>

            <field-type>RW</field-type>

            <field-default>0x0</field-default>

            <field-desc>
              <p><b otherprops="bold">Scrambler Seed Generation</b></p>

              <p>This field controls scrambler seed generation during ECC
              encode operations.</p>

              <p><i>0 (disable) Scrambler disabled (seed of zero is
              used)</i></p>

              <p><i>1 (auto) Scrambler is enabled and the seed is auto
              generated.</i></p>

              <p><i>2 (fcp) Scrambler is enabled and the seed is supplied by
              the Flash channel processor</i></p>

              <p>others Reserved</p>
            </field-desc>
          </field>
        </reg-def>
      </tgroup>
    </table>

    <table id="ECCCRI151ECCCodeRateIndex151">
      <title><reg-name-main verilog="ECCCRI">ECCCRI[15:1]</reg-name-main>
      <reg-desc>ECC Code Rate Index [15:1]</reg-desc></title>

      <tgroup cols="5">
        <colspec colwidth="8*"/>

        <colspec colwidth="27*"/>

        <colspec colwidth="8*"/>

        <colspec colwidth="10*"/>

        <colspec colwidth="46*"/>

        <thead>
          <row>
            <entry><p>Bit Field</p></entry>

            <entry><p>Field Name</p></entry>

            <entry><p>Type</p></entry>

            <entry><p>Default Value</p></entry>

            <entry><p>Description</p></entry>
          </row>
        </thead>

        <reg-def>
          <field>
            <field-bits>
              <double>
                <msb>31</msb>

                <lsb>29</lsb>
              </double>
            </field-bits>

            <field-name verilog="RESERVED">RESERVED</field-name>

            <field-type>RO</field-type>

            <field-default>0x0</field-default>

            <field-desc>
              <p/>
            </field-desc>
          </field>

          <field>
            <field-bits>
              <double>
                <msb>28</msb>

                <lsb>18</lsb>
              </double>
            </field-bits>

            <field-name verilog="ECCCHUNK">ECCCHUNK</field-name>

            <field-type>RW</field-type>

            <field-default>0x0</field-default>

            <field-desc>
              <p><b otherprops="bold">ECC Chunk Size</b></p>

              <p>This field specifies the size of the ECC chunk in DWords for
              the corresponding code rate.</p>
            </field-desc>
          </field>

          <field>
            <field-bits>
              <double>
                <msb>17</msb>

                <lsb>13</lsb>
              </double>
            </field-bits>

            <field-name verilog="RESERVED">RESERVED</field-name>

            <field-type>RO</field-type>

            <field-default>0x0</field-default>

            <field-desc>
              <p/>
            </field-desc>
          </field>

          <field>
            <field-bits>
              <double>
                <msb>12</msb>

                <lsb>2</lsb>
              </double>
            </field-bits>

            <field-name verilog="PROTDATA">PROTDATA</field-name>

            <field-type>RW</field-type>

            <field-default>0x0</field-default>

            <field-desc>
              <p><b otherprops="bold">Protected Data Size</b></p>

              <p>This field specifies the size of protected data in DWords for
              the corresponding code rate.</p>
            </field-desc>
          </field>

          <field>
            <field-bits>
              <double>
                <msb>1</msb>

                <lsb>0</lsb>
              </double>
            </field-bits>

            <field-name verilog="RESERVED">RESERVED</field-name>

            <field-type>RO</field-type>

            <field-default>0x0</field-default>

            <field-desc>
              <p/>
            </field-desc>
          </field>
        </reg-def>
      </tgroup>
    </table>

    <table audience="MSCCInternal" id="ECCUESECCUncorrectableErrorStatus">
      <title><reg-name-main verilog="ECCUES">ECCUES</reg-name-main>
      <reg-desc>ECC Uncorrectable Error Status</reg-desc></title>

      <tgroup cols="5">
        <colspec colwidth="8*"/>

        <colspec colwidth="27*"/>

        <colspec colwidth="8*"/>

        <colspec colwidth="10*"/>

        <colspec colwidth="46*"/>

        <thead>
          <row>
            <entry><p>Bit Field</p></entry>

            <entry><p>Field Name</p></entry>

            <entry><p>Type</p></entry>

            <entry><p>Default Value</p></entry>

            <entry><p>Description</p></entry>
          </row>
        </thead>

        <reg-def>
          <field>
            <field-bits>
              <double>
                <msb>31</msb>

                <lsb>0</lsb>
              </double>
            </field-bits>

            <field-name verilog="RSVD">RSVD</field-name>

            <field-type>RO</field-type>

            <field-default>0x0</field-default>

            <field-desc>
              <p>There are no ECC specific reported uncorrectable errors</p>
            </field-desc>
          </field>
        </reg-def>
      </tgroup>
    </table>

    <table id="ECCBPECCBackpressure">
      <title><reg-name-main verilog="ECCBP">ECCBP</reg-name-main>
      <reg-desc>ECC Backpressure</reg-desc></title>

      <tgroup cols="5">
        <colspec colwidth="8*"/>

        <colspec colwidth="27*"/>

        <colspec colwidth="8*"/>

        <colspec colwidth="10*"/>

        <colspec colwidth="46*"/>

        <thead>
          <row>
            <entry><p>Bit Field</p></entry>

            <entry><p>Field Name</p></entry>

            <entry><p>Type</p></entry>

            <entry><p>Default Value</p></entry>

            <entry><p>Description</p></entry>
          </row>
        </thead>

        <reg-def>
          <field>
            <field-bits>
              <double>
                <msb>31</msb>

                <lsb>0</lsb>
              </double>
            </field-bits>

            <field-name verilog="COUNT">COUNT</field-name>

            <field-type>RCCs</field-type>

            <field-default>0x0</field-default>

            <field-desc>
              <p><b otherprops="bold">Stall Count</b></p>

              <p>This field is incremented each clock cycle in which there is
              a stalled ECC decode operation due to lack of a free ECC
              decoder.</p>

              <p>This counter saturates at its maximum value and does not
              rollover to zero.</p>
            </field-desc>
          </field>
        </reg-def>
      </tgroup>
    </table>

    <table id="ECCEICTLECCErrorInjectionControl">
      <title><reg-name-main verilog="ECCEICTL">ECCEICTL</reg-name-main>
      <reg-desc>ECC Error Injection Control</reg-desc></title>

      <tgroup cols="5">
        <colspec colwidth="8*"/>

        <colspec colwidth="27*"/>

        <colspec colwidth="8*"/>

        <colspec colwidth="10*"/>

        <colspec colwidth="46*"/>

        <thead>
          <row>
            <entry><p>Bit Field</p></entry>

            <entry><p>Field Name</p></entry>

            <entry><p>Type</p></entry>

            <entry><p>Default Value</p></entry>

            <entry><p>Description</p></entry>
          </row>
        </thead>

        <reg-def>
          <field>
            <field-bits>
              <double>
                <msb>31</msb>

                <lsb>21</lsb>
              </double>
            </field-bits>

            <field-name verilog="RESERVED">RESERVED</field-name>

            <field-type>RO</field-type>

            <field-default>0x0</field-default>

            <field-desc>
              <p/>
            </field-desc>
          </field>

          <field>
            <field-bits>
              <double>
                <msb>20</msb>

                <lsb>1</lsb>
              </double>
            </field-bits>

            <field-name verilog="BERR">BERR</field-name>

            <field-type>RW</field-type>

            <field-default>0x0</field-default>

            <field-desc>
              <p><b otherprops="bold">Flash Error Injection Bit Error
              Rate</b></p>

              <p>This field controls the bit error rate of errors injected by
              the Flash error injection logic.</p>

              <p>A value of zero disables the error injection logic.</p>

              <p>Supported error bit rates are 1 / 2<sup>20</sup> to
              (2<sup>20</sup>-1) / 2<sup>20</sup> .</p>

              <p>Given a desired bit rate X / 2<sup>20</sup>, the value in the
              BERR field should be programmed to the value X.</p>

              <p>This field may only be modified when the error injection
              logic is disabled.</p>
            </field-desc>
          </field>

          <field>
            <field-bits>
              <single>0</single>
            </field-bits>

            <field-name verilog="EN">EN</field-name>

            <field-type>RW</field-type>

            <field-default>0x0</field-default>

            <field-desc>
              <p><b otherprops="bold">Error Injection Enable</b></p>

              <p>When this bit is cleared, the error injection logic is
              disabled and no errors are injected into any data read from
              Flash.</p>

              <p>When this bit is set, Flash error injection logic is enabled
              and errors are injected at the configured bit rate.</p>
            </field-desc>
          </field>
        </reg-def>
      </tgroup>
    </table>

    <table id="ECCEISEEDECCErrorInjectionSeed">
      <title><reg-name-main verilog="ECCEISEED">ECCEISEED</reg-name-main>
      <reg-desc>ECC Error Injection Seed</reg-desc></title>

      <tgroup cols="5">
        <colspec colwidth="8*"/>

        <colspec colwidth="27*"/>

        <colspec colwidth="8*"/>

        <colspec colwidth="10*"/>

        <colspec colwidth="46*"/>

        <thead>
          <row>
            <entry><p>Bit Field</p></entry>

            <entry><p>Field Name</p></entry>

            <entry><p>Type</p></entry>

            <entry><p>Default Value</p></entry>

            <entry><p>Description</p></entry>
          </row>
        </thead>

        <reg-def>
          <field>
            <field-bits>
              <double>
                <msb>31</msb>

                <lsb>0</lsb>
              </double>
            </field-bits>

            <field-name verilog="SEED">SEED</field-name>

            <field-type>RW</field-type>

            <field-default>0xFFFFFFFF</field-default>

            <field-desc>
              <p><b otherprops="bold">Error Injection LFSR Seed</b></p>

              <p>This field contains an LFSR seed that is used by the error
              injection logic to determine when/if Flash errors are injected
              into data read from Flash. The error injection logic uses the
              value in this field to produce a unique random value.</p>

              <p>The LFSR seed may only be modified when the Enable (EN) bit
              is cleared in the ECC Error Injection Control (ECCEICTL)
              register. Modifying this field when the EN bit is set produces
              undefined results.</p>
            </field-desc>
          </field>
        </reg-def>
      </tgroup>
    </table>
  </body>
</topic>
