<?xml version="1.0" encoding="UTF-8"?>
<!-- Date Stamp: Thu Jul 27 10:08:24 MST 2023 -->
<!DOCTYPE topic PUBLIC "-//OASIS//DTD DITA Topic//EN"
"/SysSchema/dita/dtd/technicalContent/dtd/topic.dtd">
<topic base="base" id="CSR_Registers_59i3647aju" xml:lang="en-US">
  <title>Flash Interface Register Address Map</title>

  <body>
    <table id="FlashInterfaceCSRAddressMap">
      <title>Flash Interface Register Address Map</title>

      <tgroup cols="3">
        <colspec colwidth="119*"/>

        <colspec colwidth="144*"/>

        <colspec colwidth="737*"/>

        <thead>
          <row>
            <entry><p>Offset Address</p></entry>

            <entry><p>Register Mnemonic</p></entry>

            <entry><p>Register Description</p></entry>
          </row>
        </thead>

        <address-map>
          <register-reference>
            <address>0x60000</address>

            <addr-element>
              <addr-mnemonic>CTL</addr-mnemonic>
            </addr-element>

            <address-details>
              <p><xref
              href="Global_Registers_5ai3647aju.xml#Global_Registers_5ai3647aju/FICTLFlashInterfaceControl"/></p>
            </address-details>
          </register-reference>

          <register-reference>
            <address>0x60004</address>

            <addr-element>
              <addr-mnemonic>STS</addr-mnemonic>
            </addr-element>

            <address-details>
              <p><xref
              href="Global_Registers_5ai3647aju.xml#Global_Registers_5ai3647aju/FISTSFlashInterfaceStatus"/></p>
            </address-details>
          </register-reference>

          <register-reference>
            <address>0x60008</address>

            <addr-element>
              <addr-mnemonic>WP</addr-mnemonic>
            </addr-element>

            <address-details>
              <p><xref
              href="Global_Registers_5ai3647aju.xml#Global_Registers_5ai3647aju/FIWPFlashInterfaceWriteProtect"/></p>
            </address-details>
          </register-reference>

          <register-reference>
            <address>0x6000C</address>

            <addr-element>
              <addr-mnemonic>FCCEVENT</addr-mnemonic>
            </addr-element>

            <address-details>
              <p><xref
              href="Global_Registers_5ai3647aju.xml#Global_Registers_5ai3647aju/FIFCCEVENTFlashInterfaceFlashChannelControllerEvent"/></p>
            </address-details>
          </register-reference>

          <register-reference>
            <address>0x60010</address>

            <addr-element>
              <addr-mnemonic>QTIMER</addr-mnemonic>
            </addr-element>

            <address-details>
              <p><xref
              href="Global_Registers_5ai3647aju.xml#Global_Registers_5ai3647aju/FIQTIMERFlashInterfaceQuiesceTimer"/></p>
            </address-details>
          </register-reference>

          <register-reference>
            <address>0x60014</address>

            <addr-element>
              <addr-mnemonic>QTO</addr-mnemonic>
            </addr-element>

            <address-details>
              <p><xref
              href="Global_Registers_5ai3647aju.xml#Global_Registers_5ai3647aju/FIQTOFlashInterfaceQuiesceTimeout"/></p>
            </address-details>
          </register-reference>

          <register-reference>
            <address>0x60018</address>

            <addr-element>
              <addr-mnemonic>MEMCFG</addr-mnemonic>
            </addr-element>

            <address-details>
              <p><xref
              href="Global_Registers_5ai3647aju.xml#Global_Registers_5ai3647aju/table_FIMEMCFG_-_Flash_Interface_Memory_Config_0jfo8zkcd"/></p>
            </address-details>
          </register-reference>

          <register-reference audience="MSCCInternal">
            <address>0x6001C</address>

            <addr-element>
              <addr-mnemonic>MNWCTL</addr-mnemonic>
            </addr-element>

            <address-details>
              <p><xref
              href="Global_Registers_5ai3647aju.xml#Global_Registers_5ai3647aju/FIMNWCTLFlashInterfaceMessageNetworkControl"/></p>
            </address-details>
          </register-reference>

          <register-reference audience="MSCCInternal">
            <address>0x60024</address>

            <addr-element>
              <addr-mnemonic>PWRCTL</addr-mnemonic>
            </addr-element>

            <address-details>
              <p><xref
              href="Global_Registers_5ai3647aju.xml#Global_Registers_5ai3647aju/table_PWRCTL_-_Flash_Interface_Power_control_0kg9yirbu"/></p>
            </address-details>
          </register-reference>

          <register-reference>
            <address>0x60028</address>

            <addr-element>
              <addr-mnemonic>MEMAPROP</addr-mnemonic>
            </addr-element>

            <address-details>
              <p><xref
              href="Global_Registers_5ai3647aju.xml#Global_Registers_5ai3647aju/table_MEMAPROP_-_Coherent_Memory_Access_Proper_0kx9iy029"/></p>
            </address-details>
          </register-reference>

          <register-reference>
            <address>0x6002C</address>

            <addr-element>
              <addr-mnemonic>MEMAPROT</addr-mnemonic>
            </addr-element>

            <address-details>
              <p><xref
              href="Global_Registers_5ai3647aju.xml#Global_Registers_5ai3647aju/table_MEMAPROT_-_Coherent_Memory_Access_Protec_1kx9iy029"/></p>
            </address-details>
          </register-reference>

          <register-reference>
            <address>0x60030</address>

            <addr-element>
              <addr-mnemonic>ECCCTL</addr-mnemonic>
            </addr-element>

            <address-details>
              <p><xref
              href="ECC_5bi3647aju.xml#ECC_5bi3647aju/ECCCTLECCControl"/></p>
            </address-details>
          </register-reference>

          <register-reference audience="MSCCInternal">
            <address>0x60034</address>

            <addr-element>
              <addr-mnemonic>ECCUES</addr-mnemonic>
            </addr-element>

            <address-details>
              <p><xref
              href="ECC_5bi3647aju.xml#ECC_5bi3647aju/ECCUESECCUncorrectableErrorStatus"/></p>
            </address-details>
          </register-reference>

          <register-reference>
            <address>0x60038</address>

            <addr-element>
              <addr-mnemonic>ECCBP</addr-mnemonic>
            </addr-element>

            <address-details>
              <p><xref
              href="ECC_5bi3647aju.xml#ECC_5bi3647aju/ECCBPECCBackpressure"/></p>
            </address-details>
          </register-reference>

          <register-reference>
            <address>0x60080</address>

            <addr-element>
              <addr-mnemonic>ECCEICTL</addr-mnemonic>
            </addr-element>

            <address-details>
              <p><xref
              href="ECC_5bi3647aju.xml#ECC_5bi3647aju/ECCEICTLECCErrorInjectionControl"/></p>
            </address-details>
          </register-reference>

          <register-reference>
            <address>0x60084</address>

            <addr-element>
              <addr-mnemonic>ECCEISEED</addr-mnemonic>
            </addr-element>

            <address-details>
              <p><xref
              href="ECC_5bi3647aju.xml#ECC_5bi3647aju/ECCEISEEDECCErrorInjectionSeed"/></p>
            </address-details>
          </register-reference>

          <register-reference>
            <address>0x60090</address>

            <addr-element>
              <addr-mnemonic>BMCTL</addr-mnemonic>
            </addr-element>

            <address-details>
              <p><xref
              href="Flash_Interface_Buffer_Manager_Registers_5ci3647aju.xml#Flash_Interface_Buffer_Manager_Registers_5ci3647aju/FIBMCTLFlashInterfaceBufferManagerControl"/></p>
            </address-details>
          </register-reference>

          <register-reference>
            <address>0x60094</address>

            <addr-element>
              <addr-mnemonic>BMCES</addr-mnemonic>
            </addr-element>

            <address-details>
              <p><xref
              href="Flash_Interface_Buffer_Manager_Registers_5ci3647aju.xml#Flash_Interface_Buffer_Manager_Registers_5ci3647aju/table_FIBMCES_Flash_Interface_Buffer_Manager_C_3jigjki98"/></p>
            </address-details>
          </register-reference>

          <register-reference>
            <address>0x60098</address>

            <addr-element>
              <addr-mnemonic>BMUES</addr-mnemonic>
            </addr-element>

            <address-details>
              <p><xref
              href="Flash_Interface_Buffer_Manager_Registers_5ci3647aju.xml#Flash_Interface_Buffer_Manager_Registers_5ci3647aju/FIBMUESFlashInterfaceBufferManagerUncorrectableErrorStatus"/></p>
            </address-details>
          </register-reference>

          <register-reference>
            <address>0x600A0</address>

            <addr-element>
              <addr-mnemonic>BMCTL1</addr-mnemonic>
            </addr-element>

            <address-details>
              <p><xref
              href="Flash_Interface_Buffer_Manager_Registers_5ci3647aju.xml#Flash_Interface_Buffer_Manager_Registers_5ci3647aju/table_FIBMCTL1_Flash_Interface_Buffer_Manager__0jge89zgw"/></p>
            </address-details>
          </register-reference>

          <register-reference>
            <address>0x600A4</address>

            <addr-element>
              <addr-mnemonic>BMCES1</addr-mnemonic>
            </addr-element>

            <address-details>
              <p><xref
              href="Flash_Interface_Buffer_Manager_Registers_5ci3647aju.xml#Flash_Interface_Buffer_Manager_Registers_5ci3647aju/table_FIBMCES1_Flash_Interface_Buffer_Manager__4jigjlti7"/></p>
            </address-details>
          </register-reference>

          <register-reference>
            <address>0x600A8</address>

            <addr-element>
              <addr-mnemonic>BMUES1</addr-mnemonic>
            </addr-element>

            <address-details>
              <p><xref
              href="Flash_Interface_Buffer_Manager_Registers_5ci3647aju.xml#Flash_Interface_Buffer_Manager_Registers_5ci3647aju/table_FIBMUES1_Flash_Interface_Buffer_Manager__2jge89zgw"/></p>
            </address-details>
          </register-reference>

          <register-reference>
            <address>0x6010C</address>

            <addr-element>
              <addr-mnemonic>FPMWGT</addr-mnemonic>
            </addr-element>

            <address-details>
              <p><xref
              href="Flash_Power_Manager_Registers_5fi3647aju.xml#Flash_Power_Manager_Registers_5fi3647aju/table_FPMWGT_-_Flash_Power_Manager_Weight_1kg9z4ohx"/></p>
            </address-details>
          </register-reference>

          <register-reference>
            <address>0x60110</address>

            <addr-element>
              <addr-mnemonic>FPMPA</addr-mnemonic>
            </addr-element>

            <address-details>
              <p><xref
              href="Flash_Power_Manager_Registers_5fi3647aju.xml#Flash_Power_Manager_Registers_5fi3647aju/FPMPAFlashPowerManagerPowerAllocation"/></p>
            </address-details>
          </register-reference>

          <register-reference>
            <address>0x60114</address>

            <addr-element>
              <addr-mnemonic>FPMUES</addr-mnemonic>
            </addr-element>

            <address-details>
              <p><xref
              href="Flash_Power_Manager_Registers_5fi3647aju.xml#Flash_Power_Manager_Registers_5fi3647aju/FPMUESFlashPowerManagerUncorrectableErrorStatus"/></p>
            </address-details>
          </register-reference>

          <register-reference>
            <address>0x60140</address>

            <addr-element>
              <addr-mnemonic>MDSCTL</addr-mnemonic>
            </addr-element>

            <address-details>
              <p><xref
              href="Message_Distribution_Subnetwork_5oi3647aju.xml#Message_Distribution_Subnetwork_5oi3647aju/MDSCTLMessageDistributionSubnetworkControl"/></p>
            </address-details>
          </register-reference>

          <register-reference>
            <address>0x60144</address>

            <addr-element>
              <addr-mnemonic>MDSLPMCNT</addr-mnemonic>
            </addr-element>

            <address-details>
              <p><xref
              href="Message_Distribution_Subnetwork_5oi3647aju.xml#Message_Distribution_Subnetwork_5oi3647aju/MDSLPMCNTMessageDistributionSubnetworkLowPriorityMessageCount"/></p>
            </address-details>
          </register-reference>

          <register-reference>
            <address>0x60148</address>

            <addr-element>
              <addr-mnemonic>MDSHPMCNT</addr-mnemonic>
            </addr-element>

            <address-details>
              <p><xref
              href="Message_Distribution_Subnetwork_5oi3647aju.xml#Message_Distribution_Subnetwork_5oi3647aju/MDSHPMCNTMessageDistributionSubnetworkHighPriorityMessageCount"/></p>
            </address-details>
          </register-reference>

          <register-reference>
            <address>0x60160</address>

            <addr-element>
              <addr-mnemonic>MDSLPB</addr-mnemonic>
            </addr-element>

            <address-details>
              <p><xref
              href="Message_Distribution_Subnetwork_5oi3647aju.xml#Message_Distribution_Subnetwork_5oi3647aju/MDSLPBMessageDistributionSubnetworkLowPriorityBackpressure"/></p>
            </address-details>
          </register-reference>

          <register-reference>
            <address>0x60164</address>

            <addr-element>
              <addr-mnemonic>MDSHPBP</addr-mnemonic>
            </addr-element>

            <address-details>
              <p><xref
              href="Message_Distribution_Subnetwork_5oi3647aju.xml#Message_Distribution_Subnetwork_5oi3647aju/MDSHPBPMessageDistributionSubnetworkHighPriorityBackpressure"/></p>
            </address-details>
          </register-reference>

          <register-reference>
            <address>0x60168</address>

            <addr-element>
              <addr-mnemonic>MDWCPL</addr-mnemonic>
            </addr-element>

            <address-details>
              <p><xref
              href="Message_Distribution_Subnetwork_5oi3647aju.xml#Message_Distribution_Subnetwork_5oi3647aju/table_MDWCPL_-_Message_Distribution_Subnetwork_0kgv1zuqs"/></p>
            </address-details>
          </register-reference>

          <register-reference>
            <address>0x60400</address>

            <addr-element>
              <addr-mnemonic>CERRSTS</addr-mnemonic>
            </addr-element>

            <address-details>
              <p><xref
              href="Global_Errors_5di3647aju.xml#Global_Errors_5di3647aju/FICERRSTSFlashInterfaceCorrectedErrorStatus"/></p>
            </address-details>
          </register-reference>

          <register-reference>
            <address>0x60404</address>

            <addr-element>
              <addr-mnemonic>CERRMSK</addr-mnemonic>
            </addr-element>

            <address-details>
              <p><xref
              href="Global_Errors_5di3647aju.xml#Global_Errors_5di3647aju/FICERRMSKFlashInterfaceCorrectedErrorMask"/></p>
            </address-details>
          </register-reference>

          <register-reference>
            <address>0x60408</address>

            <addr-element>
              <addr-mnemonic>CERRSWTGR</addr-mnemonic>
            </addr-element>

            <address-details>
              <p><xref
              href="Global_Errors_5di3647aju.xml#Global_Errors_5di3647aju/FICERRSWTGRFlashInterfaceCorrectedErrorSoftwareTrigger"/></p>
            </address-details>
          </register-reference>

          <register-reference>
            <address>0x6040C</address>

            <addr-element>
              <addr-mnemonic>UCERRSTS</addr-mnemonic>
            </addr-element>

            <address-details>
              <p><xref
              href="Global_Errors_5di3647aju.xml#Global_Errors_5di3647aju/FIUCERRSTSFlashInterfaceUncorrectedErrorStatus"/></p>
            </address-details>
          </register-reference>

          <register-reference>
            <address>0x60410</address>

            <addr-element>
              <addr-mnemonic>UCERRMSK</addr-mnemonic>
            </addr-element>

            <address-details>
              <p><xref
              href="Global_Errors_5di3647aju.xml#Global_Errors_5di3647aju/FIUCERRMSKFlashInterfaceUncorrectedErrorMask"/></p>
            </address-details>
          </register-reference>

          <register-reference>
            <address>0x60414</address>

            <addr-element>
              <addr-mnemonic>UCERRSWTGR</addr-mnemonic>
            </addr-element>

            <address-details>
              <p><xref
              href="Global_Errors_5di3647aju.xml#Global_Errors_5di3647aju/FIUCERRSWTGRFlashInterfaceUncorrectedErrorSoftwareTrigger"/></p>
            </address-details>
          </register-reference>

          <register-reference audience="MSCCInternal">
            <address>0x60418</address>

            <addr-element>
              <addr-mnemonic>ENCERR</addr-mnemonic>
            </addr-element>

            <address-details>
              <p><xref
              href="Global_Errors_5di3647aju.xml#Global_Errors_5di3647aju/table_ENCERR_-_Encoder_Uncorrectable_Error_Cau_0km6sh3g6"/></p>
            </address-details>
          </register-reference>

          <register-reference audience="MSCCInternal">
            <address>0x6041C</address>

            <addr-element>
              <addr-mnemonic>AUTDISMSK</addr-mnemonic>
            </addr-element>

            <address-details>
              <p><xref
              href="Global_Errors_5di3647aju.xml#Global_Errors_5di3647aju/FIAUTODMFlashInterfaceAutonomousDisableMask"/></p>
            </address-details>
          </register-reference>

          <register-reference>
            <address>0x60420</address>

            <addr-element>
              <addr-mnemonic>FCCCES</addr-mnemonic>
            </addr-element>

            <address-details>
              <p><xref
              href="Global_Errors_5di3647aju.xml#Global_Errors_5di3647aju/FCCCESFlashChannelControllerCorrectableErrorStatus"/></p>
            </address-details>
          </register-reference>

          <register-reference>
            <address>0x60424</address>

            <addr-element>
              <addr-mnemonic>FCCUES</addr-mnemonic>
            </addr-element>

            <address-details>
              <p><xref
              href="Global_Errors_5di3647aju.xml#Global_Errors_5di3647aju/FCCUESFlashChannelControllerUncorrectableErrorStatus"/></p>
            </address-details>
          </register-reference>

          <register-reference audience="MSCCInternal">
            <address>0x60428</address>

            <addr-element>
              <addr-mnemonic>XDPDBG</addr-mnemonic>
            </addr-element>

            <address-details>
              <p><xref
              href="XOR_Calculator_5mi3647aju.xml#XOR_Calculator_5mi3647aju/table_XDPDBG_-_XOR_Datapath_Debug_Register_0kz4egxdv"/></p>
            </address-details>
          </register-reference>

          <register-reference audience="MSCCInternal">
            <address>0x60700</address>

            <addr-element>
              <addr-mnemonic>RAMACTL</addr-mnemonic>
            </addr-element>

            <address-details>
              <p><xref
              href="Flash_Interface_Indirect_RAM_Access_5ei3647aju.xml#Flash_Interface_Indirect_RAM_Access_5ei3647aju/FIRAMACTLFlashInterfaceEmbeddedRAMAccessControl"/></p>
            </address-details>
          </register-reference>

          <register-reference audience="MSCCInternal">
            <address>0x60704</address>

            <addr-element>
              <addr-mnemonic>RAMADATA[x]</addr-mnemonic>

              <instances>
                <instance>
                  <instance-start>0</instance-start>

                  <instance-stop>15</instance-stop>
                </instance>
              </instances>
            </addr-element>

            <address-details>
              <p><xref
              href="Flash_Interface_Indirect_RAM_Access_5ei3647aju.xml#Flash_Interface_Indirect_RAM_Access_5ei3647aju/FIRAMADATA150FlashInterfaceEmbeddedRAMAccessData0"/></p>
            </address-details>
          </register-reference>

          <register-reference>
            <address>0x62000</address>

            <addr-element>
              <addr-mnemonic>XCSTS</addr-mnemonic>
            </addr-element>

            <address-details>
              <p><xref
              href="XOR_Calculator_5mi3647aju.xml#XOR_Calculator_5mi3647aju/XCSTSXORCalculatorStatus"/></p>
            </address-details>
          </register-reference>

          <register-reference>
            <address>0x62004</address>

            <addr-element>
              <addr-mnemonic>XCCFG</addr-mnemonic>
            </addr-element>

            <address-details>
              <p><xref
              href="XOR_Calculator_5mi3647aju.xml#XOR_Calculator_5mi3647aju/XCCFGXORCalculatorConfiguration"/></p>
            </address-details>
          </register-reference>

          <register-reference>
            <address>0x62008</address>

            <addr-element>
              <addr-mnemonic>XBPWRCNTL</addr-mnemonic>
            </addr-element>

            <address-details>
              <p><xref
              href="XOR_Calculator_5mi3647aju.xml#XOR_Calculator_5mi3647aju/table_XBPWRCNTL_-_XOR_Buffer_Power_Control_0jfod8pgj"/></p>
            </address-details>
          </register-reference>

          <register-reference>
            <address>0x6200C</address>

            <addr-element>
              <addr-mnemonic>RAID6CFG</addr-mnemonic>
            </addr-element>

            <address-details>
              <p><xref
              href="XOR_Calculator_5mi3647aju.xml#XOR_Calculator_5mi3647aju/table_RAID6CFG_-_Raid_6_Configuration_2kg9zjrjc"/></p>
            </address-details>
          </register-reference>

          <register-reference>
            <address>0x62010</address>

            <addr-element>
              <addr-mnemonic>XCUES</addr-mnemonic>
            </addr-element>

            <address-details>
              <p><xref
              href="XOR_Calculator_5mi3647aju.xml#XOR_Calculator_5mi3647aju/XCUESXORCalculatorUncorrectableErrorStatus"/></p>
            </address-details>
          </register-reference>

          <register-reference>
            <address>0x62100</address>

            <addr-element>
              <addr-mnemonic>XCXBBASE[x]</addr-mnemonic>

              <instances>
                <instance>
                  <instance-start>0</instance-start>

                  <instance-stop>63</instance-stop>
                </instance>
              </instances>
            </addr-element>

            <address-details>
              <p><xref
              href="XOR_Calculator_5mi3647aju.xml#XOR_Calculator_5mi3647aju/XCXBBASE630XORCalculatorXORBufferBase630"/></p>
            </address-details>
          </register-reference>

          <register-reference>
            <address>0x68000</address>

            <addr-element>
              <address-prefix>FC[x]_</address-prefix>

              <instances>
                <instance>
                  <instance-start>0</instance-start>

                  <instance-stop>15</instance-stop>
                </instance>
              </instances>
            </addr-element>

            <address-details>
              <p><xref
              href="CHAN_table.xml#CSR_Registers_59i3647aju/table_Flash_Channel_Controller_CSR_Address_Map_0j7aruaho"/></p>
            </address-details>
          </register-reference>

          <register-reference audience="MSCCInternal">
            <address>0x70000</address>

            <addr-element>
              <addr-mnemonic>RAMECTL</addr-mnemonic>
            </addr-element>

            <address-details>
              <p><xref
              href="Flash_Interface_Internal_RAM_Debug_and_S_5qi3647aju.xml#Flash_Interface_Internal_RAM_Debug_and_S_5qi3647aju/FIRAMECTLFlashInterfaceEmbeddedRAMErrorControl"/></p>
            </address-details>
          </register-reference>

          <register-reference audience="MSCCInternal">
            <address>0x70004</address>

            <addr-element>
              <addr-mnemonic>RAMSBESTS</addr-mnemonic>
            </addr-element>

            <address-details>
              <p><xref
              href="Flash_Interface_Internal_RAM_Debug_and_S_5qi3647aju.xml#Flash_Interface_Internal_RAM_Debug_and_S_5qi3647aju/FIRAMSBESTSFlashInterfaceEmbeddedRAMSingleBitErrorStatus"/></p>
            </address-details>
          </register-reference>

          <register-reference audience="MSCCInternal">
            <address>0x70008</address>

            <addr-element>
              <addr-mnemonic>RAMDBESTS</addr-mnemonic>
            </addr-element>

            <address-details>
              <p><xref
              href="Flash_Interface_Internal_RAM_Debug_and_S_5qi3647aju.xml#Flash_Interface_Internal_RAM_Debug_and_S_5qi3647aju/FIRAMDBESTSFlashInterfaceEmbeddedRAMDoubleBitErrorStatus"/></p>
            </address-details>
          </register-reference>

          <register-reference audience="MSCCInternal">
            <address>0x70100</address>

            <addr-element>
              <addr-mnemonic>NETEC</addr-mnemonic>
            </addr-element>

            <address-details>
              <p><xref
              href="Network_Error_Control_5si3647aju.xml#Network_Error_Control_5si3647aju/FINETECFlashInterfaceNetworkErrorControl"/></p>
            </address-details>
          </register-reference>

          <register-reference audience="MSCCInternal">
            <address>0x70140</address>

            <addr-element>
              <addr-mnemonic>DNSTS</addr-mnemonic>
            </addr-element>

            <address-details>
              <p><xref
              href="Data_Network_Debug_and_Statistics_5ti3647aju.xml#Data_Network_Debug_and_Statistics_5ti3647aju/FIDNSTSFlashInterfaceDataNetworkStatus"/></p>
            </address-details>
          </register-reference>

          <register-reference audience="MSCCInternal">
            <address>0x70144</address>

            <addr-element>
              <addr-mnemonic>DNCNT</addr-mnemonic>
            </addr-element>

            <address-details>
              <p><xref
              href="Data_Network_Debug_and_Statistics_5ti3647aju.xml#Data_Network_Debug_and_Statistics_5ti3647aju/FIDNCNTFlashInterfaceDataNetworkCount"/></p>
            </address-details>
          </register-reference>

          <register-reference audience="MSCCInternal">
            <address>0x70400</address>

            <addr-element>
              <addr-mnemonic>ECCCHRST</addr-mnemonic>
            </addr-element>

            <address-details>
              <p><xref
              href="ECC_Test_and_Debug_Registers_5vi3647aju.xml#ECC_Test_and_Debug_Registers_5vi3647aju/ECCCHRSTECCChannelReset"/></p>
            </address-details>
          </register-reference>

          <register-reference audience="MSCCInternal">
            <address>0x70404</address>

            <addr-element>
              <addr-mnemonic>ECCSRST</addr-mnemonic>
            </addr-element>

            <address-details>
              <p><xref
              href="ECC_Test_and_Debug_Registers_5vi3647aju.xml#ECC_Test_and_Debug_Registers_5vi3647aju/ECCSRSTECCSoftDecodeReset"/></p>
            </address-details>
          </register-reference>

          <register-reference audience="MSCCInternal">
            <address>0x70408</address>

            <addr-element>
              <addr-mnemonic>ECCCFG</addr-mnemonic>
            </addr-element>

            <address-details>
              <p><xref
              href="ECC_Test_and_Debug_Registers_5vi3647aju.xml#ECC_Test_and_Debug_Registers_5vi3647aju/table_ECCCFG_-_ECC_Config_uidklxtg7"/></p>
            </address-details>
          </register-reference>

          <register-reference audience="MSCCInternal">
            <address>0x70410</address>

            <addr-element>
              <addr-mnemonic>ECCHACC</addr-mnemonic>
            </addr-element>

            <address-details>
              <p><xref
              href="ECC_Test_and_Debug_Registers_5vi3647aju.xml#ECC_Test_and_Debug_Registers_5vi3647aju/ECCHACCECCHardAccumulationStatus"/></p>
            </address-details>
          </register-reference>

          <register-reference audience="MSCCInternal">
            <address>0x70414</address>

            <addr-element>
              <addr-mnemonic>ECCSACC</addr-mnemonic>
            </addr-element>

            <address-details>
              <p><xref
              href="ECC_Test_and_Debug_Registers_5vi3647aju.xml#ECC_Test_and_Debug_Registers_5vi3647aju/ECCSACCECCSoftAccumulationStatus"/></p>
            </address-details>
          </register-reference>

          <register-reference audience="MSCCInternal">
            <address>0x70418</address>

            <addr-element>
              <addr-mnemonic>ECCCPL</addr-mnemonic>
            </addr-element>

            <address-details>
              <p><xref
              href="ECC_Test_and_Debug_Registers_5vi3647aju.xml#ECC_Test_and_Debug_Registers_5vi3647aju/ECCCPLECCCompletionStatus"/></p>
            </address-details>
          </register-reference>

          <register-reference audience="MSCCInternal">
            <address>0x70420</address>

            <addr-element>
              <addr-mnemonic>ECCRAMECTL</addr-mnemonic>
            </addr-element>

            <address-details>
              <p><xref
              href="ECC_Internal_RAM_Debug_and_Status_5ri3647aju.xml#ECC_Internal_RAM_Debug_and_Status_5ri3647aju/ECCRAMECTLECCEmbeddedRAMErrorControl"/></p>
            </address-details>
          </register-reference>

          <register-reference audience="MSCCInternal">
            <address>0x70424</address>

            <addr-element>
              <addr-mnemonic>ECCRAMSBESTS</addr-mnemonic>
            </addr-element>

            <address-details>
              <p><xref
              href="ECC_Internal_RAM_Debug_and_Status_5ri3647aju.xml#ECC_Internal_RAM_Debug_and_Status_5ri3647aju/ECCRAMSBESTSECCRAMSingleBitErrorStatus"/></p>
            </address-details>
          </register-reference>

          <register-reference audience="MSCCInternal">
            <address>0x70428</address>

            <addr-element>
              <addr-mnemonic>ECCRAMDBESTS</addr-mnemonic>
            </addr-element>

            <address-details>
              <p><xref
              href="ECC_Internal_RAM_Debug_and_Status_5ri3647aju.xml#ECC_Internal_RAM_Debug_and_Status_5ri3647aju/ECCRAMDBESTSECCRAMDoubleBitErrorStatus"/></p>
            </address-details>
          </register-reference>

          <register-reference>
            <address>0x70430</address>

            <addr-element>
              <addr-mnemonic>HRAMPWR</addr-mnemonic>
            </addr-element>

            <address-details>
              <p><xref
              href="ECC_Test_and_Debug_Registers_5vi3647aju.xml#ECC_Test_and_Debug_Registers_5vi3647aju/table_HRAMPWR_-_Hard_Ram_Power_Control_0km6ue1td"/></p>
            </address-details>
          </register-reference>

          <register-reference audience="MSCCInternal">
            <address>0x70500</address>

            <addr-element>
              <addr-mnemonic>HACCDBG[x]</addr-mnemonic>

              <instances>
                <instance>
                  <instance-start>0</instance-start>

                  <instance-stop>31</instance-stop>
                </instance>
              </instances>
            </addr-element>

            <address-details>
              <p><xref
              href="ECC_Test_and_Debug_Registers_5vi3647aju.xml#ECC_Test_and_Debug_Registers_5vi3647aju/HACCDBG310HACCDebugRegister310"/></p>
            </address-details>
          </register-reference>

          <register-reference audience="MSCCInternal">
            <address>0x70600</address>

            <addr-element>
              <addr-mnemonic>HRAMDBG1</addr-mnemonic>
            </addr-element>

            <address-details>
              <p><xref
              href="ECC_Test_and_Debug_Registers_5vi3647aju.xml#ECC_Test_and_Debug_Registers_5vi3647aju/HRAMDBG1HRAMDebugRegister1"/></p>
            </address-details>
          </register-reference>

          <register-reference audience="MSCCInternal">
            <address>0x70604</address>

            <addr-element>
              <addr-mnemonic>HRAMDBG2</addr-mnemonic>
            </addr-element>

            <address-details>
              <p><xref
              href="ECC_Test_and_Debug_Registers_5vi3647aju.xml#ECC_Test_and_Debug_Registers_5vi3647aju/HRAMDBG2HRAMDebugRegister2"/></p>
            </address-details>
          </register-reference>

          <register-reference audience="MSCCInternal">
            <address>0x70608</address>

            <addr-element>
              <addr-mnemonic>HRAMDBG3</addr-mnemonic>
            </addr-element>

            <address-details>
              <p><xref
              href="ECC_Test_and_Debug_Registers_5vi3647aju.xml#ECC_Test_and_Debug_Registers_5vi3647aju/HRAMDBG3HRAMDebugRegister3"/></p>
            </address-details>
          </register-reference>

          <register-reference audience="MSCCInternal">
            <address>0x70640</address>

            <addr-element>
              <addr-mnemonic>HRAMDBG4R[x]</addr-mnemonic>

              <instances>
                <instance>
                  <instance-start>0</instance-start>

                  <instance-stop>11</instance-stop>
                </instance>
              </instances>
            </addr-element>

            <address-details>
              <p><xref
              href="ECC_Test_and_Debug_Registers_5vi3647aju.xml#ECC_Test_and_Debug_Registers_5vi3647aju/HRAMDBG4R230HRAMDebug4Register230"/></p>
            </address-details>
          </register-reference>

          <register-reference audience="MSCCInternal">
            <address>0x706C0</address>

            <addr-element>
              <addr-mnemonic>HRAMDBG5R[x]</addr-mnemonic>

              <instances>
                <instance>
                  <instance-start>0</instance-start>

                  <instance-stop>5</instance-stop>
                </instance>
              </instances>
            </addr-element>

            <address-details>
              <p><xref
              href="ECC_Test_and_Debug_Registers_5vi3647aju.xml#ECC_Test_and_Debug_Registers_5vi3647aju/HRAMDBG5R110HRAMDebug5Register110"/></p>
            </address-details>
          </register-reference>

          <register-reference audience="MSCCInternal">
            <address>0x70700</address>

            <addr-element>
              <addr-mnemonic>MODBG1</addr-mnemonic>
            </addr-element>

            <address-details>
              <p><xref
              href="ECC_Test_and_Debug_Registers_5vi3647aju.xml#ECC_Test_and_Debug_Registers_5vi3647aju/MODBG1MoveOutDebugRegister1"/></p>
            </address-details>
          </register-reference>

          <register-reference audience="MSCCInternal">
            <address>0x70704</address>

            <addr-element>
              <addr-mnemonic>MODBG2</addr-mnemonic>
            </addr-element>

            <address-details>
              <p><xref
              href="ECC_Test_and_Debug_Registers_5vi3647aju.xml#ECC_Test_and_Debug_Registers_5vi3647aju/MODBG2MoveOutDebugRegister2"/></p>
            </address-details>
          </register-reference>

          <register-reference audience="MSCCInternal">
            <address>0x70708</address>

            <addr-element>
              <addr-mnemonic>MODBG3</addr-mnemonic>
            </addr-element>

            <address-details>
              <p><xref
              href="ECC_Test_and_Debug_Registers_5vi3647aju.xml#ECC_Test_and_Debug_Registers_5vi3647aju/table_MODBG3_-_Move_Out_Debug_Register_3_1km6uijao"/></p>
            </address-details>
          </register-reference>

          <register-reference audience="MSCCInternal">
            <address>0x70800</address>

            <addr-element>
              <addr-mnemonic>CPLDBG1</addr-mnemonic>
            </addr-element>

            <address-details>
              <p><xref
              href="ECC_Test_and_Debug_Registers_5vi3647aju.xml#ECC_Test_and_Debug_Registers_5vi3647aju/CPLDBG1CompletionDebugRegister1"/></p>
            </address-details>
          </register-reference>

          <register-reference audience="MSCCInternal">
            <address>0x70804</address>

            <addr-element>
              <addr-mnemonic>CPLDBG2</addr-mnemonic>
            </addr-element>

            <address-details>
              <p><xref
              href="ECC_Test_and_Debug_Registers_5vi3647aju.xml#ECC_Test_and_Debug_Registers_5vi3647aju/CPLDBG2CompletionDebugRegister2"/></p>
            </address-details>
          </register-reference>

          <register-reference audience="MSCCInternal">
            <address>0x70808</address>

            <addr-element>
              <addr-mnemonic>CPLDBG3</addr-mnemonic>
            </addr-element>

            <address-details>
              <p><xref
              href="ECC_Test_and_Debug_Registers_5vi3647aju.xml#ECC_Test_and_Debug_Registers_5vi3647aju/CPLDBG3CompletionDebugRegister3"/></p>
            </address-details>
          </register-reference>

          <register-reference audience="MSCCInternal">
            <address>0x7080C</address>

            <addr-element>
              <addr-mnemonic>CPLDBG4</addr-mnemonic>
            </addr-element>

            <address-details>
              <p><xref
              href="ECC_Test_and_Debug_Registers_5vi3647aju.xml#ECC_Test_and_Debug_Registers_5vi3647aju/CPLDBG4CompletionDebugRegister4"/></p>
            </address-details>
          </register-reference>

          <register-reference audience="MSCCInternal">
            <address>0x70900</address>

            <addr-element>
              <addr-mnemonic>SACCDBG1</addr-mnemonic>
            </addr-element>

            <address-details>
              <p><xref
              href="ECC_Test_and_Debug_Registers_5vi3647aju.xml#ECC_Test_and_Debug_Registers_5vi3647aju/SACCDBG1SACCDebugRegister1"/></p>
            </address-details>
          </register-reference>

          <register-reference audience="MSCCInternal">
            <address>0x70904</address>

            <addr-element>
              <addr-mnemonic>SACCDBG2</addr-mnemonic>
            </addr-element>

            <address-details>
              <p><xref
              href="ECC_Test_and_Debug_Registers_5vi3647aju.xml#ECC_Test_and_Debug_Registers_5vi3647aju/SACCDBG2SACCDebugRegister2"/></p>
            </address-details>
          </register-reference>

          <register-reference audience="MSCCInternal">
            <address>0x70908</address>

            <addr-element>
              <addr-mnemonic>SACCDBG3</addr-mnemonic>
            </addr-element>

            <address-details>
              <p><xref
              href="ECC_Test_and_Debug_Registers_5vi3647aju.xml#ECC_Test_and_Debug_Registers_5vi3647aju/SACCDBG3SACCDebugRegister3"/></p>
            </address-details>
          </register-reference>

          <register-reference audience="MSCCInternal">
            <address>0x7090C</address>

            <addr-element>
              <addr-mnemonic>SACCDBG4</addr-mnemonic>
            </addr-element>

            <address-details>
              <p><xref
              href="ECC_Test_and_Debug_Registers_5vi3647aju.xml#ECC_Test_and_Debug_Registers_5vi3647aju/SACCDBG4SACCDebugRegister4"/></p>
            </address-details>
          </register-reference>

          <register-reference audience="MSCCInternal">
            <address>0x70a00</address>

            <addr-element>
              <addr-mnemonic>UNCRDBG</addr-mnemonic>
            </addr-element>

            <address-details>
              <p><xref
              href="ECC_Test_and_Debug_Registers_5vi3647aju.xml#ECC_Test_and_Debug_Registers_5vi3647aju/table_UNCRDBG_-_Other_Uncorrectable_Error_Debu_0kq8kqkht"/></p>
            </address-details>
          </register-reference>

          <register-reference audience="MSCCInternal">
            <address>0x70C00</address>

            <addr-element>
              <addr-mnemonic>SACCCNT</addr-mnemonic>
            </addr-element>

            <address-details>
              <p><xref
              href="ECC_Test_and_Debug_Registers_5vi3647aju.xml#ECC_Test_and_Debug_Registers_5vi3647aju/SACCCNTSoftPreDecodeCounts"/></p>
            </address-details>
          </register-reference>

          <register-reference audience="MSCCInternal">
            <address>0x70C04</address>

            <addr-element>
              <addr-mnemonic>HACCCNT</addr-mnemonic>
            </addr-element>

            <address-details>
              <p><xref
              href="ECC_Test_and_Debug_Registers_5vi3647aju.xml#ECC_Test_and_Debug_Registers_5vi3647aju/HACCCNTHardPreDecodeCounts"/></p>
            </address-details>
          </register-reference>

          <register-reference audience="MSCCInternal">
            <address>0x70C08</address>

            <addr-element>
              <addr-mnemonic>DCDCNT</addr-mnemonic>
            </addr-element>

            <address-details>
              <p><xref
              href="ECC_Test_and_Debug_Registers_5vi3647aju.xml#ECC_Test_and_Debug_Registers_5vi3647aju/DCDCNTPostDecodeCounts"/></p>
            </address-details>
          </register-reference>

          <register-reference audience="MSCCInternal">
            <address>0x70C0C</address>

            <addr-element>
              <addr-mnemonic>CPLCNT</addr-mnemonic>
            </addr-element>

            <address-details>
              <p><xref
              href="ECC_Test_and_Debug_Registers_5vi3647aju.xml#ECC_Test_and_Debug_Registers_5vi3647aju/CPLCNTCompletionCounts"/></p>
            </address-details>
          </register-reference>

          <register-reference audience="MSCCInternal">
            <address>0x70D00</address>

            <addr-element>
              <addr-mnemonic>ECCSTATSCTL</addr-mnemonic>
            </addr-element>

            <address-details>
              <p><xref
              href="ECC_Test_and_Debug_Registers_5vi3647aju.xml#ECC_Test_and_Debug_Registers_5vi3647aju/ECCSTATSCTLECCStatisticsControl"/></p>
            </address-details>
          </register-reference>

          <register-reference audience="MSCCInternal">
            <address>0x70D04</address>

            <addr-element>
              <addr-mnemonic>HACCSTATSMASK</addr-mnemonic>
            </addr-element>

            <address-details>
              <p><xref
              href="ECC_Test_and_Debug_Registers_5vi3647aju.xml#ECC_Test_and_Debug_Registers_5vi3647aju/table_HACCSTATSMASK_-_HACC_Statistics_Mask_2jiqi6l2v"/></p>
            </address-details>
          </register-reference>

          <register-reference audience="MSCCInternal">
            <address>0x70E00</address>

            <addr-element>
              <addr-mnemonic>HRAMDCDFREEHI</addr-mnemonic>
            </addr-element>

            <address-details>
              <p><xref
              href="ECC_Test_and_Debug_Registers_5vi3647aju.xml#ECC_Test_and_Debug_Registers_5vi3647aju/HRAMDCDFREEHIHRAMtoDecodeFreeCount"/></p>
            </address-details>
          </register-reference>

          <register-reference audience="MSCCInternal">
            <address>0x70E04</address>

            <addr-element>
              <addr-mnemonic>HRAMDCDFREELO</addr-mnemonic>
            </addr-element>

            <address-details>
              <p><xref
              href="ECC_Test_and_Debug_Registers_5vi3647aju.xml#ECC_Test_and_Debug_Registers_5vi3647aju/HRAMDCDFREELOHRAMtoDecodeFreeCount"/></p>
            </address-details>
          </register-reference>

          <register-reference audience="MSCCInternal">
            <address>0x70E08</address>

            <addr-element>
              <addr-mnemonic>HRAMDCDBUSYHI</addr-mnemonic>
            </addr-element>

            <address-details>
              <p><xref
              href="ECC_Test_and_Debug_Registers_5vi3647aju.xml#ECC_Test_and_Debug_Registers_5vi3647aju/HRAMDCDBUSYHIHRAMtoDecodeBusyCount"/></p>
            </address-details>
          </register-reference>

          <register-reference audience="MSCCInternal">
            <address>0x70E0C</address>

            <addr-element>
              <addr-mnemonic>HRAMDCDBUSYLO</addr-mnemonic>
            </addr-element>

            <address-details>
              <p><xref
              href="ECC_Test_and_Debug_Registers_5vi3647aju.xml#ECC_Test_and_Debug_Registers_5vi3647aju/HRAMDCDBUSYLOHRAMtoDecodeBusyCount"/></p>
            </address-details>
          </register-reference>

          <register-reference audience="MSCCInternal">
            <address>0x70E10</address>

            <addr-element>
              <addr-mnemonic>HRAMDCDWAITHI</addr-mnemonic>
            </addr-element>

            <address-details>
              <p><xref
              href="ECC_Test_and_Debug_Registers_5vi3647aju.xml#ECC_Test_and_Debug_Registers_5vi3647aju/HRAMDCDWAITHIHRAMtoDecodeWaitCount"/></p>
            </address-details>
          </register-reference>

          <register-reference audience="MSCCInternal">
            <address>0x70E14</address>

            <addr-element>
              <addr-mnemonic>HRAMDCDWAITLO</addr-mnemonic>
            </addr-element>

            <address-details>
              <p><xref
              href="ECC_Test_and_Debug_Registers_5vi3647aju.xml#ECC_Test_and_Debug_Registers_5vi3647aju/HRAMDCDWAITLOHRAMtoDecodeWaitCount"/></p>
            </address-details>
          </register-reference>

          <register-reference audience="MSCCInternal">
            <address>0x70E18</address>

            <addr-element>
              <addr-mnemonic>HRAMDCDLOSTHI</addr-mnemonic>
            </addr-element>

            <address-details>
              <p><xref
              href="ECC_Test_and_Debug_Registers_5vi3647aju.xml#ECC_Test_and_Debug_Registers_5vi3647aju/HRAMDCDLOSTHIHRAMtoDecodeListCount"/></p>
            </address-details>
          </register-reference>

          <register-reference audience="MSCCInternal">
            <address>0x70E1C</address>

            <addr-element>
              <addr-mnemonic>HRAMDCDLOSTLO</addr-mnemonic>
            </addr-element>

            <address-details>
              <p><xref
              href="ECC_Test_and_Debug_Registers_5vi3647aju.xml#ECC_Test_and_Debug_Registers_5vi3647aju/HRAMDCDLOSTLOHRAMtoDecodeListCount"/></p>
            </address-details>
          </register-reference>

          <register-reference audience="MSCCInternal">
            <address>0x70E20</address>

            <addr-element>
              <addr-mnemonic>MODNWFREEHI</addr-mnemonic>
            </addr-element>

            <address-details>
              <p><xref
              href="ECC_Test_and_Debug_Registers_5vi3647aju.xml#ECC_Test_and_Debug_Registers_5vi3647aju/MODNWFREEHIMoveOutDataNetworkFreeCount"/></p>
            </address-details>
          </register-reference>

          <register-reference audience="MSCCInternal">
            <address>0x70E24</address>

            <addr-element>
              <addr-mnemonic>MODNWFREELO</addr-mnemonic>
            </addr-element>

            <address-details>
              <p><xref
              href="ECC_Test_and_Debug_Registers_5vi3647aju.xml#ECC_Test_and_Debug_Registers_5vi3647aju/MODNWFREELOMoveOutDataNetworkFreeCount"/></p>
            </address-details>
          </register-reference>

          <register-reference audience="MSCCInternal">
            <address>0x70E28</address>

            <addr-element>
              <addr-mnemonic>MODNWBUSYHI</addr-mnemonic>
            </addr-element>

            <address-details>
              <p><xref
              href="ECC_Test_and_Debug_Registers_5vi3647aju.xml#ECC_Test_and_Debug_Registers_5vi3647aju/MODNWBUSYHIMoveOutDataNetworkBusyCount"/></p>
            </address-details>
          </register-reference>

          <register-reference audience="MSCCInternal">
            <address>0x70E2C</address>

            <addr-element>
              <addr-mnemonic>MODNWBUSYLO</addr-mnemonic>
            </addr-element>

            <address-details>
              <p><xref
              href="ECC_Test_and_Debug_Registers_5vi3647aju.xml#ECC_Test_and_Debug_Registers_5vi3647aju/MODNWBUSYLOMoveOutDataNetworkBusyCount"/></p>
            </address-details>
          </register-reference>

          <register-reference audience="MSCCInternal">
            <address>0x70E30</address>

            <addr-element>
              <addr-mnemonic>MODNWWAITHI</addr-mnemonic>
            </addr-element>

            <address-details>
              <p><xref
              href="ECC_Test_and_Debug_Registers_5vi3647aju.xml#ECC_Test_and_Debug_Registers_5vi3647aju/MODNWWAITHIMoveOutDataNetworkWaitCount"/></p>
            </address-details>
          </register-reference>

          <register-reference audience="MSCCInternal">
            <address>0x70E34</address>

            <addr-element>
              <addr-mnemonic>MODNWWAITLO</addr-mnemonic>
            </addr-element>

            <address-details>
              <p><xref
              href="ECC_Test_and_Debug_Registers_5vi3647aju.xml#ECC_Test_and_Debug_Registers_5vi3647aju/MODNWWAITLOMoveOutDataNetworkWaitCount"/></p>
            </address-details>
          </register-reference>

          <register-reference audience="MSCCInternal">
            <address>0x70E38</address>

            <addr-element>
              <addr-mnemonic>HACCFIFORDHI</addr-mnemonic>
            </addr-element>

            <address-details>
              <p><xref
              href="ECC_Test_and_Debug_Registers_5vi3647aju.xml#ECC_Test_and_Debug_Registers_5vi3647aju/table_HACCFIFORDHI_-_HACC_FIFO_Read_Hi_3jiqn6t1r"/></p>
            </address-details>
          </register-reference>

          <register-reference audience="MSCCInternal">
            <address>0x70E3C</address>

            <addr-element>
              <addr-mnemonic>HACCFIFORDLO</addr-mnemonic>
            </addr-element>

            <address-details>
              <p><xref
              href="ECC_Test_and_Debug_Registers_5vi3647aju.xml#ECC_Test_and_Debug_Registers_5vi3647aju/table_HACCFIFORDLO_-_HACC_FIFO_Read_Lo_4jiqn6t1s"/></p>
            </address-details>
          </register-reference>

          <register-reference audience="MSCCInternal">
            <address>0x70E40</address>

            <addr-element>
              <addr-mnemonic>HACCFIFOBPHI</addr-mnemonic>
            </addr-element>

            <address-details>
              <p><xref
              href="ECC_Test_and_Debug_Registers_5vi3647aju.xml#ECC_Test_and_Debug_Registers_5vi3647aju/table_HACCFIFOBPHI_-_HACC_FIFO_Backpressure_Hi_5jiqn6t1s"/></p>
            </address-details>
          </register-reference>

          <register-reference audience="MSCCInternal">
            <address>0x70E44</address>

            <addr-element>
              <addr-mnemonic>HACCFIFOBPLO</addr-mnemonic>
            </addr-element>

            <address-details>
              <p><xref
              href="ECC_Test_and_Debug_Registers_5vi3647aju.xml#ECC_Test_and_Debug_Registers_5vi3647aju/table_HACCFIFOBPLO_-_HACC_FIFO_Backpressure_Lo_6jiqn6t1s"/></p>
            </address-details>
          </register-reference>

          <register-reference audience="MSCCInternal">
            <address>0x70E48</address>

            <addr-element>
              <addr-mnemonic>HACCFIFOMTHI</addr-mnemonic>
            </addr-element>

            <address-details>
              <p><xref
              href="ECC_Test_and_Debug_Registers_5vi3647aju.xml#ECC_Test_and_Debug_Registers_5vi3647aju/table_HACCFIFOMTHI_-_HACC_FIFO_MT_Hi_7jiqn6t1s"/></p>
            </address-details>
          </register-reference>

          <register-reference audience="MSCCInternal">
            <address>0x70E4C</address>

            <addr-element>
              <addr-mnemonic>HACCFIFOMTLO</addr-mnemonic>
            </addr-element>

            <address-details>
              <p><xref
              href="ECC_Test_and_Debug_Registers_5vi3647aju.xml#ECC_Test_and_Debug_Registers_5vi3647aju/table_HACCFIFOMTLO_-_HACC_FIFO_MT_Lo_8jiqn6t1s"/></p>
            </address-details>
          </register-reference>

          <register-reference audience="MSCCInternal">
            <address>0x70E50</address>

            <addr-element>
              <addr-mnemonic>HRAMDCDIOP</addr-mnemonic>
            </addr-element>

            <address-details>
              <p><xref
              href="ECC_Test_and_Debug_Registers_5vi3647aju.xml#ECC_Test_and_Debug_Registers_5vi3647aju/table_HRAMDCDIOP_-_HRAM_Debug_Counter_9jiqn6t1t"/></p>
            </address-details>
          </register-reference>

          <register-reference>
            <address>0x7B000</address>

            <addr-element>
              <addr-mnemonic>DCCFG</addr-mnemonic>
            </addr-element>

            <address-details>
              <p><xref
              href="Decode_regs.xml#Decode_regs/table_DCCFG_-_Decoder_Configuration_3kon5ld9e">DCCFG</xref></p>
            </address-details>
          </register-reference>

          <register-reference audience="MSCCInternal">
            <address>0x7B004</address>

            <addr-element>
              <addr-mnemonic>DCCFG1</addr-mnemonic>
            </addr-element>

            <address-details>
              <p><xref
              href="Decode_regs.xml#Decode_regs/table_DCCFG1_-_Decoder_Configuration_1_4kon5ld9e">DCCFG1</xref></p>
            </address-details>
          </register-reference>

          <register-reference audience="MSCCInternal">
            <address>0x7B008</address>

            <addr-element>
              <addr-mnemonic>DCFBSEED</addr-mnemonic>
            </addr-element>

            <address-details>
              <p><xref
              href="Decode_regs.xml#Decode_regs/table_DCFBSEED_-_Decoder_Floorbreak_Seed_5kon5ld9e">DCFBSEED</xref></p>
            </address-details>
          </register-reference>

          <register-reference audience="MSCCInternal">
            <address>0x7B010</address>

            <addr-element>
              <addr-mnemonic>DCTHRESH[x]</addr-mnemonic>

              <instances>
                <instance>
                  <instance-start>0</instance-start>

                  <instance-stop>7</instance-stop>
                </instance>
              </instances>
            </addr-element>

            <address-details>
              <p><xref
              href="Decode_regs.xml#Decode_regs/table_DCTHRESH_-_Decoder_Threshold_x_0-7_12Row_6kon5ld9e">DCTHRESH</xref></p>
            </address-details>
          </register-reference>

          <register-reference audience="MSCCInternal">
            <address>0x7B030</address>

            <addr-element>
              <addr-mnemonic>DCFBCFG[x]</addr-mnemonic>

              <instances>
                <instance>
                  <instance-start>0</instance-start>

                  <instance-stop>3</instance-stop>
                </instance>
              </instances>
            </addr-element>

            <address-details>
              <p><xref
              href="Decode_regs.xml#Decode_regs/table_DCFBCFG_-_Decoder_Floorbreak_Config_one__7kon5ld9e">DCFBCFG</xref></p>
            </address-details>
          </register-reference>

          <register-reference audience="MSCCInternal">
            <address>0x7B040</address>

            <addr-element>
              <addr-mnemonic>DCSTEPCFG[x]</addr-mnemonic>

              <instances>
                <instance>
                  <instance-start>0</instance-start>

                  <instance-stop>15</instance-stop>
                </instance>
              </instances>
            </addr-element>

            <address-details>
              <p><xref
              href="Decode_regs.xml#Decode_regs/table_DCSTEPCFG_-_Decode_Floorbreak_step_confi_8kon5ld9e">DCSTEPCFG</xref></p>
            </address-details>
          </register-reference>

          <register-reference>
            <address>0x7B080</address>

            <addr-element>
              <addr-mnemonic>DCCHADDR</addr-mnemonic>
            </addr-element>

            <address-details>
              <p><xref
              href="Decode_regs.xml#Decode_regs/table_DCCHADDR_Decode_Channel_Return_Address_9kon5ld9e">DCCHADDR</xref></p>
            </address-details>
          </register-reference>

          <register-reference>
            <address>0x7B084</address>

            <addr-element>
              <addr-mnemonic>DCCHDATA</addr-mnemonic>
            </addr-element>

            <address-details>
              <p><xref
              href="Decode_regs.xml#Decode_regs/table_DCCHDATA_-_Decode_Channel_Return_Data_akon5ld9f">DCCHDATA</xref></p>
            </address-details>
          </register-reference>

          <register-reference>
            <address>0x7B088</address>

            <addr-element>
              <address-prefix>SDINFO[x]_</address-prefix>

              <instances>
                <instance>
                  <instance-start>0</instance-start>

                  <instance-stop>3</instance-stop>
                </instance>
              </instances>
            </addr-element>

            <address-details>
              <p><xref href="sdinfo.xml#sdinfo/table_SDINFO_kkon5lrir"/></p>
            </address-details>
          </register-reference>

          <register-reference>
            <address>0x7B0D8</address>

            <addr-element>
              <addr-mnemonic>DCSEEDSTS</addr-mnemonic>
            </addr-element>

            <address-details>
              <p><xref
              href="Decode_regs.xml#Decode_regs/table_DCSEEDSTS_-_Decode_Seed_Status_gkon5ld9f">DCSEEDSTS</xref></p>
            </address-details>
          </register-reference>

          <register-reference>
            <address>0x7B0DC</address>

            <addr-element>
              <addr-mnemonic>DCSTATCFG</addr-mnemonic>
            </addr-element>

            <address-details>
              <p><xref
              href="Decode_regs.xml#Decode_regs/table_DCSTATCFG_-_Decode_Status_Configuration_hkon5ld9f">DCSTATCFG</xref></p>
            </address-details>
          </register-reference>

          <register-reference>
            <address>0x7B0E0</address>

            <addr-element>
              <addr-mnemonic>DCSTATMAX</addr-mnemonic>
            </addr-element>

            <address-details>
              <p><xref
              href="Decode_regs.xml#Decode_regs/table_DCSTATMAX_-_Decode_Status_Maximum_Busy_C_ikon5ld9f">DCSTATMAX</xref></p>
            </address-details>
          </register-reference>

          <register-reference>
            <address>0x7B0E4</address>

            <addr-element>
              <addr-mnemonic>DCSTATTOT</addr-mnemonic>
            </addr-element>

            <address-details>
              <p><xref
              href="Decode_regs.xml#Decode_regs/table_DCSTATTOT_-_Decode_Status_Total_Busy_Cou_jkon5ld9f">DCSTATTOT</xref></p>
            </address-details>
          </register-reference>

          <register-reference>
            <address>0x7B100</address>

            <addr-element>
              <address-prefix>LLR[x]_</address-prefix>

              <instances>
                <instance>
                  <instance-start>0</instance-start>

                  <instance-stop>31</instance-stop>
                </instance>
              </instances>
            </addr-element>

            <address-details>
              <p><xref
              href="LLR_Table.xml#LLR_Table/table_LLR_Map_2kom3gdg2"/></p>
            </address-details>
          </register-reference>

          <register-reference audience="MSCCInternal">
            <address>0x7B200</address>

            <addr-element>
              <addr-mnemonic>DCDDEBUG</addr-mnemonic>
            </addr-element>

            <address-details>
              <p><xref
              href="Decode_regs.xml#Decode_regs/table_DCDDEBUG_-_Decoder_Debug_Register_0kyz3m07v">DCDDEBUG</xref></p>
            </address-details>
          </register-reference>

          <register-reference audience="MSCCInternal">
            <address>0x7C000</address>

            <addr-element>
              <addr-mnemonic>DBGCTL</addr-mnemonic>
            </addr-element>

            <address-details>
              <p><xref
              href="Flash_Interface_Debug_Registers_5xi3647aju.xml#Flash_Interface_Debug_Registers_5xi3647aju/FIDBGCTLFlashInterfaceDebugControl"/></p>
            </address-details>
          </register-reference>

          <register-reference audience="MSCCInternal">
            <address>0x7C004</address>

            <addr-element>
              <addr-mnemonic>MNWTXDBG</addr-mnemonic>
            </addr-element>

            <address-details>
              <p><xref
              href="Flash_Interface_Debug_Registers_5xi3647aju.xml#Flash_Interface_Debug_Registers_5xi3647aju/MNWTXDBGMessageNetworkTransmitDebug"/></p>
            </address-details>
          </register-reference>

          <register-reference audience="MSCCInternal">
            <address>0x7C008</address>

            <addr-element>
              <addr-mnemonic>MNWRXDBG</addr-mnemonic>
            </addr-element>

            <address-details>
              <p><xref
              href="Flash_Interface_Debug_Registers_5xi3647aju.xml#Flash_Interface_Debug_Registers_5xi3647aju/MNWRXDBGMessageNetworkReceiveDebug"/></p>
            </address-details>
          </register-reference>

          <register-reference audience="MSCCInternal">
            <address>0x7C00C</address>

            <addr-element>
              <addr-mnemonic>MNWECCRXDBG</addr-mnemonic>
            </addr-element>

            <address-details>
              <p><xref
              href="Flash_Interface_Debug_Registers_5xi3647aju.xml#Flash_Interface_Debug_Registers_5xi3647aju/MNWECCRXDBGMessageNetworkECCReceiveDebug"/></p>
            </address-details>
          </register-reference>

          <register-reference audience="MSCCInternal">
            <address>0x7C010</address>

            <addr-element>
              <addr-mnemonic>MNWDCEDBG</addr-mnemonic>
            </addr-element>

            <address-details>
              <p><xref
              href="Flash_Interface_Debug_Registers_5xi3647aju.xml#Flash_Interface_Debug_Registers_5xi3647aju/MNWDCEDBGMessageNetworkDisableCompletionEngineDebug"/></p>
            </address-details>
          </register-reference>

          <register-reference audience="MSCCInternal">
            <address>0x7C014</address>

            <addr-element>
              <addr-mnemonic>SHBDBG</addr-mnemonic>
            </addr-element>

            <address-details>
              <p><xref
              href="Flash_Interface_Debug_Registers_5xi3647aju.xml#Flash_Interface_Debug_Registers_5xi3647aju/SHBDBGSharedBufferDebug"/></p>
            </address-details>
          </register-reference>

          <register-reference audience="MSCCInternal">
            <address>0x7C018</address>

            <addr-element>
              <addr-mnemonic>BMTXDBG</addr-mnemonic>
            </addr-element>

            <address-details>
              <p><xref
              href="Flash_Interface_Debug_Registers_5xi3647aju.xml#Flash_Interface_Debug_Registers_5xi3647aju/BMTXDBGFlashInterfaceBufferManagerTransmitDebug"/></p>
            </address-details>
          </register-reference>

          <register-reference audience="MSCCInternal">
            <address>0x7C01C</address>

            <addr-element>
              <addr-mnemonic>BMRXDBG</addr-mnemonic>
            </addr-element>

            <address-details>
              <p><xref
              href="Flash_Interface_Debug_Registers_5xi3647aju.xml#Flash_Interface_Debug_Registers_5xi3647aju/BMRXDBGFlashInterfaceBufferManagerReceiveDebug"/></p>
            </address-details>
          </register-reference>

          <register-reference audience="MSCCInternal">
            <address>0x7C020</address>

            <addr-element>
              <addr-mnemonic>XORDBG</addr-mnemonic>
            </addr-element>

            <address-details>
              <p><xref
              href="Flash_Interface_Debug_Registers_5xi3647aju.xml#Flash_Interface_Debug_Registers_5xi3647aju/XORDBGFlashInterfaceXORDebug"/></p>
            </address-details>
          </register-reference>

          <register-reference audience="MSCCInternal">
            <address>0x7C024</address>

            <addr-element>
              <addr-mnemonic>PMDBG</addr-mnemonic>
            </addr-element>

            <address-details>
              <p><xref
              href="Flash_Interface_Debug_Registers_5xi3647aju.xml#Flash_Interface_Debug_Registers_5xi3647aju/PMDBGFlashInterfacePowerManagerDebug"/></p>
            </address-details>
          </register-reference>

          <register-reference audience="MSCCInternal">
            <address>0x7C028</address>

            <addr-element>
              <addr-mnemonic>OPSTDBG</addr-mnemonic>
            </addr-element>

            <address-details>
              <p><xref
              href="Flash_Interface_Debug_Registers_5xi3647aju.xml#Flash_Interface_Debug_Registers_5xi3647aju/OPSTDBGFlashInterfaceOperationalStatusDebug"/></p>
            </address-details>
          </register-reference>

          <register-reference audience="MSCCInternal">
            <address>0x7C02C</address>

            <addr-element>
              <addr-mnemonic>XORDBG2</addr-mnemonic>
            </addr-element>

            <address-details>
              <p><xref
              href="Flash_Interface_Debug_Registers_5xi3647aju.xml#Flash_Interface_Debug_Registers_5xi3647aju/table_XORDBG2_Flash_Interface_XOR_Debug_2_0j80j4oqz"/></p>
            </address-details>
          </register-reference>

          <register-reference audience="MSCCInternal">
            <address>0x7C030</address>

            <addr-element>
              <addr-mnemonic>MNWTXDBGSNAP1</addr-mnemonic>
            </addr-element>

            <address-details>
              <p><xref
              href="Flash_Interface_Debug_Registers_5xi3647aju.xml#Flash_Interface_Debug_Registers_5xi3647aju/MNWTXDBGSNAPSHOT1-MessageNetworkTransmitDebugSnapshot1"/></p>
            </address-details>
          </register-reference>

          <register-reference audience="MSCCInternal">
            <address>0x7C034</address>

            <addr-element>
              <addr-mnemonic>MNWTXDBGSNAP2</addr-mnemonic>
            </addr-element>

            <address-details>
              <p><xref
              href="Flash_Interface_Debug_Registers_5xi3647aju.xml#Flash_Interface_Debug_Registers_5xi3647aju/MNWTXDBGSNAPSHOT2-MessageNetworkTransmitDebugSnapshot2"/></p>
            </address-details>
          </register-reference>

          <register-reference audience="MSCCInternal">
            <address>0x7C038</address>

            <addr-element>
              <addr-mnemonic>BMTXDBG1</addr-mnemonic>
            </addr-element>

            <address-details>
              <p><xref
              href="Flash_Interface_Debug_Registers_5xi3647aju.xml#Flash_Interface_Debug_Registers_5xi3647aju/table_BMTXDBG1_Flash_Interface_Buffer_Manager__0jge902ju"/></p>
            </address-details>
          </register-reference>

          <register-reference audience="MSCCInternal">
            <address>0x7C03C</address>

            <addr-element>
              <addr-mnemonic>BMRXDBG1</addr-mnemonic>
            </addr-element>

            <address-details>
              <p><xref
              href="Flash_Interface_Debug_Registers_5xi3647aju.xml#Flash_Interface_Debug_Registers_5xi3647aju/table_BMRXDBG1_Flash_Interface_Buffer_Manager__1jge902ju"/></p>
            </address-details>
          </register-reference>

          <register-reference audience="MSCCInternal">
            <address>0x7C040</address>

            <addr-element>
              <addr-mnemonic>DNWDBG</addr-mnemonic>
            </addr-element>

            <address-details>
              <p><xref
              href="Flash_Interface_Debug_Registers_5xi3647aju.xml#Flash_Interface_Debug_Registers_5xi3647aju/table_DNWDBG_-_DNW2AXI_Debug_Information_0jle81fxo"/></p>
            </address-details>
          </register-reference>

          <register-reference audience="MSCCInternal">
            <address>0x7C044</address>

            <addr-element>
              <addr-mnemonic>DNADBG</addr-mnemonic>
            </addr-element>

            <address-details>
              <p><xref
              href="Flash_Interface_Debug_Registers_5xi3647aju.xml#Flash_Interface_Debug_Registers_5xi3647aju/table_DNADBG_-_DNA_Debug_register_2km6vdd3g"/></p>
            </address-details>
          </register-reference>

          <register-reference audience="MSCCInternal">
            <address>0x7C048</address>

            <addr-element>
              <addr-mnemonic>ENCDBG1</addr-mnemonic>
            </addr-element>

            <address-details>
              <p><xref
              href="Flash_Interface_Debug_Registers_5xi3647aju.xml#Flash_Interface_Debug_Registers_5xi3647aju/table_ENCDBG1_-_Encoder_Debug_1_3km6vdd3g"/></p>
            </address-details>
          </register-reference>

          <register-reference audience="MSCCInternal">
            <address>0x7C050</address>

            <addr-element>
              <addr-mnemonic>ENCDBG2</addr-mnemonic>
            </addr-element>

            <address-details>
              <p><xref
              href="Flash_Interface_Debug_Registers_5xi3647aju.xml#Flash_Interface_Debug_Registers_5xi3647aju/table_ENCDBG2_-_Encoder_Debug_2_4km6vdd3h"/></p>
            </address-details>
          </register-reference>

          <register-reference audience="MSCCInternal">
            <address>0x7C054</address>

            <addr-element>
              <addr-mnemonic>ENCDBG3</addr-mnemonic>
            </addr-element>

            <address-details>
              <p><xref
              href="Flash_Interface_Debug_Registers_5xi3647aju.xml#Flash_Interface_Debug_Registers_5xi3647aju/table_ENCDBG3_-_Encoder_Debug_3_5km6vdd3h"/></p>
            </address-details>
          </register-reference>

          <register-reference>
            <address>0xC_0000</address>

            <addr-element>
              <address-prefix>QG0_IMQ[x]_</address-prefix>

              <instances>
                <instance>
                  <instance-start>0</instance-start>

                  <instance-stop>15</instance-stop>
                </instance>
              </instances>
            </addr-element>

            <address-details>
              <p><xref
              href="mif_ibq_addr.xml#ibq_addr/table_IMQ_Table_0j33kjmbs"/></p>
            </address-details>
          </register-reference>

          <register-reference>
            <address>0xC_1000</address>

            <addr-element>
              <address-prefix>QG0_OMQ[x]_</address-prefix>

              <instances>
                <instance>
                  <instance-start>0</instance-start>

                  <instance-stop>15</instance-stop>
                </instance>
              </instances>
            </addr-element>

            <address-details>
              <p><xref
              href="mif_obq_addr.xml#obq_addr/table_OMQ_Table_0j33pa4bu"/></p>
            </address-details>
          </register-reference>

          <register-reference>
            <address>0xC_2000</address>

            <addr-element>
              <address-prefix>QG0_</address-prefix>
            </addr-element>

            <address-details>
              <p><xref
              href="mif_group_addr.xml#queue_addr/table_MIF_CSR_Address_Table_fitltbioq"/></p>
            </address-details>
          </register-reference>

          <register-reference>
            <address>0xC_4000</address>

            <addr-element>
              <address-prefix>QG1_IMQ[x]_</address-prefix>

              <instances>
                <instance>
                  <instance-start>0</instance-start>

                  <instance-stop>15</instance-stop>
                </instance>
              </instances>
            </addr-element>

            <address-details>
              <p><xref
              href="mif_ibq_addr.xml#ibq_addr/table_IMQ_Table_0j33kjmbs"/></p>
            </address-details>
          </register-reference>

          <register-reference>
            <address>0xC_5000</address>

            <addr-element>
              <address-prefix>QG1_OMQ[x]_</address-prefix>

              <instances>
                <instance>
                  <instance-start>0</instance-start>

                  <instance-stop>15</instance-stop>
                </instance>
              </instances>
            </addr-element>

            <address-details>
              <p><xref
              href="mif_obq_addr.xml#obq_addr/table_OMQ_Table_0j33pa4bu"/></p>
            </address-details>
          </register-reference>

          <register-reference>
            <address>0xC_6000</address>

            <addr-element>
              <address-prefix>QG1_</address-prefix>
            </addr-element>

            <address-details>
              <p><xref
              href="mif_group_addr.xml#queue_addr/table_MIF_CSR_Address_Table_fitltbioq"/></p>
            </address-details>
          </register-reference>

          <register-reference>
            <address>0xC_9000</address>

            <addr-element>
              <address-prefix>QG2_OMQ[x]_</address-prefix>

              <instances>
                <instance>
                  <instance-start>0</instance-start>

                  <instance-stop>15</instance-stop>
                </instance>
              </instances>
            </addr-element>

            <address-details>
              <p><xref
              href="mif_obq_addr.xml#obq_addr/table_OMQ_Table_0j33pa4bu"/></p>
            </address-details>
          </register-reference>

          <register-reference>
            <address>0xC_A000</address>

            <addr-element>
              <address-prefix>QG2_</address-prefix>
            </addr-element>

            <address-details>
              <p><xref
              href="mif_group_addr.xml#queue_addr/table_MIF_CSR_Address_Table_fitltbioq"/></p>
            </address-details>
          </register-reference>

          <register-reference>
            <address>0xC_C000</address>

            <addr-element>
              <address-prefix>QG3_IMQ[x]_</address-prefix>

              <instances>
                <instance>
                  <instance-start>0</instance-start>

                  <instance-stop>15</instance-stop>
                </instance>
              </instances>
            </addr-element>

            <address-details>
              <p><xref
              href="mif_ibq_addr.xml#ibq_addr/table_IMQ_Table_0j33kjmbs"/></p>
            </address-details>
          </register-reference>

          <register-reference>
            <address>0xC_D000</address>

            <addr-element>
              <address-prefix>QG3_OMQ[x]_</address-prefix>

              <instances>
                <instance>
                  <instance-start>0</instance-start>

                  <instance-stop>15</instance-stop>
                </instance>
              </instances>
            </addr-element>

            <address-details>
              <p><xref
              href="mif_obq_addr.xml#obq_addr/table_OMQ_Table_0j33pa4bu"/></p>
            </address-details>
          </register-reference>

          <register-reference>
            <address>0xC_E000</address>

            <addr-element>
              <address-prefix>QG3_</address-prefix>
            </addr-element>

            <address-details>
              <p><xref
              href="mif_group_addr.xml#queue_addr/table_MIF_CSR_Address_Table_fitltbioq"/></p>
            </address-details>
          </register-reference>
        </address-map>
      </tgroup>
    </table>

    <p/>
  </body>
</topic>
