<?xml version="1.0" encoding="UTF-8"?>
<!DOCTYPE topic PUBLIC "-//OASIS//DTD DITA 1.2 Topic//EN"
"/SysSchema/dita/dtd/technicalContent/dtd/topic.dtd">
<topic base="base" id="Flash_Interface_Buffer_Manager_Registers_5ci3647aju"
       xml:lang="en-US">
  <title>Flash Interface Buffer Manager Registers</title>

  <body>
    <table id="FIBMCTLFlashInterfaceBufferManagerControl">
      <title><reg-name-main verilog="FIBMCTL">BMCTL</reg-name-main>
      <reg-desc>Flash Interface Buffer Manager Control</reg-desc></title>

      <tgroup cols="5">
        <colspec colwidth="8*"/>

        <colspec colwidth="27*"/>

        <colspec colwidth="8*"/>

        <colspec colwidth="10*"/>

        <colspec colwidth="46*"/>

        <thead>
          <row>
            <entry><p>Bit Field</p></entry>

            <entry><p>Field Name</p></entry>

            <entry><p>Type</p></entry>

            <entry><p>Default Value</p></entry>

            <entry><p>Description</p></entry>
          </row>
        </thead>

        <reg-def>
          <field>
            <field-bits>
              <double>
                <msb>31</msb>

                <lsb>24</lsb>
              </double>
            </field-bits>

            <field-name verilog="BACANDBUF">BACANDBUF</field-name>

            <field-type>RW</field-type>

            <field-default>0x0</field-default>

            <field-desc>
              <p><b otherprops="bold">Buffer Alloc Candidate Buffer
              Type</b></p>

              <p>This field is used to indicate candidate buffer types in
              BufferAlloc message requests issued by the Flash interface
              buffer manager to the buffer manager.</p>

              <p>Each bit in this field represents a buffer type. When a bit
              in this field is set, the corresponding buffer type is a
              candidate buffer type. It is valid to set multiple bits in this
              field.</p>

              <p>This field may only be modified in the disabled operational
              state. Modifying the value of this field in any other
              operational state produces undefined results.</p>
            </field-desc>
          </field>

          <field>
            <field-bits>
              <double>
                <msb>23</msb>

                <lsb>16</lsb>
              </double>
            </field-bits>

            <field-name verilog="BAPREFBUF">BAPREFBUF</field-name>

            <field-type>RW</field-type>

            <field-default>0x0</field-default>

            <field-desc>
              <p><b otherprops="bold">Buffer Alloc Preferred Buffer
              Type</b></p>

              <p>This field is used to indicate preferred buffer types in
              BufferAlloc message requests issued by the Flash interface
              buffer manager to the buffer manager.</p>

              <p>Each bit in this field represents a buffer type. When a bit
              in this field is set, the corresponding buffer type is a
              preferred buffer type. It is valid to set multiple bits in this
              field.</p>

              <p>This field may only be modified in the disabled operational
              state. Modifying the value of this field in any other
              operational state produces undefined results.</p>
            </field-desc>
          </field>

          <field>
            <field-bits>
              <double>
                <msb>15</msb>

                <lsb>6</lsb>
              </double>
            </field-bits>

            <field-name verilog="RESERVED">RESERVED</field-name>

            <field-type>RO</field-type>

            <field-default>0x0</field-default>

            <field-desc>
              <p/>
            </field-desc>
          </field>

          <field>
            <field-bits>
              <double>
                <msb>5</msb>

                <lsb>0</lsb>
              </double>
            </field-bits>

            <field-name verilog="BACFF">BACFF</field-name>

            <field-type>RW</field-type>

            <field-default>0x0</field-default>

            <field-desc>
              <p><b otherprops="bold">Buffer Alloc Completion FIFO Full
              Threshold</b></p>

              <p>This field specifies the Buffer Alloc Completion Inbound
              Message Queue FIFO full threshold.The Flash interface buffer
              manager never requests more queued buffers from the buffer
              manager than this threshold.</p>

              <p>A value of zero disables the Flash interface buffer manager.
              Buffer allocation and buffer free requests received from Flash
              channel controller while the Flash interface buffer manager is
              disabled are not processed and are reported as a Flash interface
              buffer manager disabled error.</p>

              <p>This field may only be modified in the disabled operational
              state. Modifying the value of this field in any other
              operational state produces undefined results.</p>
            </field-desc>
          </field>
        </reg-def>
      </tgroup>
    </table>

    <table id="table_FIBMCES_Flash_Interface_Buffer_Manager_C_3jigjki98">
      <title><reg-name-main verilog="FIBMCES">BMCES</reg-name-main>
      <reg-desc>Flash Interface Buffer Manager Correctable Error
      Status</reg-desc></title>

      <tgroup cols="5">
        <colspec colwidth="8*"/>

        <colspec colwidth="27*"/>

        <colspec colwidth="8*"/>

        <colspec colwidth="10*"/>

        <colspec colwidth="46*"/>

        <thead>
          <row>
            <entry><p>Bit Field</p></entry>

            <entry><p>Field Name</p></entry>

            <entry><p>Type</p></entry>

            <entry><p>Default Value</p></entry>

            <entry><p>Description</p></entry>
          </row>
        </thead>

        <reg-def>
          <field>
            <field-bits>
              <double>
                <msb>31</msb>

                <lsb>2</lsb>
              </double>
            </field-bits>

            <field-name verilog="RESERVED">RESERVED</field-name>

            <field-type>RO</field-type>

            <field-default>0x0</field-default>

            <field-desc>
              <p/>
            </field-desc>
          </field>

          <field>
            <field-bits>
              <single>1</single>
            </field-bits>

            <field-name verilog="BFCSE">BFCSE</field-name>

            <field-type>RW1C</field-type>

            <field-default>0x0</field-default>

            <field-desc>
              <p><b otherprops="bold">Buffer Free Completion Error
              Status</b></p>

              <p>This bit is set when a Buffer Manager returns Status FAIL in
              response to a FlashBufferFree request</p>
            </field-desc>
          </field>

          <field>
            <field-bits>
              <single>0</single>
            </field-bits>

            <field-name verilog="BACSE">BACSE</field-name>

            <field-type>RW1C</field-type>

            <field-default>0x0</field-default>

            <field-desc>
              <p><b otherprops="bold">Buffer Alloc Completion Error
              Status</b></p>

              <p>This bit is set when a Buffer Manager returns Status FAIL in
              response to a FlashBuffAlloc request.</p>
            </field-desc>
          </field>
        </reg-def>
      </tgroup>
    </table>

    <table id="FIBMUESFlashInterfaceBufferManagerUncorrectableErrorStatus">
      <title><reg-name-main verilog="FIBMUES">BMUES</reg-name-main>
      <reg-desc>Flash Interface Buffer Manager Uncorrectable Error
      Status</reg-desc></title>

      <tgroup cols="5">
        <colspec colwidth="8*"/>

        <colspec colwidth="27*"/>

        <colspec colwidth="8*"/>

        <colspec colwidth="10*"/>

        <colspec colwidth="46*"/>

        <thead>
          <row>
            <entry><p>Bit Field</p></entry>

            <entry><p>Field Name</p></entry>

            <entry><p>Type</p></entry>

            <entry><p>Default Value</p></entry>

            <entry><p>Description</p></entry>
          </row>
        </thead>

        <reg-def>
          <field>
            <field-bits>
              <double>
                <msb>31</msb>

                <lsb>4</lsb>
              </double>
            </field-bits>

            <field-name verilog="RESERVED">RESERVED</field-name>

            <field-type>RO</field-type>

            <field-default>0x0</field-default>

            <field-desc>
              <p/>
            </field-desc>
          </field>

          <field>
            <field-bits>
              <single>3</single>
            </field-bits>

            <field-name verilog="DE">DE</field-name>

            <field-type>RW1C</field-type>

            <field-default>0x0</field-default>

            <field-desc>
              <p><b otherprops="bold">Disabled Error</b></p>

              <p>This bit is set when the Flash interface buffer manager is
              disabled (i.e., the BACFF field is zero in the BMCTL register)
              and a buffer allocation or buffer free request is received from
              a Flash channel controller.</p>

              <p>The behavior of the Flash interface once this bit is set is
              undefined.</p>
            </field-desc>
          </field>

          <field>
            <field-bits>
              <double>
                <msb>2</msb>

                <lsb>0</lsb>
              </double>
            </field-bits>

            <field-name verilog="RESERVED">RESERVED</field-name>

            <field-type>RO </field-type>

            <field-default>0x0</field-default>

            <field-desc>
              <p/>
            </field-desc>
          </field>
        </reg-def>
      </tgroup>
    </table>

    <table id="table_FIBMCTL1_Flash_Interface_Buffer_Manager__0jge89zgw">
      <title><reg-name-main verilog="FIBMCTL1">BMCTL1</reg-name-main>
      <reg-desc>Flash Interface Buffer Manager Control 1</reg-desc></title>

      <tgroup cols="5">
        <colspec colwidth="8*"/>

        <colspec colwidth="27*"/>

        <colspec colwidth="8*"/>

        <colspec colwidth="10*"/>

        <colspec colwidth="46*"/>

        <thead>
          <row>
            <entry><p>Bit Field</p></entry>

            <entry><p>Field Name</p></entry>

            <entry><p>Type</p></entry>

            <entry><p>Default Value</p></entry>

            <entry><p>Description</p></entry>
          </row>
        </thead>

        <reg-def>
          <field>
            <field-bits>
              <double>
                <msb>31</msb>

                <lsb>24</lsb>
              </double>
            </field-bits>

            <field-name verilog="BACANDBUF">BACANDBUF</field-name>

            <field-type>RW</field-type>

            <field-default>0x0</field-default>

            <field-desc>
              <p><b otherprops="bold">Buffer Alloc Candidate Buffer
              Type</b></p>

              <p>This field is used to indicate candidate buffer types in
              BufferAlloc message requests issued by the Flash interface
              buffer manager to the buffer manager.</p>

              <p>Each bit in this field represents a buffer type. When a bit
              in this field is set, the corresponding buffer type is a
              candidate buffer type. It is valid to set multiple bits in this
              field.</p>

              <p>This field may only be modified in the disabled operational
              state. Modifying the value of this field in any other
              operational state produces undefined results.</p>
            </field-desc>
          </field>

          <field>
            <field-bits>
              <double>
                <msb>23</msb>

                <lsb>16</lsb>
              </double>
            </field-bits>

            <field-name verilog="BAPREFBUF">BAPREFBUF</field-name>

            <field-type>RW</field-type>

            <field-default>0x0</field-default>

            <field-desc>
              <p><b otherprops="bold">Buffer Alloc Preferred Buffer
              Type</b></p>

              <p>This field is used to indicate preferred buffer types in
              BufferAlloc message requests issued by the Flash interface
              buffer manager to the buffer manager.</p>

              <p>Each bit in this field represents a buffer type. When a bit
              in this field is set, the corresponding buffer type is a
              preferred buffer type. It is valid to set multiple bits in this
              field.</p>

              <p>This field may only be modified in the disabled operational
              state. Modifying the value of this field in any other
              operational state produces undefined results.</p>
            </field-desc>
          </field>

          <field>
            <field-bits>
              <double>
                <msb>15</msb>

                <lsb>6</lsb>
              </double>
            </field-bits>

            <field-name verilog="RESERVED">RESERVED</field-name>

            <field-type>RO</field-type>

            <field-default>0x0</field-default>

            <field-desc>
              <p/>
            </field-desc>
          </field>

          <field>
            <field-bits>
              <double>
                <msb>5</msb>

                <lsb>0</lsb>
              </double>
            </field-bits>

            <field-name verilog="BACFF">BACFF</field-name>

            <field-type>RW</field-type>

            <field-default>0x0</field-default>

            <field-desc>
              <p><b otherprops="bold">Buffer Alloc Completion FIFO Full
              Threshold</b></p>

              <p>This field specifies the Buffer Alloc Completion Inbound
              Message Queue FIFO full threshold.The Flash interface buffer
              manager never requests more queued buffers from the buffer
              manager than this threshold.</p>

              <p>A value of zero disables the Flash interface buffer manager.
              Buffer allocation and buffer free requests received from Flash
              channel controller while the Flash interface buffer manager is
              disabled are not processed and are reported as a Flash interface
              buffer manager disabled error.</p>

              <p>This field may only be modified in the disabled operational
              state. Modifying the value of this field in any other
              operational state produces undefined results.</p>
            </field-desc>
          </field>
        </reg-def>
      </tgroup>
    </table>

    <table id="table_FIBMCES1_Flash_Interface_Buffer_Manager__4jigjlti7">
      <title><reg-name-main verilog="FIBMCES1">BMCES1</reg-name-main>
      <reg-desc>Flash Interface Buffer Manager Correctable Error Status
      1</reg-desc></title>

      <tgroup cols="5">
        <colspec colwidth="8*"/>

        <colspec colwidth="27*"/>

        <colspec colwidth="8*"/>

        <colspec colwidth="10*"/>

        <colspec colwidth="46*"/>

        <thead>
          <row>
            <entry><p>Bit Field</p></entry>

            <entry><p>Field Name</p></entry>

            <entry><p>Type</p></entry>

            <entry><p>Default Value</p></entry>

            <entry><p>Description</p></entry>
          </row>
        </thead>

        <reg-def>
          <field>
            <field-bits>
              <double>
                <msb>31</msb>

                <lsb>2</lsb>
              </double>
            </field-bits>

            <field-name verilog="RESERVED">RESERVED</field-name>

            <field-type>RO</field-type>

            <field-default>0x0</field-default>

            <field-desc>
              <p/>
            </field-desc>
          </field>

          <field>
            <field-bits>
              <single>1</single>
            </field-bits>

            <field-name verilog="BFCSE">BFCSE</field-name>

            <field-type>RW1C</field-type>

            <field-default>0x0</field-default>

            <field-desc>
              <p><b otherprops="bold">Buffer Free Completion Error
              Status</b></p>

              <p>This bit is set when a Buffer Manager returns Status FAIL in
              response to a FlashBufferFree request</p>
            </field-desc>
          </field>

          <field>
            <field-bits>
              <single>0</single>
            </field-bits>

            <field-name verilog="BACSE">BACSE</field-name>

            <field-type>RW1C</field-type>

            <field-default>0x0</field-default>

            <field-desc>
              <p><b otherprops="bold">Buffer Alloc Completion Error
              Status</b></p>

              <p>This bit is set when a Buffer Manager returns Status FAIL in
              response to a FlashBuffAlloc request.</p>
            </field-desc>
          </field>
        </reg-def>
      </tgroup>
    </table>

    <table id="table_FIBMUES1_Flash_Interface_Buffer_Manager__2jge89zgw">
      <title><reg-name-main verilog="FIBMUES1">BMUES1</reg-name-main>
      <reg-desc>Flash Interface Buffer Manager Uncorrectable Error Status
      1</reg-desc></title>

      <tgroup cols="5">
        <colspec colwidth="8*"/>

        <colspec colwidth="27*"/>

        <colspec colwidth="8*"/>

        <colspec colwidth="10*"/>

        <colspec colwidth="46*"/>

        <thead>
          <row>
            <entry><p>Bit Field</p></entry>

            <entry><p>Field Name</p></entry>

            <entry><p>Type</p></entry>

            <entry><p>Default Value</p></entry>

            <entry><p>Description</p></entry>
          </row>
        </thead>

        <reg-def>
          <field>
            <field-bits>
              <double>
                <msb>31</msb>

                <lsb>4</lsb>
              </double>
            </field-bits>

            <field-name verilog="RESERVED">RESERVED</field-name>

            <field-type>RO</field-type>

            <field-default>0x0</field-default>

            <field-desc>
              <p/>
            </field-desc>
          </field>

          <field>
            <field-bits>
              <single>3</single>
            </field-bits>

            <field-name verilog="DE">DE</field-name>

            <field-type>RW1C</field-type>

            <field-default>0x0</field-default>

            <field-desc>
              <p><b otherprops="bold">Disabled Error</b></p>

              <p>This bit is set when the Flash interface buffer manager is
              disabled (i.e., the BACFF field is zero in the BMCTL register)
              and a buffer allocation or buffer free request is received from
              a Flash channel controller.</p>

              <p>The behavior of the Flash interface once this bit is set is
              undefined.</p>
            </field-desc>
          </field>

          <field>
            <field-bits>
              <double>
                <msb>2</msb>

                <lsb>0</lsb>
              </double>
            </field-bits>

            <field-name verilog="RESERVED">RESERVED</field-name>

            <field-type>RO </field-type>

            <field-default>0x0</field-default>

            <field-desc>
              <p/>
            </field-desc>
          </field>
        </reg-def>
      </tgroup>
    </table>
  </body>
</topic>
