<?xml version="1.0" encoding="UTF-8"?>
<!DOCTYPE topic PUBLIC "-//OASIS//DTD DITA 1.2 Topic//EN"
"/SysSchema/dita/dtd/technicalContent/dtd/topic.dtd">
<topic base="base" id="Flash_Channel_Controller_Debug_Registers_5li3647aju"
       xml:lang="en-US">
  <title>Flash Channel Controller Debug Registers</title>

  <body>
    <table audience="MSCCInternal" id="FCCDSTATDBGFlashChannelDataStatusDebug">
      <title><reg-name-main verilog="FCCDSTATDBG">FCCDSTATDBG</reg-name-main>
      <reg-desc>Flash Channel Data Status Debug</reg-desc></title>

      <tgroup cols="5">
        <colspec colwidth="8*"/>

        <colspec colwidth="27*"/>

        <colspec colwidth="8*"/>

        <colspec colwidth="10*"/>

        <colspec colwidth="46*"/>

        <thead>
          <row>
            <entry><p>Bit Field</p></entry>

            <entry><p>Field Name</p></entry>

            <entry><p>Type</p></entry>

            <entry><p>Default Value</p></entry>

            <entry><p>Description</p></entry>
          </row>
        </thead>

        <reg-def>
          <field>
            <field-bits>
              <single>31</single>
            </field-bits>

            <field-name verilog="EN">EN</field-name>

            <field-type>RW</field-type>

            <field-default>0x0</field-default>

            <field-desc>
              <p><b otherprops="bold">Enable</b></p>

              <p>FCCDSTATDBG status monitor enable. See RTL</p>
            </field-desc>
          </field>

          <field>
            <field-bits>
              <single>30</single>
            </field-bits>

            <field-name verilog="DSTATWRER">DSTATWRER</field-name>

            <field-type>RW1C</field-type>

            <field-default>0x0</field-default>

            <field-desc>
              <p><b otherprops="bold">Data Status Write path Error</b></p>

              <p>See RTL</p>
            </field-desc>
          </field>

          <field>
            <field-bits>
              <single>29</single>
            </field-bits>

            <field-name verilog="DSTATRDER">DSTATRDER</field-name>

            <field-type>RW1C</field-type>

            <field-default>0x0</field-default>

            <field-desc>
              <p><b otherprops="bold">Data Status Read Path Error</b></p>

              <p>See RTL</p>
            </field-desc>
          </field>

          <field>
            <field-bits>
              <double>
                <msb>28</msb>

                <lsb>26</lsb>
              </double>
            </field-bits>

            <field-name verilog="RESERVED">RESERVED</field-name>

            <field-type>RO</field-type>

            <field-default>0x0</field-default>

            <field-desc>
              <p/>
            </field-desc>
          </field>

          <field>
            <field-bits>
              <double>
                <msb>25</msb>

                <lsb>0</lsb>
              </double>
            </field-bits>

            <field-name verilog="STATUS">STATUS</field-name>

            <field-type>RO</field-type>

            <field-default>0x0</field-default>

            <field-desc>
              <p><b otherprops="bold">STS</b></p>

              <p>See RTL</p>
            </field-desc>
          </field>
        </reg-def>
      </tgroup>
    </table>

    <table audience="MSCCInternal"
           id="table_FCCDSTR_-_Data_Status_Threshold__0lb124b6x">
      <title><reg-name-main verilog="FCCDSTR">FCCDSTR</reg-name-main> -
      <reg-desc>Data Status Threshold </reg-desc></title>

      <tgroup cols="5">
        <colspec colname="A" colwidth="111*"/>

        <colspec colname="B" colwidth="144*"/>

        <colspec colname="C" colwidth="101*"/>

        <colspec colname="D" colwidth="87*"/>

        <colspec colname="E" colwidth="557*"/>

        <thead>
          <row>
            <entry><p>Bit Field</p></entry>

            <entry><p>Field Name</p></entry>

            <entry><p>Type</p></entry>

            <entry><p>Default Value</p></entry>

            <entry><p>Description</p></entry>
          </row>
        </thead>

        <reg-def>
          <field>
            <field-bits>
              <double>
                <msb>31</msb>

                <lsb>14</lsb>
              </double>
            </field-bits>

            <field-name verilog="RESERVED">RESERVED</field-name>

            <field-type>RO</field-type>

            <field-default>0x0</field-default>

            <field-desc>
              <p/>
            </field-desc>
          </field>

          <field>
            <field-bits>
              <double>
                <msb>13</msb>

                <lsb>8</lsb>
              </double>
            </field-bits>

            <field-name verilog="WR">WR</field-name>

            <field-type>RW</field-type>

            <field-default>0xC</field-default>

            <field-desc>
              <desc-title>Write threshold</desc-title>

              <p>how many status to accumulate before backpressure. Total
              depth 32</p>
            </field-desc>
          </field>

          <field>
            <field-bits>
              <double>
                <msb>7</msb>

                <lsb>6</lsb>
              </double>
            </field-bits>

            <field-name verilog="RESERVED">RESERVED</field-name>

            <field-type>RO </field-type>

            <field-default>0x0</field-default>

            <field-desc>
              <p/>
            </field-desc>
          </field>

          <field>
            <field-bits>
              <double>
                <msb>5</msb>

                <lsb>0</lsb>
              </double>
            </field-bits>

            <field-name verilog="RD">RD</field-name>

            <field-type>RW</field-type>

            <field-default>0xC</field-default>

            <field-desc>
              <desc-title>Read threshold</desc-title>

              <p>how many status to accumulate before backpressure. Total
              depth 32</p>
            </field-desc>
          </field>
        </reg-def>
      </tgroup>
    </table>

    <table audience="MSCCInternal"
           id="table_FCCDSDBG_-_Data_Status_Threshold_Debug_1lb124b6y">
      <title><reg-name-main verilog="FCCDSDBG">FCCDSDBG</reg-name-main> -
      <reg-desc>Data Status Threshold Debug</reg-desc></title>

      <tgroup cols="5">
        <colspec colname="A" colwidth="111*"/>

        <colspec colname="B" colwidth="144*"/>

        <colspec colname="C" colwidth="101*"/>

        <colspec colname="D" colwidth="87*"/>

        <colspec colname="E" colwidth="557*"/>

        <thead>
          <row>
            <entry><p>Bit Field</p></entry>

            <entry><p>Field Name</p></entry>

            <entry><p>Type</p></entry>

            <entry><p>Default Value</p></entry>

            <entry><p>Description</p></entry>
          </row>
        </thead>

        <reg-def>
          <field>
            <field-bits>
              <double>
                <msb>31</msb>

                <lsb>6</lsb>
              </double>
            </field-bits>

            <field-name verilog="RESERVED">RESERVED</field-name>

            <field-type>RO</field-type>

            <field-default>0x0</field-default>

            <field-desc>
              <p/>
            </field-desc>
          </field>

          <field>
            <field-bits>
              <double>
                <msb>5</msb>

                <lsb>2</lsb>
              </double>
            </field-bits>

            <field-name verilog="BPCNT">BPCNT</field-name>

            <field-type>RW</field-type>

            <field-default>0x0</field-default>

            <field-desc>
              <desc-title>Backpressure count</desc-title>

              <p>2^n clocks a status is allowed to proceed</p>
            </field-desc>
          </field>

          <field>
            <field-bits>
              <single>1</single>
            </field-bits>

            <field-name verilog="WRBPEN">WRBPEN</field-name>

            <field-type>RW</field-type>

            <field-default>0x0</field-default>

            <field-desc>
              <desc-title>Write backpressure enable</desc-title>

              <p/>
            </field-desc>
          </field>

          <field>
            <field-bits>
              <single>0</single>
            </field-bits>

            <field-name verilog="RDBPEN">RDBPEN</field-name>

            <field-type>RW</field-type>

            <field-default>0x0</field-default>

            <field-desc>
              <desc-title>Read backpressure enable</desc-title>

              <p/>
            </field-desc>
          </field>
        </reg-def>
      </tgroup>
    </table>

    <table audience="MSCCInternal"
           id="table_FCCXORDBGCTL_Flash_Channel_XOR_Debug_CTL_0jlq21scr">
      <title><reg-name-main
      verilog="FCCXORDBGCTL">FCCXORDBGCTL</reg-name-main> <reg-desc>Flash
      Channel XOR Debug CTL</reg-desc></title>

      <tgroup cols="5">
        <colspec colwidth="8*"/>

        <colspec colwidth="27*"/>

        <colspec colwidth="8*"/>

        <colspec colwidth="10*"/>

        <colspec colwidth="46*"/>

        <thead>
          <row>
            <entry><p>Bit Field</p></entry>

            <entry><p>Field Name</p></entry>

            <entry><p>Type</p></entry>

            <entry><p>Default Value</p></entry>

            <entry><p>Description</p></entry>
          </row>
        </thead>

        <reg-def>
          <field>
            <field-bits>
              <double>
                <msb>31</msb>

                <lsb>2</lsb>
              </double>
            </field-bits>

            <field-name verilog="RESERVED">RESERVED</field-name>

            <field-type>RO</field-type>

            <field-default>0x0</field-default>

            <field-desc>
              <p><b otherprops="bold"/></p>
            </field-desc>
          </field>

          <field>
            <field-bits>
              <single>1</single>
            </field-bits>

            <field-name verilog="PE3MSK">PE3MSK</field-name>

            <field-type>RW</field-type>

            <field-default>0x0</field-default>

            <field-desc>
              <p>mask refcnt dec error for raid 5</p>
            </field-desc>
          </field>

          <field>
            <field-bits>
              <single>0</single>
            </field-bits>

            <field-name verilog="EN">EN</field-name>

            <field-type>RW</field-type>

            <field-default>0x0</field-default>

            <field-desc>
              <p><b otherprops="bold">Enable</b></p>

              <p>FCC XOR status monitor enable. FCC XOR Status will be
              reflected in FCCXORDBG register.</p>
            </field-desc>
          </field>
        </reg-def>
      </tgroup>
    </table>

    <table audience="MSCCInternal" id="FCCXORDBGFlashChannelXORDebug">
      <title><reg-name-main verilog="FCCXORDBG">FCCXORDBG</reg-name-main>
      <reg-desc>Flash Channel XOR Debug</reg-desc></title>

      <tgroup cols="5">
        <colspec colwidth="8*"/>

        <colspec colwidth="27*"/>

        <colspec colwidth="8*"/>

        <colspec colwidth="10*"/>

        <colspec colwidth="46*"/>

        <thead>
          <row>
            <entry><p>Bit Field</p></entry>

            <entry><p>Field Name</p></entry>

            <entry><p>Type</p></entry>

            <entry><p>Default Value</p></entry>

            <entry><p>Description</p></entry>
          </row>
        </thead>

        <reg-def>
          <field>
            <field-bits>
              <single>31</single>
            </field-bits>

            <field-name verilog="PRER">PRER</field-name>

            <field-type>RW1C</field-type>

            <field-default>0x0</field-default>

            <field-desc>
              <p><b otherprops="bold">Programming Error</b></p>

              <p>See RTL</p>
            </field-desc>
          </field>

          <field>
            <field-bits>
              <double>
                <msb>30</msb>

                <lsb>0</lsb>
              </double>
            </field-bits>

            <field-name verilog="STATUS">STATUS</field-name>

            <field-type>RO</field-type>

            <field-default>0x0</field-default>

            <field-desc>
              <p><b otherprops="bold">STS</b></p>

              <p>See RTL</p>
            </field-desc>
          </field>
        </reg-def>
      </tgroup>
    </table>

    <table audience="MSCCInternal" id="FCCMNWTXDBGFlashChannelMNWTXDebug">
      <title><reg-name-main verilog="FCCMNWTXDBG">FCCMNWTXDBG</reg-name-main>
      <reg-desc>Flash Channel MNWTX Debug</reg-desc></title>

      <tgroup cols="5">
        <colspec colwidth="8*"/>

        <colspec colwidth="27*"/>

        <colspec colwidth="8*"/>

        <colspec colwidth="10*"/>

        <colspec colwidth="46*"/>

        <thead>
          <row>
            <entry><p>Bit Field</p></entry>

            <entry><p>Field Name</p></entry>

            <entry><p>Type</p></entry>

            <entry><p>Default Value</p></entry>

            <entry><p>Description</p></entry>
          </row>
        </thead>

        <reg-def>
          <field>
            <field-bits>
              <single>31</single>
            </field-bits>

            <field-name verilog="EN">EN</field-name>

            <field-type>RW</field-type>

            <field-default>0x0</field-default>

            <field-desc>
              <p><b otherprops="bold">Enable</b></p>

              <p>FCCMNWTXDBG status monitor enable. See RTL</p>
            </field-desc>
          </field>

          <field>
            <field-bits>
              <double>
                <msb>30</msb>

                <lsb>25</lsb>
              </double>
            </field-bits>

            <field-name verilog="SEL">SEL</field-name>

            <field-type>RW</field-type>

            <field-default>0x0</field-default>

            <field-desc>
              <p><b>Select</b></p>

              <p>Selects the information that will be observed through the
              FCCMNWTXDBG STS field.</p>

              <p>See RTL for details.</p>
            </field-desc>
          </field>

          <field>
            <field-bits>
              <double>
                <msb>24</msb>

                <lsb>23</lsb>
              </double>
            </field-bits>

            <field-name verilog="CNTSEL">CNTSEL</field-name>

            <field-type>RW</field-type>

            <field-default>0x0</field-default>

            <field-desc>
              <p><b otherprops="bold">Count Select</b></p>

              <p>Selects the information that will be counted by the
              FCCMNWTXDBG STS field.</p>

              <p>See RTL for details.</p>
            </field-desc>
          </field>

          <field>
            <field-bits>
              <single>22</single>
            </field-bits>

            <field-name verilog="RESERVED">RESERVED</field-name>

            <field-type>RO</field-type>

            <field-default>0x0</field-default>

            <field-desc>
              <p><b otherprops="bold"/></p>
            </field-desc>
          </field>

          <field>
            <field-bits>
              <single>21</single>
            </field-bits>

            <field-name verilog="DMEMADER">DMEMADER</field-name>

            <field-type>RW1C</field-type>

            <field-default>0x0</field-default>

            <field-desc>
              <p><b otherprops="bold">DMEM Address Error</b></p>

              <p>See RTL</p>
            </field-desc>
          </field>

          <field>
            <field-bits>
              <single>20</single>
            </field-bits>

            <field-name verilog="PRER">PRER</field-name>

            <field-type>RW1C</field-type>

            <field-default>0x0</field-default>

            <field-desc>
              <p><b otherprops="bold">Programming Error</b></p>

              <p>See RTL</p>
            </field-desc>
          </field>

          <field>
            <field-bits>
              <single>19</single>
            </field-bits>

            <field-name verilog="CBUNDR">CBUNDR</field-name>

            <field-type>RW1C</field-type>

            <field-default>0x0</field-default>

            <field-desc>
              <p><b otherprops="bold">Completion Buffer Underrun</b></p>

              <p>See RTL</p>
            </field-desc>
          </field>

          <field>
            <field-bits>
              <single>18</single>
            </field-bits>

            <field-name verilog="CBOVF">CBOVF</field-name>

            <field-type>RW1C</field-type>

            <field-default>0x0</field-default>

            <field-desc>
              <p><b otherprops="bold">Completion Buffer Overflow</b></p>

              <p>See RTL</p>
            </field-desc>
          </field>

          <field>
            <field-bits>
              <single>17</single>
            </field-bits>

            <field-name verilog="DMUNDR">DMUNDR</field-name>

            <field-type>RW1C</field-type>

            <field-default>0x0</field-default>

            <field-desc>
              <p><b otherprops="bold">DMEM Q Underflow</b></p>

              <p>See RTL</p>
            </field-desc>
          </field>

          <field>
            <field-bits>
              <single>16</single>
            </field-bits>

            <field-name verilog="DMOVF">DMOVF</field-name>

            <field-type>RW1C</field-type>

            <field-default>0x0</field-default>

            <field-desc>
              <p><b otherprops="bold">DMEM Q Overflow</b></p>

              <p>See RTL</p>
            </field-desc>
          </field>

          <field>
            <field-bits>
              <double>
                <msb>15</msb>

                <lsb>0</lsb>
              </double>
            </field-bits>

            <field-name verilog="STATUS">STATUS</field-name>

            <field-type>RO</field-type>

            <field-default>0x0</field-default>

            <field-desc>
              <p><b otherprops="bold">STS</b></p>

              <p>See RTL</p>
            </field-desc>
          </field>
        </reg-def>
      </tgroup>
    </table>

    <table audience="MSCCInternal" id="FCCMNWRXDBGFlashChannelMNWRXDebug">
      <title><reg-name-main verilog="FCCMNWRXDBG">FCCMNWRXDBG</reg-name-main>
      <reg-desc>Flash Channel MNWRX Debug</reg-desc></title>

      <tgroup cols="5">
        <colspec colwidth="8*"/>

        <colspec colwidth="27*"/>

        <colspec colwidth="8*"/>

        <colspec colwidth="10*"/>

        <colspec colwidth="46*"/>

        <thead>
          <row>
            <entry><p>Bit Field</p></entry>

            <entry><p>Field Name</p></entry>

            <entry><p>Type</p></entry>

            <entry><p>Default Value</p></entry>

            <entry><p>Description</p></entry>
          </row>
        </thead>

        <reg-def>
          <field>
            <field-bits>
              <single>31</single>
            </field-bits>

            <field-name verilog="EN">EN</field-name>

            <field-type>RW</field-type>

            <field-default>0x0</field-default>

            <field-desc>
              <p><b otherprops="bold">Enable</b></p>

              <p>FCCMNWTXDBG status monitor enable. See RTL</p>
            </field-desc>
          </field>

          <field>
            <field-bits>
              <double>
                <msb>30</msb>

                <lsb>23</lsb>
              </double>
            </field-bits>

            <field-name verilog="RESERVED">RESERVED</field-name>

            <field-type>RO</field-type>

            <field-default>0x0</field-default>

            <field-desc>
              <p/>
            </field-desc>
          </field>

          <field>
            <field-bits>
              <single>22</single>
            </field-bits>

            <field-name verilog="MWERR">MWERR</field-name>

            <field-type>RW1C</field-type>

            <field-default>0x0</field-default>

            <field-desc>
              <p><b otherprops="bold">MemWrite Error</b></p>

              <p>See RTL</p>
            </field-desc>
          </field>

          <field>
            <field-bits>
              <single>21</single>
            </field-bits>

            <field-name verilog="DMEMADER">DMEMADER</field-name>

            <field-type>RW1C</field-type>

            <field-default>0x0</field-default>

            <field-desc>
              <p><b otherprops="bold">DMEM Address Error</b></p>

              <p>See RTL</p>
            </field-desc>
          </field>

          <field>
            <field-bits>
              <single>20</single>
            </field-bits>

            <field-name verilog="PRER">PRER</field-name>

            <field-type>RW1C</field-type>

            <field-default>0x0</field-default>

            <field-desc>
              <p><b otherprops="bold">Programming Error</b></p>

              <p>See RTL</p>
            </field-desc>
          </field>

          <field>
            <field-bits>
              <single>19</single>
            </field-bits>

            <field-name verilog="MBUNDR">MBUNDR</field-name>

            <field-type>RW1C</field-type>

            <field-default>0x0</field-default>

            <field-desc>
              <p><b otherprops="bold">Message Buffer Underrun</b></p>

              <p>See RTL</p>
            </field-desc>
          </field>

          <field>
            <field-bits>
              <single>18</single>
            </field-bits>

            <field-name verilog="MBOVF">MBOVF</field-name>

            <field-type>RW1C</field-type>

            <field-default>0x0</field-default>

            <field-desc>
              <p><b otherprops="bold">Message Buffer Overflow</b></p>

              <p>See RTL</p>
            </field-desc>
          </field>

          <field>
            <field-bits>
              <single>17</single>
            </field-bits>

            <field-name verilog="DMUNDR">DMUNDR</field-name>

            <field-type>RW1C</field-type>

            <field-default>0x0</field-default>

            <field-desc>
              <p><b otherprops="bold">DMEM Q Underflow</b></p>

              <p>See RTL</p>
            </field-desc>
          </field>

          <field>
            <field-bits>
              <single>16</single>
            </field-bits>

            <field-name verilog="DMOVF">DMOVF</field-name>

            <field-type>RW1C</field-type>

            <field-default>0x0</field-default>

            <field-desc>
              <p><b otherprops="bold">DMEM Q Overflow</b></p>

              <p>See RTL</p>
            </field-desc>
          </field>

          <field>
            <field-bits>
              <double>
                <msb>15</msb>

                <lsb>0</lsb>
              </double>
            </field-bits>

            <field-name verilog="STATUS">STATUS</field-name>

            <field-type>RO</field-type>

            <field-default>0x0</field-default>

            <field-desc>
              <p><b otherprops="bold">STS</b></p>

              <p>See RTL</p>
            </field-desc>
          </field>
        </reg-def>
      </tgroup>
    </table>

    <table audience="MSCCInternal"
           id="FCCDMEMRQSFlashChannelDMEMRequestQStatus">
      <title><reg-name-main verilog="FCCDMEMRQS">FCCDMEMRQS</reg-name-main>
      <reg-desc>Flash Channel DMEM Request Q Status</reg-desc></title>

      <tgroup cols="5">
        <colspec colwidth="8*"/>

        <colspec colwidth="27*"/>

        <colspec colwidth="8*"/>

        <colspec colwidth="10*"/>

        <colspec colwidth="46*"/>

        <thead>
          <row>
            <entry><p>Bit Field</p></entry>

            <entry><p>Field Name</p></entry>

            <entry><p>Type</p></entry>

            <entry><p>Default Value</p></entry>

            <entry><p>Description</p></entry>
          </row>
        </thead>

        <reg-def>
          <field>
            <field-bits>
              <double>
                <msb>31</msb>

                <lsb>0</lsb>
              </double>
            </field-bits>

            <field-name verilog="LOWPRI">LOWPRI</field-name>

            <field-type>RO</field-type>

            <field-default>0x0</field-default>

            <field-desc>
              <p><b otherprops="bold">Low Priority STS</b></p>

              <p>See RTL</p>
            </field-desc>
          </field>
        </reg-def>
      </tgroup>
    </table>

    <table audience="MSCCInternal"
           id="table_FCCDMEMRQSH_Flash_Channel_DMEM_Request_Q_1kg8moc3n">
      <title><reg-name-main verilog="FCCDMEMRQSH">FCCDMEMRQSH</reg-name-main>
      <reg-desc>Flash Channel DMEM Request Q Status</reg-desc></title>

      <tgroup cols="5">
        <colspec colwidth="8*"/>

        <colspec colwidth="27*"/>

        <colspec colwidth="8*"/>

        <colspec colwidth="10*"/>

        <colspec colwidth="46*"/>

        <thead>
          <row>
            <entry><p>Bit Field</p></entry>

            <entry><p>Field Name</p></entry>

            <entry><p>Type</p></entry>

            <entry><p>Default Value</p></entry>

            <entry><p>Description</p></entry>
          </row>
        </thead>

        <reg-def>
          <field>
            <field-bits>
              <double>
                <msb>31</msb>

                <lsb>0</lsb>
              </double>
            </field-bits>

            <field-name verilog="HIPRI">HIPRI</field-name>

            <field-type>RO</field-type>

            <field-default>0x0</field-default>

            <field-desc>
              <p><b otherprops="bold">High Priority STS</b></p>

              <p>See RTL</p>
            </field-desc>
          </field>
        </reg-def>
      </tgroup>
    </table>

    <table audience="MSCCInternal"
           id="table_FCCSOFTSEL_Flash_Channel_Soft_Decode_Deb_3jiwwv1wl">
      <title><reg-name-main verilog="FCCSOFTSEL">FCCSOFTSEL</reg-name-main>
      <reg-desc>Flash Channel Soft Decode Debug Select</reg-desc></title>

      <tgroup cols="5">
        <colspec colwidth="8*"/>

        <colspec colwidth="27*"/>

        <colspec colwidth="8*"/>

        <colspec colwidth="10*"/>

        <colspec colwidth="46*"/>

        <thead>
          <row>
            <entry><p>Bit Field</p></entry>

            <entry><p>Field Name</p></entry>

            <entry><p>Type</p></entry>

            <entry><p>Default Value</p></entry>

            <entry><p>Description</p></entry>
          </row>
        </thead>

        <reg-def>
          <field>
            <field-bits>
              <double>
                <msb>31</msb>

                <lsb>8</lsb>
              </double>
            </field-bits>

            <field-name verilog="RESERVED">RESERVED</field-name>

            <field-type>RO</field-type>

            <field-default>0x0</field-default>

            <field-desc>
              <p/>
            </field-desc>
          </field>

          <field>
            <field-bits>
              <double>
                <msb>7</msb>

                <lsb>0</lsb>
              </double>
            </field-bits>

            <field-name verilog="CNTX">CNTX</field-name>

            <field-type>RW</field-type>

            <field-default>0x0</field-default>

            <field-desc>
              <p><b otherprops="bold">Context selection</b></p>

              <p>Soft decode context selection for different context's
              information</p>
            </field-desc>
          </field>
        </reg-def>
      </tgroup>
    </table>

    <table audience="MSCCInternal"
           id="table_FCCSOFTINFO_Flash_Channel_Soft_Decode_In_4jiwx0ss7">
      <title><reg-name-main verilog="FCCSOFTINFO">FCCSOFTINFO</reg-name-main>
      <reg-desc>Flash Channel Soft Decode Information</reg-desc></title>

      <tgroup cols="5">
        <colspec colwidth="8*"/>

        <colspec colwidth="27*"/>

        <colspec colwidth="8*"/>

        <colspec colwidth="10*"/>

        <colspec colwidth="46*"/>

        <thead>
          <row>
            <entry><p>Bit Field</p></entry>

            <entry><p>Field Name</p></entry>

            <entry><p>Type</p></entry>

            <entry><p>Default Value</p></entry>

            <entry><p>Description</p></entry>
          </row>
        </thead>

        <reg-def>
          <field>
            <field-bits>
              <double>
                <msb>31</msb>

                <lsb>0</lsb>
              </double>
            </field-bits>

            <field-name verilog="INFO">INFO</field-name>

            <field-type>RO</field-type>

            <field-default>0x0</field-default>

            <field-desc>
              <p><b otherprops="bold">Flash Channel Soft Decode
              Information</b></p>

              <p><b otherprops="bold">This field reports the information of
              different context according to the selection from
              FCCSOFTSEL_CNTX.</b></p>
            </field-desc>
          </field>
        </reg-def>
      </tgroup>
    </table>

    <table audience="MSCCInternal" id="SCHDEBUGTOPSchedulerDebugTop">
      <title><reg-name-main verilog="SCHDEBUGTOP">SCHDEBUGTOP</reg-name-main>
      <reg-desc>Scheduler Debug Top</reg-desc></title>

      <tgroup cols="5">
        <colspec colwidth="8*"/>

        <colspec colwidth="27*"/>

        <colspec colwidth="8*"/>

        <colspec colwidth="10*"/>

        <colspec colwidth="46*"/>

        <thead>
          <row>
            <entry><p>Bit Field</p></entry>

            <entry><p>Field Name</p></entry>

            <entry><p>Type</p></entry>

            <entry><p>Default Value</p></entry>

            <entry><p>Description</p></entry>
          </row>
        </thead>

        <reg-def>
          <field>
            <field-bits>
              <double>
                <msb>31</msb>

                <lsb>0</lsb>
              </double>
            </field-bits>

            <field-name verilog="STATUS">STATUS</field-name>

            <field-type>RO</field-type>

            <field-default>0x0</field-default>

            <field-desc>
              <p><b otherprops="bold">See RTL</b></p>
            </field-desc>
          </field>
        </reg-def>
      </tgroup>
    </table>

    <table audience="MSCCInternal"
           id="table_SCHDEBUGSEL_-_Scheduler_Debug_Select_4jfeen4ni">
      <title><reg-name-main verilog="SCHDEBUGSEL">SCHDEBUGSEL</reg-name-main>
      - <reg-desc>Scheduler Debug Select</reg-desc></title>

      <tgroup cols="5">
        <colspec colname="A" colwidth="111*"/>

        <colspec colname="B" colwidth="144*"/>

        <colspec colname="C" colwidth="101*"/>

        <colspec colname="D" colwidth="87*"/>

        <colspec colname="E" colwidth="557*"/>

        <thead>
          <row>
            <entry><p>Bit Field</p></entry>

            <entry><p>Field Name</p></entry>

            <entry><p>Type</p></entry>

            <entry><p>Default Value</p></entry>

            <entry><p>Description</p></entry>
          </row>
        </thead>

        <reg-def>
          <field>
            <field-bits>
              <double>
                <msb>31</msb>

                <lsb>11</lsb>
              </double>
            </field-bits>

            <field-name verilog="RESERVED">RESERVED</field-name>

            <field-type>RO</field-type>

            <field-default>0x0</field-default>

            <field-desc>
              <p/>
            </field-desc>
          </field>

          <field>
            <field-bits>
              <double>
                <msb>10</msb>

                <lsb>8</lsb>
              </double>
            </field-bits>

            <field-name verilog="TGTSEL">TGTSEL</field-name>

            <field-type>RW</field-type>

            <field-default>0x0</field-default>

            <field-desc>
              <p><b>Target Select</b></p>

              <p>This field selects which target sends it's information to the
              scheduler debug registers.</p>
            </field-desc>
          </field>

          <field>
            <field-bits>
              <double>
                <msb>7</msb>

                <lsb>5</lsb>
              </double>
            </field-bits>

            <field-name verilog="RESERVED">RESERVED</field-name>

            <field-type>RO</field-type>

            <field-default>0x0</field-default>

            <field-desc>
              <p/>
            </field-desc>
          </field>

          <field>
            <field-bits>
              <double>
                <msb>4</msb>

                <lsb>0</lsb>
              </double>
            </field-bits>

            <field-name verilog="CNTXSEL">CNTXSEL</field-name>

            <field-type>RW</field-type>

            <field-default>0x0</field-default>

            <field-desc>
              <p><b>Context Select</b></p>

              <p>This field selects which context sends it's information to
              the scheduler debug registers.</p>
            </field-desc>
          </field>
        </reg-def>
      </tgroup>
    </table>

    <table audience="MSCCInternal"
           id="table_SCHDEBUGCNTX_-_Scheduler_Debug_Context_5jfeen4ni">
      <title><reg-name-main
      verilog="SCHDEBUGCNTX">SCHDEBUGCNTX</reg-name-main> -
      <reg-desc>Scheduler Debug Context</reg-desc></title>

      <tgroup cols="5">
        <colspec colname="A" colwidth="111*"/>

        <colspec colname="B" colwidth="144*"/>

        <colspec colname="C" colwidth="101*"/>

        <colspec colname="D" colwidth="87*"/>

        <colspec colname="E" colwidth="557*"/>

        <thead>
          <row>
            <entry><p>Bit Field</p></entry>

            <entry><p>Field Name</p></entry>

            <entry><p>Type</p></entry>

            <entry><p>Default Value</p></entry>

            <entry><p>Description</p></entry>
          </row>
        </thead>

        <reg-def>
          <field>
            <field-bits>
              <double>
                <msb>31</msb>

                <lsb>0</lsb>
              </double>
            </field-bits>

            <field-name verilog="STATUS">STATUS</field-name>

            <field-type>RO</field-type>

            <field-default>0x0</field-default>

            <field-desc>
              <p><b>See RTL</b></p>
            </field-desc>
          </field>
        </reg-def>
      </tgroup>
    </table>

    <table audience="MSCCInternal"
           id="table_SCHDEBUGTGT0_-_Scheduler_Debug_Target_0_6jfeen4ni">
      <title><reg-name-main
      verilog="SCHDEBUGTGT0">SCHDEBUGTGT0</reg-name-main> -
      <reg-desc>Scheduler Debug Target 0</reg-desc></title>

      <tgroup cols="5">
        <colspec colname="A" colwidth="111*"/>

        <colspec colname="B" colwidth="144*"/>

        <colspec colname="C" colwidth="101*"/>

        <colspec colname="D" colwidth="87*"/>

        <colspec colname="E" colwidth="557*"/>

        <thead>
          <row>
            <entry><p>Bit Field</p></entry>

            <entry><p>Field Name</p></entry>

            <entry><p>Type</p></entry>

            <entry><p>Default Value</p></entry>

            <entry><p>Description</p></entry>
          </row>
        </thead>

        <reg-def>
          <field>
            <field-bits>
              <double>
                <msb>31</msb>

                <lsb>0</lsb>
              </double>
            </field-bits>

            <field-name verilog="STATUS">STATUS</field-name>

            <field-type>RO</field-type>

            <field-default>0x0</field-default>

            <field-desc>
              <p><b>See RTL</b></p>
            </field-desc>
          </field>
        </reg-def>
      </tgroup>
    </table>

    <table audience="MSCCInternal"
           id="table_SCHDEBUGTGT1_-_Scheduler_Debug_Target_1_7jfeen4ni">
      <title><reg-name-main
      verilog="SCHDEBUGTGT1">SCHDEBUGTGT1</reg-name-main> -
      <reg-desc>Scheduler Debug Target 1</reg-desc></title>

      <tgroup cols="5">
        <colspec colname="A" colwidth="111*"/>

        <colspec colname="B" colwidth="144*"/>

        <colspec colname="C" colwidth="101*"/>

        <colspec colname="D" colwidth="87*"/>

        <colspec colname="E" colwidth="557*"/>

        <thead>
          <row>
            <entry><p>Bit Field</p></entry>

            <entry><p>Field Name</p></entry>

            <entry><p>Type</p></entry>

            <entry><p>Default Value</p></entry>

            <entry><p>Description</p></entry>
          </row>
        </thead>

        <reg-def>
          <field>
            <field-bits>
              <double>
                <msb>31</msb>

                <lsb>0</lsb>
              </double>
            </field-bits>

            <field-name verilog="STATUS">STATUS</field-name>

            <field-type>RO</field-type>

            <field-default>0x0</field-default>

            <field-desc>
              <p><b>See RTL</b></p>
            </field-desc>
          </field>
        </reg-def>
      </tgroup>
    </table>

    <table audience="MSCCInternal"
           id="table_SCHDEBUGCH0_-_Scheduler_Debug_Channel_0_8jfeen4ni">
      <title><reg-name-main verilog="SCHDEBUGCH0">SCHDEBUGCH0</reg-name-main>
      - <reg-desc>Scheduler Debug Channel 0</reg-desc></title>

      <tgroup cols="5">
        <colspec colname="A" colwidth="111*"/>

        <colspec colname="B" colwidth="144*"/>

        <colspec colname="C" colwidth="101*"/>

        <colspec colname="D" colwidth="87*"/>

        <colspec colname="E" colwidth="557*"/>

        <thead>
          <row>
            <entry><p>Bit Field</p></entry>

            <entry><p>Field Name</p></entry>

            <entry><p>Type</p></entry>

            <entry><p>Default Value</p></entry>

            <entry><p>Description</p></entry>
          </row>
        </thead>

        <reg-def>
          <field>
            <field-bits>
              <double>
                <msb>31</msb>

                <lsb>0</lsb>
              </double>
            </field-bits>

            <field-name verilog="STATUS">STATUS</field-name>

            <field-type>RO</field-type>

            <field-default>0x0</field-default>

            <field-desc>
              <p><b>See RTL</b></p>
            </field-desc>
          </field>
        </reg-def>
      </tgroup>
    </table>

    <table audience="MSCCInternal"
           id="table_SCHDEBUGCH1_-_Scheduler_Debug_Channel_1_9jfeen4nj">
      <title><reg-name-main verilog="SCHDEBUGCH1">SCHDEBUGCH1</reg-name-main>
      - <reg-desc>Scheduler Debug Channel 1</reg-desc></title>

      <tgroup cols="5">
        <colspec colname="A" colwidth="111*"/>

        <colspec colname="B" colwidth="144*"/>

        <colspec colname="C" colwidth="101*"/>

        <colspec colname="D" colwidth="87*"/>

        <colspec colname="E" colwidth="557*"/>

        <thead>
          <row>
            <entry><p>Bit Field</p></entry>

            <entry><p>Field Name</p></entry>

            <entry><p>Type</p></entry>

            <entry><p>Default Value</p></entry>

            <entry><p>Description</p></entry>
          </row>
        </thead>

        <reg-def>
          <field>
            <field-bits>
              <double>
                <msb>31</msb>

                <lsb>0</lsb>
              </double>
            </field-bits>

            <field-name verilog="STATUS">STATUS</field-name>

            <field-type>RO</field-type>

            <field-default>0x0</field-default>

            <field-desc>
              <p><b>See RTL</b></p>
            </field-desc>
          </field>
        </reg-def>
      </tgroup>
    </table>

    <table audience="MSCCInternal"
           id="table_FCCCNT_-_Flash_Channel_Controller_Count_0ifr1yiz8">
      <title><reg-name-main verilog="FCCCNT">FCCCNT</reg-name-main>
      <reg-desc>Flash Channel Controller Count</reg-desc></title>

      <tgroup cols="5">
        <colspec colwidth="8*"/>

        <colspec colwidth="27*"/>

        <colspec colwidth="8*"/>

        <colspec colwidth="10*"/>

        <colspec colwidth="46*"/>

        <thead>
          <row>
            <entry><p>Bit Field</p></entry>

            <entry><p>Field Name</p></entry>

            <entry><p>Type</p></entry>

            <entry><p>Default Value</p></entry>

            <entry><p>Description</p></entry>
          </row>
        </thead>

        <reg-def>
          <field>
            <field-bits>
              <double>
                <msb>31</msb>

                <lsb>16</lsb>
              </double>
            </field-bits>

            <field-name verilog="CPLCNT">CPLCNT</field-name>

            <field-type>RCCs</field-type>

            <field-default>0x0</field-default>

            <field-desc>
              <p><b>CPL Count</b></p>

              <p>Count CPLs transmitted by Channel MNWTX.</p>

              <p>This field is incremented when FlashChCpl message is sent out
              by the Flash channel controller.</p>

              <p>When the maximum count is reached, the value in the COUNT
              field rolls over to zero and does not saturate at its maximum
              value. This field is automatically cleared as a side effect of a
              read. Writes to this field are ignored.</p>

              <p>By default(when FCCMNWTXDBG.CNTSEL==2’b00) this counter will
              increment for all FlashChCpl messages that have departed from
              the channel.</p>

              <p>When FCCMNWTXDBG.CNTSEL==2’b01, this counter will increment
              for every completion departure to OBQ with a number equal to
              FCCMNWTXDBG.SEL[3:0].</p>

              <p>When FCCMNWTXDBG.CNTSEL==2’b10, this counter will increment
              for every completion departure from Channel CPL Queue with a
              number equal to FCCMNWTXDBG.SEL[3:0].</p>
            </field-desc>
          </field>

          <field>
            <field-bits>
              <double>
                <msb>15</msb>

                <lsb>0</lsb>
              </double>
            </field-bits>

            <field-name verilog="MSGCNT">MSGCNT</field-name>

            <field-type>RCCs</field-type>

            <field-default>0x0</field-default>

            <field-desc>
              <p><b otherprops="bold">Message Count</b></p>

              <p>Count all messages received by Channel MNWRX, excluding
              FlashMemWrite messages.</p>

              <p>This field is incremented each time a FlashChReq message is
              processed by the Flash channel controller.</p>

              <p>When the maximum count is reached, the value in the COUNT
              field rolls over to zero and does not saturate at its maximum
              value.</p>

              <p>This field is automatically cleared as a side effect of a
              read. Writes to this field are ignored.</p>
            </field-desc>
          </field>
        </reg-def>
      </tgroup>
    </table>

    <table audience="MSCCInternal"
           id="table_BOMDBGL_-_BOM_Debug_register_low_priorit_ajfef7c36">
      <title><reg-name-main verilog="BOMDBGL">BOMDBGL</reg-name-main> -
      <reg-desc>BOM Debug register low priority queue</reg-desc></title>

      <tgroup cols="5">
        <colspec colname="A" colwidth="111*"/>

        <colspec colname="B" colwidth="144*"/>

        <colspec colname="C" colwidth="101*"/>

        <colspec colname="D" colwidth="87*"/>

        <colspec colname="E" colwidth="557*"/>

        <thead>
          <row>
            <entry><p>Bit Field</p></entry>

            <entry><p>Field Name</p></entry>

            <entry><p>Type</p></entry>

            <entry><p>Default Value</p></entry>

            <entry><p>Description</p></entry>
          </row>
        </thead>

        <reg-def>
          <field>
            <field-bits>
              <double>
                <msb>31</msb>

                <lsb>16</lsb>
              </double>
            </field-bits>

            <field-name verilog="CS">CS</field-name>

            <field-type>RO</field-type>

            <field-default>0x0</field-default>

            <field-desc>
              <p><b>Head of queue Chip Select</b></p>
            </field-desc>
          </field>

          <field>
            <field-bits>
              <double>
                <msb>15</msb>

                <lsb>12</lsb>
              </double>
            </field-bits>

            <field-name verilog="OPCODE">OPCODE</field-name>

            <field-type>RO</field-type>

            <field-default>0x0</field-default>

            <field-desc>
              <p><b>Head of queue opcode</b></p>
            </field-desc>
          </field>

          <field>
            <field-bits>
              <single>11</single>
            </field-bits>

            <field-name verilog="LOCK">LOCK</field-name>

            <field-type>RO</field-type>

            <field-default>0x0</field-default>

            <field-desc>
              <p><b>head of queue lock (priority continue)</b></p>
            </field-desc>
          </field>

          <field>
            <field-bits>
              <double>
                <msb>10</msb>

                <lsb>6</lsb>
              </double>
            </field-bits>

            <field-name verilog="CNTX">CNTX</field-name>

            <field-type>RO</field-type>

            <field-default>0x0</field-default>

            <field-desc>
              <p><b>head of queue context</b></p>
            </field-desc>
          </field>

          <field>
            <field-bits>
              <single>5</single>
            </field-bits>

            <field-name verilog="RESERVED">RESERVED</field-name>

            <field-type>RO</field-type>

            <field-default>0x0</field-default>

            <field-desc>
              <p/>
            </field-desc>
          </field>

          <field>
            <field-bits>
              <double>
                <msb>4</msb>

                <lsb>0</lsb>
              </double>
            </field-bits>

            <field-name verilog="ENTRIES">ENTRIES</field-name>

            <field-type>RO</field-type>

            <field-default>0x0</field-default>

            <field-desc>
              <p><b>BOM number of entries</b></p>
            </field-desc>
          </field>
        </reg-def>
      </tgroup>
    </table>

    <table audience="MSCCInternal"
           id="table_BOMDBGH_-_BOM_Debug_register_high_priori_bjfef7c36">
      <title><reg-name-main verilog="BOMDBGH">BOMDBGM</reg-name-main> -
      <reg-desc>BOM Debug register Medium priority queue</reg-desc></title>

      <tgroup cols="5">
        <colspec colname="A" colwidth="111*"/>

        <colspec colname="B" colwidth="144*"/>

        <colspec colname="C" colwidth="101*"/>

        <colspec colname="D" colwidth="87*"/>

        <colspec colname="E" colwidth="557*"/>

        <thead>
          <row>
            <entry><p>Bit Field</p></entry>

            <entry><p>Field Name</p></entry>

            <entry><p>Type</p></entry>

            <entry><p>Default Value</p></entry>

            <entry><p>Description</p></entry>
          </row>
        </thead>

        <reg-def>
          <field>
            <field-bits>
              <double>
                <msb>31</msb>

                <lsb>16</lsb>
              </double>
            </field-bits>

            <field-name verilog="CS">CS</field-name>

            <field-type>RO</field-type>

            <field-default>0x0</field-default>

            <field-desc>
              <p><b>Head of queue Chip Select</b></p>
            </field-desc>
          </field>

          <field>
            <field-bits>
              <double>
                <msb>15</msb>

                <lsb>12</lsb>
              </double>
            </field-bits>

            <field-name verilog="OPCODE">OPCODE</field-name>

            <field-type>RO</field-type>

            <field-default>0x0</field-default>

            <field-desc>
              <p><b>Head of queue opcode</b></p>
            </field-desc>
          </field>

          <field>
            <field-bits>
              <single>11</single>
            </field-bits>

            <field-name verilog="LOCK">LOCK</field-name>

            <field-type>RO</field-type>

            <field-default>0x0</field-default>

            <field-desc>
              <p><b>head of queue lock (priority continue)</b></p>
            </field-desc>
          </field>

          <field>
            <field-bits>
              <double>
                <msb>10</msb>

                <lsb>6</lsb>
              </double>
            </field-bits>

            <field-name verilog="CNTX">CNTX</field-name>

            <field-type>RO</field-type>

            <field-default>0x0</field-default>

            <field-desc>
              <p><b>head of queue context</b></p>
            </field-desc>
          </field>

          <field>
            <field-bits>
              <single>5</single>
            </field-bits>

            <field-name verilog="RESERVED">RESERVED</field-name>

            <field-type>RO</field-type>

            <field-default>0x0</field-default>

            <field-desc>
              <p/>
            </field-desc>
          </field>

          <field>
            <field-bits>
              <double>
                <msb>4</msb>

                <lsb>0</lsb>
              </double>
            </field-bits>

            <field-name verilog="ENTRIES">ENTRIES</field-name>

            <field-type>RO</field-type>

            <field-default>0x0</field-default>

            <field-desc>
              <p><b>BOM number of entries</b></p>
            </field-desc>
          </field>
        </reg-def>
      </tgroup>
    </table>

    <table audience="MSCCInternal"
           id="table_BOMDBGU_-_BOM_Debug_register_Ultra_prior_0keypsjdf">
      <title><reg-name-main verilog="BOMDBGU">BOMDBGH</reg-name-main> -
      <reg-desc>BOM Debug register High priority queue</reg-desc></title>

      <tgroup cols="5">
        <colspec colname="A" colwidth="111*"/>

        <colspec colname="B" colwidth="144*"/>

        <colspec colname="C" colwidth="101*"/>

        <colspec colname="D" colwidth="87*"/>

        <colspec colname="E" colwidth="557*"/>

        <thead>
          <row>
            <entry><p>Bit Field</p></entry>

            <entry><p>Field Name</p></entry>

            <entry><p>Type</p></entry>

            <entry><p>Default Value</p></entry>

            <entry><p>Description</p></entry>
          </row>
        </thead>

        <reg-def>
          <field>
            <field-bits>
              <double>
                <msb>31</msb>

                <lsb>16</lsb>
              </double>
            </field-bits>

            <field-name verilog="CS">CS</field-name>

            <field-type>RO</field-type>

            <field-default>0x0</field-default>

            <field-desc>
              <p><b>Head of queue Chip Select</b></p>
            </field-desc>
          </field>

          <field>
            <field-bits>
              <double>
                <msb>15</msb>

                <lsb>12</lsb>
              </double>
            </field-bits>

            <field-name verilog="OPCODE">OPCODE</field-name>

            <field-type>RO</field-type>

            <field-default>0x0</field-default>

            <field-desc>
              <p><b>Head of queue opcode</b></p>
            </field-desc>
          </field>

          <field>
            <field-bits>
              <single>11</single>
            </field-bits>

            <field-name verilog="LOCK">LOCK</field-name>

            <field-type>RO</field-type>

            <field-default>0x0</field-default>

            <field-desc>
              <p><b>head of queue lock (priority continue)</b></p>
            </field-desc>
          </field>

          <field>
            <field-bits>
              <double>
                <msb>10</msb>

                <lsb>6</lsb>
              </double>
            </field-bits>

            <field-name verilog="CNTX">CNTX</field-name>

            <field-type>RO</field-type>

            <field-default>0x0</field-default>

            <field-desc>
              <p><b>head of queue context</b></p>
            </field-desc>
          </field>

          <field>
            <field-bits>
              <single>5</single>
            </field-bits>

            <field-name verilog="RESERVED">RESERVED</field-name>

            <field-type>RO</field-type>

            <field-default>0x0</field-default>

            <field-desc>
              <p/>
            </field-desc>
          </field>

          <field>
            <field-bits>
              <double>
                <msb>4</msb>

                <lsb>0</lsb>
              </double>
            </field-bits>

            <field-name verilog="ENTRIES">ENTRIES</field-name>

            <field-type>RO</field-type>

            <field-default>0x0</field-default>

            <field-desc>
              <p><b>BOM number of entries</b></p>
            </field-desc>
          </field>
        </reg-def>
      </tgroup>
    </table>

    <table audience="MSCCInternal"
           id="table_MNWCPLSD_-_Message_Networkd_Completion_S_1kgv27vhf">
      <title><reg-name-main verilog="MNWCPLSD">MNWCPLSD</reg-name-main> -
      <reg-desc>Message Networkd Completion Shadow Register</reg-desc></title>

      <tgroup cols="5">
        <colspec colname="A" colwidth="111*"/>

        <colspec colname="B" colwidth="144*"/>

        <colspec colname="C" colwidth="101*"/>

        <colspec colname="D" colwidth="87*"/>

        <colspec colname="E" colwidth="557*"/>

        <thead>
          <row>
            <entry><p>Bit Field</p></entry>

            <entry><p>Field Name</p></entry>

            <entry><p>Type</p></entry>

            <entry><p>Default Value</p></entry>

            <entry><p>Description</p></entry>
          </row>
        </thead>

        <reg-def>
          <field>
            <field-bits>
              <double>
                <msb>31</msb>

                <lsb>1</lsb>
              </double>
            </field-bits>

            <field-name verilog="RESERVED">RESERVED</field-name>

            <field-type>RO</field-type>

            <field-default>0x0</field-default>

            <field-desc>
              <p/>
            </field-desc>
          </field>

          <field>
            <field-bits>
              <single>0</single>
            </field-bits>

            <field-name verilog="CPL12DW">CPL12DW</field-name>

            <field-type>RO</field-type>

            <field-default>0x0</field-default>

            <field-desc>
              <p>Shadow of MNWCPL FI register</p>
            </field-desc>
          </field>
        </reg-def>
      </tgroup>
    </table>

    <table audience="MSCCInternal" id="table_RESERVED_-_RESERVED_0keyi75ce">
      <title><reg-name-main verilog="RESERVED">RESERVED</reg-name-main> -
      <reg-desc>RESERVED</reg-desc></title>

      <tgroup cols="5">
        <colspec colname="A" colwidth="111*"/>

        <colspec colname="B" colwidth="144*"/>

        <colspec colname="C" colwidth="101*"/>

        <colspec colname="D" colwidth="87*"/>

        <colspec colname="E" colwidth="557*"/>

        <thead>
          <row>
            <entry><p>Bit Field</p></entry>

            <entry><p>Field Name</p></entry>

            <entry><p>Type</p></entry>

            <entry><p>Default Value</p></entry>

            <entry><p>Description</p></entry>
          </row>
        </thead>

        <reg-def>
          <field>
            <field-bits>
              <double>
                <msb>31</msb>

                <lsb>0</lsb>
              </double>
            </field-bits>

            <field-name verilog="CS">RESERVED</field-name>

            <field-type>RO</field-type>

            <field-default>0x0</field-default>

            <field-desc>
              <p><b/></p>
            </field-desc>
          </field>
        </reg-def>
      </tgroup>
    </table>
  </body>
</topic>
