<?xml version="1.0" encoding="UTF-8"?>
<!-- Date Stamp: Fri Mar 22 15:41:21 PDT 2019 -->
<!DOCTYPE topic PUBLIC "-//OASIS//DTD DITA 1.2 Topic//EN"
"topic.dtd">
<topic base="base" id="dmg_addr">
  <title>Device Manager Registers</title>

  <body>
    <p/>

    <table id="table_Register_Prefixes_0jvpr3la4">
      <title>Register Prefixes</title>

      <tgroup cols="3">
        <colspec colwidth="148*"/>

        <colspec colwidth="218*"/>

        <colspec colwidth="634*"/>

        <thead>
          <row>
            <entry><p>Offset Address</p></entry>

            <entry><p>Register Mnemonic </p></entry>

            <entry><p>Register Description </p></entry>
          </row>
        </thead>

        <address-map>
          <register-reference>
            <address>0x00000</address>

            <addr-element>
              <address-prefix>OTP_</address-prefix>
            </addr-element>

            <address-details>
              <p><xref
              href="pm20_60_1026_otp_fuse_reg_addr.xml#OTP_addr/OTP_addr_table_00">OTP
              fuses. See Table: OTP Fuse Table 00 for details</xref></p>
            </address-details>
          </register-reference>



          <register-reference>
            <address>0x100000</address>

            <addr-element>
              <address-prefix>DCSU_</address-prefix>
            </addr-element>

            <address-details>
              <p><xref
              href="dcsu_addr_map.xml#DCSU_reg_addr/table_DCSU_Address_Map_Table_0j84vx1un"/></p>
            </address-details>
          </register-reference>

          <register-reference>
            <address>0x200000</address>

            <addr-element>
              <address-prefix>DM_</address-prefix>
            </addr-element>

            <address-details>
              <p><xref
              href="ttn_dm_csr.xml#testaddr/table_DM_Address_Map_000"/></p>
            </address-details>
          </register-reference>
        </address-map>
      </tgroup>
    </table>
  </body>
</topic>
