<?xml version="1.0" encoding="UTF-8"?>
<!DOCTYPE topic PUBLIC "-//OASIS//DTD DITA 1.2 Topic//EN"
"/SysSchema/dita/dtd/technicalContent/dtd/topic.dtd">
<topic base="base" id="Global_Errors_5di3647aju" xml:lang="en-US">
  <title>Global Error Registers</title>

  <body>
    <table id="FICERRSTSFlashInterfaceCorrectedErrorStatus">
      <title><reg-name-main verilog="FICERRSTS">CERRSTS</reg-name-main>
      <reg-desc>Flash Interface Corrected Error Status</reg-desc></title>

      <tgroup cols="5">
        <colspec colwidth="8*"/>

        <colspec colwidth="27*"/>

        <colspec colwidth="8*"/>

        <colspec colwidth="10*"/>

        <colspec colwidth="46*"/>

        <thead>
          <row>
            <entry><p>Bit Field</p></entry>

            <entry><p>Field Name</p></entry>

            <entry><p>Type</p></entry>

            <entry><p>Default Value</p></entry>

            <entry><p>Description</p></entry>
          </row>
        </thead>

        <reg-def>
          <field>
            <field-bits>
              <double>
                <msb>31</msb>

                <lsb>12</lsb>
              </double>
            </field-bits>

            <field-name verilog="RESERVED">RESERVED</field-name>

            <field-type>RO</field-type>

            <field-default>0x0</field-default>

            <field-desc>
              <p/>
            </field-desc>
          </field>

          <field>
            <field-bits>
              <single>11</single>
            </field-bits>

            <field-name verilog="FIBM1CE">FIBM1CE</field-name>

            <field-type>RW1C</field-type>

            <field-default>0x0</field-default>

            <field-desc>
              <p><b>Flash Interface Buffer Manager 1 Error</b></p>

              <p>Bit set if FIBM1CES indicates an error.</p>
            </field-desc>
          </field>

          <field>
            <field-bits>
              <single>10</single>
            </field-bits>

            <field-name verilog="FIBMCE">FIBMCE</field-name>

            <field-type>RW1C</field-type>

            <field-default>0x0</field-default>

            <field-desc>
              <p><b>Flash Interface Buffer Manager Error</b></p>

              <p>Bit set if BMCES indicates an error.</p>
            </field-desc>
          </field>

          <field>
            <field-bits>
              <single>9</single>
            </field-bits>

            <field-name verilog="FCCCE">FCCCE</field-name>

            <field-type>RW1C</field-type>

            <field-default>0x0</field-default>

            <field-desc>
              <p><b otherprops="bold">Flash Channel Controller Corrected
              Error</b></p>

              <p>This bit is set when a Flash channel controller corrected
              error is detected.</p>
            </field-desc>
          </field>

          <field>
            <field-bits>
              <double>
                <msb>8</msb>

                <lsb>3</lsb>
              </double>
            </field-bits>

            <field-name verilog="RESERVED">RESERVED</field-name>

            <field-type>RO</field-type>

            <field-default>0x0</field-default>

            <field-desc>
              <p/>
            </field-desc>
          </field>

          <field>
            <field-bits>
              <single>2</single>
            </field-bits>

            <field-name verilog="MIFE">MIFE</field-name>

            <field-type>RW1C</field-type>

            <field-default>0x0</field-default>

            <field-desc>
              <p><b>MIF Correctable Error</b></p>

              <p>Inbound or outbound queue is in auto disable state.</p>
            </field-desc>
          </field>

          <field>
            <field-bits>
              <single>1</single>
            </field-bits>

            <field-name verilog="FIQCE">FIQCE</field-name>

            <field-type>RW1C</field-type>

            <field-default>0x0</field-default>

            <field-desc>
              <p><b otherprops="bold">Flash Interface ECC Quasi Correctable
              Error</b></p>

              <p>This bit is set when a ECC internal RAM double bit error is
              corrected through operations performed by the ECC engine (i.e,
              the double bit error is corrected as a side effect of the ECC
              correction).</p>
            </field-desc>
          </field>

          <field audience="MSCCInternal">
            <field-bits>
              <single>0</single>
            </field-bits>

            <field-name verilog="FISBE">FISBE</field-name>

            <field-type>RW1C</field-type>

            <field-default>0x0</field-default>

            <field-desc>
              <p><b otherprops="bold">Flash Interface RAM Single Bit
              Error</b></p>

              <p>This bit is set when a RAM single bit error is detected and
              corrected in any RAM within the Flash interface (e.g., in a
              Flash channel controller).</p>
            </field-desc>
          </field>
        </reg-def>
      </tgroup>
    </table>

    <table id="FICERRMSKFlashInterfaceCorrectedErrorMask">
      <title><reg-name-main verilog="FICERRMSK">CERRMSK</reg-name-main>
      <reg-desc>Flash Interface Corrected Error Mask</reg-desc></title>

      <tgroup cols="5">
        <colspec colwidth="8*"/>

        <colspec colwidth="27*"/>

        <colspec colwidth="8*"/>

        <colspec colwidth="10*"/>

        <colspec colwidth="46*"/>

        <thead>
          <row>
            <entry><p>Bit Field</p></entry>

            <entry><p>Field Name</p></entry>

            <entry><p>Type</p></entry>

            <entry><p>Default Value</p></entry>

            <entry><p>Description</p></entry>
          </row>
        </thead>

        <reg-def>
          <field>
            <field-bits>
              <double>
                <msb>31</msb>

                <lsb>12</lsb>
              </double>
            </field-bits>

            <field-name verilog="RESERVED">RESERVED</field-name>

            <field-type>RO</field-type>

            <field-default>0x0</field-default>

            <field-desc>
              <p/>
            </field-desc>
          </field>

          <field>
            <field-bits>
              <single>11</single>
            </field-bits>

            <field-name verilog="FIBM1CE">FIBM1CE</field-name>

            <field-type>RW</field-type>

            <field-default>0x1</field-default>

            <field-desc>
              <p><b>Flash Interface Buffer Manager 1 Correctable Error</b></p>

              <p>When this bit is set, the corresponding error in the CERRSTS
              register is masked from generating a corrected global wire
              interrupt.</p>
            </field-desc>
          </field>

          <field>
            <field-bits>
              <single>10</single>
            </field-bits>

            <field-name verilog="FIBMCE">FIBMCE</field-name>

            <field-type>RW</field-type>

            <field-default>0x1</field-default>

            <field-desc>
              <p><b>Flash Interface Buffer Manager Correctable Error</b></p>

              <p>When this bit is set, the corresponding error in the CERRSTS
              register is masked from generating a corrected global wire
              interrupt.</p>
            </field-desc>
          </field>

          <field>
            <field-bits>
              <single>9</single>
            </field-bits>

            <field-name verilog="FCCCE">FCCCE</field-name>

            <field-type>RW</field-type>

            <field-default>0x0</field-default>

            <field-desc>
              <p><b otherprops="bold">Flash Channel Controller Corrected
              Error</b></p>

              <p>When this bit is set, the corresponding error in the CERRSTS
              register is masked from generating a corrected global wire
              interrupt.</p>
            </field-desc>
          </field>

          <field>
            <field-bits>
              <double>
                <msb>8</msb>

                <lsb>3</lsb>
              </double>
            </field-bits>

            <field-name verilog="RESERVED">RESERVED</field-name>

            <field-type>RO</field-type>

            <field-default>0x0</field-default>

            <field-desc>
              <p/>
            </field-desc>
          </field>

          <field>
            <field-bits>
              <single>2</single>
            </field-bits>

            <field-name verilog="MIFE">MIFE</field-name>

            <field-type>RW</field-type>

            <field-default>0x0</field-default>

            <field-desc>
              <p><b>MIF Correctable Error</b></p>

              <p>When this bit is set, the corresponding error in the CERRSTS
              register is masked from generating a corrected global wire
              interrupt.</p>
            </field-desc>
          </field>

          <field>
            <field-bits>
              <single>1</single>
            </field-bits>

            <field-name verilog="FIQCE">FIQCE</field-name>

            <field-type>RW</field-type>

            <field-default>0x0</field-default>

            <field-desc>
              <p><b otherprops="bold">Flash Interface ECC Quasi Correctable
              Error</b></p>

              <p>When this bit is set, the corresponding error in the CERRSTS
              register is masked from generating a corrected global wire
              interrupt.</p>
            </field-desc>
          </field>

          <field audience="MSCCInternal">
            <field-bits>
              <single>0</single>
            </field-bits>

            <field-name verilog="FISBE">FISBE</field-name>

            <field-type>RW</field-type>

            <field-default>0x0</field-default>

            <field-desc>
              <p><b otherprops="bold">Flash Interface RAM Single Bit
              Error</b></p>

              <p>When this bit is set, the corresponding error in the CERRSTS
              register is masked from generating a corrected global wire
              interrupt.</p>
            </field-desc>
          </field>
        </reg-def>
      </tgroup>
    </table>

    <table id="FICERRSWTGRFlashInterfaceCorrectedErrorSoftwareTrigger">
      <title><reg-name-main verilog="FICERRSWTGR">CERRSWTGR</reg-name-main>
      <reg-desc>Flash Interface Corrected Error Software
      Trigger</reg-desc></title>

      <tgroup cols="5">
        <colspec colwidth="8*"/>

        <colspec colwidth="27*"/>

        <colspec colwidth="8*"/>

        <colspec colwidth="10*"/>

        <colspec colwidth="46*"/>

        <thead>
          <row>
            <entry><p>Bit Field</p></entry>

            <entry><p>Field Name</p></entry>

            <entry><p>Type</p></entry>

            <entry><p>Default Value</p></entry>

            <entry><p>Description</p></entry>
          </row>
        </thead>

        <reg-def>
          <field>
            <field-bits>
              <double>
                <msb>31</msb>

                <lsb>12</lsb>
              </double>
            </field-bits>

            <field-name verilog="RESERVED">RESERVED</field-name>

            <field-type>RO</field-type>

            <field-default>0x0</field-default>

            <field-desc>
              <p/>
            </field-desc>
          </field>

          <field>
            <field-bits>
              <single>11</single>
            </field-bits>

            <field-name verilog="FIBM1CE">FIBM1CE</field-name>

            <field-type>RW</field-type>

            <field-default>0x0</field-default>

            <field-desc>
              <p><b>Flash Interface Buffer Manager 1 Correctable Error</b></p>

              <p>When a one is written to this bit, the corresponding bit is
              set in the CERRSTS register.</p>

              <p>This bit always returns a zero when read.</p>
            </field-desc>
          </field>

          <field>
            <field-bits>
              <single>10</single>
            </field-bits>

            <field-name verilog="FIBMCE">FIBMCE</field-name>

            <field-type>RW</field-type>

            <field-default>0x0</field-default>

            <field-desc>
              <p><b>Flash Interface Buffer Manager Correctable Error</b></p>

              <p>When a one is written to this bit, the corresponding bit is
              set in the CERRSTS register.</p>

              <p>This bit always returns a zero when read.</p>
            </field-desc>
          </field>

          <field>
            <field-bits>
              <single>9</single>
            </field-bits>

            <field-name verilog="FCCCE">FCCCE</field-name>

            <field-type>RW</field-type>

            <field-default>0x0</field-default>

            <field-desc>
              <p><b otherprops="bold">Flash Channel Controller Uncorrected
              Error</b></p>

              <p>When a one is written to this bit, the corresponding bit is
              set in the CERRSTS register.</p>

              <p>This bit always returns a zero when read.</p>
            </field-desc>
          </field>

          <field>
            <field-bits>
              <double>
                <msb>8</msb>

                <lsb>3</lsb>
              </double>
            </field-bits>

            <field-name verilog="RESERVED">RESERVED</field-name>

            <field-type>RO</field-type>

            <field-default>0x0</field-default>

            <field-desc>
              <p/>
            </field-desc>
          </field>

          <field>
            <field-bits>
              <single>2</single>
            </field-bits>

            <field-name verilog="MIFE">MIFE</field-name>

            <field-type>RW</field-type>

            <field-default>0x0</field-default>

            <field-desc>
              <p><b>MIF Correctable Error</b></p>

              <p>When a one is written to this bit, the corresponding bit is
              set in the CERRSTS register.</p>

              <p>This bit always returns a zero when read.</p>
            </field-desc>
          </field>

          <field>
            <field-bits>
              <single>1</single>
            </field-bits>

            <field-name verilog="FIQCE">FIQCE</field-name>

            <field-type>RW</field-type>

            <field-default>0x0</field-default>

            <field-desc>
              <p><b otherprops="bold">Flash Interface ECC Quasi Correctable
              Error</b></p>

              <p>When a one is written to this bit, the corresponding bit is
              set in the CERRSTS register.</p>

              <p>This bit always returns a zero when read.</p>
            </field-desc>
          </field>

          <field audience="MSCCInternal">
            <field-bits>
              <single>0</single>
            </field-bits>

            <field-name verilog="FISBE">FISBE</field-name>

            <field-type>RW</field-type>

            <field-default>0x0</field-default>

            <field-desc>
              <p><b otherprops="bold">Flash Interface RAM Single Bit
              Error</b></p>

              <p>When a one is written to this bit, the corresponding bit is
              set in the CERRSTS register.</p>

              <p>This bit always returns a zero when read.</p>
            </field-desc>
          </field>
        </reg-def>
      </tgroup>
    </table>

    <table id="FIUCERRSTSFlashInterfaceUncorrectedErrorStatus">
      <title><reg-name-main verilog="FIUCERRSTS">UCERRSTS</reg-name-main>
      <reg-desc>Flash Interface Uncorrected Error Status</reg-desc></title>

      <tgroup cols="5">
        <colspec colwidth="8*"/>

        <colspec colwidth="27*"/>

        <colspec colwidth="8*"/>

        <colspec colwidth="10*"/>

        <colspec colwidth="46*"/>

        <thead>
          <row>
            <entry><p>Bit Field</p></entry>

            <entry><p>Field Name</p></entry>

            <entry><p>Type</p></entry>

            <entry><p>Default Value</p></entry>

            <entry><p>Description</p></entry>
          </row>
        </thead>

        <reg-def>
          <field>
            <field-bits>
              <double>
                <msb>31</msb>

                <lsb>14</lsb>
              </double>
            </field-bits>

            <field-name verilog="RESERVED">RESERVED</field-name>

            <field-type>RO</field-type>

            <field-default>0x0</field-default>

            <field-desc>
              <p/>
            </field-desc>
          </field>

          <field>
            <field-bits>
              <single>13</single>
            </field-bits>

            <field-name verilog="FIBM1UE">FIBM1UE</field-name>

            <field-type>RW1C</field-type>

            <field-default>0x0</field-default>

            <field-desc>
              <p><b otherprops="bold">Flash Interface Buffer Manager 1
              Uncorrected Error</b></p>

              <p>This bit is set when a Flash interface uncorrected error is
              detected.</p>
            </field-desc>
          </field>

          <field>
            <field-bits>
              <single>12</single>
            </field-bits>

            <field-name verilog="FIBMUE">FIBMUE</field-name>

            <field-type>RW1C</field-type>

            <field-default>0x0</field-default>

            <field-desc>
              <p><b otherprops="bold">Flash Interface Buffer Manager
              Uncorrected Error</b></p>

              <p>This bit is set when a Flash interface uncorrected error is
              detected.</p>
            </field-desc>
          </field>

          <field>
            <field-bits>
              <single>11</single>
            </field-bits>

            <field-name verilog="XCUE">XCUE</field-name>

            <field-type>RW1C</field-type>

            <field-default>0x0</field-default>

            <field-desc>
              <p><b otherprops="bold">XOR Calculator Uncorrected Error</b></p>

              <p>This bit is set when a XOR calculator uncorrected error is
              detected.</p>
            </field-desc>
          </field>

          <field>
            <field-bits>
              <single>10</single>
            </field-bits>

            <field-name verilog="ECCUE">ECCUE</field-name>

            <field-type>RW1C</field-type>

            <field-default>0x0</field-default>

            <field-desc>
              <p><b otherprops="bold">ECC Uncorrected Error</b></p>

              <p>This bit is set when a ECC uncorrected error is detected
              (i.e., an error in the device hardware and not an ECC chunk that
              cannot be corrected). </p>

              <p>Typical firmware related reasons are:</p>

              <ul>
                <li><p> The status address is not dword aligned or outside of
                the ram address space</p></li>
              </ul>

              <ul>
                <li><p> Illegal coderate</p></li>
              </ul>

              <ul>
                <li><p> Illegal_HRAMPWR configuration - must hex 0, 8, c, or
                e</p></li>
              </ul>

              <ul>
                <li><p> 16k inline soft decode occurred with insufficient hram
                powered on</p></li>
              </ul>

              <ul>
                <li><p> LDPC decoder gave unrecov_err status indication -
                probably an illegal codeword </p></li>
              </ul>

              <p audience="PMCInternal">In addition, a bad status vector
              address will cause ECCUE. Check bit 14 of the ECCHACC register
              which specifically indicates that an illegal status vector
              address was detected.</p>
            </field-desc>
          </field>

          <field>
            <field-bits>
              <single>9</single>
            </field-bits>

            <field-name verilog="FCCUE">FCCUE</field-name>

            <field-type>RW1C</field-type>

            <field-default>0x0</field-default>

            <field-desc>
              <p><b otherprops="bold">Flash Channel Controller Uncorrected
              Error</b></p>

              <p>This bit is set when a Flash channel controller uncorrected
              error is detected.</p>
            </field-desc>
          </field>

          <field>
            <field-bits>
              <single>8</single>
            </field-bits>

            <field-name verilog="ENCUE">ENCUE</field-name>

            <field-type>RW1C</field-type>

            <field-default>0x0</field-default>

            <field-desc>
              <p><b>Encoder Uncorrected Error</b></p>

              <p>This bit is set when an encoder error occurs.</p>
            </field-desc>
          </field>

          <field>
            <field-bits>
              <single>7</single>
            </field-bits>

            <field-name verilog="FPMUE">FPMUE</field-name>

            <field-type>RW1C</field-type>

            <field-default>0x0</field-default>

            <field-desc>
              <p><b otherprops="bold">Flash Power Manager Uncorrected
              Error</b></p>

              <p>This bit is set when a Flash power manager uncorrected error
              is detected..</p>
            </field-desc>
          </field>

          <field>
            <field-bits>
              <double>
                <msb>6</msb>

                <lsb>5</lsb>
              </double>
            </field-bits>

            <field-name verilog="RESERVED">RESERVED</field-name>

            <field-type>RO</field-type>

            <field-default>0x0</field-default>

            <field-desc>
              <p/>
            </field-desc>
          </field>

          <field>
            <field-bits>
              <single>4</single>
            </field-bits>

            <field-name verilog="SCDIF">RESERVED</field-name>

            <field-type>RW1C</field-type>

            <field-default>0x0</field-default>

            <field-desc audience="MSCCInternal">
              <p><b>Completion Buffer Uncorrectable error</b></p>

              <p>This bit is set when a completion buffer uncorrectable error
              is detected.</p>

              <p>&lt;deprecated "SCDIF" for intel ecc&gt;</p>
            </field-desc>
          </field>

          <field>
            <field-bits>
              <single>3</single>
            </field-bits>

            <field-name verilog="FIDBE">FIDBE</field-name>

            <field-type>RW1C</field-type>

            <field-default>0x0</field-default>

            <field-desc>
              <p><b otherprops="bold">Flash Interface RAM Double Bit
              Error</b></p>

              <p>This bit is set when a RAM double bit error is detected in
              any RAM within the Flash interface (e.g., in a Flash channel
              controller).</p>
            </field-desc>
          </field>

          <field>
            <field-bits>
              <single>2</single>
            </field-bits>

            <field-name verilog="DNUERR">DNUERR</field-name>

            <field-type>RW1C</field-type>

            <field-default>0x0</field-default>

            <field-desc>
              <p><b otherprops="bold">Data Network Completion Packet with an
              Uncorrected Error</b></p>

              <p>This bit is set when a data network completion is received
              with an uncorrectable error (i.e., the UncorrectedErr bit
              set).</p>
            </field-desc>
          </field>

          <field>
            <field-bits>
              <single>1</single>
            </field-bits>

            <field-name verilog="DATANET">DATANET</field-name>

            <field-type>RW1C</field-type>

            <field-default>0x0</field-default>

            <field-desc>
              <p><b otherprops="bold">Data Network Parity Error</b></p>

              <p>This bit is set when a data network parity error is
              detected.</p>
            </field-desc>
          </field>

          <field>
            <field-bits>
              <single>0</single>
            </field-bits>

            <field-name verilog="MSGNET">MSGNET</field-name>

            <field-type>RW1C</field-type>

            <field-default>0x0</field-default>

            <field-desc>
              <p><b otherprops="bold">Message Network(MIF) uncorrectable
              Error</b></p>

              <p>This bit is set when MIF uncorrectable error is detected.</p>
            </field-desc>
          </field>
        </reg-def>
      </tgroup>
    </table>

    <table id="FIUCERRMSKFlashInterfaceUncorrectedErrorMask">
      <title><reg-name-main verilog="FIUCERRMSK">UCERRMSK</reg-name-main>
      <reg-desc>Flash Interface Uncorrected Error Mask</reg-desc></title>

      <tgroup cols="5">
        <colspec colwidth="8*"/>

        <colspec colwidth="27*"/>

        <colspec colwidth="8*"/>

        <colspec colwidth="10*"/>

        <colspec colwidth="46*"/>

        <thead>
          <row>
            <entry><p>Bit Field</p></entry>

            <entry><p>Field Name</p></entry>

            <entry><p>Type</p></entry>

            <entry><p>Default Value</p></entry>

            <entry><p>Description</p></entry>
          </row>
        </thead>

        <reg-def>
          <field>
            <field-bits>
              <double>
                <msb>31</msb>

                <lsb>14</lsb>
              </double>
            </field-bits>

            <field-name verilog="RESERVED">RESERVED</field-name>

            <field-type>RO</field-type>

            <field-default>0x0</field-default>

            <field-desc>
              <p/>
            </field-desc>
          </field>

          <field>
            <field-bits>
              <single>13</single>
            </field-bits>

            <field-name verilog="FIBM1UE">FIBM1UE</field-name>

            <field-type>RW</field-type>

            <field-default>0x0</field-default>

            <field-desc>
              <p><b otherprops="bold">Flash Interface Buffer Manager 1
              Uncorrected Error</b></p>

              <p>When this bit is set, the corresponding error in the UCERRSTS
              register is masked from generating an uncorrected global wire
              interrupt.</p>
            </field-desc>
          </field>

          <field>
            <field-bits>
              <single>12</single>
            </field-bits>

            <field-name verilog="FIBMUE">FIBMUE</field-name>

            <field-type>RW</field-type>

            <field-default>0x0</field-default>

            <field-desc>
              <p><b otherprops="bold">Flash Interface Buffer Manager
              Uncorrected Error</b></p>

              <p>When this bit is set, the corresponding error in the UCERRSTS
              register is masked from generating an uncorrected global wire
              interrupt.</p>
            </field-desc>
          </field>

          <field>
            <field-bits>
              <single>11</single>
            </field-bits>

            <field-name verilog="XCUE">XCUE</field-name>

            <field-type>RW</field-type>

            <field-default>0x0</field-default>

            <field-desc>
              <p><b otherprops="bold">XOR Calculator Uncorrected Error</b></p>

              <p>When this bit is set, the corresponding error in the UCERRSTS
              register is masked from generating an uncorrected global wire
              interrupt.</p>
            </field-desc>
          </field>

          <field>
            <field-bits>
              <single>10</single>
            </field-bits>

            <field-name verilog="ECCUE">ECCUE</field-name>

            <field-type>RW</field-type>

            <field-default>0x0</field-default>

            <field-desc>
              <p><b otherprops="bold">ECC Uncorrected Error</b></p>

              <p>When this bit is set, the corresponding error in the UCERRSTS
              register is masked from generating an uncorrected global wire
              interrupt.</p>
            </field-desc>
          </field>

          <field>
            <field-bits>
              <single>9</single>
            </field-bits>

            <field-name verilog="FCCUE">FCCUE</field-name>

            <field-type>RW</field-type>

            <field-default>0x0</field-default>

            <field-desc>
              <p><b otherprops="bold">Flash Channel Controller Uncorrected
              Error</b></p>

              <p>When this bit is set, the corresponding error in the UCERRSTS
              register is masked from generating an uncorrected global wire
              interrupt.</p>
            </field-desc>
          </field>

          <field>
            <field-bits>
              <single>8</single>
            </field-bits>

            <field-name verilog="ENCUE">ENCUE</field-name>

            <field-type>RW</field-type>

            <field-default>0x0</field-default>

            <field-desc>
              <p><b otherprops="bold">Encoder Uncorrected error</b></p>

              <p>When this bit is set, the corresponding error in the UCERRSTS
              register is masked from generating an uncorrected global wire
              interrupt.</p>
            </field-desc>
          </field>

          <field>
            <field-bits>
              <single>7</single>
            </field-bits>

            <field-name verilog="FPMUE">FPMUE</field-name>

            <field-type>RW</field-type>

            <field-default>0x0</field-default>

            <field-desc>
              <p><b otherprops="bold">Flash Power Manager Uncorrected
              Error</b></p>

              <p>When this bit is set, the corresponding error in the UCERRSTS
              register is masked from generating an uncorrected global wire
              interrupt.</p>
            </field-desc>
          </field>

          <field>
            <field-bits>
              <double>
                <msb>6</msb>

                <lsb>5</lsb>
              </double>
            </field-bits>

            <field-name verilog="RESERVED">RESERVED</field-name>

            <field-type>RO</field-type>

            <field-default>0x0</field-default>

            <field-desc>
              <p/>
            </field-desc>
          </field>

          <field>
            <field-bits>
              <single>4</single>
            </field-bits>

            <field-name verilog="SCDIF">RESERVED</field-name>

            <field-type>RW</field-type>

            <field-default>0x0</field-default>

            <field-desc audience="MSCCInternal">
              <p><b>Completion Buffer Uncorrectable error</b></p>

              <p>When this bit is set, the corresponding error in the UCERRSTS
              register is masked from generating an uncorrected global wire
              interrupt.</p>

              <p>make "SCDIF" internal only</p>
            </field-desc>
          </field>

          <field>
            <field-bits>
              <single>3</single>
            </field-bits>

            <field-name verilog="FIDBE">FIDBE</field-name>

            <field-type>RW</field-type>

            <field-default>0x0</field-default>

            <field-desc>
              <p><b otherprops="bold">Flash Interface RAM Double Bit
              Error</b></p>

              <p>When this bit is set, the corresponding error in the UCERRSTS
              register is masked from generating an uncorrected global wire
              interrupt.</p>
            </field-desc>
          </field>

          <field>
            <field-bits>
              <single>2</single>
            </field-bits>

            <field-name verilog="DNUERR">DNUERR</field-name>

            <field-type>RW</field-type>

            <field-default>0x0</field-default>

            <field-desc>
              <p><b otherprops="bold">Data Network Completion Packet with an
              Uncorrected Error</b></p>

              <p>When this bit is set, the corresponding error in the UCERRSTS
              register is masked from generating an uncorrected global wire
              interrupt.</p>
            </field-desc>
          </field>

          <field>
            <field-bits>
              <single>1</single>
            </field-bits>

            <field-name verilog="DATANET">DATANET</field-name>

            <field-type>RW</field-type>

            <field-default>0x0</field-default>

            <field-desc>
              <p><b otherprops="bold">Data Network Parity Error</b></p>

              <p>When this bit is set, the corresponding error in the UCERRSTS
              register is masked from generating an uncorrected global wire
              interrupt.</p>
            </field-desc>
          </field>

          <field>
            <field-bits>
              <single>0</single>
            </field-bits>

            <field-name verilog="MSGNET">MSGNET</field-name>

            <field-type>RW</field-type>

            <field-default>0x0</field-default>

            <field-desc>
              <p><b otherprops="bold">Message Network(MIF) uncorrectable
              Error</b></p>

              <p>When this bit is set, the corresponding error in the UCERRSTS
              register is masked from generating an uncorrected global wire
              interrupt.</p>
            </field-desc>
          </field>
        </reg-def>
      </tgroup>
    </table>

    <table id="FIUCERRSWTGRFlashInterfaceUncorrectedErrorSoftwareTrigger">
      <title><reg-name-main verilog="FIUCERRSWTGR">UCERRSWTGR</reg-name-main>
      <reg-desc>Flash Interface Uncorrected Error Software
      Trigger</reg-desc></title>

      <tgroup cols="5">
        <colspec colwidth="8*"/>

        <colspec colwidth="27*"/>

        <colspec colwidth="8*"/>

        <colspec colwidth="10*"/>

        <colspec colwidth="46*"/>

        <thead>
          <row>
            <entry><p>Bit Field</p></entry>

            <entry><p>Field Name</p></entry>

            <entry><p>Type</p></entry>

            <entry><p>Default Value</p></entry>

            <entry><p>Description</p></entry>
          </row>
        </thead>

        <reg-def>
          <field>
            <field-bits>
              <double>
                <msb>31</msb>

                <lsb>14</lsb>
              </double>
            </field-bits>

            <field-name verilog="RESERVED">RESERVED</field-name>

            <field-type>RO</field-type>

            <field-default>0x0</field-default>

            <field-desc>
              <p/>
            </field-desc>
          </field>

          <field>
            <field-bits>
              <single>13</single>
            </field-bits>

            <field-name verilog="FIBM1UE">FIBM1UE</field-name>

            <field-type>RW</field-type>

            <field-default>0x0</field-default>

            <field-desc>
              <p><b otherprops="bold">Flash Interface Buffer Manager 1
              Uncorrected Error</b></p>

              <p>When a one is written to this bit, the corresponding bit is
              set in the UCERRSTS register.</p>

              <p>This bit always returns a zero when read.</p>
            </field-desc>
          </field>

          <field>
            <field-bits>
              <single>12</single>
            </field-bits>

            <field-name verilog="FIBMUE">FIBMUE</field-name>

            <field-type>RW</field-type>

            <field-default>0x0</field-default>

            <field-desc>
              <p><b otherprops="bold">Flash Interface Buffer Manager
              Uncorrected Error</b></p>

              <p>When a one is written to this bit, the corresponding bit is
              set in the UCERRSTS register.</p>

              <p>This bit always returns a zero when read.</p>
            </field-desc>
          </field>

          <field>
            <field-bits>
              <single>11</single>
            </field-bits>

            <field-name verilog="XCUE">XCUE</field-name>

            <field-type>RW</field-type>

            <field-default>0x0</field-default>

            <field-desc>
              <p><b otherprops="bold">XOR Calculator Uncorrected Error</b></p>

              <p>When a one is written to this bit, the corresponding bit is
              set in the UCERRSTS register.</p>

              <p>This bit always returns a zero when read.</p>
            </field-desc>
          </field>

          <field>
            <field-bits>
              <single>10</single>
            </field-bits>

            <field-name verilog="ECCUE">ECCUE</field-name>

            <field-type>RW</field-type>

            <field-default>0x0</field-default>

            <field-desc>
              <p><b otherprops="bold">ECC Uncorrected Error</b></p>

              <p>When a one is written to this bit, the corresponding bit is
              set in the UCERRSTS register.</p>

              <p>This bit always returns a zero when read.</p>
            </field-desc>
          </field>

          <field>
            <field-bits>
              <single>9</single>
            </field-bits>

            <field-name verilog="FCCUE">FCCUE</field-name>

            <field-type>RW</field-type>

            <field-default>0x0</field-default>

            <field-desc>
              <p><b otherprops="bold">Flash Channel Controller Uncorrected
              Error</b></p>

              <p>When a one is written to this bit, the corresponding bit is
              set in the UCERRSTS register.</p>

              <p>This bit always returns a zero when read.</p>
            </field-desc>
          </field>

          <field>
            <field-bits>
              <single>8</single>
            </field-bits>

            <field-name verilog="ENCUE">ENCUE</field-name>

            <field-type>RW</field-type>

            <field-default>0x0</field-default>

            <field-desc>
              <p><b otherprops="bold">Encoder Uncorrected Error</b></p>

              <p>When a one is written to this bit, the corresponding bit is
              set in the UCERRSTS register.</p>

              <p>This bit always returns a zero when read.</p>
            </field-desc>
          </field>

          <field>
            <field-bits>
              <single>7</single>
            </field-bits>

            <field-name verilog="FPMUE">FPMUE</field-name>

            <field-type>RW</field-type>

            <field-default>0x0</field-default>

            <field-desc>
              <p><b otherprops="bold">Flash Power Manager Uncorrected
              Error</b></p>

              <p>When a one is written to this bit, the corresponding bit is
              set in the UCERRSTS register.</p>

              <p>This bit always returns a zero when read.</p>
            </field-desc>
          </field>

          <field>
            <field-bits>
              <double>
                <msb>6</msb>

                <lsb>5</lsb>
              </double>
            </field-bits>

            <field-name verilog="RESERVED">RESERVED</field-name>

            <field-type>RO</field-type>

            <field-default>0x0</field-default>

            <field-desc>
              <p/>
            </field-desc>
          </field>

          <field>
            <field-bits>
              <single>4</single>
            </field-bits>

            <field-name verilog="SCDIF">RESERVED</field-name>

            <field-type>RW</field-type>

            <field-default>0x0</field-default>

            <field-desc audience="MSCCInternal">
              <p><b>Completion Buffer Uncorrectable error</b></p>

              <p>When a one is written to this bit, the corresponding bit is
              set in the UCERRSTS register.</p>

              <p>This bit always returns a zero when read.</p>

              <p>Make "SCDIF" internal only</p>
            </field-desc>
          </field>

          <field>
            <field-bits>
              <single>3</single>
            </field-bits>

            <field-name verilog="FIDBE">FIDBE</field-name>

            <field-type>RW</field-type>

            <field-default>0x0</field-default>

            <field-desc>
              <p><b otherprops="bold">Flash Interface RAM Double Bit
              Error</b></p>

              <p>When a one is written to this bit, the corresponding bit is
              set in the UCERRSTS register.</p>

              <p>This bit always returns a zero when read.</p>
            </field-desc>
          </field>

          <field>
            <field-bits>
              <single>2</single>
            </field-bits>

            <field-name verilog="DNUERR">DNUERR</field-name>

            <field-type>RW</field-type>

            <field-default>0x0</field-default>

            <field-desc>
              <p><b otherprops="bold">Data Network Completion Packet with an
              Uncorrected Error</b></p>

              <p>When a one is written to this bit, the corresponding bit is
              set in the UCERRSTS register.</p>

              <p>This bit always returns a zero when read.</p>
            </field-desc>
          </field>

          <field>
            <field-bits>
              <single>1</single>
            </field-bits>

            <field-name verilog="DATANET">DATANET</field-name>

            <field-type>RW</field-type>

            <field-default>0x0</field-default>

            <field-desc>
              <p><b otherprops="bold">Data Network Parity Error</b></p>

              <p>When a one is written to this bit, the corresponding bit is
              set in the UCERRSTS register.</p>

              <p>This bit always returns a zero when read.</p>
            </field-desc>
          </field>

          <field>
            <field-bits>
              <single>0</single>
            </field-bits>

            <field-name verilog="MSGNET">MSGNET</field-name>

            <field-type>RW</field-type>

            <field-default>0x0</field-default>

            <field-desc>
              <p><b otherprops="bold">Message Network(MIF) uncorrectable
              Error</b></p>

              <p>When a one is written to this bit, the corresponding bit is
              set in the UCERRSTS register.</p>

              <p>This bit always returns a zero when read.</p>
            </field-desc>
          </field>
        </reg-def>
      </tgroup>
    </table>

    <table audience="MSCCInternal"
           id="table_ENCERR_-_Encoder_Uncorrectable_Error_Cau_0km6sh3g6">
      <title><reg-name-main verilog="ENCERR">ENCERR</reg-name-main> -
      <reg-desc>Encoder Uncorrectable Error Cause</reg-desc></title>

      <tgroup cols="5">
        <colspec colname="A" colwidth="111*"/>

        <colspec colname="B" colwidth="144*"/>

        <colspec colname="C" colwidth="101*"/>

        <colspec colname="D" colwidth="87*"/>

        <colspec colname="E" colwidth="557*"/>

        <thead>
          <row>
            <entry><p>Bit Field</p></entry>

            <entry><p>Field Name</p></entry>

            <entry><p>Type</p></entry>

            <entry><p>Default Value</p></entry>

            <entry><p>Description</p></entry>
          </row>
        </thead>

        <reg-def>
          <field>
            <field-bits>
              <double>
                <msb>31</msb>

                <lsb>12</lsb>
              </double>
            </field-bits>

            <field-name verilog="RESERVED">RESERVED</field-name>

            <field-type>RO</field-type>

            <field-default>0x0</field-default>

            <field-desc>
              <p/>
            </field-desc>
          </field>

          <field>
            <field-bits>
              <single>11</single>
            </field-bits>

            <field-name verilog="LDPCPERR">LDPCPERR</field-name>

            <field-type>RW1C</field-type>

            <field-default>0x0</field-default>

            <field-desc>
              <p>LDPC encountered a parity error</p>
            </field-desc>
          </field>

          <field>
            <field-bits>
              <single>10</single>
            </field-bits>

            <field-name verilog="CRCPERR">CRCPERR</field-name>

            <field-type>RW1C</field-type>

            <field-default>0x0</field-default>

            <field-desc>
              <p>CRC encountered a parity error</p>
            </field-desc>
          </field>

          <field>
            <field-bits>
              <single>9</single>
            </field-bits>

            <field-name verilog="SCRPERR">SCRPERR</field-name>

            <field-type>RW1C</field-type>

            <field-default>0x0</field-default>

            <field-desc>
              <p>Scrambler encountered a parity error</p>
            </field-desc>
          </field>

          <field>
            <field-bits>
              <single>8</single>
            </field-bits>

            <field-name verilog="TOPPERR">TOPPERR</field-name>

            <field-type>RW1C</field-type>

            <field-default>0x0</field-default>

            <field-desc>
              <p>Top level encountered a parity error</p>
            </field-desc>
          </field>

          <field>
            <field-bits>
              <single>7</single>
            </field-bits>

            <field-name verilog="INVLDCFG">INVLDCFG</field-name>

            <field-type>RW1C</field-type>

            <field-default>0x0</field-default>

            <field-desc>
              <p>Incorrect data/ldpc size combo</p>
            </field-desc>
          </field>

          <field>
            <field-bits>
              <single>6</single>
            </field-bits>

            <field-name verilog="DIERR">DIERR</field-name>

            <field-type>RW1C</field-type>

            <field-default>0x0</field-default>

            <field-desc>
              <p>Data parity error occurred</p>
            </field-desc>
          </field>

          <field>
            <field-bits>
              <single>5</single>
            </field-bits>

            <field-name verilog="REQSOFERR">REQSOFERR</field-name>

            <field-type>RW1C</field-type>

            <field-default>0x0</field-default>

            <field-desc>
              <p>First granted request of cword must be sof. 1=fdp sent req
              without sof flag set.</p>
            </field-desc>
          </field>

          <field>
            <field-bits>
              <single>4</single>
            </field-bits>

            <field-name verilog="UFLOWERR">UFLOWERR</field-name>

            <field-type>RW1C</field-type>

            <field-default>0x0</field-default>

            <field-desc>
              <p>dna underflow</p>
            </field-desc>
          </field>

          <field>
            <field-bits>
              <single>3</single>
            </field-bits>

            <field-name verilog="OFLOWERR">OFLOWERR</field-name>

            <field-type>RW1C</field-type>

            <field-default>0x0</field-default>

            <field-desc>
              <p>dna overflow</p>
            </field-desc>
          </field>

          <field>
            <field-bits>
              <single>2</single>
            </field-bits>

            <field-name verilog="SOFERR">SOFERR</field-name>

            <field-type>RW1C</field-type>

            <field-default>0x0</field-default>

            <field-desc>
              <p>sof misalignment. no sof on line where cpl fsm expected
              hdr.</p>
            </field-desc>
          </field>

          <field>
            <field-bits>
              <single>1</single>
            </field-bits>

            <field-name verilog="CHIDERR">CHIDERR</field-name>

            <field-type>RW1C</field-type>

            <field-default>0x0</field-default>

            <field-desc>
              <p>unexpected cpl from a diff ch. dna expects full cword cpls
              from same ch.</p>
            </field-desc>
          </field>

          <field>
            <field-bits>
              <single>0</single>
            </field-bits>

            <field-name verilog="CPLHDRPTY">CPLHDRPTY</field-name>

            <field-type>RW1C</field-type>

            <field-default>0x0</field-default>

            <field-desc>
              <p>cpl hdr has parity error</p>
            </field-desc>
          </field>
        </reg-def>
      </tgroup>
    </table>

    <table audience="MSCCInternal"
           id="FIAUTODMFlashInterfaceAutonomousDisableMask">
      <title><reg-name-main verilog="FIAUTODM">AUTDISMSK</reg-name-main>
      <reg-desc>Flash Interface Autonomous Disable Mask</reg-desc></title>

      <tgroup cols="5">
        <colspec colwidth="8*"/>

        <colspec colwidth="27*"/>

        <colspec colwidth="8*"/>

        <colspec colwidth="10*"/>

        <colspec colwidth="46*"/>

        <thead>
          <row>
            <entry><p>Bit Field</p></entry>

            <entry><p>Field Name</p></entry>

            <entry><p>Type</p></entry>

            <entry><p>Default Value</p></entry>

            <entry><p>Description</p></entry>
          </row>
        </thead>

        <reg-def>
          <field>
            <field-bits>
              <double>
                <msb>31</msb>

                <lsb>14</lsb>
              </double>
            </field-bits>

            <field-name verilog="RESERVED">RESERVED</field-name>

            <field-type>RO</field-type>

            <field-default>0x0</field-default>

            <field-desc>
              <p/>
            </field-desc>
          </field>

          <field>
            <field-bits>
              <single>13</single>
            </field-bits>

            <field-name verilog="FIBM1UE">FIBM1UE</field-name>

            <field-type>RW</field-type>

            <field-default>0x0</field-default>

            <field-desc>
              <p><b otherprops="bold">Flash Interface Buffer Manager 1
              Uncorrected Error</b></p>

              <p>When this bit is set, the corresponding bit in the UCERRSTS
              is masked from autonomously disabling the Flash interface.</p>
            </field-desc>
          </field>

          <field>
            <field-bits>
              <single>12</single>
            </field-bits>

            <field-name verilog="FIBMUE">FIBMUE</field-name>

            <field-type>RW</field-type>

            <field-default>0x0</field-default>

            <field-desc>
              <p><b otherprops="bold">Flash Interface Buffer Manager
              Uncorrected Error</b></p>

              <p>When this bit is set, the corresponding bit in the UCERRSTS
              is masked from autonomously disabling the Flash interface.</p>
            </field-desc>
          </field>

          <field>
            <field-bits>
              <single>11</single>
            </field-bits>

            <field-name verilog="XCUE">XCUE</field-name>

            <field-type>RW</field-type>

            <field-default>0x0</field-default>

            <field-desc>
              <p><b otherprops="bold">XOR Calculator Uncorrected Error</b></p>

              <p>When this bit is set, the corresponding bit in the UCERRSTS
              is masked from autonomously disabling the Flash interface.</p>
            </field-desc>
          </field>

          <field>
            <field-bits>
              <single>10</single>
            </field-bits>

            <field-name verilog="ECCUE">ECCUE</field-name>

            <field-type>RW</field-type>

            <field-default>0x0</field-default>

            <field-desc>
              <p><b otherprops="bold">ECC Uncorrected Error</b></p>

              <p>When this bit is set, the corresponding bit in the UCERRSTS
              is masked from autonomously disabling the Flash interface.</p>
            </field-desc>
          </field>

          <field>
            <field-bits>
              <single>9</single>
            </field-bits>

            <field-name verilog="FCCUE">FCCUE</field-name>

            <field-type>RW</field-type>

            <field-default>0x0</field-default>

            <field-desc>
              <p><b otherprops="bold">Flash Channel Controller Uncorrected
              Error</b></p>

              <p>When this bit is set, the corresponding bit in the UCERRSTS
              is masked from autonomously disabling the Flash interface.</p>
            </field-desc>
          </field>

          <field>
            <field-bits>
              <single>8</single>
            </field-bits>

            <field-name verilog="ENCUE">ENCUE</field-name>

            <field-type>RW</field-type>

            <field-default>0x0</field-default>

            <field-desc>
              <p><b otherprops="bold">Encoder Uncorrected Error</b></p>

              <p>When this bit is set, the corresponding bit in the UCERRSTS
              is masked from autonomously disabling the Flash interface.</p>
            </field-desc>
          </field>

          <field>
            <field-bits>
              <single>7</single>
            </field-bits>

            <field-name verilog="FPMUE">FPMUE</field-name>

            <field-type>RW</field-type>

            <field-default>0x0</field-default>

            <field-desc>
              <p><b otherprops="bold">Flash Power Manager Uncorrected
              Error</b></p>

              <p>When this bit is set, the corresponding bit in the UCERRSTS
              is masked from autonomously disabling the Flash interface.</p>
            </field-desc>
          </field>

          <field>
            <field-bits>
              <double>
                <msb>6</msb>

                <lsb>5</lsb>
              </double>
            </field-bits>

            <field-name verilog="RESERVED">RESERVED</field-name>

            <field-type>RO</field-type>

            <field-default>0x0</field-default>

            <field-desc>
              <p/>
            </field-desc>
          </field>

          <field>
            <field-bits>
              <single>4</single>
            </field-bits>

            <field-name verilog="SCDIF">SCDIF</field-name>

            <field-type>RW</field-type>

            <field-default>0x0</field-default>

            <field-desc>
              <p><b>Completion Buffer Uncorrectable error</b></p>

              <p>When this bit is set, the corresponding bit in the UCERRSTS
              is masked from autonomously disabling the Flash interface.</p>
            </field-desc>
          </field>

          <field>
            <field-bits>
              <single>3</single>
            </field-bits>

            <field-name verilog="FIDBE">FIDBE</field-name>

            <field-type>RW</field-type>

            <field-default>0x0</field-default>

            <field-desc>
              <p><b otherprops="bold">Flash Interface RAM Double Bit
              Error</b></p>

              <p>When this bit is set, the corresponding bit in the UCERRSTS
              is masked from autonomously disabling the Flash interface.</p>
            </field-desc>
          </field>

          <field>
            <field-bits>
              <single>2</single>
            </field-bits>

            <field-name verilog="DNUERR">DNUERR</field-name>

            <field-type>RW</field-type>

            <field-default>0x0</field-default>

            <field-desc>
              <p><b otherprops="bold">Data Network Completion Packet with an
              Uncorrected Error</b></p>

              <p>When this bit is set, the corresponding bit in the UCERRSTS
              is masked from autonomously disabling the Flash interface.</p>
            </field-desc>
          </field>

          <field>
            <field-bits>
              <single>1</single>
            </field-bits>

            <field-name verilog="DATANET">DATANET</field-name>

            <field-type>RW</field-type>

            <field-default>0x0</field-default>

            <field-desc>
              <p><b otherprops="bold">Data Network Parity Error</b></p>

              <p>When this bit is set, the corresponding bit in the UCERRSTS
              is masked from autonomously disabling the Flash interface.</p>
            </field-desc>
          </field>

          <field>
            <field-bits>
              <single>0</single>
            </field-bits>

            <field-name verilog="MSGNET">MSGNET</field-name>

            <field-type>RW</field-type>

            <field-default>0x0</field-default>

            <field-desc>
              <p><b otherprops="bold">Message Network(MIF) uncorrectable
              Error</b></p>

              <p>When this bit is set, the corresponding bit in the UCERRSTS
              is masked from autonomously disabling the Flash interface.</p>
            </field-desc>
          </field>
        </reg-def>
      </tgroup>
    </table>

    <table id="FCCCESFlashChannelControllerCorrectableErrorStatus">
      <title><reg-name-main verilog="FCCCES">FCCCES</reg-name-main>
      <reg-desc>Flash Channel Controller Correctable Error
      Status</reg-desc></title>

      <tgroup cols="5">
        <colspec colwidth="8*"/>

        <colspec colwidth="27*"/>

        <colspec colwidth="8*"/>

        <colspec colwidth="10*"/>

        <colspec colwidth="46*"/>

        <thead>
          <row>
            <entry><p>Bit Field</p></entry>

            <entry><p>Field Name</p></entry>

            <entry><p>Type</p></entry>

            <entry><p>Default Value</p></entry>

            <entry><p>Description</p></entry>
          </row>
        </thead>

        <reg-def>
          <field>
            <field-bits>
              <double>
                <msb>31</msb>

                <lsb>0</lsb>
              </double>
            </field-bits>

            <field-name verilog="FCCCES">FCCCES</field-name>

            <field-type>RO</field-type>

            <field-default>0x0</field-default>

            <field-desc>
              <p><b otherprops="bold">Flash Channel Controller Correctable
              Error Status</b></p>

              <p>Each bit in this field represents a Flash channel controller.
              A bit in this field is set to one if the corresponding Flash
              channel controller is reporting a correctable error.</p>
            </field-desc>
          </field>
        </reg-def>
      </tgroup>
    </table>

    <table id="FCCUESFlashChannelControllerUncorrectableErrorStatus">
      <title><reg-name-main verilog="FCCUES">FCCUES</reg-name-main>
      <reg-desc>Flash Channel Controller Uncorrectable Error
      Status</reg-desc></title>

      <tgroup cols="5">
        <colspec colwidth="8*"/>

        <colspec colwidth="27*"/>

        <colspec colwidth="8*"/>

        <colspec colwidth="10*"/>

        <colspec colwidth="46*"/>

        <thead>
          <row>
            <entry><p>Bit Field</p></entry>

            <entry><p>Field Name</p></entry>

            <entry><p>Type</p></entry>

            <entry><p>Default Value</p></entry>

            <entry><p>Description</p></entry>
          </row>
        </thead>

        <reg-def>
          <field>
            <field-bits>
              <double>
                <msb>31</msb>

                <lsb>0</lsb>
              </double>
            </field-bits>

            <field-name verilog="FCCUES">FCCUES</field-name>

            <field-type>RO</field-type>

            <field-default>0x0</field-default>

            <field-desc>
              <p><b otherprops="bold">Flash Channel Controller Uncorrectable
              Error Status</b></p>

              <p>Each bit in this field represents a Flash channel controller.
              A bit in this field is set to one if the corresponding Flash
              channel controller is reporting an uncorrectable error.</p>
            </field-desc>
          </field>
        </reg-def>
      </tgroup>
    </table>
  </body>
</topic>
