<?xml version="1.0" encoding="UTF-8"?>
<!-- Date Stamp: Wed Aug 10 18:20:54 PDT 2022 -->
<!DOCTYPE topic PUBLIC "-//OASIS//DTD DITA 1.2 Topic//EN"
"topic.dtd">
<topic base="base" id="ie_csr_addr">
  <title>Interval Engine Register Address Table</title>

  <body>
    <p/>

    <table id="table_Interval_Engine_Address_Table_0jlr8a15n">
      <title>Interval Engine Address Table</title>

      <tgroup cols="3">
        <colspec colwidth="148*"/>

        <colspec colwidth="218*"/>

        <colspec colwidth="634*"/>

        <thead>
          <row>
            <entry><p>Offset Address</p></entry>

            <entry><p>Register Mnemonic </p></entry>

            <entry><p>Register Description </p></entry>
          </row>
        </thead>

        <address-map>
          <register-reference>
            <address>0x00000</address>

            <addr-element>
              <addr-mnemonic>CTL</addr-mnemonic>
            </addr-element>

            <address-details>
              <p><xref
              href="ie_csr.xml#ie_csr/table_CTL_-_Control_0jgihusyl">CTL</xref></p>
            </address-details>
          </register-reference>

          <register-reference>
            <address>0x00004</address>

            <addr-element>
              <addr-mnemonic>STS</addr-mnemonic>
            </addr-element>

            <address-details>
              <p><xref
              href="ie_csr.xml#ie_csr/table_STS_-_Status_0jehyqdi1">STS</xref></p>
            </address-details>
          </register-reference>

          <register-reference>
            <address>0x00100</address>

            <addr-element>
              <addr-mnemonic>QUAL_MTRX[x]</addr-mnemonic>

              <instances>
                <instance>
                  <instance-start>0</instance-start>

                  <instance-stop>31</instance-stop>
                </instance>
              </instances>
            </addr-element>

            <address-details>
              <p><xref
              href="ie_csr.xml#ie_csr/table_QUAL_MTRX_-_Qualification_Matrix_1jehyqdi1">QUAL_MTRX</xref></p>
            </address-details>
          </register-reference>

          <register-reference>
            <address>0x00180</address>

            <addr-element>
              <addr-mnemonic>GRP_MAX_CNT[x]</addr-mnemonic>

              <instances>
                <instance>
                  <instance-start>0</instance-start>

                  <instance-stop>3</instance-stop>
                </instance>
              </instances>
            </addr-element>

            <address-details>
              <p><xref
              href="ie_csr.xml#ie_csr/table_GRP_MAX_CNT_-_Group_max_count_2jehyqdi1">GRP_MAX_CNT</xref></p>
            </address-details>
          </register-reference>

          <register-reference>
            <address>0x00190</address>

            <addr-element>
              <addr-mnemonic>GRP_CNT[x]</addr-mnemonic>

              <instances>
                <instance>
                  <instance-start>0</instance-start>

                  <instance-stop>3</instance-stop>
                </instance>
              </instances>
            </addr-element>

            <address-details>
              <p><xref
              href="ie_csr.xml#ie_csr/table_GRP_CNT_-_Group_counter_3jehyqdi1">GRP_CNT</xref></p>
            </address-details>
          </register-reference>

          <register-reference>
            <address>0x00200</address>

            <addr-element>
              <addr-mnemonic>UCERRSTS</addr-mnemonic>
            </addr-element>

            <address-details>
              <p><xref
              href="ie_csr.xml#ie_csr/table_UERRSTS_-_Uncorrected_Error_Status_0jgomw0qn">UCERRSTS</xref></p>
            </address-details>
          </register-reference>

          <register-reference>
            <address>0x00204</address>

            <addr-element>
              <addr-mnemonic>UCERRMSK</addr-mnemonic>
            </addr-element>

            <address-details>
              <p><xref
              href="ie_csr.xml#ie_csr/table_UERRMSK_-_Uncorrected_Error_Mask_1jgomw0qn">UCERRMSK</xref></p>
            </address-details>
          </register-reference>

          <register-reference>
            <address>0x00208</address>

            <addr-element>
              <addr-mnemonic>UCERRSWTGR</addr-mnemonic>
            </addr-element>

            <address-details>
              <p><xref
              href="ie_csr.xml#ie_csr/table_UERRSWTGR_-_Uncorrected_Error_Software_T_2jgomw0qn">UCERRSWTGR</xref></p>
            </address-details>
          </register-reference>

          <register-reference>
            <address>0x0020C</address>

            <addr-element>
              <addr-mnemonic>CERRSTS</addr-mnemonic>
            </addr-element>

            <address-details>
              <p><xref
              href="ie_csr.xml#ie_csr/table_CERRSTS_-_Corrected_Error_Status_3jgpa7p35">CERRSTS</xref></p>
            </address-details>
          </register-reference>

          <register-reference>
            <address>0x00210</address>

            <addr-element>
              <addr-mnemonic>CERRMSK</addr-mnemonic>
            </addr-element>

            <address-details>
              <p><xref
              href="ie_csr.xml#ie_csr/table_CERRMSK_-_Corrected_Error_Mask_4jgpa7p35">CERRMSK</xref></p>
            </address-details>
          </register-reference>

          <register-reference audience="MSCCInternal">
            <address>0x00214</address>

            <addr-element>
              <addr-mnemonic>CERRSWTGR</addr-mnemonic>
            </addr-element>

            <address-details>
              <p><xref
              href="ie_csr.xml#ie_csr/table_CERRSWTGR_-_Corrected_Error_Software_Tri_5jgpa7p35">CERRSWTGR</xref></p>
            </address-details>
          </register-reference>

          <register-reference audience="MSCCInternal">
            <address>0x00218</address>

            <addr-element>
              <addr-mnemonic>AUTDISMSK</addr-mnemonic>
            </addr-element>

            <address-details>
              <p><xref
              href="ie_csr.xml#ie_csr/table_ADMSK_-_Auto_Disable_Mask_0jgvdzwzu">AUTDISMSK</xref></p>
            </address-details>
          </register-reference>

          <register-reference>
            <address>0x0021C</address>

            <addr-element>
              <addr-mnemonic>QTIMER</addr-mnemonic>
            </addr-element>

            <address-details>
              <p><xref
              href="ie_csr.xml#ie_csr/table_QTIMER_-_Quiesced_Timer_0k0pjws5d">QTIMER</xref></p>
            </address-details>
          </register-reference>

          <register-reference>
            <address>0x00220</address>

            <addr-element>
              <addr-mnemonic>QTO</addr-mnemonic>
            </addr-element>

            <address-details>
              <p><xref
              href="ie_csr.xml#ie_csr/table_QTO_-_Quiesced_Timeout_1k0pjws5e">QTO</xref></p>
            </address-details>
          </register-reference>

          <register-reference audience="MSCCInternal">
            <address>0x01000</address>

            <addr-element>
              <addr-mnemonic>DBG_CTL</addr-mnemonic>
            </addr-element>

            <address-details>
              <p><xref
              href="ie_csr.xml#ie_csr/table_DBG_CTL_-_Debug_Control_1jlycb1bi">DBG_CTL</xref></p>
            </address-details>
          </register-reference>

          <register-reference audience="MSCCInternal">
            <address>0x01004</address>

            <addr-element>
              <addr-mnemonic>DBG_STS1</addr-mnemonic>
            </addr-element>

            <address-details>
              <p><xref
              href="ie_csr.xml#ie_csr/table_DBG_STS1_-_FSM_Status_1jgiknqa8">DBG_STS1</xref></p>
            </address-details>
          </register-reference>

          <register-reference audience="MSCCInternal">
            <address>0x01008</address>

            <addr-element>
              <addr-mnemonic>DBG_STS2</addr-mnemonic>
            </addr-element>

            <address-details>
              <p><xref
              href="ie_csr.xml#ie_csr/table_DBG_STS2_-_Debug_Status_2jgiknqa8">DBG_STS2</xref></p>
            </address-details>
          </register-reference>

          <register-reference audience="MSCCInternal">
            <address>0x01010</address>

            <addr-element>
              <addr-mnemonic>DBG_ERRSTS</addr-mnemonic>
            </addr-element>

            <address-details>
              <p><xref
              href="ie_csr.xml#ie_csr/table_DBG_ERRSTS_-_Debug_Error_Status_1jgvdzwzu">DBG_ERRSTS</xref></p>
            </address-details>
          </register-reference>

          <register-reference audience="MSCCInternal">
            <address>0x01014</address>

            <addr-element>
              <addr-mnemonic>DBG_ERRMSK</addr-mnemonic>
            </addr-element>

            <address-details>
              <p><xref
              href="ie_csr.xml#ie_csr/table_DBG_ERRMSK_-_Debug_Error_Mask_0jgyc06ur">DBG_ERRMSK</xref></p>
            </address-details>
          </register-reference>

          <register-reference audience="MSCCInternal">
            <address>0x01018</address>

            <addr-element>
              <addr-mnemonic>DBG_ADMSK</addr-mnemonic>
            </addr-element>

            <address-details>
              <p><xref
              href="ie_csr.xml#ie_csr/table_DBG_ADMSK_-_Debug_Auto_Disable_Mask_2jgvdzwzu">DBG_ADMSK</xref></p>
            </address-details>
          </register-reference>

          <register-reference audience="MSCCInternal">
            <address>0x01020</address>

            <addr-element>
              <addr-mnemonic>DBG_RAMECTL</addr-mnemonic>
            </addr-element>

            <address-details>
              <p><xref
              href="ie_csr.xml#ie_csr/table_DBG_RAMECTL_-_RAM_Error_Control_3jgvdzwzu">DBG_RAMECTL</xref></p>
            </address-details>
          </register-reference>

          <register-reference audience="MSCCInternal">
            <address>0x01024</address>

            <addr-element>
              <addr-mnemonic>DBG_RAMSBE</addr-mnemonic>
            </addr-element>

            <address-details>
              <p><xref
              href="ie_csr.xml#ie_csr/table_DBG_RAMSBE_-_RAM_Single_Bit_Errors_4jgvdzwzu">DBG_RAMSBE</xref></p>
            </address-details>
          </register-reference>

          <register-reference audience="MSCCInternal">
            <address>0x01028</address>

            <addr-element>
              <addr-mnemonic>DBG_RAMDBE</addr-mnemonic>
            </addr-element>

            <address-details>
              <p><xref
              href="ie_csr.xml#ie_csr/table_DBG_RAMDBE_-_RAM_Single_Bit_Errors_5jgvdzwzu">DBG_RAMDBE</xref></p>
            </address-details>
          </register-reference>

          <register-reference audience="MSCCInternal">
            <address>0x01100</address>

            <addr-element>
              <addr-mnemonic>DBG_RAMACTL</addr-mnemonic>
            </addr-element>

            <address-details>
              <p><xref
              href="ie_csr.xml#ie_csr/table_DBG_RAMACTL_-_RAM_Access_Control_6jgvdzwzu">DBG_RAMACTL</xref></p>
            </address-details>
          </register-reference>

          <register-reference audience="MSCCInternal">
            <address>0x01104</address>

            <addr-element>
              <addr-mnemonic>DBG_RAMADATA0</addr-mnemonic>
            </addr-element>

            <address-details>
              <p><xref
              href="ie_csr.xml#ie_csr/table_DBG_RAMADATA0_-_RAM_Access_Data_0_7jgvdzwzv">DBG_RAMADATA0</xref></p>
            </address-details>
          </register-reference>

          <register-reference audience="MSCCInternal">
            <address>0x01108</address>

            <addr-element>
              <addr-mnemonic>DBG_RAMADATA1</addr-mnemonic>
            </addr-element>

            <address-details>
              <p><xref
              href="ie_csr.xml#ie_csr/table_DBG_RAMADATA1_-_RAM_Access_Data_1_8jgvdzwzv">DBG_RAMADATA1</xref></p>
            </address-details>
          </register-reference>

          <register-reference audience="MSCCInternal">
            <address>0x0110C</address>

            <addr-element>
              <addr-mnemonic>DBG_RAMADATA2</addr-mnemonic>
            </addr-element>

            <address-details>
              <p><xref
              href="ie_csr.xml#ie_csr/table_DBG_RAMADATA2_-_RAM_Access_Data_2_9jgvdzwzv">DBG_RAMADATA2</xref></p>
            </address-details>
          </register-reference>

          <register-reference>
            <address>0xC0000</address>

            <addr-element>
              <address-prefix>QG0_IMQ[x]_</address-prefix>

              <instances>
                <instance>
                  <instance-start>0</instance-start>

                  <instance-stop>15</instance-stop>
                </instance>
              </instances>
            </addr-element>

            <address-details>
              <p><xref
              href="mif_ibq_addr.xml#ibq_addr/table_IMQ_Table_0j33kjmbs"/></p>
            </address-details>
          </register-reference>

          <register-reference>
            <address>0xC1000</address>

            <addr-element>
              <address-prefix>QG0_OMQ[x]_</address-prefix>

              <instances>
                <instance>
                  <instance-start>0</instance-start>

                  <instance-stop>15</instance-stop>
                </instance>
              </instances>
            </addr-element>

            <address-details>
              <p><xref
              href="mif_obq_addr.xml#obq_addr/table_OMQ_Table_0j33pa4bu"/></p>
            </address-details>
          </register-reference>

          <register-reference>
            <address>0xC2000</address>

            <addr-element>
              <address-prefix>QG0_</address-prefix>
            </addr-element>

            <address-details>
              <p><xref
              href="mif_group_addr.xml#queue_addr/table_MIF_CSR_Address_Table_fitltbioq"/></p>
            </address-details>
          </register-reference>
        </address-map>
      </tgroup>
    </table>

    <p/>
  </body>
</topic>
