<?xml version="1.0" encoding="UTF-8"?>
<!DOCTYPE topic PUBLIC "-//OASIS//DTD DITA 1.2 Topic//EN"
"topic.dtd">
<topic base="base" id="ie_csr">
  <title>Interval Engine Registers</title>

  <body>
    <p/>

    <table id="table_CTL_-_Control_0jgihusyl">
      <title><reg-name-main verilog="CTL">CTL</reg-name-main> -
      <reg-desc>Control</reg-desc></title>

      <tgroup cols="5">
        <colspec colname="A" colwidth="111*"/>

        <colspec colname="B" colwidth="144*"/>

        <colspec colname="C" colwidth="101*"/>

        <colspec colname="D" colwidth="87*"/>

        <colspec colname="E" colwidth="557*"/>

        <thead>
          <row>
            <entry><p>Bit Field</p></entry>

            <entry><p>Field Name</p></entry>

            <entry><p>Type</p></entry>

            <entry><p>Default Value</p></entry>

            <entry><p>Description</p></entry>
          </row>
        </thead>

        <reg-def>
          <field>
            <field-bits>
              <double>
                <msb>31</msb>

                <lsb>3</lsb>
              </double>
            </field-bits>

            <field-name verilog="RSVD">RSVD</field-name>

            <field-type>RO</field-type>

            <field-default>0x0</field-default>

            <field-desc>
              <p>Reserved</p>
            </field-desc>
          </field>

          <field>
            <field-bits>
              <single>2</single>
            </field-bits>

            <field-name verilog="RAMSD">RAMSD</field-name>

            <field-type>RW</field-type>

            <field-default>0x0</field-default>

            <field-desc>
              <p>RAM Shutdown. When 1, all RAMs are placed into shutdown mode,
              without data retention. When 0, all RAMs are powered up and in
              their ready power state. Set this when the lowest power state is
              desired and RAM contents can be discarded. IE must be in the
              Disabled operational state prior to entering, during, and for at
              least ten clock cycles after leaving RAM Shutdown.</p>
            </field-desc>
          </field>

          <field>
            <field-bits>
              <double>
                <msb>1</msb>

                <lsb>0</lsb>
              </double>
            </field-bits>

            <field-name verilog="EN">EN</field-name>

            <field-type>RW</field-type>

            <field-default>0x0</field-default>

            <field-desc>
              <desc-title>Operational State Control</desc-title>

              <p>This controls the operational state of the Interval Engine. A
              transition on this register is not complete until its value is
              reflected in the STS.STATE register. A transition from Enabled
              to Quiesced, and then to Disabled initiates a graceful shutdown
              which sends completions for all outstanding transactions,
              including queued overlapping requests. A transition from
              Disabled to Enabled resets the Interval Engine back to its
              initial state (flushes internal FIFOs, resets states, and resets
              all interval indexes).</p>

              <field-enum-list>
                <field-enum>
                  <field-enum-value>0</field-enum-value>

                  <field-enum-def>
                    <field-enum-name>disabled</field-enum-name>

                    <field-enum-desc>Disabled</field-enum-desc>
                  </field-enum-def>
                </field-enum>

                <field-enum>
                  <field-enum-value>1</field-enum-value>

                  <field-enum-def>
                    <field-enum-name>enabled</field-enum-name>

                    <field-enum-desc>Enabled</field-enum-desc>
                  </field-enum-def>
                </field-enum>

                <field-enum>
                  <field-enum-value>2</field-enum-value>

                  <field-enum-def>
                    <field-enum-name>quiesced</field-enum-name>

                    <field-enum-desc>Quiesced</field-enum-desc>
                  </field-enum-def>
                </field-enum>

                <field-enum>
                  <field-enum-value>3</field-enum-value>

                  <field-enum-def>
                    <field-enum-name>reserved</field-enum-name>

                    <field-enum-desc>Reserved</field-enum-desc>
                  </field-enum-def>
                </field-enum>
              </field-enum-list>
            </field-desc>
          </field>
        </reg-def>
      </tgroup>
    </table>

    <table id="table_STS_-_Status_0jehyqdi1">
      <title><reg-name-main verilog="STS">STS</reg-name-main> -
      <reg-desc>Status</reg-desc></title>

      <tgroup cols="5">
        <colspec colname="A" colwidth="111*"/>

        <colspec colname="B" colwidth="144*"/>

        <colspec colname="C" colwidth="101*"/>

        <colspec colname="D" colwidth="87*"/>

        <colspec colname="E" colwidth="557*"/>

        <thead>
          <row>
            <entry><p>Bit Field</p></entry>

            <entry><p>Field Name</p></entry>

            <entry><p>Type</p></entry>

            <entry><p>Default Value</p></entry>

            <entry><p>Description</p></entry>
          </row>
        </thead>

        <reg-def>
          <field>
            <field-bits>
              <double>
                <msb>31</msb>

                <lsb>8</lsb>
              </double>
            </field-bits>

            <field-name verilog="RSVD">RSVD</field-name>

            <field-type>RO</field-type>

            <field-default>0x0</field-default>

            <field-desc>
              <p>Reserved</p>
            </field-desc>
          </field>

          <field>
            <field-bits>
              <single>7</single>
            </field-bits>

            <field-name verilog="ALL_IDLE">ALL_IDLE</field-name>

            <field-type>RO</field-type>

            <field-default>0x1</field-default>

            <field-desc>
              <p>All idle. A zero means IE is busy servicing a request. A one
              means that there are no requests being processed. This does not
              include pending AddCheck requests queued due to overlap. It also
              does not account for messages in flight (request or completion)
              - it only applies to activity from request processing through
              completion generation.</p>
            </field-desc>
          </field>

          <field>
            <field-bits>
              <double>
                <msb>6</msb>

                <lsb>3</lsb>
              </double>
            </field-bits>

            <field-name verilog="AUTDISRSN">AUTDISRSN</field-name>

            <field-type>RO</field-type>

            <field-default>0x0</field-default>

            <field-desc>
              <desc-title>Autonomous Disable Reason</desc-title>

              <p>This indicates the reason the Interval Engine was
              autonomously disabled. This field is cleared by HW when the
              AUTDIS bit is cleared.</p>

              <field-enum-list>
                <field-enum>
                  <field-enum-value>0</field-enum-value>

                  <field-enum-def>
                    <field-enum-name>none</field-enum-name>

                    <field-enum-desc>No error</field-enum-desc>
                  </field-enum-def>
                </field-enum>

                <field-enum>
                  <field-enum-value>1</field-enum-value>

                  <field-enum-def>
                    <field-enum-name>ram</field-enum-name>

                    <field-enum-desc>RAM DBE</field-enum-desc>
                  </field-enum-def>
                </field-enum>

                <field-enum>
                  <field-enum-value>2</field-enum-value>

                  <field-enum-def>
                    <field-enum-name>mif</field-enum-name>

                    <field-enum-desc>Message Interface</field-enum-desc>
                  </field-enum-def>
                </field-enum>

                <field-enum>
                  <field-enum-value>...</field-enum-value>

                  <field-enum-def>
                    <field-enum-name>rsvd</field-enum-name>

                    <field-enum-desc>Reserved</field-enum-desc>
                  </field-enum-def>
                </field-enum>

                <field-enum>
                  <field-enum-value>F</field-enum-value>

                  <field-enum-def>
                    <field-enum-name>qto</field-enum-name>

                    <field-enum-desc>Quiesced Timer Expired</field-enum-desc>
                  </field-enum-def>
                </field-enum>
              </field-enum-list>
            </field-desc>
          </field>

          <field>
            <field-bits>
              <single>2</single>
            </field-bits>

            <field-name verilog="AUTDIS">AUTDIS</field-name>

            <field-type>RW1C</field-type>

            <field-default>0x0</field-default>

            <field-desc>
              <desc-title>Autonomously Disabled</desc-title>

              <p>This bit gets set when the Interval Engine encounters a
              condition that triggers it to disable itself.</p>
            </field-desc>
          </field>

          <field>
            <field-bits>
              <double>
                <msb>1</msb>

                <lsb>0</lsb>
              </double>
            </field-bits>

            <field-name verilog="STATE">STATE</field-name>

            <field-type>RO</field-type>

            <field-default>0x0</field-default>

            <field-desc>
              <desc-title>Operational State</desc-title>

              <p>The current operational state.</p>

              <field-enum-list>
                <field-enum>
                  <field-enum-value>0</field-enum-value>

                  <field-enum-def>
                    <field-enum-name>disabled</field-enum-name>

                    <field-enum-desc>Disabled</field-enum-desc>
                  </field-enum-def>
                </field-enum>

                <field-enum>
                  <field-enum-value>1</field-enum-value>

                  <field-enum-def>
                    <field-enum-name>enabled</field-enum-name>

                    <field-enum-desc>Enabled</field-enum-desc>
                  </field-enum-def>
                </field-enum>

                <field-enum>
                  <field-enum-value>2</field-enum-value>

                  <field-enum-def>
                    <field-enum-name>quiesced</field-enum-name>

                    <field-enum-desc>Quiesced</field-enum-desc>
                  </field-enum-def>
                </field-enum>

                <field-enum>
                  <field-enum-value>3</field-enum-value>

                  <field-enum-def>
                    <field-enum-name>reserved</field-enum-name>

                    <field-enum-desc>Reserved</field-enum-desc>
                  </field-enum-def>
                </field-enum>
              </field-enum-list>
            </field-desc>
          </field>
        </reg-def>
      </tgroup>
    </table>

    <table id="table_QUAL_MTRX_-_Qualification_Matrix_1jehyqdi1">
      <title><reg-name-main verilog="QUAL_MTRX">QUAL_MTRX</reg-name-main> -
      <reg-desc>Qualification Matrix</reg-desc></title>

      <tgroup cols="5">
        <colspec colname="A" colwidth="111*"/>

        <colspec colname="B" colwidth="144*"/>

        <colspec colname="C" colwidth="101*"/>

        <colspec colname="D" colwidth="87*"/>

        <colspec colname="E" colwidth="557*"/>

        <thead>
          <row>
            <entry><p>Bit Field</p></entry>

            <entry><p>Field Name</p></entry>

            <entry><p>Type</p></entry>

            <entry><p>Default Value</p></entry>

            <entry><p>Description</p></entry>
          </row>
        </thead>

        <reg-def>
          <field>
            <field-bits>
              <double>
                <msb>31</msb>

                <lsb>0</lsb>
              </double>
            </field-bits>

            <field-name verilog="OVRLP_OK">OVRLP_CHK</field-name>

            <field-type>RW</field-type>

            <field-default>0x0</field-default>

            <field-desc>
              <p>Overlap Check. There are 32 instances of this register. When
              comparing a new interval against an existing one, the 5-bit
              qualifier from the existing entry selects one of the 32
              instances of this register while the qualifier from the new
              interval selects a bit within the selected register. A zero
              means that an overlap between the two intervals is ignored. A
              one means that an overlap should be reported if, indeed, the two
              intervals do overlap.</p>
            </field-desc>
          </field>
        </reg-def>
      </tgroup>
    </table>

    <table id="table_GRP_MAX_CNT_-_Group_max_count_2jehyqdi1">
      <title><reg-name-main verilog="GRP_MAX_CNT">GRP_MAX_CNT</reg-name-main>
      - <reg-desc>Group max count</reg-desc></title>

      <tgroup cols="5">
        <colspec colname="A" colwidth="111*"/>

        <colspec colname="B" colwidth="144*"/>

        <colspec colname="C" colwidth="101*"/>

        <colspec colname="D" colwidth="87*"/>

        <colspec colname="E" colwidth="557*"/>

        <thead>
          <row>
            <entry><p>Bit Field</p></entry>

            <entry><p>Field Name</p></entry>

            <entry><p>Type</p></entry>

            <entry><p>Default Value</p></entry>

            <entry><p>Description</p></entry>
          </row>
        </thead>

        <reg-def>
          <field>
            <field-bits>
              <double>
                <msb>31</msb>

                <lsb>12</lsb>
              </double>
            </field-bits>

            <field-name verilog="RSVD">RSVD</field-name>

            <field-type>RO</field-type>

            <field-default>0x0</field-default>

            <field-desc>
              <p>Reserved</p>
            </field-desc>
          </field>

          <field>
            <field-bits>
              <double>
                <msb>11</msb>

                <lsb>0</lsb>
              </double>
            </field-bits>

            <field-name verilog="MAX_IVLS">MAX_IVLS</field-name>

            <field-type>RW</field-type>

            <field-default>0x0</field-default>

            <field-desc>
              <p>Maximum number of intervals IE will accept for this group.
              There are four instances of this register. Each corresponds to
              one of four groups as determined by the upper two bits of the
              5-bit qualifier. When this field is zero, there is no limit
              other than the total IE limit of 4k intervals. A non-zero value
              sets the upper limit for intervals belonging to that group. An
              AddCheck request to this group increments the counter while a
              Delete request decrements it. When the group counter reaches the
              max set in this register, subsequent AddCheck requests to this
              group are given a completion message with a NoEntryGroup status.
              This continues until one or more intervals in this group have
              been Deleted. There is no requirement that the sum of these four
              registers be less than or equal to 4k.</p>
            </field-desc>
          </field>
        </reg-def>
      </tgroup>
    </table>

    <table id="table_GRP_CNT_-_Group_counter_3jehyqdi1">
      <title><reg-name-main verilog="GRP_CNT">GRP_CNT</reg-name-main> -
      <reg-desc>Group counter</reg-desc></title>

      <tgroup cols="5">
        <colspec colname="A" colwidth="111*"/>

        <colspec colname="B" colwidth="144*"/>

        <colspec colname="C" colwidth="101*"/>

        <colspec colname="D" colwidth="87*"/>

        <colspec colname="E" colwidth="557*"/>

        <thead>
          <row>
            <entry><p>Bit Field</p></entry>

            <entry><p>Field Name</p></entry>

            <entry><p>Type</p></entry>

            <entry><p>Default Value</p></entry>

            <entry><p>Description</p></entry>
          </row>
        </thead>

        <reg-def>
          <field>
            <field-bits>
              <double>
                <msb>31</msb>

                <lsb>13</lsb>
              </double>
            </field-bits>

            <field-name verilog="RSVD">RSVD</field-name>

            <field-type>RO</field-type>

            <field-default>0x0</field-default>

            <field-desc>
              <p>Reserved</p>
            </field-desc>
          </field>

          <field>
            <field-bits>
              <double>
                <msb>12</msb>

                <lsb>0</lsb>
              </double>
            </field-bits>

            <field-name verilog="CNT">CNT</field-name>

            <field-type>RO</field-type>

            <field-default>0x0</field-default>

            <field-desc>
              <p>The current value of the group counter. There are four
              instances of this register. Each corresponds to one of four
              groups as determined by the upper two bits of the 5-bit
              qualifier. This represents the number of intervals in this group
              that are currently stored in the table. This includes intervals
              that have been queued due to overlap. This counter increments
              and decrements regardless of the corresponding GRP_MAX_CNT
              setting.</p>
            </field-desc>
          </field>
        </reg-def>
      </tgroup>
    </table>

    <table id="table_UERRSTS_-_Uncorrected_Error_Status_0jgomw0qn">
      <title><reg-name-main verilog="UERRSTS">UCERRSTS</reg-name-main> -
      <reg-desc>Uncorrected Error Status</reg-desc></title>

      <tgroup cols="5">
        <colspec colname="A" colwidth="111*"/>

        <colspec colname="B" colwidth="144*"/>

        <colspec colname="C" colwidth="101*"/>

        <colspec colname="D" colwidth="87*"/>

        <colspec colname="E" colwidth="557*"/>

        <thead>
          <row>
            <entry><p>Bit Field</p></entry>

            <entry><p>Field Name</p></entry>

            <entry><p>Type</p></entry>

            <entry><p>Default Value</p></entry>

            <entry><p>Description</p></entry>
          </row>
        </thead>

        <reg-def>
          <field>
            <field-bits>
              <double>
                <msb>31</msb>

                <lsb>4</lsb>
              </double>
            </field-bits>

            <field-name verilog="RSVD">RSVD</field-name>

            <field-type>RO</field-type>

            <field-default>0x0</field-default>

            <field-desc>
              <p>Rserved</p>
            </field-desc>
          </field>

          <field audience="MSCCInternal">
            <field-bits>
              <single>3</single>
            </field-bits>

            <field-name verilog="DBG">DBG</field-name>

            <field-type>RW1C</field-type>

            <field-default>0x0</field-default>

            <field-desc>
              <p>Internal (debug) error</p>
            </field-desc>
          </field>

          <field>
            <field-bits>
              <single>2</single>
            </field-bits>

            <field-name verilog="QTO">QTO</field-name>

            <field-type>RW1C</field-type>

            <field-default>0x0</field-default>

            <field-desc>
              <p>Quiesce timer expired</p>
            </field-desc>
          </field>

          <field>
            <field-bits>
              <single>1</single>
            </field-bits>

            <field-name verilog="MIF">MIF</field-name>

            <field-type>RW1C</field-type>

            <field-default>0x0</field-default>

            <field-desc>
              <p>MIF error</p>
            </field-desc>
          </field>

          <field>
            <field-bits>
              <single>0</single>
            </field-bits>

            <field-name verilog="RAM">RAM</field-name>

            <field-type>RW1C</field-type>

            <field-default>0x0</field-default>

            <field-desc>
              <p>RAM double bit error</p>
            </field-desc>
          </field>
        </reg-def>
      </tgroup>
    </table>

    <table id="table_UERRMSK_-_Uncorrected_Error_Mask_1jgomw0qn">
      <title><reg-name-main verilog="UERRMSK">UCERRMSK</reg-name-main> -
      <reg-desc>Uncorrected Error Mask</reg-desc></title>

      <tgroup cols="5">
        <colspec colname="A" colwidth="111*"/>

        <colspec colname="B" colwidth="144*"/>

        <colspec colname="C" colwidth="101*"/>

        <colspec colname="D" colwidth="87*"/>

        <colspec colname="E" colwidth="557*"/>

        <thead>
          <row>
            <entry><p>Bit Field</p></entry>

            <entry><p>Field Name</p></entry>

            <entry><p>Type</p></entry>

            <entry><p>Default Value</p></entry>

            <entry><p>Description</p></entry>
          </row>
        </thead>

        <reg-def>
          <field>
            <field-bits>
              <double>
                <msb>31</msb>

                <lsb>4</lsb>
              </double>
            </field-bits>

            <field-name verilog="RSVD">RSVD</field-name>

            <field-type>RO</field-type>

            <field-default>0x0</field-default>

            <field-desc>
              <p>Reserved</p>
            </field-desc>
          </field>

          <field audience="MSCCInternal">
            <field-bits>
              <single>3</single>
            </field-bits>

            <field-name verilog="DBG">DBG</field-name>

            <field-type>RW</field-type>

            <field-default>0x0</field-default>

            <field-desc>
              <p>When this bit is set, the corresponding bit in the UCERRSTS
              register is masked from generating an uncorrected error
              interrupt.</p>
            </field-desc>
          </field>

          <field>
            <field-bits>
              <single>2</single>
            </field-bits>

            <field-name verilog="QTO">QTO</field-name>

            <field-type>RW</field-type>

            <field-default>0x0</field-default>

            <field-desc>
              <p>When this bit is set, the corresponding bit in the UCERRSTS
              register is masked from generating an uncorrected error
              interrupt.</p>
            </field-desc>
          </field>

          <field>
            <field-bits>
              <single>1</single>
            </field-bits>

            <field-name verilog="MIF">MIF</field-name>

            <field-type>RW</field-type>

            <field-default>0x0</field-default>

            <field-desc>
              <p>When this bit is set, the corresponding bit in the UCERRSTS
              register is masked from generating an uncorrected error
              interrupt.</p>
            </field-desc>
          </field>

          <field>
            <field-bits>
              <single>0</single>
            </field-bits>

            <field-name verilog="RAM">RAM</field-name>

            <field-type>RW</field-type>

            <field-default>0x0</field-default>

            <field-desc>
              <p>When this bit is set, the corresponding bit in the UCERRSTS
              register is masked from generating an uncorrected error
              interrupt.</p>
            </field-desc>
          </field>
        </reg-def>
      </tgroup>
    </table>

    <table id="table_UERRSWTGR_-_Uncorrected_Error_Software_T_2jgomw0qn">
      <title><reg-name-main verilog="UERRSWTGR">UCERRSWTGR</reg-name-main> -
      <reg-desc>Uncorrected Error Software Trigger</reg-desc></title>

      <tgroup cols="5">
        <colspec colname="A" colwidth="111*"/>

        <colspec colname="B" colwidth="144*"/>

        <colspec colname="C" colwidth="101*"/>

        <colspec colname="D" colwidth="87*"/>

        <colspec colname="E" colwidth="557*"/>

        <thead>
          <row>
            <entry><p>Bit Field</p></entry>

            <entry><p>Field Name</p></entry>

            <entry><p>Type</p></entry>

            <entry><p>Default Value</p></entry>

            <entry><p>Description</p></entry>
          </row>
        </thead>

        <reg-def>
          <field>
            <field-bits>
              <double>
                <msb>31</msb>

                <lsb>4</lsb>
              </double>
            </field-bits>

            <field-name verilog="RSVD">RSVD</field-name>

            <field-type>RO</field-type>

            <field-default>0x0</field-default>

            <field-desc>
              <p>Reserved</p>
            </field-desc>
          </field>

          <field audience="MSCCInternal">
            <field-bits>
              <single>3</single>
            </field-bits>

            <field-name verilog="DBG">DBG</field-name>

            <field-type>RW</field-type>

            <field-default>0x0</field-default>

            <field-desc>
              <p>When a one is written to this bit, the corresponding bit in
              the UCERRSTS register is set. This bit always returns zero when
              read.</p>
            </field-desc>
          </field>

          <field>
            <field-bits>
              <single>2</single>
            </field-bits>

            <field-name verilog="QTO">QTO</field-name>

            <field-type>RW</field-type>

            <field-default>0x0</field-default>

            <field-desc>
              <p>When a one is written to this bit, the corresponding bit in
              the UCERRSTS register is set. This bit always returns zero when
              read.</p>
            </field-desc>
          </field>

          <field>
            <field-bits>
              <single>1</single>
            </field-bits>

            <field-name verilog="MIF">MIF</field-name>

            <field-type>RW</field-type>

            <field-default>0x0</field-default>

            <field-desc>
              <p>When a one is written to this bit, the corresponding bit in
              the UCERRSTS register is set. This bit always returns zero when
              read.</p>
            </field-desc>
          </field>

          <field>
            <field-bits>
              <single>0</single>
            </field-bits>

            <field-name verilog="RAM">RAM</field-name>

            <field-type>RW</field-type>

            <field-default>0x0</field-default>

            <field-desc>
              <p>When a one is written to this bit, the corresponding bit in
              the UCERRSTS register is set. This bit always returns zero when
              read.</p>
            </field-desc>
          </field>
        </reg-def>
      </tgroup>
    </table>

    <table id="table_CERRSTS_-_Corrected_Error_Status_3jgpa7p35">
      <title><reg-name-main verilog="CERRSTS">CERRSTS</reg-name-main> -
      <reg-desc>Corrected Error Status</reg-desc></title>

      <tgroup cols="5">
        <colspec colname="A" colwidth="111*"/>

        <colspec colname="B" colwidth="144*"/>

        <colspec colname="C" colwidth="101*"/>

        <colspec colname="D" colwidth="87*"/>

        <colspec colname="E" colwidth="557*"/>

        <thead>
          <row>
            <entry><p>Bit Field</p></entry>

            <entry><p>Field Name</p></entry>

            <entry><p>Type</p></entry>

            <entry><p>Default Value</p></entry>

            <entry><p>Description</p></entry>
          </row>
        </thead>

        <reg-def>
          <field>
            <field-bits>
              <double>
                <msb>31</msb>

                <lsb>2</lsb>
              </double>
            </field-bits>

            <field-name verilog="RSVD">RSVD</field-name>

            <field-type>RO</field-type>

            <field-default>0x0</field-default>

            <field-desc>
              <p>Rserved</p>
            </field-desc>
          </field>

          <field>
            <field-bits>
              <single>1</single>
            </field-bits>

            <field-name verilog="MIF">MIF</field-name>

            <field-type>RW1C</field-type>

            <field-default>0x0</field-default>

            <field-desc>
              <p>MIF corrected error</p>
            </field-desc>
          </field>

          <field audience="MSCCInternal">
            <field-bits>
              <single>0</single>
            </field-bits>

            <field-name verilog="RAM">RAM</field-name>

            <field-type>RW1C</field-type>

            <field-default>0x0</field-default>

            <field-desc>
              <p>RAM single bit error</p>
            </field-desc>
          </field>
        </reg-def>
      </tgroup>
    </table>

    <table id="table_CERRMSK_-_Corrected_Error_Mask_4jgpa7p35">
      <title><reg-name-main verilog="CERRMSK">CERRMSK</reg-name-main> -
      <reg-desc>Corrected Error Mask</reg-desc></title>

      <tgroup cols="5">
        <colspec colname="A" colwidth="111*"/>

        <colspec colname="B" colwidth="144*"/>

        <colspec colname="C" colwidth="101*"/>

        <colspec colname="D" colwidth="87*"/>

        <colspec colname="E" colwidth="557*"/>

        <thead>
          <row>
            <entry><p>Bit Field</p></entry>

            <entry><p>Field Name</p></entry>

            <entry><p>Type</p></entry>

            <entry><p>Default Value</p></entry>

            <entry><p>Description</p></entry>
          </row>
        </thead>

        <reg-def>
          <field>
            <field-bits>
              <double>
                <msb>31</msb>

                <lsb>2</lsb>
              </double>
            </field-bits>

            <field-name verilog="RSVD">RSVD</field-name>

            <field-type>RO</field-type>

            <field-default>0x0</field-default>

            <field-desc>
              <p>Reserved</p>
            </field-desc>
          </field>

          <field>
            <field-bits>
              <single>1</single>
            </field-bits>

            <field-name verilog="MIF">MIF</field-name>

            <field-type>RW</field-type>

            <field-default>0x0</field-default>

            <field-desc>
              <p>When this bit is set, the corresponding bit in the CERRSTS
              register is masked from generating a corrected error
              interrupt.</p>
            </field-desc>
          </field>

          <field audience="MSCCInternal">
            <field-bits>
              <single>0</single>
            </field-bits>

            <field-name verilog="RAM">RAM</field-name>

            <field-type>RW</field-type>

            <field-default>0x0</field-default>

            <field-desc>
              <p>When this bit is set, the corresponding bit in the CERRSTS
              register is masked from generating a corrected error
              interrupt.</p>
            </field-desc>
          </field>
        </reg-def>
      </tgroup>
    </table>

    <table audience="MSCCInternal"
           id="table_CERRSWTGR_-_Corrected_Error_Software_Tri_5jgpa7p35">
      <title><reg-name-main verilog="CERRSWTGR">CERRSWTGR</reg-name-main> -
      <reg-desc>Corrected Error Software Trigger</reg-desc></title>

      <tgroup cols="5">
        <colspec colname="A" colwidth="111*"/>

        <colspec colname="B" colwidth="144*"/>

        <colspec colname="C" colwidth="101*"/>

        <colspec colname="D" colwidth="87*"/>

        <colspec colname="E" colwidth="557*"/>

        <thead>
          <row>
            <entry><p>Bit Field</p></entry>

            <entry><p>Field Name</p></entry>

            <entry><p>Type</p></entry>

            <entry><p>Default Value</p></entry>

            <entry><p>Description</p></entry>
          </row>
        </thead>

        <reg-def>
          <field>
            <field-bits>
              <double>
                <msb>31</msb>

                <lsb>2</lsb>
              </double>
            </field-bits>

            <field-name verilog="RSVD">RSVD</field-name>

            <field-type>RO</field-type>

            <field-default>0x0</field-default>

            <field-desc>
              <p>Reserved</p>
            </field-desc>
          </field>

          <field>
            <field-bits>
              <single>1</single>
            </field-bits>

            <field-name verilog="MIF">MIF</field-name>

            <field-type>RW</field-type>

            <field-default>0x0</field-default>

            <field-desc>
              <p>When a one is written to this bit, the corresponding bit in
              the CERRSTS register is set. This bit always returns zero when
              read.</p>
            </field-desc>
          </field>

          <field>
            <field-bits>
              <single>0</single>
            </field-bits>

            <field-name verilog="RAM">RAM</field-name>

            <field-type>RW</field-type>

            <field-default>0x0</field-default>

            <field-desc>
              <p>When a one is written to this bit, the corresponding bit in
              the CERRSTS register is set. This bit always returns zero when
              read.</p>
            </field-desc>
          </field>
        </reg-def>
      </tgroup>
    </table>

    <table audience="MSCCInternal"
           id="table_ADMSK_-_Auto_Disable_Mask_0jgvdzwzu">
      <title><reg-name-main verilog="ADMSK">AUTDISMSK</reg-name-main> -
      <reg-desc>Auto Disable Mask</reg-desc></title>

      <tgroup cols="5">
        <colspec colname="A" colwidth="111*"/>

        <colspec colname="B" colwidth="144*"/>

        <colspec colname="C" colwidth="101*"/>

        <colspec colname="D" colwidth="87*"/>

        <colspec colname="E" colwidth="557*"/>

        <thead>
          <row>
            <entry><p>Bit Field</p></entry>

            <entry><p>Field Name</p></entry>

            <entry><p>Type</p></entry>

            <entry><p>Default Value</p></entry>

            <entry><p>Description</p></entry>
          </row>
        </thead>

        <reg-def>
          <field>
            <field-bits>
              <double>
                <msb>31</msb>

                <lsb>4</lsb>
              </double>
            </field-bits>

            <field-name verilog="RSVD">RSVD</field-name>

            <field-type>RO</field-type>

            <field-default>0x0</field-default>

            <field-desc>
              <p>Reserved</p>
            </field-desc>
          </field>

          <field audience="MSCCInternal">
            <field-bits>
              <single>3</single>
            </field-bits>

            <field-name verilog="DBG">DBG</field-name>

            <field-type>RW</field-type>

            <field-default>0x0</field-default>

            <field-desc>
              <p>When this bit is set, the corresponding bit in the UCERRSTS
              register is masked from autonomously disabling the Interval
              Engine.</p>
            </field-desc>
          </field>

          <field>
            <field-bits>
              <single>2</single>
            </field-bits>

            <field-name verilog="QTO">QTO</field-name>

            <field-type>RW</field-type>

            <field-default>0x0</field-default>

            <field-desc>
              <p>When this bit is set, the corresponding bit in the UCERRSTS
              register is masked from autonomously disabling the Interval
              Engine.</p>
            </field-desc>
          </field>

          <field>
            <field-bits>
              <single>1</single>
            </field-bits>

            <field-name verilog="MIF">MIF</field-name>

            <field-type>RW</field-type>

            <field-default>0x0</field-default>

            <field-desc>
              <p>When this bit is set, the corresponding bit in the UCERRSTS
              register is masked from autonomously disabling the Interval
              Engine.</p>
            </field-desc>
          </field>

          <field>
            <field-bits>
              <single>0</single>
            </field-bits>

            <field-name verilog="RAM">RAM</field-name>

            <field-type>RW</field-type>

            <field-default>0x0</field-default>

            <field-desc>
              <p>When this bit is set, the corresponding bit in the UCERRSTS
              register is masked from autonomously disabling the Interval
              Engine.</p>
            </field-desc>
          </field>
        </reg-def>
      </tgroup>
    </table>

    <table id="table_QTIMER_-_Quiesced_Timer_0k0pjws5d">
      <title><reg-name-main verilog="QTIMER">QTIMER</reg-name-main> - Quiesced
      Timer</title>

      <tgroup cols="5">
        <colspec colname="A" colwidth="111*"/>

        <colspec colname="B" colwidth="144*"/>

        <colspec colname="C" colwidth="101*"/>

        <colspec colname="D" colwidth="87*"/>

        <colspec colname="E" colwidth="557*"/>

        <thead>
          <row>
            <entry><p>Bit Field</p></entry>

            <entry><p>Field Name</p></entry>

            <entry><p>Type</p></entry>

            <entry><p>Default Value</p></entry>

            <entry><p>Description</p></entry>
          </row>
        </thead>

        <reg-def>
          <field>
            <field-bits>
              <double>
                <msb>31</msb>

                <lsb>0</lsb>
              </double>
            </field-bits>

            <field-name verilog="COUNT">COUNT</field-name>

            <field-type>RO</field-type>

            <field-default>0x0</field-default>

            <field-desc>
              <p>Count. When IE is directed to the quiesced operational state
              from the enabled operational state, this field is reset to zero
              and is incremented each IE clock cycle while IE remains in the
              enabled operational state. If the value of this field is equal
              to the value specified in the Timeout Count (TOCOUNT) field in
              the IE Quiesced Timeout (QTO) register, then the IE quiesced
              timer is said to have expired, and IE transitions to
              AUTODISABLE. The value of this field is preserved when IE is
              disabled and is reset to its default value on the transition
              from the disabled state to the enabled state, or at reset.</p>
            </field-desc>
          </field>
        </reg-def>
      </tgroup>
    </table>

    <table id="table_QTO_-_Quiesced_Timeout_1k0pjws5e">
      <title><reg-name-main verilog="QTO">QTO</reg-name-main> - Quiesced
      Timeout</title>

      <tgroup cols="5">
        <colspec colname="A" colwidth="111*"/>

        <colspec colname="B" colwidth="144*"/>

        <colspec colname="C" colwidth="101*"/>

        <colspec colname="D" colwidth="87*"/>

        <colspec colname="E" colwidth="557*"/>

        <thead>
          <row>
            <entry><p>Bit Field</p></entry>

            <entry><p>Field Name</p></entry>

            <entry><p>Type</p></entry>

            <entry><p>Default Value</p></entry>

            <entry><p>Description</p></entry>
          </row>
        </thead>

        <reg-def>
          <field>
            <field-bits>
              <double>
                <msb>31</msb>

                <lsb>0</lsb>
              </double>
            </field-bits>

            <field-name verilog="TOCOUNT">TOCOUNT</field-name>

            <field-type>RW</field-type>

            <field-default>0x632EA0</field-default>

            <field-desc>
              <p>Timeout Count. This field contains the IE quiesced timer
              timeout count value. The timeout time is equal to the value in
              this field multiplied by the period of the IE clock. The default
              value corresponds to a 10 ms timeout when the IE clock is 650
              MHz. Setting the timeout to a value that is less than 10 ms
              produces undefined results.</p>
            </field-desc>
          </field>
        </reg-def>
      </tgroup>
    </table>

    <table audience="MSCCInternal"
           id="table_DBG_CTL_-_Debug_Control_1jlycb1bi">
      <title><reg-name-main verilog="DBG_CTL">DBG_CTL</reg-name-main> -
      <reg-desc>Debug Control</reg-desc></title>

      <tgroup cols="5">
        <colspec colname="A" colwidth="111*"/>

        <colspec colname="B" colwidth="144*"/>

        <colspec colname="C" colwidth="101*"/>

        <colspec colname="D" colwidth="87*"/>

        <colspec colname="E" colwidth="557*"/>

        <thead>
          <row>
            <entry><p>Bit Field</p></entry>

            <entry><p>Field Name</p></entry>

            <entry><p>Type</p></entry>

            <entry><p>Default Value</p></entry>

            <entry><p>Description</p></entry>
          </row>
        </thead>

        <reg-def>
          <field>
            <field-bits>
              <double>
                <msb>31</msb>

                <lsb>29</lsb>
              </double>
            </field-bits>

            <field-name verilog="RSVD">RSVD</field-name>

            <field-type>RO</field-type>

            <field-default>0x0</field-default>

            <field-desc>
              <p>Reserved</p>
            </field-desc>
          </field>

          <field>
            <field-bits>
              <single>28</single>
            </field-bits>

            <field-name verilog="SLPDIS">SLPDIS</field-name>

            <field-type>RW</field-type>

            <field-default>0x0</field-default>

            <field-desc>
              <p>Disable sleep modes for all non-PLM RAMs.</p>
            </field-desc>
          </field>

          <field>
            <field-bits>
              <single>27</single>
            </field-bits>

            <field-name verilog="SLPDISPL">SLPDISPL</field-name>

            <field-type>RW</field-type>

            <field-default>0x0</field-default>

            <field-desc>
              <p>Disable sleep modes for the PLM RAM.</p>
            </field-desc>
          </field>

          <field>
            <field-bits>
              <double>
                <msb>26</msb>

                <lsb>23</lsb>
              </double>
            </field-bits>

            <field-name verilog="CLK2DSLP">CLK2DSLP</field-name>

            <field-type>RW</field-type>

            <field-default>0x1</field-default>

            <field-desc>
              <p>TSMC RAM power mode transition timing parameter, in clock
              cycles. This should be set using the worst-case tclk2dslp
              parameter across all RAMs used by Interval Engine. To calculate
              the value of this register, divide the parameter value by the
              clock period, and round up. Since there will always be at least
              one clock between state transitions, the value of 0 and 1 have
              the same effect.</p>
            </field-desc>
          </field>

          <field>
            <field-bits>
              <double>
                <msb>22</msb>

                <lsb>19</lsb>
              </double>
            </field-bits>

            <field-name verilog="DSLP2CLK">DSLP2CLK</field-name>

            <field-type>RW</field-type>

            <field-default>0x4</field-default>

            <field-desc>
              <p>TSMC RAM power mode transition timing parameter, in clock
              cycles. This should be set using the worst-case tdslpwk2clk
              parameter across all RAMs used by Interval Engine. To calculate
              the value of this register, divide the parameter value by the
              clock period, and round up. Since there will always be at least
              one clock between state transitions, the value of 0 and 1 have
              the same effect.</p>
            </field-desc>
          </field>

          <field>
            <field-bits>
              <double>
                <msb>18</msb>

                <lsb>15</lsb>
              </double>
            </field-bits>

            <field-name verilog="SD2CLK">SD2CLK</field-name>

            <field-type>RW</field-type>

            <field-default>0x7</field-default>

            <field-desc>
              <p>TSMC RAM power mode transition timing parameter, in clock
              cycles. This should be set using the worst-case tsdwk2clk
              parameter across all RAMs used by Interval Engine. To calculate
              the value of this register, divide the parameter value by the
              clock period, and round up. Since there will always be at least
              one clock between state transitions, the value of 0 and 1 have
              the same effect.</p>
            </field-desc>
          </field>

          <field>
            <field-bits>
              <double>
                <msb>14</msb>

                <lsb>7</lsb>
              </double>
            </field-bits>

            <field-name verilog="IDLE_CNT">IDLE_CNT</field-name>

            <field-type>RW</field-type>

            <field-default>0x32</field-default>

            <field-desc>
              <p>The number of clock cycles that IE remains idle before the
              RAMs are put to sleep.</p>
            </field-desc>
          </field>

          <field>
            <field-bits>
              <single>6</single>
            </field-bits>

            <field-name verilog="OSDTIMIF">OSDTIMIF</field-name>

            <field-type>RW</field-type>

            <field-default>0x0</field-default>

            <field-desc>
              <p>Operational State Disabled Transition Ignores MIF. When 0, IE
              waits for the MIF to indicate Disabled op status before IE
              transitions itself to Disabled. Set to 1 to ignore MIF's op
              status on this particular transition.</p>
            </field-desc>
          </field>

          <field>
            <field-bits>
              <single>5</single>
            </field-bits>

            <field-name verilog="PGOVRD">PGOVRD</field-name>

            <field-type>RW</field-type>

            <field-default>0x0</field-default>

            <field-desc>
              <p>Override RAM power gating. Set to 1 to force all RAMs to be
              in a normal power state (i.e., not low power or power
              gated).</p>
            </field-desc>
          </field>

          <field>
            <field-bits>
              <single>4</single>
            </field-bits>

            <field-name verilog="ITFCGOVRD">ITFCGOVRD</field-name>

            <field-type>RW</field-type>

            <field-default>0x0</field-default>

            <field-desc>
              <p>Interval Table Flag Clock Gate Override. Set to 1 to force
              the Interval Flag clock gate to always be enabled.</p>
            </field-desc>
          </field>

          <field>
            <field-bits>
              <single>3</single>
            </field-bits>

            <field-name verilog="PLMCGOVRD">PLMCGOVRD</field-name>

            <field-type>RW</field-type>

            <field-default>0x0</field-default>

            <field-desc>
              <p>Pending List Manager Clock Gate Override. Set to 1 to force
              the Pending List Manager clock gate to always be enabled.</p>
            </field-desc>
          </field>

          <field>
            <field-bits>
              <single>2</single>
            </field-bits>

            <field-name verilog="CGOVRD">CGOVRD</field-name>

            <field-type>RW</field-type>

            <field-default>0x0</field-default>

            <field-desc>
              <p>Clock Gate Override. Set to 1 to force the IE Idle clock gate
              to always be enabled. This gate enables the clock for all blocks
              except the Pending List Manager.</p>
            </field-desc>
          </field>

          <field>
            <field-bits>
              <single>1</single>
            </field-bits>

            <field-name verilog="MFRADIS">MFRADIS</field-name>

            <field-type>RW</field-type>

            <field-default>0x0</field-default>

            <field-desc>
              <p>Malformed request triggers autodisable. Set to 0 to respond
              to a malformed request simply with a completion with message
              status of Malformed. Set to 1 to enter autodisable. If 1, then
              the DBG_ADMSK.MFR bit must be 0 to trigger autodisable.</p>
            </field-desc>
          </field>

          <field>
            <field-bits>
              <single>0</single>
            </field-bits>

            <field-name verilog="PRSRVPLOQ">PRSRVPLOQ</field-name>

            <field-type>RW</field-type>

            <field-default>0x0</field-default>

            <field-desc>
              <p>Set to 1 to preserve the Pending List on Quiesce. Set to 0 to
              empty Pending List on Quiesce, issuing Disabled for each
              entry.</p>
            </field-desc>
          </field>
        </reg-def>
      </tgroup>
    </table>

    <table audience="MSCCInternal" id="table_DBG_STS1_-_FSM_Status_1jgiknqa8">
      <title><reg-name-main verilog="DBG_STS1">DBG_STS1</reg-name-main> -
      <reg-desc>FSM Status</reg-desc></title>

      <tgroup cols="5">
        <colspec colname="A" colwidth="111*"/>

        <colspec colname="B" colwidth="144*"/>

        <colspec colname="C" colwidth="101*"/>

        <colspec colname="D" colwidth="87*"/>

        <colspec colname="E" colwidth="557*"/>

        <thead>
          <row>
            <entry><p>Bit Field</p></entry>

            <entry><p>Field Name</p></entry>

            <entry><p>Type</p></entry>

            <entry><p>Default Value</p></entry>

            <entry><p>Description</p></entry>
          </row>
        </thead>

        <reg-def>
          <field>
            <field-bits>
              <double>
                <msb>31</msb>

                <lsb>28</lsb>
              </double>
            </field-bits>

            <field-name verilog="RSVD">RSVD</field-name>

            <field-type>RO</field-type>

            <field-default>0x0</field-default>

            <field-desc>
              <p>Reserved</p>
            </field-desc>
          </field>

          <field>
            <field-bits>
              <double>
                <msb>27</msb>

                <lsb>25</lsb>
              </double>
            </field-bits>

            <field-name verilog="PST">PST</field-name>

            <field-type>RO</field-type>

            <field-default>0x0</field-default>

            <field-desc>
              <p>Current power state of the non-PLM RAMs.</p>
            </field-desc>
          </field>

          <field>
            <field-bits>
              <double>
                <msb>24</msb>

                <lsb>22</lsb>
              </double>
            </field-bits>

            <field-name verilog="PSTPLM">PSTPLM</field-name>

            <field-type>RO</field-type>

            <field-default>0x0</field-default>

            <field-desc>
              <p>Current power state of the PLM RAM.</p>
            </field-desc>
          </field>

          <field>
            <field-bits>
              <double>
                <msb>21</msb>

                <lsb>19</lsb>
              </double>
            </field-bits>

            <field-name verilog="SPST">SPST</field-name>

            <field-type>RO</field-type>

            <field-default>0x0</field-default>

            <field-desc>
              <p>Requested power state for the non-PLM RAMs.</p>
            </field-desc>
          </field>

          <field>
            <field-bits>
              <double>
                <msb>18</msb>

                <lsb>16</lsb>
              </double>
            </field-bits>

            <field-name verilog="SPSTPLM">SPSTPLM</field-name>

            <field-type>RO</field-type>

            <field-default>0x0</field-default>

            <field-desc>
              <p>Requested power state for the PLM RAM.</p>
            </field-desc>
          </field>

          <field>
            <field-bits>
              <double>
                <msb>15</msb>

                <lsb>13</lsb>
              </double>
            </field-bits>

            <field-name verilog="PCTL">PCTL</field-name>

            <field-type>RO</field-type>

            <field-default>0x0</field-default>

            <field-desc>
              <p>Current state of the ARM RAM Power Control FSM controlling
              the non-PLM RAMs.</p>
            </field-desc>
          </field>

          <field>
            <field-bits>
              <double>
                <msb>12</msb>

                <lsb>10</lsb>
              </double>
            </field-bits>

            <field-name verilog="PCTLPLM">PCTLPLM</field-name>

            <field-type>RO</field-type>

            <field-default>0x0</field-default>

            <field-desc>
              <p>Current state of the ARM RAM Power Control FSM controlling
              the Pending List Manager RAM.</p>
            </field-desc>
          </field>

          <field>
            <field-bits>
              <double>
                <msb>9</msb>

                <lsb>7</lsb>
              </double>
            </field-bits>

            <field-name verilog="PLM_FSM">PLM_FSM</field-name>

            <field-type>RO</field-type>

            <field-default>0x0</field-default>

            <field-desc>
              <p>Pending List Manager State Machine</p>
            </field-desc>
          </field>

          <field>
            <field-bits>
              <double>
                <msb>6</msb>

                <lsb>4</lsb>
              </double>
            </field-bits>

            <field-name verilog="ITM_FSM">ITM_FSM</field-name>

            <field-type>RO</field-type>

            <field-default>0x0</field-default>

            <field-desc>
              <p>Interval Table Manager State Machine</p>
            </field-desc>
          </field>

          <field>
            <field-bits>
              <double>
                <msb>3</msb>

                <lsb>0</lsb>
              </double>
            </field-bits>

            <field-name verilog="CTL_FSM">CTL_FSM</field-name>

            <field-type>RO</field-type>

            <field-default>0x0</field-default>

            <field-desc>
              <p>Control State Machine</p>
            </field-desc>
          </field>
        </reg-def>
      </tgroup>
    </table>

    <table audience="MSCCInternal"
           id="table_DBG_STS2_-_Debug_Status_2jgiknqa8">
      <title><reg-name-main verilog="DBG_STS2">DBG_STS2</reg-name-main> -
      <reg-desc>Debug Status</reg-desc></title>

      <tgroup cols="5">
        <colspec colname="A" colwidth="111*"/>

        <colspec colname="B" colwidth="144*"/>

        <colspec colname="C" colwidth="101*"/>

        <colspec colname="D" colwidth="87*"/>

        <colspec colname="E" colwidth="557*"/>

        <thead>
          <row>
            <entry><p>Bit Field</p></entry>

            <entry><p>Field Name</p></entry>

            <entry><p>Type</p></entry>

            <entry><p>Default Value</p></entry>

            <entry><p>Description</p></entry>
          </row>
        </thead>

        <reg-def>
          <field>
            <field-bits>
              <double>
                <msb>31</msb>

                <lsb>26</lsb>
              </double>
            </field-bits>

            <field-name verilog="RSVD">RSVD</field-name>

            <field-type>RO</field-type>

            <field-default>0x0</field-default>

            <field-desc>
              <p>Reserved</p>
            </field-desc>
          </field>

          <field>
            <field-bits>
              <single>25</single>
            </field-bits>

            <field-name verilog="PMBUSY">PMBUSY</field-name>

            <field-type>RO</field-type>

            <field-default>HWINIT</field-default>

            <field-desc>
              <p>Power Manager busy indication. 0 = not busy - ok to stop the
              clock; 1 = busy - keep clock active</p>
            </field-desc>
          </field>

          <field>
            <field-bits>
              <single>24</single>
            </field-bits>

            <field-name verilog="RAMWAKE">RAMWAKE</field-name>

            <field-type>RO</field-type>

            <field-default>HWINIT</field-default>

            <field-desc>
              <p>Current state of the signal to wake up the RAMs. 0 = RAMs may
              sleep; 1 = wake up RAMs</p>
            </field-desc>
          </field>

          <field>
            <field-bits>
              <single>23</single>
            </field-bits>

            <field-name verilog="MIF_MSG_VLD">MIFMSGVLD</field-name>

            <field-type>RO</field-type>

            <field-default>HWINIT</field-default>

            <field-desc>
              <p>MIF Inbound Message Valid. MIF is trying to provide the IE
              Request Manager a message.</p>
            </field-desc>
          </field>

          <field>
            <field-bits>
              <single>22</single>
            </field-bits>

            <field-name verilog="REQ_FIFO_O_VLD">REQFOVLD</field-name>

            <field-type>RO</field-type>

            <field-default>HWINIT</field-default>

            <field-desc>
              <p>Request FIFO Out Valid. At least one pre-processed request
              message is available to be processed.</p>
            </field-desc>
          </field>

          <field>
            <field-bits>
              <single>21</single>
            </field-bits>

            <field-name verilog="CTL_CMD_VLD">CTLCMDVLD</field-name>

            <field-type>RO</field-type>

            <field-default>HWINIT</field-default>

            <field-desc>
              <p>A command is currently being processed by the Control
              block.</p>
            </field-desc>
          </field>

          <field>
            <field-bits>
              <single>20</single>
            </field-bits>

            <field-name verilog="CTL_STS_VLD">CTLSTSVLD</field-name>

            <field-type>RO</field-type>

            <field-default>HWINIT</field-default>

            <field-desc>
              <p>The Control block is sending Request Manager status.</p>
            </field-desc>
          </field>

          <field>
            <field-bits>
              <single>19</single>
            </field-bits>

            <field-name verilog="STS_FIFO_O_VLD">STSFOVLD</field-name>

            <field-type>RO</field-type>

            <field-default>HWINIT</field-default>

            <field-desc>
              <p>Status FIFO Out Valid. Status has been accepted by Control
              and is awaiting completion generation.</p>
            </field-desc>
          </field>

          <field>
            <field-bits>
              <single>18</single>
            </field-bits>

            <field-name verilog="RAM_WR_FIFO_O_VLD">RAMWRFOVLD</field-name>

            <field-type>RO</field-type>

            <field-default>HWINIT</field-default>

            <field-desc>
              <p>Completion RAM Write FIFO Out Valid. Completion info is
              waiting to be written to the Completion RAM.</p>
            </field-desc>
          </field>

          <field>
            <field-bits>
              <single>17</single>
            </field-bits>

            <field-name verilog="GEN_CPL_FIFO_O_VLD">GENCPFOVLD</field-name>

            <field-type>RO</field-type>

            <field-default>HWINIT</field-default>

            <field-desc>
              <p>Generated Completion FIFO Out Valid. A generated completion
              is waiting to be sent to the MIF.</p>
            </field-desc>
          </field>

          <field>
            <field-bits>
              <single>16</single>
            </field-bits>

            <field-name verilog="ERR_CPL_FIFO_O_VLD">ERRCPFOVLD</field-name>

            <field-type>RO</field-type>

            <field-default>HWINIT</field-default>

            <field-desc>
              <p>Error Completion FIFO Out Valid. An error completion is
              waiting to be sent to the MIF.</p>
            </field-desc>
          </field>

          <field>
            <field-bits>
              <single>15</single>
            </field-bits>

            <field-name verilog="PL_EMPTY">PL_EMPTY</field-name>

            <field-type>RO</field-type>

            <field-default>HWINIT</field-default>

            <field-desc>
              <p>The Pending List is empty.</p>
            </field-desc>
          </field>

          <field>
            <field-bits>
              <double>
                <msb>14</msb>

                <lsb>0</lsb>
              </double>
            </field-bits>

            <field-name verilog="IDX_FIFO_FULLNESS">IDXFIFONUM</field-name>

            <field-type>RO</field-type>

            <field-default>HWINIT</field-default>

            <field-desc>
              <p>The number of indexes contained in the Index FIFO.</p>
            </field-desc>
          </field>
        </reg-def>
      </tgroup>
    </table>

    <table audience="MSCCInternal"
           id="table_DBG_ERRSTS_-_Debug_Error_Status_1jgvdzwzu">
      <title><reg-name-main verilog="DBG_ERRSTS">DBG_ERRSTS</reg-name-main> -
      <reg-desc>Debug Error Status</reg-desc></title>

      <tgroup cols="5">
        <colspec colname="A" colwidth="111*"/>

        <colspec colname="B" colwidth="144*"/>

        <colspec colname="C" colwidth="101*"/>

        <colspec colname="D" colwidth="87*"/>

        <colspec colname="E" colwidth="557*"/>

        <thead>
          <row>
            <entry><p>Bit Field</p></entry>

            <entry><p>Field Name</p></entry>

            <entry><p>Type</p></entry>

            <entry><p>Default Value</p></entry>

            <entry><p>Description</p></entry>
          </row>
        </thead>

        <reg-def>
          <field>
            <field-bits>
              <double>
                <msb>31</msb>

                <lsb>15</lsb>
              </double>
            </field-bits>

            <field-name verilog="RSVD">RSVD</field-name>

            <field-type>RO</field-type>

            <field-default>0x0</field-default>

            <field-desc>
              <p>Reserved</p>
            </field-desc>
          </field>

          <field>
            <field-bits>
              <single>14</single>
            </field-bits>

            <field-name verilog="PCTL">PCTL</field-name>

            <field-type>RO</field-type>

            <field-default>HWINIT</field-default>

            <field-desc>
              <p>The ARM RAM Power Controller for the non-PLM RAMs detected an
              attempted RAM access while the RAM wasn't ready.</p>
            </field-desc>
          </field>

          <field>
            <field-bits>
              <single>13</single>
            </field-bits>

            <field-name verilog="PCTLPLM">PCTLPLM</field-name>

            <field-type>RO</field-type>

            <field-default>HWINIT</field-default>

            <field-desc>
              <p>The ARM RAM Power Controller for the Pending List RAM
              detected an attempted RAM access while the RAM wasn't ready.</p>
            </field-desc>
          </field>

          <field>
            <field-bits>
              <single>12</single>
            </field-bits>

            <field-name verilog="MFR">MFR</field-name>

            <field-type>RW1C</field-type>

            <field-default>0x0</field-default>

            <field-desc>
              <p>Malformed Request Received. This non-fatal error can be
              cleared. This bit can only be set when a Malformed request is
              received while the DBG_CTL.MFRACT register is set to 1.</p>
            </field-desc>
          </field>

          <field>
            <field-bits>
              <double>
                <msb>11</msb>

                <lsb>8</lsb>
              </double>
            </field-bits>

            <field-name verilog="GRP_CNT_UNF">GRPCNTUNF</field-name>

            <field-type>RO</field-type>

            <field-default>HWINIT</field-default>

            <field-desc>
              <p>Group counter underflow. The location of each bit corresponds
              to the group number associated with that error.</p>
            </field-desc>
          </field>

          <field>
            <field-bits>
              <double>
                <msb>7</msb>

                <lsb>4</lsb>
              </double>
            </field-bits>

            <field-name verilog="GRP_CNT_OVF">GRPCNTOVF</field-name>

            <field-type>RO</field-type>

            <field-default>HWINIT</field-default>

            <field-desc>
              <p>Group counter overflow. The location of each bit corresponds
              to the group number associated with that error.</p>
            </field-desc>
          </field>

          <field>
            <field-bits>
              <single>3</single>
            </field-bits>

            <field-name verilog="RSVD1">RSVD1</field-name>

            <field-type>RO</field-type>

            <field-default>0x0</field-default>

            <field-desc>
              <p>Reserved</p>
            </field-desc>
          </field>

          <field>
            <field-bits>
              <single>2</single>
            </field-bits>

            <field-name verilog="BS_CTL">BS_CTL</field-name>

            <field-type>RO</field-type>

            <field-default>HWINIT</field-default>

            <field-desc>
              <p>The Control FSM reached a bad state.</p>
            </field-desc>
          </field>

          <field>
            <field-bits>
              <single>1</single>
            </field-bits>

            <field-name verilog="BS_ITM">BS_ITM</field-name>

            <field-type>RO</field-type>

            <field-default>HWINIT</field-default>

            <field-desc>
              <p>The Interval Table Manager FSM reached in a bad state.</p>
            </field-desc>
          </field>

          <field>
            <field-bits>
              <single>0</single>
            </field-bits>

            <field-name verilog="BS_PLM">BS_PLM</field-name>

            <field-type>RO</field-type>

            <field-default>HWINIT</field-default>

            <field-desc>
              <p>The Pending List Manager FSM reacheed in a bad state.</p>
            </field-desc>
          </field>
        </reg-def>
      </tgroup>
    </table>

    <table audience="MSCCInternal"
           id="table_DBG_ERRMSK_-_Debug_Error_Mask_0jgyc06ur">
      <title><reg-name-main verilog="DBG_ERRMSK">DBG_ERRMSK</reg-name-main> -
      <reg-desc>Debug Error Mask</reg-desc></title>

      <tgroup cols="5">
        <colspec colname="A" colwidth="111*"/>

        <colspec colname="B" colwidth="144*"/>

        <colspec colname="C" colwidth="101*"/>

        <colspec colname="D" colwidth="87*"/>

        <colspec colname="E" colwidth="557*"/>

        <thead>
          <row>
            <entry><p>Bit Field</p></entry>

            <entry><p>Field Name</p></entry>

            <entry><p>Type</p></entry>

            <entry><p>Default Value</p></entry>

            <entry><p>Description</p></entry>
          </row>
        </thead>

        <reg-def>
          <field>
            <field-bits>
              <double>
                <msb>31</msb>

                <lsb>15</lsb>
              </double>
            </field-bits>

            <field-name verilog="RSVD">RSVD</field-name>

            <field-type>RO</field-type>

            <field-default>0x0</field-default>

            <field-desc>
              <p>Reserved</p>
            </field-desc>
          </field>

          <field>
            <field-bits>
              <single>14</single>
            </field-bits>

            <field-name verilog="PCTL">PCTL</field-name>

            <field-type>RW</field-type>

            <field-default>0x0</field-default>

            <field-desc>
              <p>When this bit is set, the corresponding bit in the DBG_ERRSTS
              register is masked from generating an uncorrectable error
              interrupt.</p>
            </field-desc>
          </field>

          <field>
            <field-bits>
              <single>13</single>
            </field-bits>

            <field-name verilog="PCTLPLM">PCTLPLM</field-name>

            <field-type>RW</field-type>

            <field-default>0x0</field-default>

            <field-desc>
              <p>When this bit is set, the corresponding bit in the DBG_ERRSTS
              register is masked from generating an uncorrectable error
              interrupt.</p>
            </field-desc>
          </field>

          <field>
            <field-bits>
              <single>12</single>
            </field-bits>

            <field-name verilog="MFR">MFR</field-name>

            <field-type>RW</field-type>

            <field-default>0x0</field-default>

            <field-desc>
              <p>When this bit is set, the corresponding bit in the DBG_ERRSTS
              register is masked from generating an uncorrectable error
              interrupt.</p>
            </field-desc>
          </field>

          <field>
            <field-bits>
              <double>
                <msb>11</msb>

                <lsb>8</lsb>
              </double>
            </field-bits>

            <field-name verilog="GRP_CNT_UNF">GRPCNTUNF</field-name>

            <field-type>RW</field-type>

            <field-default>0x0</field-default>

            <field-desc>
              <p>When this bit is set, the corresponding bit in the DBG_ERRSTS
              register is masked from generating an uncorrectable error
              interrupt.</p>
            </field-desc>
          </field>

          <field>
            <field-bits>
              <double>
                <msb>7</msb>

                <lsb>4</lsb>
              </double>
            </field-bits>

            <field-name verilog="GRP_CNT_OVF">GRPCNTOVF</field-name>

            <field-type>RW</field-type>

            <field-default>0x0</field-default>

            <field-desc>
              <p>When this bit is set, the corresponding bit in the DBG_ERRSTS
              register is masked from generating an uncorrectable error
              interrupt.</p>
            </field-desc>
          </field>

          <field>
            <field-bits>
              <single>3</single>
            </field-bits>

            <field-name verilog="RSVD1">RSVD1</field-name>

            <field-type>RO</field-type>

            <field-default>0x0</field-default>

            <field-desc>
              <p>Reserved</p>
            </field-desc>
          </field>

          <field>
            <field-bits>
              <single>2</single>
            </field-bits>

            <field-name verilog="BS_CTL">BS_CTL</field-name>

            <field-type>RW</field-type>

            <field-default>0x0</field-default>

            <field-desc>
              <p>When this bit is set, the corresponding bit in the DBG_ERRSTS
              register is masked from generating an uncorrectable error
              interrupt.</p>
            </field-desc>
          </field>

          <field>
            <field-bits>
              <single>1</single>
            </field-bits>

            <field-name verilog="BS_ITM">BS_ITM</field-name>

            <field-type>RW</field-type>

            <field-default>0x0</field-default>

            <field-desc>
              <p>When this bit is set, the corresponding bit in the DBG_ERRSTS
              register is masked from generating an uncorrectable error
              interrupt.</p>
            </field-desc>
          </field>

          <field>
            <field-bits>
              <single>0</single>
            </field-bits>

            <field-name verilog="BS_PLM">BS_PLM</field-name>

            <field-type>RW</field-type>

            <field-default>0x0</field-default>

            <field-desc>
              <p>When this bit is set, the corresponding bit in the DBG_ERRSTS
              register is masked from generating an uncorrectable error
              interrupt.</p>
            </field-desc>
          </field>
        </reg-def>
      </tgroup>
    </table>

    <table audience="MSCCInternal"
           id="table_DBG_ADMSK_-_Debug_Auto_Disable_Mask_2jgvdzwzu">
      <title><reg-name-main verilog="DBG_ADMSK">DBG_ADMSK</reg-name-main> -
      <reg-desc>Debug Auto Disable Mask</reg-desc></title>

      <tgroup cols="5">
        <colspec colname="A" colwidth="111*"/>

        <colspec colname="B" colwidth="144*"/>

        <colspec colname="C" colwidth="101*"/>

        <colspec colname="D" colwidth="87*"/>

        <colspec colname="E" colwidth="557*"/>

        <thead>
          <row>
            <entry><p>Bit Field</p></entry>

            <entry><p>Field Name</p></entry>

            <entry><p>Type</p></entry>

            <entry><p>Default Value</p></entry>

            <entry><p>Description</p></entry>
          </row>
        </thead>

        <reg-def>
          <field>
            <field-bits>
              <double>
                <msb>31</msb>

                <lsb>15</lsb>
              </double>
            </field-bits>

            <field-name verilog="RSVD">RSVD</field-name>

            <field-type>RO</field-type>

            <field-default>0x0</field-default>

            <field-desc>
              <p>Reserved</p>
            </field-desc>
          </field>

          <field>
            <field-bits>
              <single>14</single>
            </field-bits>

            <field-name verilog="PCTL">PCTL</field-name>

            <field-type>RW</field-type>

            <field-default>0x0</field-default>

            <field-desc>
              <p>When this bit is set, the corresponding bit in the DBG_ERRSTS
              register is masked from autonomously disabling the Interval
              Engine.</p>
            </field-desc>
          </field>

          <field>
            <field-bits>
              <single>13</single>
            </field-bits>

            <field-name verilog="PCTLPLM">PCTLPLM</field-name>

            <field-type>RW</field-type>

            <field-default>0x0</field-default>

            <field-desc>
              <p>When this bit is set, the corresponding bit in the DBG_ERRSTS
              register is masked from autonomously disabling the Interval
              Engine.</p>
            </field-desc>
          </field>

          <field>
            <field-bits>
              <single>12</single>
            </field-bits>

            <field-name verilog="MFR">MFR</field-name>

            <field-type>RW</field-type>

            <field-default>0x0</field-default>

            <field-desc>
              <p>When this bit is set, the corresponding bit in the DBG_ERRSTS
              register is masked from autonomously disabling the Interval
              Engine.</p>
            </field-desc>
          </field>

          <field>
            <field-bits>
              <double>
                <msb>11</msb>

                <lsb>8</lsb>
              </double>
            </field-bits>

            <field-name verilog="GRP_CNT_UNF">GRPCNTUNF</field-name>

            <field-type>RW</field-type>

            <field-default>0x0</field-default>

            <field-desc>
              <p>When this bit is set, the corresponding bit in the DBG_ERRSTS
              register is masked from autonomously disabling the Interval
              Engine.</p>
            </field-desc>
          </field>

          <field>
            <field-bits>
              <double>
                <msb>7</msb>

                <lsb>4</lsb>
              </double>
            </field-bits>

            <field-name verilog="GRP_CNT_OVF">GRPCNTOVF</field-name>

            <field-type>RW</field-type>

            <field-default>0x0</field-default>

            <field-desc>
              <p>When this bit is set, the corresponding bit in the DBG_ERRSTS
              register is masked from autonomously disabling the Interval
              Engine.</p>
            </field-desc>
          </field>

          <field>
            <field-bits>
              <single>3</single>
            </field-bits>

            <field-name verilog="RSVD1">RSVD1</field-name>

            <field-type>RO</field-type>

            <field-default>0x0</field-default>

            <field-desc>
              <p>Reserved</p>
            </field-desc>
          </field>

          <field>
            <field-bits>
              <single>2</single>
            </field-bits>

            <field-name verilog="BS_CTL">BS_CTL</field-name>

            <field-type>RW</field-type>

            <field-default>0x0</field-default>

            <field-desc>
              <p>When this bit is set, the corresponding bit in the DBG_ERRSTS
              register is masked from autonomously disabling the Interval
              Engine.</p>
            </field-desc>
          </field>

          <field>
            <field-bits>
              <single>1</single>
            </field-bits>

            <field-name verilog="BS_ITM">BS_ITM</field-name>

            <field-type>RW</field-type>

            <field-default>0x0</field-default>

            <field-desc>
              <p>When this bit is set, the corresponding bit in the DBG_ERRSTS
              register is masked from autonomously disabling the Interval
              Engine.</p>
            </field-desc>
          </field>

          <field>
            <field-bits>
              <single>0</single>
            </field-bits>

            <field-name verilog="BS_PLM">BS_PLM</field-name>

            <field-type>RW</field-type>

            <field-default>0x0</field-default>

            <field-desc>
              <p>When this bit is set, the corresponding bit in the DBG_ERRSTS
              register is masked from autonomously disabling the Interval
              Engine.</p>
            </field-desc>
          </field>
        </reg-def>
      </tgroup>
    </table>

    <table audience="MSCCInternal"
           id="table_DBG_RAMECTL_-_RAM_Error_Control_3jgvdzwzu">
      <title><reg-name-main verilog="DBG_RAMECTL">DBG_RAMECTL</reg-name-main>
      - <reg-desc>RAM Error Control</reg-desc></title>

      <tgroup cols="5">
        <colspec colname="A" colwidth="111*"/>

        <colspec colname="B" colwidth="144*"/>

        <colspec colname="C" colwidth="101*"/>

        <colspec colname="D" colwidth="87*"/>

        <colspec colname="E" colwidth="557*"/>

        <thead>
          <row>
            <entry><p>Bit Field</p></entry>

            <entry><p>Field Name</p></entry>

            <entry><p>Type</p></entry>

            <entry><p>Default Value</p></entry>

            <entry><p>Description</p></entry>
          </row>
        </thead>

        <reg-def>
          <field>
            <field-bits>
              <double>
                <msb>31</msb>

                <lsb>17</lsb>
              </double>
            </field-bits>

            <field-name verilog="RSVD">RSVD</field-name>

            <field-type>RO</field-type>

            <field-default>0x0</field-default>

            <field-desc>
              <p>Reserved</p>
            </field-desc>
          </field>

          <field>
            <field-bits>
              <single>16</single>
            </field-bits>

            <field-name verilog="BYPECC">BYPECC</field-name>

            <field-type>RW</field-type>

            <field-default>0x0</field-default>

            <field-desc>
              <p>Bypass ECC. When this bit is set, ECC checking and correcting
              is bypassed.</p>
            </field-desc>
          </field>

          <field>
            <field-bits>
              <double>
                <msb>15</msb>

                <lsb>8</lsb>
              </double>
            </field-bits>

            <field-name verilog="INDEX">INDEX</field-name>

            <field-type>RW</field-type>

            <field-default>0x0</field-default>

            <field-desc>
              <p>Selects the target RAM on which to inject errors.</p>

              <field-enum-list>
                <field-enum>
                  <field-enum-value>0</field-enum-value>

                  <field-enum-def>
                    <field-enum-name>NONE</field-enum-name>

                    <field-enum-desc>No RAM</field-enum-desc>
                  </field-enum-def>
                </field-enum>

                <field-enum>
                  <field-enum-value>1</field-enum-value>

                  <field-enum-def>
                    <field-enum-name>IVLTBL</field-enum-name>

                    <field-enum-desc>Interval Table - all
                    RAMs</field-enum-desc>
                  </field-enum-def>
                </field-enum>

                <field-enum>
                  <field-enum-value>2</field-enum-value>

                  <field-enum-def>
                    <field-enum-name>CPLINFO</field-enum-name>

                    <field-enum-desc>Completion Info RAM</field-enum-desc>
                  </field-enum-def>
                </field-enum>

                <field-enum>
                  <field-enum-value>3</field-enum-value>

                  <field-enum-def>
                    <field-enum-name>IDXFIFO</field-enum-name>

                    <field-enum-desc>Index FIFO RAM</field-enum-desc>
                  </field-enum-def>
                </field-enum>

                <field-enum>
                  <field-enum-value>4</field-enum-value>

                  <field-enum-def>
                    <field-enum-name>PENDL</field-enum-name>

                    <field-enum-desc>Pending List RAM</field-enum-desc>
                  </field-enum-def>
                </field-enum>
              </field-enum-list>
            </field-desc>
          </field>

          <field>
            <field-bits>
              <double>
                <msb>7</msb>

                <lsb>0</lsb>
              </double>
            </field-bits>

            <field-name verilog="CMD">CMD</field-name>

            <field-type>RW</field-type>

            <field-default>0x0</field-default>

            <field-desc>
              <p>Type of error to inject. Injection will continue on every RAM
              read so long as the CMD and INDEX fields are non-zero.</p>

              <field-enum-list>
                <field-enum>
                  <field-enum-value>0</field-enum-value>

                  <field-enum-def>
                    <field-enum-name>NOP</field-enum-name>

                    <field-enum-desc>No operation</field-enum-desc>
                  </field-enum-def>
                </field-enum>

                <field-enum>
                  <field-enum-value>1</field-enum-value>

                  <field-enum-def>
                    <field-enum-name>SBE</field-enum-name>

                    <field-enum-desc>Set the corresponding single bit error
                    status bit in the DBG_RAMSBE register</field-enum-desc>
                  </field-enum-def>
                </field-enum>

                <field-enum>
                  <field-enum-value>2</field-enum-value>

                  <field-enum-def>
                    <field-enum-name>DBE</field-enum-name>

                    <field-enum-desc>Set the corresponding double bit error
                    status bit in the DBG_RAMDBE register</field-enum-desc>
                  </field-enum-def>
                </field-enum>

                <field-enum>
                  <field-enum-value>3</field-enum-value>

                  <field-enum-def>
                    <field-enum-name>ISBE</field-enum-name>

                    <field-enum-desc>Inject true single bit errors in the
                    value read from RAM</field-enum-desc>
                  </field-enum-def>
                </field-enum>

                <field-enum>
                  <field-enum-value>4</field-enum-value>

                  <field-enum-def>
                    <field-enum-name>IDBE</field-enum-name>

                    <field-enum-desc>Inject true double bit errors in the
                    value read from RAM</field-enum-desc>
                  </field-enum-def>
                </field-enum>
              </field-enum-list>
            </field-desc>
          </field>
        </reg-def>
      </tgroup>
    </table>

    <table audience="MSCCInternal"
           id="table_DBG_RAMSBE_-_RAM_Single_Bit_Errors_4jgvdzwzu">
      <title><reg-name-main verilog="DBG_RAMSBE">DBG_RAMSBE</reg-name-main> -
      <reg-desc>RAM Single Bit Errors</reg-desc></title>

      <tgroup cols="5">
        <colspec colname="A" colwidth="111*"/>

        <colspec colname="B" colwidth="144*"/>

        <colspec colname="C" colwidth="101*"/>

        <colspec colname="D" colwidth="87*"/>

        <colspec colname="E" colwidth="557*"/>

        <thead>
          <row>
            <entry><p>Bit Field</p></entry>

            <entry><p>Field Name</p></entry>

            <entry><p>Type</p></entry>

            <entry><p>Default Value</p></entry>

            <entry><p>Description</p></entry>
          </row>
        </thead>

        <reg-def>
          <field>
            <field-bits>
              <double>
                <msb>31</msb>

                <lsb>4</lsb>
              </double>
            </field-bits>

            <field-name verilog="RSVD">RSVD</field-name>

            <field-type>RO</field-type>

            <field-default>0x0</field-default>

            <field-desc>
              <p>Reserved</p>
            </field-desc>
          </field>

          <field>
            <field-bits>
              <single>3</single>
            </field-bits>

            <field-name verilog="IVLTBL">IVLTBL</field-name>

            <field-type>RW1C</field-type>

            <field-default>0x0</field-default>

            <field-desc>
              <p>Interval Table RAM</p>
            </field-desc>
          </field>

          <field>
            <field-bits>
              <single>2</single>
            </field-bits>

            <field-name verilog="CPLINFO">CPLINFO</field-name>

            <field-type>RW1C</field-type>

            <field-default>0x0</field-default>

            <field-desc>
              <p>Completion Info RAM</p>
            </field-desc>
          </field>

          <field>
            <field-bits>
              <single>1</single>
            </field-bits>

            <field-name verilog="IDXFIFO">IDXFIFO</field-name>

            <field-type>RW1C</field-type>

            <field-default>0x0</field-default>

            <field-desc>
              <p>Index FIFO RAM</p>
            </field-desc>
          </field>

          <field>
            <field-bits>
              <single>0</single>
            </field-bits>

            <field-name verilog="PENDL">PENDL</field-name>

            <field-type>RW1C</field-type>

            <field-default>0x0</field-default>

            <field-desc>
              <p>Pending List RAM</p>
            </field-desc>
          </field>
        </reg-def>
      </tgroup>
    </table>

    <table audience="MSCCInternal"
           id="table_DBG_RAMDBE_-_RAM_Single_Bit_Errors_5jgvdzwzu">
      <title><reg-name-main verilog="DBG_RAMDBE">DBG_RAMDBE</reg-name-main> -
      <reg-desc>RAM Double Bit Errors</reg-desc></title>

      <tgroup cols="5">
        <colspec colname="A" colwidth="111*"/>

        <colspec colname="B" colwidth="144*"/>

        <colspec colname="C" colwidth="101*"/>

        <colspec colname="D" colwidth="87*"/>

        <colspec colname="E" colwidth="557*"/>

        <thead>
          <row>
            <entry><p>Bit Field</p></entry>

            <entry><p>Field Name</p></entry>

            <entry><p>Type</p></entry>

            <entry><p>Default Value</p></entry>

            <entry><p>Description</p></entry>
          </row>
        </thead>

        <reg-def>
          <field>
            <field-bits>
              <double>
                <msb>31</msb>

                <lsb>4</lsb>
              </double>
            </field-bits>

            <field-name verilog="RSVD">RSVD</field-name>

            <field-type>RO</field-type>

            <field-default>0x0</field-default>

            <field-desc>
              <p>Reserved</p>
            </field-desc>
          </field>

          <field>
            <field-bits>
              <single>3</single>
            </field-bits>

            <field-name verilog="IVLTBL">IVLTBL</field-name>

            <field-type>RW1C</field-type>

            <field-default>0x0</field-default>

            <field-desc>
              <p>Interval Table RAM</p>
            </field-desc>
          </field>

          <field>
            <field-bits>
              <single>2</single>
            </field-bits>

            <field-name verilog="CPLINFO">CPLINFO</field-name>

            <field-type>RW1C</field-type>

            <field-default>0x0</field-default>

            <field-desc>
              <p>Completion Info RAM</p>
            </field-desc>
          </field>

          <field>
            <field-bits>
              <single>1</single>
            </field-bits>

            <field-name verilog="IDXFIFO">IDXFIFO</field-name>

            <field-type>RW1C</field-type>

            <field-default>0x0</field-default>

            <field-desc>
              <p>Index FIFO RAM</p>
            </field-desc>
          </field>

          <field>
            <field-bits>
              <single>0</single>
            </field-bits>

            <field-name verilog="PENDL">PENDL</field-name>

            <field-type>RW1C</field-type>

            <field-default>0x0</field-default>

            <field-desc>
              <p>Pending List RAM</p>
            </field-desc>
          </field>
        </reg-def>
      </tgroup>
    </table>

    <table audience="MSCCInternal"
           id="table_DBG_RAMACTL_-_RAM_Access_Control_6jgvdzwzu">
      <title><reg-name-main verilog="DBG_RAMACTL">DBG_RAMACTL</reg-name-main>
      - <reg-desc>RAM Access Control</reg-desc></title>

      <tgroup cols="5">
        <colspec colname="A" colwidth="111*"/>

        <colspec colname="B" colwidth="144*"/>

        <colspec colname="C" colwidth="101*"/>

        <colspec colname="D" colwidth="87*"/>

        <colspec colname="E" colwidth="557*"/>

        <thead>
          <row>
            <entry><p>Bit Field</p></entry>

            <entry><p>Field Name</p></entry>

            <entry><p>Type</p></entry>

            <entry><p>Default Value</p></entry>

            <entry><p>Description</p></entry>
          </row>
        </thead>

        <reg-def>
          <field>
            <field-bits>
              <single>31</single>
            </field-bits>

            <field-name verilog="EXE">EXE</field-name>

            <field-type>RW</field-type>

            <field-default>0x0</field-default>

            <field-desc>
              <p>Execute operation. When a one is written to this bit, the
              operation specified in the OP field of this register is
              executed. For valid operations, HW will clear this bit when the
              operation has completed. A valid operation is a read or a write
              to one of the valid indexes described in the INDEX field. For
              invalid operations, the EXE bit will not be cleared except by
              FW. This feature can only be executed while the Operational
              State (STS.STATE) is in the DISABLED state. This register has no
              effect when the Operational State is anything other than
              DISABLED. Also, the RAMs must not be in Shutdown mode (CTL.RAMSD
              must be 0.)</p>
            </field-desc>
          </field>

          <field>
            <field-bits>
              <single>30</single>
            </field-bits>

            <field-name verilog="OP">OP</field-name>

            <field-type>RW</field-type>

            <field-default>0x0</field-default>

            <field-desc>
              <p>Operation.</p>

              <p>0 : Read</p>

              <p>1 : Write</p>

              <p>A read operation updates the DBG_RAMDATA0/1/2 registers with
              the contents of the RAM indexed by INDEX at the RAM address
              ADDR. Bits above the width of the RAM are set to zero.</p>

              <p>A write operation transfers the contents of the
              DBG_RAMDATA0/1/2 registers to the RAM indexed by INDEX at the
              RAM address ADDR. Bits above the width of the RAM are
              ignored.</p>
            </field-desc>
          </field>

          <field>
            <field-bits>
              <double>
                <msb>29</msb>

                <lsb>25</lsb>
              </double>
            </field-bits>

            <field-name verilog="RSVD">RSVD</field-name>

            <field-type>RO</field-type>

            <field-default>0x0</field-default>

            <field-desc>
              <p>Reserved</p>
            </field-desc>
          </field>

          <field>
            <field-bits>
              <double>
                <msb>24</msb>

                <lsb>16</lsb>
              </double>
            </field-bits>

            <field-name verilog="INDEX">INDEX</field-name>

            <field-type>RW</field-type>

            <field-default>0x0</field-default>

            <field-desc>
              <p>RAM index.</p>

              <p>0-127 : Interval Table RAM and flags. Data bits 67:0 contain
              RAM data. Data bits 95:92 contain the flags: valid, locked,
              blocking, pend_chk. All other data bits are zero.</p>

              <p>256 : Completion Info RAM</p>

              <p>257 : Index FIFO RAM</p>

              <p>258 : Pending List RAM</p>

              <p>All other values are invalid.</p>
            </field-desc>
          </field>

          <field>
            <field-bits>
              <double>
                <msb>15</msb>

                <lsb>0</lsb>
              </double>
            </field-bits>

            <field-name verilog="ADDR">ADDR</field-name>

            <field-type>RW</field-type>

            <field-default>0x0</field-default>

            <field-desc>
              <p>RAM address</p>
            </field-desc>
          </field>
        </reg-def>
      </tgroup>
    </table>

    <table audience="MSCCInternal"
           id="table_DBG_RAMADATA0_-_RAM_Access_Data_0_7jgvdzwzv">
      <title><reg-name-main
      verilog="DBG_RAMADATA0">DBG_RAMADATA0</reg-name-main> - <reg-desc>RAM
      Access Data 0</reg-desc></title>

      <tgroup cols="5">
        <colspec colname="A" colwidth="111*"/>

        <colspec colname="B" colwidth="144*"/>

        <colspec colname="C" colwidth="101*"/>

        <colspec colname="D" colwidth="87*"/>

        <colspec colname="E" colwidth="557*"/>

        <thead>
          <row>
            <entry><p>Bit Field</p></entry>

            <entry><p>Field Name</p></entry>

            <entry><p>Type</p></entry>

            <entry><p>Default Value</p></entry>

            <entry><p>Description</p></entry>
          </row>
        </thead>

        <reg-def>
          <field>
            <field-bits>
              <double>
                <msb>31</msb>

                <lsb>0</lsb>
              </double>
            </field-bits>

            <field-name verilog="DATA">DATA</field-name>

            <field-type>RW</field-type>

            <field-default>0x0</field-default>

            <field-desc>
              <p>Bits 31:0 of the data written to or read from the selected
              RAM.</p>
            </field-desc>
          </field>
        </reg-def>
      </tgroup>
    </table>

    <table audience="MSCCInternal"
           id="table_DBG_RAMADATA1_-_RAM_Access_Data_1_8jgvdzwzv">
      <title><reg-name-main
      verilog="DBG_RAMADATA1">DBG_RAMADATA1</reg-name-main> - <reg-desc>RAM
      Access Data 1</reg-desc></title>

      <tgroup cols="5">
        <colspec colname="A" colwidth="111*"/>

        <colspec colname="B" colwidth="144*"/>

        <colspec colname="C" colwidth="101*"/>

        <colspec colname="D" colwidth="87*"/>

        <colspec colname="E" colwidth="557*"/>

        <thead>
          <row>
            <entry><p>Bit Field</p></entry>

            <entry><p>Field Name</p></entry>

            <entry><p>Type</p></entry>

            <entry><p>Default Value</p></entry>

            <entry><p>Description</p></entry>
          </row>
        </thead>

        <reg-def>
          <field>
            <field-bits>
              <double>
                <msb>31</msb>

                <lsb>0</lsb>
              </double>
            </field-bits>

            <field-name verilog="DATA">DATA</field-name>

            <field-type>RW</field-type>

            <field-default>0x0</field-default>

            <field-desc>
              <p>Bits 63:32 of the data written to or read from the selected
              RAM, if applicable.</p>
            </field-desc>
          </field>
        </reg-def>
      </tgroup>
    </table>

    <table audience="MSCCInternal"
           id="table_DBG_RAMADATA2_-_RAM_Access_Data_2_9jgvdzwzv">
      <title><reg-name-main
      verilog="DBG_RAMADATA2">DBG_RAMADATA2</reg-name-main> - <reg-desc>RAM
      Access Data 2</reg-desc></title>

      <tgroup cols="5">
        <colspec colname="A" colwidth="111*"/>

        <colspec colname="B" colwidth="144*"/>

        <colspec colname="C" colwidth="101*"/>

        <colspec colname="D" colwidth="87*"/>

        <colspec colname="E" colwidth="557*"/>

        <thead>
          <row>
            <entry><p>Bit Field</p></entry>

            <entry><p>Field Name</p></entry>

            <entry><p>Type</p></entry>

            <entry><p>Default Value</p></entry>

            <entry><p>Description</p></entry>
          </row>
        </thead>

        <reg-def>
          <field>
            <field-bits>
              <double>
                <msb>31</msb>

                <lsb>0</lsb>
              </double>
            </field-bits>

            <field-name verilog="DATA">DATA</field-name>

            <field-type>RW</field-type>

            <field-default>0x0</field-default>

            <field-desc>
              <p>Bits 95:64 of the data written to or read from the selected
              RAM, if applicable.</p>
            </field-desc>
          </field>
        </reg-def>
      </tgroup>
    </table>

    <p/>
  </body>
</topic>
