<?xml version="1.0" encoding="UTF-8"?>
<!-- Date Stamp: Mon Aug 29 13:21:18 PDT 2022 -->
<!DOCTYPE topic PUBLIC "-//OASIS//DTD DITA 1.2 Topic//EN" "topic.dtd">
<topic base="base" id="ig_regdef">
  <title>Ingress DPS Register Address Map</title>
  <body>
    <table id="subunit_table_ig_regdef">
      <title>Ingress DPS Register Address Map</title>
      <tgroup cols="3">
        <colspec colwidth="148*"/>
        <colspec colwidth="218*"/>
        <colspec colwidth="634*"/>
        <thead>
          <row>
            <entry><p>Offset Address</p></entry>
            <entry><p>Register Mnemonic </p></entry>
            <entry><p>Register Description </p></entry>
          </row>
        </thead>
        <address-map>
          <register-reference>
            <address>0x00000</address>
            <addr-element>
              <addr-mnemonic>MEMAPROP[x]</addr-mnemonic>
              <instances>
                <instance>
                  <instance-start>0</instance-start>
                  <instance-stop>3</instance-stop>
                </instance>
              </instances>
            </addr-element>
            <address-details>
              <p><xref
                href="ig_regdef_reg.xml#ig_regdef/table_IDP_MEMAPROP">MEMAPROP</xref>
              </p>
            </address-details>
          </register-reference>
          <register-reference>
            <address>0x00010</address>
            <addr-element>
              <addr-mnemonic>MEMAPROT[x]</addr-mnemonic>
              <instances>
                <instance>
                  <instance-start>0</instance-start>
                  <instance-stop>3</instance-stop>
                </instance>
              </instances>
            </addr-element>
            <address-details>
              <p><xref
                href="ig_regdef_reg.xml#ig_regdef/table_IDP_MEMAPROT">MEMAPROT</xref>
              </p>
            </address-details>
          </register-reference>
          <register-reference>
            <address>0x00100</address>
            <addr-element>
              <addr-mnemonic>CTL</addr-mnemonic>
            </addr-element>
            <address-details>
              <p><xref
                href="ig_regdef_reg.xml#ig_regdef/table_IDP_CTL">CTL</xref>
              </p>
            </address-details>
          </register-reference>
          <register-reference>
            <address>0x00104</address>
            <addr-element>
              <addr-mnemonic>STS</addr-mnemonic>
            </addr-element>
            <address-details>
              <p><xref
                href="ig_regdef_reg.xml#ig_regdef/table_IDP_STS">STS</xref>
              </p>
            </address-details>
          </register-reference>
          <register-reference>
            <address>0x00108</address>
            <addr-element>
              <addr-mnemonic>PI1CRCSEED1</addr-mnemonic>
            </addr-element>
            <address-details>
              <p><xref
                href="ig_regdef_reg.xml#ig_regdef/table_IDP_PI1CRCSEED1">PI1CRCSEED1</xref>
              </p>
            </address-details>
          </register-reference>
          <register-reference>
            <address>0x0010c</address>
            <addr-element>
              <addr-mnemonic>PI1CRCSEED2</addr-mnemonic>
            </addr-element>
            <address-details>
              <p><xref
                href="ig_regdef_reg.xml#ig_regdef/table_IDP_PI1CRCSEED2">PI1CRCSEED2</xref>
              </p>
            </address-details>
          </register-reference>
          <register-reference>
            <address>0x00110</address>
            <addr-element>
              <addr-mnemonic>PI2CRCSEED1</addr-mnemonic>
            </addr-element>
            <address-details>
              <p><xref
                href="ig_regdef_reg.xml#ig_regdef/table_IDP_PI2CRCSEED1">PI2CRCSEED1</xref>
              </p>
            </address-details>
          </register-reference>
          <register-reference>
            <address>0x00114</address>
            <addr-element>
              <addr-mnemonic>PI2CRCSEED2</addr-mnemonic>
            </addr-element>
            <address-details>
              <p><xref
                href="ig_regdef_reg.xml#ig_regdef/table_IDP_PI2CRCSEED2">PI2CRCSEED2</xref>
              </p>
            </address-details>
          </register-reference>
          <register-reference>
            <address>0x00200</address>
            <addr-element>
              <addr-mnemonic>UCERRSTS</addr-mnemonic>
            </addr-element>
            <address-details>
              <p><xref
                href="ig_regdef_reg.xml#ig_regdef/table_IDP_UCERRSTS">UCERRSTS</xref>
              </p>
            </address-details>
          </register-reference>
          <register-reference>
            <address>0x00204</address>
            <addr-element>
              <addr-mnemonic>UCERRMSK</addr-mnemonic>
            </addr-element>
            <address-details>
              <p><xref
                href="ig_regdef_reg.xml#ig_regdef/table_IDP_UCERRMSK">UCERRMSK</xref>
              </p>
            </address-details>
          </register-reference>
          <register-reference>
            <address>0x00208</address>
            <addr-element>
              <addr-mnemonic>UCERRSWTGR</addr-mnemonic>
            </addr-element>
            <address-details>
              <p><xref
                href="ig_regdef_reg.xml#ig_regdef/table_IDP_UCERRSWTGR">UCERRSWTGR</xref>
              </p>
            </address-details>
          </register-reference>
          <register-reference audience="MSCCInternal">
            <address>0x0020c</address>
            <addr-element>
              <addr-mnemonic>CERRSTS</addr-mnemonic>
            </addr-element>
            <address-details>
              <p><xref
                href="ig_regdef_reg.xml#ig_regdef/table_IDP_CERRSTS">CERRSTS</xref>
              </p>
            </address-details>
          </register-reference>
          <register-reference audience="MSCCInternal">
            <address>0x00210</address>
            <addr-element>
              <addr-mnemonic>CERRMSK</addr-mnemonic>
            </addr-element>
            <address-details>
              <p><xref
                href="ig_regdef_reg.xml#ig_regdef/table_IDP_CERRMSK">CERRMSK</xref>
              </p>
            </address-details>
          </register-reference>
          <register-reference audience="MSCCInternal">
            <address>0x00214</address>
            <addr-element>
              <addr-mnemonic>CERRSWTGR</addr-mnemonic>
            </addr-element>
            <address-details>
              <p><xref
                href="ig_regdef_reg.xml#ig_regdef/table_IDP_CERRSWTGR">CERRSWTGR</xref>
              </p>
            </address-details>
          </register-reference>
          <register-reference>
            <address>0x00218</address>
            <addr-element>
              <addr-mnemonic>AUTDISMSK</addr-mnemonic>
            </addr-element>
            <address-details>
              <p><xref
                href="ig_regdef_reg.xml#ig_regdef/table_IDP_AUTDISMSK">AUTDISMSK</xref>
              </p>
            </address-details>
          </register-reference>
          <register-reference audience="MSCCInternal">
            <address>0x00220</address>
            <addr-element>
              <addr-mnemonic>ERRINJ</addr-mnemonic>
            </addr-element>
            <address-details>
              <p><xref
                href="ig_regdef_reg.xml#ig_regdef/table_IDP_ERRINJ">ERRINJ</xref>
              </p>
            </address-details>
          </register-reference>
          <register-reference audience="MSCCInternal">
            <address>0x00224</address>
            <addr-element>
              <addr-mnemonic>ENCRERRINJ</addr-mnemonic>
            </addr-element>
            <address-details>
              <p><xref
                href="ig_regdef_reg.xml#ig_regdef/table_IDP_ENCRERRINJ">ENCRERRINJ</xref>
              </p>
            </address-details>
          </register-reference>
          <register-reference>
            <address>0x00230</address>
            <addr-element>
              <addr-mnemonic>QTO</addr-mnemonic>
            </addr-element>
            <address-details>
              <p><xref
                href="ig_regdef_reg.xml#ig_regdef/table_IDP_QTO">QTO</xref>
              </p>
            </address-details>
          </register-reference>
          <register-reference>
            <address>0x00234</address>
            <addr-element>
              <addr-mnemonic>QTIMER</addr-mnemonic>
            </addr-element>
            <address-details>
              <p><xref
                href="ig_regdef_reg.xml#ig_regdef/table_IDP_QTIMER">QTIMER</xref>
              </p>
            </address-details>
          </register-reference>
          <register-reference audience="MSCCInternal">
            <address>0x00804</address>
            <addr-element>
              <addr-mnemonic>ENBLFEATURE</addr-mnemonic>
            </addr-element>
            <address-details>
              <p><xref
                href="ig_regdef_reg.xml#ig_regdef/table_IDP_ENBLFEATURE">ENBLFEATURE</xref>
              </p>
            </address-details>
          </register-reference>
          <register-reference audience="MSCCInternal">
            <address>0x00808</address>
            <addr-element>
              <addr-mnemonic>RAMPOWERCNT</addr-mnemonic>
            </addr-element>
            <address-details>
              <p><xref
                href="ig_regdef_reg.xml#ig_regdef/table_IDP_RAMPOWERCNT">RAMPOWERCNT</xref>
              </p>
            </address-details>
          </register-reference>
          <register-reference audience="MSCCInternal">
            <address>0x0080c</address>
            <addr-element>
              <addr-mnemonic>PARSERCTL</addr-mnemonic>
            </addr-element>
            <address-details>
              <p><xref
                href="ig_regdef_reg.xml#ig_regdef/table_IDP_PARSERCTL">PARSERCTL</xref>
              </p>
            </address-details>
          </register-reference>
          <register-reference audience="MSCCInternal">
            <address>0x00810</address>
            <addr-element>
              <addr-mnemonic>DBGCTL</addr-mnemonic>
            </addr-element>
            <address-details>
              <p><xref
                href="ig_regdef_reg.xml#ig_regdef/table_IDP_DBGCTL">DBGCTL</xref>
              </p>
            </address-details>
          </register-reference>
          <register-reference audience="MSCCInternal">
            <address>0x00814</address>
            <addr-element>
              <addr-mnemonic>RAMECTL</addr-mnemonic>
            </addr-element>
            <address-details>
              <p><xref
                href="ig_regdef_reg.xml#ig_regdef/table_IDP_RAMECTL">RAMECTL</xref>
              </p>
            </address-details>
          </register-reference>
          <register-reference audience="MSCCInternal">
            <address>0x00818</address>
            <addr-element>
              <addr-mnemonic>DSGNCTL</addr-mnemonic>
            </addr-element>
            <address-details>
              <p><xref
                href="ig_regdef_reg.xml#ig_regdef/table_IDP_DSGNCTL">DSGNCTL</xref>
              </p>
            </address-details>
          </register-reference>
          <register-reference audience="MSCCInternal">
            <address>0x01000</address>
            <addr-element>
              <addr-mnemonic>RAMSBE1</addr-mnemonic>
            </addr-element>
            <address-details>
              <p><xref
                href="ig_regdef_reg.xml#ig_regdef/table_IDP_RAMSBE1">RAMSBE1</xref>
              </p>
            </address-details>
          </register-reference>
          <register-reference audience="MSCCInternal">
            <address>0x01004</address>
            <addr-element>
              <addr-mnemonic>RAMSBE2</addr-mnemonic>
            </addr-element>
            <address-details>
              <p><xref
                href="ig_regdef_reg.xml#ig_regdef/table_IDP_RAMSBE2">RAMSBE2</xref>
              </p>
            </address-details>
          </register-reference>
          <register-reference audience="MSCCInternal">
            <address>0x01008</address>
            <addr-element>
              <addr-mnemonic>RAMDBE1</addr-mnemonic>
            </addr-element>
            <address-details>
              <p><xref
                href="ig_regdef_reg.xml#ig_regdef/table_IDP_RAMDBE1">RAMDBE1</xref>
              </p>
            </address-details>
          </register-reference>
          <register-reference audience="MSCCInternal">
            <address>0x0100c</address>
            <addr-element>
              <addr-mnemonic>RAMDBE2</addr-mnemonic>
            </addr-element>
            <address-details>
              <p><xref
                href="ig_regdef_reg.xml#ig_regdef/table_IDP_RAMDBE2">RAMDBE2</xref>
              </p>
            </address-details>
          </register-reference>
          <register-reference audience="MSCCInternal">
            <address>0x01010</address>
            <addr-element>
              <addr-mnemonic>NPRSFATAL</addr-mnemonic>
            </addr-element>
            <address-details>
              <p><xref
                href="ig_regdef_reg.xml#ig_regdef/table_IDP_NPRSFATAL">NPRSFATAL</xref>
              </p>
            </address-details>
          </register-reference>
          <register-reference audience="MSCCInternal">
            <address>0x01014</address>
            <addr-element>
              <addr-mnemonic>PARSEFATAL</addr-mnemonic>
            </addr-element>
            <address-details>
              <p><xref
                href="ig_regdef_reg.xml#ig_regdef/table_IDP_PARSEFATAL">PARSEFATAL</xref>
              </p>
            </address-details>
          </register-reference>
          <register-reference audience="MSCCInternal">
            <address>0x01018</address>
            <addr-element>
              <addr-mnemonic>PARSEWARN</addr-mnemonic>
            </addr-element>
            <address-details>
              <p><xref
                href="ig_regdef_reg.xml#ig_regdef/table_IDP_PARSEWARN">PARSEWARN</xref>
              </p>
            </address-details>
          </register-reference>
          <register-reference audience="MSCCInternal">
            <address>0x0101c</address>
            <addr-element>
              <addr-mnemonic>PARSEINFO</addr-mnemonic>
            </addr-element>
            <address-details>
              <p><xref
                href="ig_regdef_reg.xml#ig_regdef/table_IDP_PARSEINFO">PARSEINFO</xref>
              </p>
            </address-details>
          </register-reference>
          <register-reference audience="MSCCInternal">
            <address>0x01020</address>
            <addr-element>
              <addr-mnemonic>PARSEMMBPL</addr-mnemonic>
            </addr-element>
            <address-details>
              <p><xref
                href="ig_regdef_reg.xml#ig_regdef/table_IDP_PARSEMMBPL">PARSEMMBPL</xref>
              </p>
            </address-details>
          </register-reference>
          <register-reference audience="MSCCInternal">
            <address>0x01024</address>
            <addr-element>
              <addr-mnemonic>PARSEMMBPH</addr-mnemonic>
            </addr-element>
            <address-details>
              <p><xref
                href="ig_regdef_reg.xml#ig_regdef/table_IDP_PARSEMMBPH">PARSEMMBPH</xref>
              </p>
            </address-details>
          </register-reference>
          <register-reference audience="MSCCInternal">
            <address>0x01030</address>
            <addr-element>
              <addr-mnemonic>FIRMWAREFLT</addr-mnemonic>
            </addr-element>
            <address-details>
              <p><xref
                href="ig_regdef_reg.xml#ig_regdef/table_IDP_FIRMWAREFLT">FIRMWAREFLT</xref>
              </p>
            </address-details>
          </register-reference>
          <register-reference audience="MSCCInternal">
            <address>0x01100</address>
            <addr-element>
              <addr-mnemonic>RAMSBE21</addr-mnemonic>
            </addr-element>
            <address-details>
              <p><xref
                href="ig_regdef_reg.xml#ig_regdef/table_IDP_RAMSBE21">RAMSBE21</xref>
              </p>
            </address-details>
          </register-reference>
          <register-reference audience="MSCCInternal">
            <address>0x01104</address>
            <addr-element>
              <addr-mnemonic>RAMSBE22</addr-mnemonic>
            </addr-element>
            <address-details>
              <p><xref
                href="ig_regdef_reg.xml#ig_regdef/table_IDP_RAMSBE22">RAMSBE22</xref>
              </p>
            </address-details>
          </register-reference>
          <register-reference audience="MSCCInternal">
            <address>0x01108</address>
            <addr-element>
              <addr-mnemonic>RAMDBE21</addr-mnemonic>
            </addr-element>
            <address-details>
              <p><xref
                href="ig_regdef_reg.xml#ig_regdef/table_IDP_RAMDBE21">RAMDBE21</xref>
              </p>
            </address-details>
          </register-reference>
          <register-reference audience="MSCCInternal">
            <address>0x0110c</address>
            <addr-element>
              <addr-mnemonic>RAMDBE22</addr-mnemonic>
            </addr-element>
            <address-details>
              <p><xref
                href="ig_regdef_reg.xml#ig_regdef/table_IDP_RAMDBE22">RAMDBE22</xref>
              </p>
            </address-details>
          </register-reference>
          <register-reference audience="MSCCInternal">
            <address>0x02000</address>
            <addr-element>
              <addr-mnemonic>GATHER1FLT</addr-mnemonic>
            </addr-element>
            <address-details>
              <p><xref
                href="ig_regdef_reg.xml#ig_regdef/table_IDP_GATHER1FLT">GATHER1FLT</xref>
              </p>
            </address-details>
          </register-reference>
          <register-reference audience="MSCCInternal">
            <address>0x02004</address>
            <addr-element>
              <addr-mnemonic>GATHER2FLT</addr-mnemonic>
            </addr-element>
            <address-details>
              <p><xref
                href="ig_regdef_reg.xml#ig_regdef/table_IDP_GATHER2FLT">GATHER2FLT</xref>
              </p>
            </address-details>
          </register-reference>
          <register-reference audience="MSCCInternal">
            <address>0x02008</address>
            <addr-element>
              <addr-mnemonic>HASH1FLT</addr-mnemonic>
            </addr-element>
            <address-details>
              <p><xref
                href="ig_regdef_reg.xml#ig_regdef/table_IDP_HASH1FLT">HASH1FLT</xref>
              </p>
            </address-details>
          </register-reference>
          <register-reference audience="MSCCInternal">
            <address>0x0200c</address>
            <addr-element>
              <addr-mnemonic>HASH2FLT</addr-mnemonic>
            </addr-element>
            <address-details>
              <p><xref
                href="ig_regdef_reg.xml#ig_regdef/table_IDP_HASH2FLT">HASH2FLT</xref>
              </p>
            </address-details>
          </register-reference>
          <register-reference audience="MSCCInternal">
            <address>0x02018</address>
            <addr-element>
              <addr-mnemonic>ENCR1FLT</addr-mnemonic>
            </addr-element>
            <address-details>
              <p><xref
                href="ig_regdef_reg.xml#ig_regdef/table_IDP_ENCR1FLT">ENCR1FLT</xref>
              </p>
            </address-details>
          </register-reference>
          <register-reference audience="MSCCInternal">
            <address>0x0201c</address>
            <addr-element>
              <addr-mnemonic>ENCR2FLT</addr-mnemonic>
            </addr-element>
            <address-details>
              <p><xref
                href="ig_regdef_reg.xml#ig_regdef/table_IDP_ENCR2FLT">ENCR2FLT</xref>
              </p>
            </address-details>
          </register-reference>
          <register-reference audience="MSCCInternal">
            <address>0x02020</address>
            <addr-element>
              <addr-mnemonic>SCATTER1FLT</addr-mnemonic>
            </addr-element>
            <address-details>
              <p><xref
                href="ig_regdef_reg.xml#ig_regdef/table_IDP_SCATTER1FLT">SCATTER1FLT</xref>
              </p>
            </address-details>
          </register-reference>
          <register-reference audience="MSCCInternal">
            <address>0x02024</address>
            <addr-element>
              <addr-mnemonic>SCATTER2FLT</addr-mnemonic>
            </addr-element>
            <address-details>
              <p><xref
                href="ig_regdef_reg.xml#ig_regdef/table_IDP_SCATTER2FLT">SCATTER2FLT</xref>
              </p>
            </address-details>
          </register-reference>
          <register-reference audience="MSCCInternal">
            <address>0x02028</address>
            <addr-element>
              <addr-mnemonic>CPLFLT</addr-mnemonic>
            </addr-element>
            <address-details>
              <p><xref
                href="ig_regdef_reg.xml#ig_regdef/table_IDP_CPLFLT">CPLFLT</xref>
              </p>
            </address-details>
          </register-reference>
          <register-reference audience="MSCCInternal">
            <address>0x02100</address>
            <addr-element>
              <addr-mnemonic>PARSERDBG1</addr-mnemonic>
            </addr-element>
            <address-details>
              <p><xref
                href="ig_regdef_reg.xml#ig_regdef/table_IDP_PARSERDBG1">PARSERDBG1</xref>
              </p>
            </address-details>
          </register-reference>
          <register-reference audience="MSCCInternal">
            <address>0x02104</address>
            <addr-element>
              <addr-mnemonic>PARSERDBG2</addr-mnemonic>
            </addr-element>
            <address-details>
              <p><xref
                href="ig_regdef_reg.xml#ig_regdef/table_IDP_PARSERDBG2">PARSERDBG2</xref>
              </p>
            </address-details>
          </register-reference>
          <register-reference audience="MSCCInternal">
            <address>0x02200</address>
            <addr-element>
              <addr-mnemonic>GATHER1DBG1</addr-mnemonic>
            </addr-element>
            <address-details>
              <p><xref
                href="ig_regdef_reg.xml#ig_regdef/table_IDP_GATHER1DBG1">GATHER1DBG1</xref>
              </p>
            </address-details>
          </register-reference>
          <register-reference audience="MSCCInternal">
            <address>0x02204</address>
            <addr-element>
              <addr-mnemonic>GATHER2DBG1</addr-mnemonic>
            </addr-element>
            <address-details>
              <p><xref
                href="ig_regdef_reg.xml#ig_regdef/table_IDP_GATHER2DBG1">GATHER2DBG1</xref>
              </p>
            </address-details>
          </register-reference>
          <register-reference audience="MSCCInternal">
            <address>0x02208</address>
            <addr-element>
              <addr-mnemonic>GATHER1DBG2</addr-mnemonic>
            </addr-element>
            <address-details>
              <p><xref
                href="ig_regdef_reg.xml#ig_regdef/table_IDP_GATHER1DBG2">GATHER1DBG2</xref>
              </p>
            </address-details>
          </register-reference>
          <register-reference audience="MSCCInternal">
            <address>0x0220c</address>
            <addr-element>
              <addr-mnemonic>GATHER2DBG2</addr-mnemonic>
            </addr-element>
            <address-details>
              <p><xref
                href="ig_regdef_reg.xml#ig_regdef/table_IDP_GATHER2DBG2">GATHER2DBG2</xref>
              </p>
            </address-details>
          </register-reference>
          <register-reference audience="MSCCInternal">
            <address>0x02210</address>
            <addr-element>
              <addr-mnemonic>GATHER1DBG3</addr-mnemonic>
            </addr-element>
            <address-details>
              <p><xref
                href="ig_regdef_reg.xml#ig_regdef/table_IDP_GATHER1DBG3">GATHER1DBG3</xref>
              </p>
            </address-details>
          </register-reference>
          <register-reference audience="MSCCInternal">
            <address>0x02214</address>
            <addr-element>
              <addr-mnemonic>GATHER2DBG3</addr-mnemonic>
            </addr-element>
            <address-details>
              <p><xref
                href="ig_regdef_reg.xml#ig_regdef/table_IDP_GATHER2DBG3">GATHER2DBG3</xref>
              </p>
            </address-details>
          </register-reference>
          <register-reference audience="MSCCInternal">
            <address>0x02300</address>
            <addr-element>
              <addr-mnemonic>PI11DBG1</addr-mnemonic>
            </addr-element>
            <address-details>
              <p><xref
                href="ig_regdef_reg.xml#ig_regdef/table_IDP_PI11DBG1">PI11DBG1</xref>
              </p>
            </address-details>
          </register-reference>
          <register-reference audience="MSCCInternal">
            <address>0x02304</address>
            <addr-element>
              <addr-mnemonic>PI12DBG1</addr-mnemonic>
            </addr-element>
            <address-details>
              <p><xref
                href="ig_regdef_reg.xml#ig_regdef/table_IDP_PI12DBG1">PI12DBG1</xref>
              </p>
            </address-details>
          </register-reference>
          <register-reference audience="MSCCInternal">
            <address>0x02308</address>
            <addr-element>
              <addr-mnemonic>PI11DBG2</addr-mnemonic>
            </addr-element>
            <address-details>
              <p><xref
                href="ig_regdef_reg.xml#ig_regdef/table_IDP_PI11DBG2">PI11DBG2</xref>
              </p>
            </address-details>
          </register-reference>
          <register-reference audience="MSCCInternal">
            <address>0x0230c</address>
            <addr-element>
              <addr-mnemonic>PI12DBG2</addr-mnemonic>
            </addr-element>
            <address-details>
              <p><xref
                href="ig_regdef_reg.xml#ig_regdef/table_IDP_PI12DBG2">PI12DBG2</xref>
              </p>
            </address-details>
          </register-reference>
          <register-reference audience="MSCCInternal">
            <address>0x02400</address>
            <addr-element>
              <addr-mnemonic>PI21DBG1</addr-mnemonic>
            </addr-element>
            <address-details>
              <p><xref
                href="ig_regdef_reg.xml#ig_regdef/table_IDP_PI21DBG1">PI21DBG1</xref>
              </p>
            </address-details>
          </register-reference>
          <register-reference audience="MSCCInternal">
            <address>0x02404</address>
            <addr-element>
              <addr-mnemonic>PI22DBG1</addr-mnemonic>
            </addr-element>
            <address-details>
              <p><xref
                href="ig_regdef_reg.xml#ig_regdef/table_IDP_PI22DBG1">PI22DBG1</xref>
              </p>
            </address-details>
          </register-reference>
          <register-reference audience="MSCCInternal">
            <address>0x02408</address>
            <addr-element>
              <addr-mnemonic>PI21DBG2</addr-mnemonic>
            </addr-element>
            <address-details>
              <p><xref
                href="ig_regdef_reg.xml#ig_regdef/table_IDP_PI21DBG2">PI21DBG2</xref>
              </p>
            </address-details>
          </register-reference>
          <register-reference audience="MSCCInternal">
            <address>0x0240c</address>
            <addr-element>
              <addr-mnemonic>PI22DBG2</addr-mnemonic>
            </addr-element>
            <address-details>
              <p><xref
                href="ig_regdef_reg.xml#ig_regdef/table_IDP_PI22DBG2">PI22DBG2</xref>
              </p>
            </address-details>
          </register-reference>
          <register-reference audience="MSCCInternal">
            <address>0x02500</address>
            <addr-element>
              <addr-mnemonic>HASH1DBG1</addr-mnemonic>
            </addr-element>
            <address-details>
              <p><xref
                href="ig_regdef_reg.xml#ig_regdef/table_IDP_HASH1DBG1">HASH1DBG1</xref>
              </p>
            </address-details>
          </register-reference>
          <register-reference audience="MSCCInternal">
            <address>0x02504</address>
            <addr-element>
              <addr-mnemonic>HASH2DBG1</addr-mnemonic>
            </addr-element>
            <address-details>
              <p><xref
                href="ig_regdef_reg.xml#ig_regdef/table_IDP_HASH2DBG1">HASH2DBG1</xref>
              </p>
            </address-details>
          </register-reference>
          <register-reference audience="MSCCInternal">
            <address>0x02508</address>
            <addr-element>
              <addr-mnemonic>HASH1DBG2</addr-mnemonic>
            </addr-element>
            <address-details>
              <p><xref
                href="ig_regdef_reg.xml#ig_regdef/table_IDP_HASH1DBG2">HASH1DBG2</xref>
              </p>
            </address-details>
          </register-reference>
          <register-reference audience="MSCCInternal">
            <address>0x0250c</address>
            <addr-element>
              <addr-mnemonic>HASH2DBG2</addr-mnemonic>
            </addr-element>
            <address-details>
              <p><xref
                href="ig_regdef_reg.xml#ig_regdef/table_IDP_HASH2DBG2">HASH2DBG2</xref>
              </p>
            </address-details>
          </register-reference>
          <register-reference audience="MSCCInternal">
            <address>0x02510</address>
            <addr-element>
              <addr-mnemonic>HASH1DBG3</addr-mnemonic>
            </addr-element>
            <address-details>
              <p><xref
                href="ig_regdef_reg.xml#ig_regdef/table_IDP_HASH1DBG3">HASH1DBG3</xref>
              </p>
            </address-details>
          </register-reference>
          <register-reference audience="MSCCInternal">
            <address>0x02514</address>
            <addr-element>
              <addr-mnemonic>HASH2DBG3</addr-mnemonic>
            </addr-element>
            <address-details>
              <p><xref
                href="ig_regdef_reg.xml#ig_regdef/table_IDP_HASH2DBG3">HASH2DBG3</xref>
              </p>
            </address-details>
          </register-reference>
          <register-reference audience="MSCCInternal">
            <address>0x02518</address>
            <addr-element>
              <addr-mnemonic>HASH1DBG4</addr-mnemonic>
            </addr-element>
            <address-details>
              <p><xref
                href="ig_regdef_reg.xml#ig_regdef/table_IDP_HASH1DBG4">HASH1DBG4</xref>
              </p>
            </address-details>
          </register-reference>
          <register-reference audience="MSCCInternal">
            <address>0x0251c</address>
            <addr-element>
              <addr-mnemonic>HASH2DBG4</addr-mnemonic>
            </addr-element>
            <address-details>
              <p><xref
                href="ig_regdef_reg.xml#ig_regdef/table_IDP_HASH2DBG4">HASH2DBG4</xref>
              </p>
            </address-details>
          </register-reference>
          <register-reference audience="MSCCInternal">
            <address>0x02520</address>
            <addr-element>
              <addr-mnemonic>HASH1ENG0DBG1</addr-mnemonic>
            </addr-element>
            <address-details>
              <p><xref
                href="ig_regdef_reg.xml#ig_regdef/table_IDP_HASH1ENG0DBG1">HASH1ENG0DBG1</xref>
              </p>
            </address-details>
          </register-reference>
          <register-reference audience="MSCCInternal">
            <address>0x02524</address>
            <addr-element>
              <addr-mnemonic>HASH2ENG0DBG1</addr-mnemonic>
            </addr-element>
            <address-details>
              <p><xref
                href="ig_regdef_reg.xml#ig_regdef/table_IDP_HASH2ENG0DBG1">HASH2ENG0DBG1</xref>
              </p>
            </address-details>
          </register-reference>
          <register-reference audience="MSCCInternal">
            <address>0x02528</address>
            <addr-element>
              <addr-mnemonic>HASH1ENG1DBG1</addr-mnemonic>
            </addr-element>
            <address-details>
              <p><xref
                href="ig_regdef_reg.xml#ig_regdef/table_IDP_HASH1ENG1DBG1">HASH1ENG1DBG1</xref>
              </p>
            </address-details>
          </register-reference>
          <register-reference audience="MSCCInternal">
            <address>0x0252c</address>
            <addr-element>
              <addr-mnemonic>HASH2ENG1DBG1</addr-mnemonic>
            </addr-element>
            <address-details>
              <p><xref
                href="ig_regdef_reg.xml#ig_regdef/table_IDP_HASH2ENG1DBG1">HASH2ENG1DBG1</xref>
              </p>
            </address-details>
          </register-reference>
          <register-reference audience="MSCCInternal">
            <address>0x02700</address>
            <addr-element>
              <addr-mnemonic>ENCR1DBG1</addr-mnemonic>
            </addr-element>
            <address-details>
              <p><xref
                href="ig_regdef_reg.xml#ig_regdef/table_IDP_ENCR1DBG1">ENCR1DBG1</xref>
              </p>
            </address-details>
          </register-reference>
          <register-reference audience="MSCCInternal">
            <address>0x02704</address>
            <addr-element>
              <addr-mnemonic>ENCR2DBG1</addr-mnemonic>
            </addr-element>
            <address-details>
              <p><xref
                href="ig_regdef_reg.xml#ig_regdef/table_IDP_ENCR2DBG1">ENCR2DBG1</xref>
              </p>
            </address-details>
          </register-reference>
          <register-reference audience="MSCCInternal">
            <address>0x02708</address>
            <addr-element>
              <addr-mnemonic>ENCR1DBG2</addr-mnemonic>
            </addr-element>
            <address-details>
              <p><xref
                href="ig_regdef_reg.xml#ig_regdef/table_IDP_ENCR1DBG2">ENCR1DBG2</xref>
              </p>
            </address-details>
          </register-reference>
          <register-reference audience="MSCCInternal">
            <address>0x0270c</address>
            <addr-element>
              <addr-mnemonic>ENCR2DBG2</addr-mnemonic>
            </addr-element>
            <address-details>
              <p><xref
                href="ig_regdef_reg.xml#ig_regdef/table_IDP_ENCR2DBG2">ENCR2DBG2</xref>
              </p>
            </address-details>
          </register-reference>
          <register-reference audience="MSCCInternal">
            <address>0x02710</address>
            <addr-element>
              <addr-mnemonic>ENCR1DBG3</addr-mnemonic>
            </addr-element>
            <address-details>
              <p><xref
                href="ig_regdef_reg.xml#ig_regdef/table_IDP_ENCR1DBG3">ENCR1DBG3</xref>
              </p>
            </address-details>
          </register-reference>
          <register-reference audience="MSCCInternal">
            <address>0x02714</address>
            <addr-element>
              <addr-mnemonic>ENCR2DBG3</addr-mnemonic>
            </addr-element>
            <address-details>
              <p><xref
                href="ig_regdef_reg.xml#ig_regdef/table_IDP_ENCR2DBG3">ENCR2DBG3</xref>
              </p>
            </address-details>
          </register-reference>
          <register-reference audience="MSCCInternal">
            <address>0x02800</address>
            <addr-element>
              <addr-mnemonic>SCATTER1DBG1</addr-mnemonic>
            </addr-element>
            <address-details>
              <p><xref
                href="ig_regdef_reg.xml#ig_regdef/table_IDP_SCATTER1DBG1">SCATTER1DBG1</xref>
              </p>
            </address-details>
          </register-reference>
          <register-reference audience="MSCCInternal">
            <address>0x02804</address>
            <addr-element>
              <addr-mnemonic>SCATTER2DBG1</addr-mnemonic>
            </addr-element>
            <address-details>
              <p><xref
                href="ig_regdef_reg.xml#ig_regdef/table_IDP_SCATTER2DBG1">SCATTER2DBG1</xref>
              </p>
            </address-details>
          </register-reference>
          <register-reference audience="MSCCInternal">
            <address>0x02808</address>
            <addr-element>
              <addr-mnemonic>SCATTER1DBG2</addr-mnemonic>
            </addr-element>
            <address-details>
              <p><xref
                href="ig_regdef_reg.xml#ig_regdef/table_IDP_SCATTER1DBG2">SCATTER1DBG2</xref>
              </p>
            </address-details>
          </register-reference>
          <register-reference audience="MSCCInternal">
            <address>0x0280c</address>
            <addr-element>
              <addr-mnemonic>SCATTER2DBG2</addr-mnemonic>
            </addr-element>
            <address-details>
              <p><xref
                href="ig_regdef_reg.xml#ig_regdef/table_IDP_SCATTER2DBG2">SCATTER2DBG2</xref>
              </p>
            </address-details>
          </register-reference>
          <register-reference audience="MSCCInternal">
            <address>0x02810</address>
            <addr-element>
              <addr-mnemonic>SCATTER1DBG3</addr-mnemonic>
            </addr-element>
            <address-details>
              <p><xref
                href="ig_regdef_reg.xml#ig_regdef/table_IDP_SCATTER1DBG3">SCATTER1DBG3</xref>
              </p>
            </address-details>
          </register-reference>
          <register-reference audience="MSCCInternal">
            <address>0x02814</address>
            <addr-element>
              <addr-mnemonic>SCATTER2DBG3</addr-mnemonic>
            </addr-element>
            <address-details>
              <p><xref
                href="ig_regdef_reg.xml#ig_regdef/table_IDP_SCATTER2DBG3">SCATTER2DBG3</xref>
              </p>
            </address-details>
          </register-reference>
          <register-reference audience="MSCCInternal">
            <address>0x02818</address>
            <addr-element>
              <addr-mnemonic>SCATTER1DBG4</addr-mnemonic>
            </addr-element>
            <address-details>
              <p><xref
                href="ig_regdef_reg.xml#ig_regdef/table_IDP_SCATTER1DBG4">SCATTER1DBG4</xref>
              </p>
            </address-details>
          </register-reference>
          <register-reference audience="MSCCInternal">
            <address>0x0281c</address>
            <addr-element>
              <addr-mnemonic>SCATTER2DBG4</addr-mnemonic>
            </addr-element>
            <address-details>
              <p><xref
                href="ig_regdef_reg.xml#ig_regdef/table_IDP_SCATTER2DBG4">SCATTER2DBG4</xref>
              </p>
            </address-details>
          </register-reference>
          <register-reference audience="MSCCInternal">
            <address>0x02900</address>
            <addr-element>
              <addr-mnemonic>CPLDBG1</addr-mnemonic>
            </addr-element>
            <address-details>
              <p><xref
                href="ig_regdef_reg.xml#ig_regdef/table_IDP_CPLDBG1">CPLDBG1</xref>
              </p>
            </address-details>
          </register-reference>
          <register-reference audience="MSCCInternal">
            <address>0x02904</address>
            <addr-element>
              <addr-mnemonic>CPLDBG2</addr-mnemonic>
            </addr-element>
            <address-details>
              <p><xref
                href="ig_regdef_reg.xml#ig_regdef/table_IDP_CPLDBG2">CPLDBG2</xref>
              </p>
            </address-details>
          </register-reference>
          <register-reference audience="MSCCInternal">
            <address>0x04000</address>
            <addr-element>
              <addr-mnemonic>STATSCTL</addr-mnemonic>
            </addr-element>
            <address-details>
              <p><xref
                href="ig_regdef_reg.xml#ig_regdef/table_IDP_STATSCTL">STATSCTL</xref>
              </p>
            </address-details>
          </register-reference>
          <register-reference audience="MSCCInternal">
            <address>0x04004</address>
            <addr-element>
              <addr-mnemonic>STATSSTOPCNT</addr-mnemonic>
            </addr-element>
            <address-details>
              <p><xref
                href="ig_regdef_reg.xml#ig_regdef/table_IDP_STATSSTOPCNT">STATSSTOPCNT</xref>
              </p>
            </address-details>
          </register-reference>
          <register-reference audience="MSCCInternal">
            <address>0x04010</address>
            <addr-element>
              <addr-mnemonic>CYCLECNT</addr-mnemonic>
            </addr-element>
            <address-details>
              <p><xref
                href="ig_regdef_reg.xml#ig_regdef/table_IDP_CYCLECNT">CYCLECNT</xref>
              </p>
            </address-details>
          </register-reference>
          <register-reference audience="MSCCInternal">
            <address>0x04020</address>
            <addr-element>
              <addr-mnemonic>IMSGACKCNT</addr-mnemonic>
            </addr-element>
            <address-details>
              <p><xref
                href="ig_regdef_reg.xml#ig_regdef/table_IDP_IMSGACKCNT">IMSGACKCNT</xref>
              </p>
            </address-details>
          </register-reference>
          <register-reference audience="MSCCInternal">
            <address>0x04024</address>
            <addr-element>
              <addr-mnemonic>IMSGNAKCNT</addr-mnemonic>
            </addr-element>
            <address-details>
              <p><xref
                href="ig_regdef_reg.xml#ig_regdef/table_IDP_IMSGNAKCNT">IMSGNAKCNT</xref>
              </p>
            </address-details>
          </register-reference>
          <register-reference audience="MSCCInternal">
            <address>0x04028</address>
            <addr-element>
              <addr-mnemonic>OMSGACKCNT</addr-mnemonic>
            </addr-element>
            <address-details>
              <p><xref
                href="ig_regdef_reg.xml#ig_regdef/table_IDP_OMSGACKCNT">OMSGACKCNT</xref>
              </p>
            </address-details>
          </register-reference>
          <register-reference audience="MSCCInternal">
            <address>0x0402c</address>
            <addr-element>
              <addr-mnemonic>OMSGNAKCNT</addr-mnemonic>
            </addr-element>
            <address-details>
              <p><xref
                href="ig_regdef_reg.xml#ig_regdef/table_IDP_OMSGNAKCNT">OMSGNAKCNT</xref>
              </p>
            </address-details>
          </register-reference>
          <register-reference audience="MSCCInternal">
            <address>0x04030</address>
            <addr-element>
              <addr-mnemonic>RAMRDRDYCNT</addr-mnemonic>
            </addr-element>
            <address-details>
              <p><xref
                href="ig_regdef_reg.xml#ig_regdef/table_IDP_RAMRDRDYCNT">RAMRDRDYCNT</xref>
              </p>
            </address-details>
          </register-reference>
          <register-reference audience="MSCCInternal">
            <address>0x04034</address>
            <addr-element>
              <addr-mnemonic>RAMRDWAITCNT</addr-mnemonic>
            </addr-element>
            <address-details>
              <p><xref
                href="ig_regdef_reg.xml#ig_regdef/table_IDP_RAMRDWAITCNT">RAMRDWAITCNT</xref>
              </p>
            </address-details>
          </register-reference>
          <register-reference audience="MSCCInternal">
            <address>0x04040</address>
            <addr-element>
              <addr-mnemonic>BRMWRRDYCNT</addr-mnemonic>
            </addr-element>
            <address-details>
              <p><xref
                href="ig_regdef_reg.xml#ig_regdef/table_IDP_BRMWRRDYCNT">BRMWRRDYCNT</xref>
              </p>
            </address-details>
          </register-reference>
          <register-reference audience="MSCCInternal">
            <address>0x04044</address>
            <addr-element>
              <addr-mnemonic>BRMWRWAITCNT</addr-mnemonic>
            </addr-element>
            <address-details>
              <p><xref
                href="ig_regdef_reg.xml#ig_regdef/table_IDP_BRMWRWAITCNT">BRMWRWAITCNT</xref>
              </p>
            </address-details>
          </register-reference>
          <register-reference audience="MSCCInternal">
            <address>0x04050</address>
            <addr-element>
              <addr-mnemonic>DRMWRRDYCNT</addr-mnemonic>
            </addr-element>
            <address-details>
              <p><xref
                href="ig_regdef_reg.xml#ig_regdef/table_IDP_DRMWRRDYCNT">DRMWRRDYCNT</xref>
              </p>
            </address-details>
          </register-reference>
          <register-reference audience="MSCCInternal">
            <address>0x04054</address>
            <addr-element>
              <addr-mnemonic>DRMWRWAITCNT</addr-mnemonic>
            </addr-element>
            <address-details>
              <p><xref
                href="ig_regdef_reg.xml#ig_regdef/table_IDP_DRMWRWAITCNT">DRMWRWAITCNT</xref>
              </p>
            </address-details>
          </register-reference>
          <register-reference audience="MSCCInternal">
            <address>0x04060</address>
            <addr-element>
              <addr-mnemonic>IOPCPLCNT</addr-mnemonic>
            </addr-element>
            <address-details>
              <p><xref
                href="ig_regdef_reg.xml#ig_regdef/table_IDP_IOPCPLCNT">IOPCPLCNT</xref>
              </p>
            </address-details>
          </register-reference>
          <register-reference>
            <address>0xc0000</address>
            <addr-element>
              <address-prefix>IMQ[x]</address-prefix>
              <instances>
                <instance>
                  <instance-start>0</instance-start>
                  <instance-stop>19</instance-stop>
                </instance>
              </instances>
            </addr-element>
            <address-details>
              <p><xref
                href="mif_ibq_addr.xml#ibq_addr/table_IMQ_Table_0j33kjmbs"></xref>
              </p>
            </address-details>
          </register-reference>
          <register-reference>
            <address>0xc1000</address>
            <addr-element>
              <address-prefix>OMQ[x]</address-prefix>
              <instances>
                <instance>
                  <instance-start>0</instance-start>
                  <instance-stop>51</instance-stop>
                </instance>
              </instances>
            </addr-element>
            <address-details>
              <p><xref
                href="mif_obq_addr.xml#obq_addr/table_OMQ_Table_0j33pa4bu"></xref>
              </p>
            </address-details>
          </register-reference>
          <register-reference>
            <address>0xc2000</address>
            <addr-element>
              <address-prefix>QG</address-prefix>
            </addr-element>
            <address-details>
              <p><xref
                href="mif_group_addr.xml#queue_addr/table_MIF_CSR_Address_Table_fitltbioq"></xref>
              </p>
            </address-details>
          </register-reference>
        </address-map>
      </tgroup>
    </table>
  </body>
</topic>
