<?xml version="1.0" encoding="UTF-8"?>
<!-- Date Stamp: Thu Mar 19 10:47:48 PDT 2020 -->
<!DOCTYPE topic PUBLIC "-//OASIS//DTD DITA 1.2 Topic//EN"
"topic.dtd">
<topic base="base" id="itp_vm_csrs">
  <title>SR-IOV Virtual to Physical Mapping</title>

  <body>
    <p>The following describes the Submission and Completion Queue, and Completion Interrupt Vector, Virtual to physical mapping registers.</p>

    <table id="table_AI_MAPVFSQ">
      <title><reg-name-main verilog="MAPVFSQ">MAPVFSQ[0:1024]</reg-name-main> -
      <reg-desc>Map Virtual Function and Queue to physical Submission Queue</reg-desc></title>
      <tgroup cols="5">
        <colspec colname="A" colwidth="111*"/>
        <colspec colname="B" colwidth="144*"/>
        <colspec colname="C" colwidth="101*"/>
        <colspec colname="D" colwidth="87*"/>
        <colspec colname="E" colwidth="557*"/>
        <thead>
          <row>
            <entry><p>Bit Field</p></entry>
            <entry><p>Field Name</p></entry>
            <entry><p>Type</p></entry>
            <entry><p>Default Value</p></entry>
            <entry><p>Description</p></entry>
          </row>
        </thead>

        <reg-def>
          <field>
            <field-bits>
              <double>
                <msb>31</msb>
                <lsb>20</lsb>
              </double>
            </field-bits>
            <field-name verilog="RESERVED">RESERVED</field-name>
            <field-type>RO</field-type>
            <field-default>0x0</field-default>
            <field-desc>
              <p/>
            </field-desc>
          </field>

          <field>
            <field-bits>
              <double>
                <msb>19</msb>
                <lsb>11</lsb>
              </double>
            </field-bits>
            <field-name verilog="VF">VF</field-name>
            <field-type>RW</field-type>
            <field-default>0x100</field-default>
            <field-desc>
              <p><b>Virtual Function</b></p>
              <p>This field indicates the virtual function that this physical queue maps to.</p>
              <p>Valid values are: 0-255 (SR-IOV: SRIOVNRR* and SRIOVMSIXT*), 256 (default: not-in-use), 
              257-319 (physical functions: EFNRR*[0:62], EFMSIXT*[0:62]), 496 (IMS table: IMS*) and 
              511 (physical functions: FNRR*, FANRR* and FMSIXT*). Other values are reserved.</p>
              <p>The default reset value is 256 (not-in-use). If a doorbell is written while not-in-use, then the TLP is forwarded to the processor interface.</p>
              <p>Note that in non-SR-IOV operation all queues should be mapped to 511 (physical function).</p>
            </field-desc>
          </field>

          <field>
            <field-bits>
              <double>
                <msb>10</msb>
                <lsb>0</lsb>
              </double>
            </field-bits>
            <field-name verilog="VQ">VQ</field-name>
            <field-type>RW</field-type>
            <field-default>0x0</field-default>
            <field-desc>
              <p><b>Virtual Queue</b></p>
              <p>This field indicates the virtual queue that this physical queue maps to.</p>
            </field-desc>
          </field>
        </reg-def>
      </tgroup>
    </table>

    <table id="table_AI_MAPVFCQ">
      <title><reg-name-main verilog="MAPVFCQ">MAPVFCQ[0:1024]</reg-name-main> -
      <reg-desc>Map Virtual Function and Queue to physical Completion Queue</reg-desc></title>
      <tgroup cols="5">
        <colspec colname="A" colwidth="111*"/>
        <colspec colname="B" colwidth="144*"/>
        <colspec colname="C" colwidth="101*"/>
        <colspec colname="D" colwidth="87*"/>
        <colspec colname="E" colwidth="557*"/>
        <thead>
          <row>
            <entry><p>Bit Field</p></entry>
            <entry><p>Field Name</p></entry>
            <entry><p>Type</p></entry>
            <entry><p>Default Value</p></entry>
            <entry><p>Description</p></entry>
          </row>
        </thead>

        <reg-def>
          <field>
            <field-bits>
              <double>
                <msb>31</msb>
                <lsb>20</lsb>
              </double>
            </field-bits>
            <field-name verilog="RESERVED">RESERVED</field-name>
            <field-type>RO</field-type>
            <field-default>0x0</field-default>
            <field-desc>
              <p/>
            </field-desc>
          </field>

          <field>
            <field-bits>
              <double>
                <msb>19</msb>
                <lsb>11</lsb>
              </double>
            </field-bits>
            <field-name verilog="VF">VF</field-name>
            <field-type>RW</field-type>
            <field-default>0x100</field-default>
            <field-desc>
              <p><b>Virtual Function</b></p>
              <p>This field indicates the virtual function that this physical queue maps to.</p>
              <p>Valid values are: 0-255 (SR-IOV: SRIOVNRR* and SRIOVMSIXT*), 256 (default: not-in-use), 
              257-319 (physical functions: EFNRR*[0:62], EFMSIXT*[0:62]), 496 (IMS table: IMS*) and 
              511 (physical functions: FNRR*, FANRR* and FMSIXT*). Other values are reserved.</p>
              <p>The default reset value is 256 (not-in-use). If a doorbell is written while not-in-use, then the TLP is forwarded to the processor interface.</p>
              <p>Note that in non-SR-IOV operation all queues should be mapped to 511 (physical function).</p>
            </field-desc>
          </field>

          <field>
            <field-bits>
              <double>
                <msb>10</msb>
                <lsb>0</lsb>
              </double>
            </field-bits>
            <field-name verilog="VQ">VQ</field-name>
            <field-type>RW</field-type>
            <field-default>0x0</field-default>
            <field-desc>
              <p><b>Virtual Queue</b></p>
              <p>This field indicates the virtual queue that this physical queue maps to.</p>
            </field-desc>
          </field>
        </reg-def>
      </tgroup>
    </table>

    <table id="table_AI_MAPVFV">
      <title><reg-name-main verilog="MAPVFV">MAPVFV[0:1024]</reg-name-main> -
      <reg-desc>Map Virtual Function and Vector to physical Completion Interrupt Vector</reg-desc></title>
      <tgroup cols="5">
        <colspec colname="A" colwidth="111*"/>
        <colspec colname="B" colwidth="144*"/>
        <colspec colname="C" colwidth="101*"/>
        <colspec colname="D" colwidth="87*"/>
        <colspec colname="E" colwidth="557*"/>
        <thead>
          <row>
            <entry><p>Bit Field</p></entry>
            <entry><p>Field Name</p></entry>
            <entry><p>Type</p></entry>
            <entry><p>Default Value</p></entry>
            <entry><p>Description</p></entry>
          </row>
        </thead>

        <reg-def>
          <field>
            <field-bits>
              <double>
                <msb>31</msb>
                <lsb>20</lsb>
              </double>
            </field-bits>
            <field-name verilog="RESERVED">RESERVED</field-name>
            <field-type>RO</field-type>
            <field-default>0x0</field-default>
            <field-desc>
              <p/>
            </field-desc>
          </field>

          <field>
            <field-bits>
              <double>
                <msb>19</msb>
                <lsb>11</lsb>
              </double>
            </field-bits>
            <field-name verilog="VF">VF</field-name>
            <field-type>RW</field-type>
            <field-default>0x100</field-default>
            <field-desc>
              <p><b>Virtual Function</b></p>
              <p>This field indicates the virtual function that this physical vector maps to.</p>
              <p>Valid values are: 0-255 (SR-IOV: SRIOVNRR* and SRIOVMSIXT*), 256 (default: not-in-use), 
              257-319 (physical functions: EFNRR*[0:62], EFMSIXT*[0:62]), 496 (IMS table: IMS*) and 
              511 (physical functions: FNRR*, FANRR* and FMSIXT*). Other values are reserved.</p>
              <p>The default reset value is 256 (not-in-use). If a doorbell is written while not-in-use, then the TLP is forwarded to the processor interface.</p>
              <p>Note that in non-SR-IOV operation all vectors should be mapped to 511 (physical function).</p>
            </field-desc>
          </field>

          <field>
            <field-bits>
              <double>
                <msb>10</msb>
                <lsb>0</lsb>
              </double>
            </field-bits>
            <field-name verilog="VV">VV</field-name>
            <field-type>RW</field-type>
            <field-default>0x0</field-default>
            <field-desc>
              <p><b>Virtual Vector</b></p>
              <p>This field indicates the virtual completion interrupt that this physical vector maps to.</p>
            </field-desc>
          </field>
        </reg-def>
      </tgroup>
    </table>

    <p/>
  </body>
</topic>
