<?xml version="1.0" encoding="UTF-8"?>
<!-- Date Stamp: Tue Mar 22 10:34:11 PDT 2022 -->
<!DOCTYPE topic PUBLIC "-//OASIS//DTD DITA 1.2 Topic//EN"
"topic.dtd">
<topic base="base" id="le_address">
  <title/>

  <body>
    <p/>

    <table id="table_LE_Table_1jlrc432s">
      <?guidance Define the location (address-major) and offset (address-minor) first. Define the mnemonic and link to the register in the Mnemonic column. 
In the Description column add a second link to the register table and add any extra detail. ?>

      <title>LE Table</title>

      <tgroup cols="3">
        <colspec colwidth="148*"/>

        <colspec colwidth="218*"/>

        <colspec colwidth="634*"/>

        <thead>
          <row>
            <entry><p>Offset Address</p></entry>

            <entry><p>Register Mnemonic </p></entry>

            <entry><p>Register Description </p></entry>
          </row>
        </thead>

        <address-map>
          <register-reference>
            <address>0x0</address>

            <addr-element>
              <addr-mnemonic>CTL</addr-mnemonic>
            </addr-element>

            <address-details>
              <p><xref
              href="le_registers_general.xml#le_registers_general/table_LE_CTL_-_List_Engine_Control_cj6mxcos7">LE_CTL</xref></p>
            </address-details>
          </register-reference>

          <register-reference>
            <address>0x4</address>

            <addr-element>
              <addr-mnemonic>STS</addr-mnemonic>
            </addr-element>

            <address-details>
              <p><xref
              href="le_registers_general.xml#le_registers_general/table_LE_STS_-_List_Engine_Status_dj6mxcos7">LE_STS</xref></p>
            </address-details>
          </register-reference>

          <register-reference>
            <address>0x8</address>

            <addr-element>
              <addr-mnemonic>BASEL</addr-mnemonic>
            </addr-element>

            <address-details>
              <p><xref
              href="le_registers_general.xml#le_registers_general/table_LE_BASEL_-_List_Engine_Base_Address_Low_0ja3fwort">LE_BASEL</xref></p>
            </address-details>
          </register-reference>

          <register-reference>
            <address>0xc</address>

            <addr-element>
              <addr-mnemonic>BASEH</addr-mnemonic>
            </addr-element>

            <address-details>
              <p><xref
              href="le_registers_general.xml#le_registers_general/table_LE_BASEH_-_List_Engine_Base_Address_High_1ja3fwort">LE_BASEH</xref></p>
            </address-details>
          </register-reference>

          <register-reference>
            <address>0x10</address>

            <addr-element>
              <addr-mnemonic>LIMITL</addr-mnemonic>
            </addr-element>

            <address-details>
              <p><xref
              href="le_registers_general.xml#le_registers_general/table_LE_LIMITL_-_List_Engine_Limit_Address_Lo_2ja3fworu">LE_LIMITL</xref></p>
            </address-details>
          </register-reference>

          <register-reference>
            <address>0x14</address>

            <addr-element>
              <addr-mnemonic>LIMITH</addr-mnemonic>
            </addr-element>

            <address-details>
              <p><xref
              href="le_registers_general.xml#le_registers_general/table_LE_LIMITH_-_List_Engine_Limit_Address_Hi_3ja3fworu">LE_LIMITH</xref></p>
            </address-details>
          </register-reference>

          <register-reference>
            <address>0x20</address>

            <addr-element>
              <addr-mnemonic>UCERRSTS</addr-mnemonic>
            </addr-element>

            <address-details>
              <p><xref
              href="le_registers_error.xml#le_registers_error/table_LE_UERRSTS_-_List_Engine_Uncorrected_Err_hj6mxfanx">LE_UERRSTS</xref></p>
            </address-details>
          </register-reference>

          <register-reference>
            <address>0x24</address>

            <addr-element>
              <addr-mnemonic>UCERRMSK</addr-mnemonic>
            </addr-element>

            <address-details>
              <p><xref
              href="le_registers_error.xml#le_registers_error/table_LE_UERRMSK_-_List_Engine_Uncorrected_Err_ij6mxfanx">LE_UERRMSK</xref></p>
            </address-details>
          </register-reference>

          <register-reference>
            <address>0x28</address>

            <addr-element>
              <addr-mnemonic>UCERRSWTGR</addr-mnemonic>
            </addr-element>

            <address-details>
              <p><xref
              href="le_registers_error.xml#le_registers_error/table_LE_UERRSWTGR_-_List_Engine_Uncorrected_E_jj6mxfanx">LE_UERRSWTGR</xref></p>
            </address-details>
          </register-reference>

          <register-reference>
            <address>0x2c</address>

            <addr-element>
              <addr-mnemonic>CERRSTS</addr-mnemonic>
            </addr-element>

            <address-details>
              <p><xref
              href="le_registers_error.xml#le_registers_error/table_LE_CERRSTS_-_List_Engine_Corrected_Error_kj6mxfanx">LE_CERRSTS</xref></p>
            </address-details>
          </register-reference>

          <register-reference>
            <address>0x30</address>

            <addr-element>
              <addr-mnemonic>CERRMSK</addr-mnemonic>
            </addr-element>

            <address-details>
              <p><xref
              href="le_registers_error.xml#le_registers_error/table_LE_CERRMSK_-_List_Engine_Corrected_Error_lj6mxfanx">LE_CERRMSK</xref></p>
            </address-details>
          </register-reference>

          <register-reference audience="MSCCInternal">
            <address>0x34</address>

            <addr-element>
              <addr-mnemonic>CERRSWTGR</addr-mnemonic>
            </addr-element>

            <address-details>
              <p><xref
              href="le_registers_error.xml#le_registers_error/table_LE_CERRSWTGR_-_List_Engine_Corrected_Err_mj6mxfanx">LE_CERRSWTGR</xref></p>
            </address-details>
          </register-reference>

          <register-reference audience="MSCCInternal">
            <address>0x38</address>

            <addr-element>
              <addr-mnemonic>AUTDISMSK</addr-mnemonic>
            </addr-element>

            <address-details>
              <p><xref
              href="le_registers_error.xml#le_registers_error/table_LE_ADMSK_-_List_Engine_Autonomous_Disabl_nj6mxfanx">LE_ADMSK</xref></p>
            </address-details>
          </register-reference>

          <register-reference audience="MSCCInternal">
            <address>0x3c</address>

            <addr-element>
              <addr-mnemonic>ERRINJ</addr-mnemonic>
            </addr-element>

            <address-details>
              <p><xref
              href="le_registers_error.xml#le_registers_error/table_LE_ERRINJ_-_List_Engine_Error_Injection_oj6mxfanx">LE_ERRINJ</xref></p>
            </address-details>
          </register-reference>

          <register-reference audience="MSCCInternal">
            <address>0x40</address>

            <addr-element>
              <addr-mnemonic>PWRCTL</addr-mnemonic>
            </addr-element>

            <address-details>
              <p><xref
              href="le_registers_general.xml#le_registers_general/table_LE_PWRCTL_-_List_Engine_Power_Control_ej6mxcos7">LE_PWRCTL</xref></p>
            </address-details>
          </register-reference>

          <register-reference audience="MSCCInternal">
            <address>0x44</address>

            <addr-element>
              <addr-mnemonic>MSGSTS</addr-mnemonic>
            </addr-element>

            <address-details>
              <p><xref
              href="le_registers_general.xml#le_registers_general/table_LE_MSGSTS_-_List_Engine_Message_Status_fj6mxcos7">LE_MSGSTS</xref></p>
            </address-details>
          </register-reference>

          <register-reference audience="MSCCInternal">
            <address>0x48</address>

            <addr-element>
              <addr-mnemonic>MALFORM</addr-mnemonic>
            </addr-element>

            <address-details>
              <p><xref
              href="le_registers_error.xml#le_registers_error/table_LE_MALFORM_-_List_Engine_Malformed_Messa_0j6ysf9e2">LE_MALFORM</xref></p>
            </address-details>
          </register-reference>

          <register-reference audience="MSCCInternal">
            <address>0x4c</address>

            <addr-element>
              <addr-mnemonic>MSGCNT</addr-mnemonic>
            </addr-element>

            <address-details>
              <p><xref
              href="le_registers_general.xml#le_registers_general/table_LE_MSGCNT_-_List_Engine_Message_Counter_rj6yr4gsv">LE_MSGCNT</xref></p>
            </address-details>
          </register-reference>

          <register-reference audience="MSCCInternal">
            <address>0x50</address>

            <addr-element>
              <addr-mnemonic>ENDLYCNT</addr-mnemonic>
            </addr-element>

            <address-details>
              <p><xref
              href="le_registers_general.xml#le_registers_general/table_LE_ENDLYCNT_-_List_Engine_Enable_Delay_C_0j71iyxz3">LE_ENDLYCNT</xref></p>
            </address-details>
          </register-reference>

          <register-reference audience="MSCCInternal">
            <address>0x54</address>

            <addr-element>
              <addr-mnemonic>LASTOP</addr-mnemonic>
            </addr-element>

            <address-details>
              <p><xref
              href="le_registers_general.xml#le_registers_general/table_LE_LASTOP_-_List_Engine_Most_Recent_Oper_1j93vmori">LE_LASTOP</xref></p>
            </address-details>
          </register-reference>

          <register-reference audience="MSCCInternal">
            <address>0x58</address>

            <addr-element>
              <addr-mnemonic>CACHESEL</addr-mnemonic>
            </addr-element>

            <address-details>
              <p><xref
              href="le_registers_general.xml#le_registers_general/table_LE_CACHESEL_-_List_Engine_Cache_Line_Sel_6ja3hjj9l">LE_CACHESEL</xref></p>
            </address-details>
          </register-reference>

          <register-reference audience="MSCCInternal">
            <address>0x5c</address>

            <addr-element>
              <addr-mnemonic>CACHEINFOL</addr-mnemonic>
            </addr-element>

            <address-details>
              <p><xref
              href="le_registers_general.xml#le_registers_general/table_LE_CACHEINFOL_-_List_Engine_Cache_Line_I_7ja3hzww8">LE_CACHEINFOL</xref></p>
            </address-details>
          </register-reference>

          <register-reference audience="MSCCInternal">
            <address>0x60</address>

            <addr-element>
              <addr-mnemonic>CACHEINFOH</addr-mnemonic>
            </addr-element>

            <address-details>
              <p><xref
              href="le_registers_general.xml#le_registers_general/table_LE_CACHEINFOH_-_List_Engine_Cache_Line_I_8ja3nn0bm">LE_CACHEINFOH</xref></p>
            </address-details>
          </register-reference>

          <register-reference audience="MSCCInternal">
            <address>0x64</address>

            <addr-element>
              <addr-mnemonic>IDSWADDRL</addr-mnemonic>
            </addr-element>

            <address-details>
              <p><xref
              href="le_registers_general.xml#le_registers_general/table_LE_IDSWADDRL_-_List_Engine_BRAM_DDR_Swit_0jdi8thfn">LE_IDSWADDRL</xref></p>
            </address-details>
          </register-reference>

          <register-reference audience="MSCCInternal">
            <address>0x68</address>

            <addr-element>
              <addr-mnemonic>IDSWADDRH</addr-mnemonic>
            </addr-element>

            <address-details>
              <p><xref
              href="le_registers_general.xml#le_registers_general/table_LE_IDSWADDRH_-_List_Engine_BRAM_DDR_Swit_1jdi8ya5v">LE_IDSWADDRH</xref></p>
            </address-details>
          </register-reference>

          <register-reference audience="MSCCInternal">
            <address>0x6c</address>

            <addr-element>
              <addr-mnemonic>SEACHLMT</addr-mnemonic>
            </addr-element>

            <address-details>
              <p><xref
              href="le_registers_general.xml#le_registers_general/table_LE_SEACHLMT_-_List_Engine_Search_Limit_C_2jhfog7vj">LE_SEACHLMT</xref></p>
            </address-details>
          </register-reference>

          <register-reference audience="MSCCInternal">
            <address>0x70</address>

            <addr-element>
              <addr-mnemonic>SEACHCNT</addr-mnemonic>
            </addr-element>

            <address-details>
              <p><xref
              href="le_registers_general.xml#le_registers_general/table_LE_SEACHCNT_-_List_Engine_Search_Counter_1jhfo91ul">LE_SEACHCNT</xref></p>
            </address-details>
          </register-reference>

          <register-reference>
            <address>0x74</address>

            <addr-element>
              <addr-mnemonic>QTIMER</addr-mnemonic>
            </addr-element>

            <address-details>
              <p><xref
              href="le_registers_error.xml#le_registers_error/table_QTIMER_-_List_Engine_Quiesced_Timer_0k03sbccn">QTIMER</xref></p>
            </address-details>
          </register-reference>

          <register-reference>
            <address>0x78</address>

            <addr-element>
              <addr-mnemonic>QTO</addr-mnemonic>
            </addr-element>

            <address-details>
              <p><xref
              href="le_registers_error.xml#le_registers_error/table_QTO_-_List_Engine_Quiesced_Timeout_1k03sjnxr">QTO</xref></p>
            </address-details>
          </register-reference>

          <register-reference>
            <address>0xC0000</address>

            <addr-element>
              <address-prefix>IMQ[x]_</address-prefix>

              <instances>
                <instance>
                  <instance-start>0</instance-start>

                  <instance-stop>15</instance-stop>
                </instance>
              </instances>
            </addr-element>

            <address-details>
              <p><xref
              href="mif_ibq_addr.xml#ibq_addr/table_IMQ_Table_0j33kjmbs"/></p>
            </address-details>
          </register-reference>

          <register-reference>
            <address>0xC1000</address>

            <addr-element>
              <address-prefix>OMQ[x]_</address-prefix>

              <instances>
                <instance>
                  <instance-start>0</instance-start>

                  <instance-stop>15</instance-stop>
                </instance>
              </instances>
            </addr-element>

            <address-details>
              <p><xref
              href="mif_obq_addr.xml#obq_addr/table_OMQ_Table_0j33pa4bu"/></p>
            </address-details>
          </register-reference>

          <register-reference>
            <address>0xC2000</address>

            <addr-element>
              <address-prefix>QG_</address-prefix>
            </addr-element>

            <address-details>
              <p><xref
              href="mif_group_addr.xml#queue_addr/table_MIF_CSR_Address_Table_fitltbioq"/></p>
            </address-details>
          </register-reference>
        </address-map>
      </tgroup>
    </table>

    <p/>
  </body>
</topic>
