<?xml version="1.0" encoding="UTF-8"?>
<!DOCTYPE topic PUBLIC "-//OASIS//DTD DITA 1.2 Topic//EN"
"/SysSchema/dita/dtd/technicalContent/dtd/topic.dtd">
<topic base="base" id="le_registers_general" xml:lang="en-US">
  <title>General Registers</title>

  <body>
    <table id="table_LE_CTL_-_List_Engine_Control_cj6mxcos7">
      <title><reg-name-main verilog="LE_CTL">CTL</reg-name-main> -
      <reg-desc>List Engine Control</reg-desc></title>

      <tgroup cols="5">
        <colspec colname="A" colwidth="0.6in"/>

        <colspec colname="B" colwidth="0.9in"/>

        <colspec colname="C" colwidth="0.5in"/>

        <colspec colname="D" colwidth="0.5in"/>

        <colspec colname="E" colwidth="3.25in"/>

        <thead>
          <row>
            <entry><p>Bit Field</p></entry>

            <entry><p>Field Name</p></entry>

            <entry><p>Type</p></entry>

            <entry><p>Default Value</p></entry>

            <entry><p>Description</p></entry>
          </row>
        </thead>

        <reg-def>
          <field>
            <field-bits>
              <double>
                <msb>31</msb>

                <lsb>2</lsb>
              </double>
            </field-bits>

            <field-name verilog="RESERVED">RESERVED</field-name>

            <field-type>RO</field-type>

            <field-default>0x0</field-default>

            <field-desc>
              <desc-title>Reserved</desc-title>
            </field-desc>
          </field>

          <field>
            <field-bits>
              <double>
                <msb>1</msb>

                <lsb>0</lsb>
              </double>
            </field-bits>

            <field-name verilog="EN">EN</field-name>

            <field-type>RW</field-type>

            <field-default>0x0</field-default>

            <field-desc>
              <desc-title>Enable</desc-title>

              <p>This field controls the operational state of the processor
              interface. Modifying the value of this field causes the queue to
              transition to the specified operational state. A transition does
              not complete until the new operational state is reflected in the
              State (STATE) field in the corresponding Processor Interface
              Status (PISTS) register.</p>

              <p>A direct transition from the enabled to disabled state is not
              supported.</p>

              <p>Firmware must comprehend the possibility of an autonomous
              state transition to disabled due to an error.</p>

              <field-enum-list>
                <field-enum>
                  <field-enum-value>0</field-enum-value>

                  <field-enum-def>
                    <field-enum-name>disabled</field-enum-name>

                    <field-enum-desc>Disabled</field-enum-desc>
                  </field-enum-def>
                </field-enum>

                <field-enum>
                  <field-enum-value>1</field-enum-value>

                  <field-enum-def>
                    <field-enum-name>enabled</field-enum-name>

                    <field-enum-desc>Enabled</field-enum-desc>
                  </field-enum-def>
                </field-enum>

                <field-enum>
                  <field-enum-value>2</field-enum-value>

                  <field-enum-def>
                    <field-enum-name>quiesced</field-enum-name>

                    <field-enum-desc>Quiesced</field-enum-desc>
                  </field-enum-def>
                </field-enum>

                <field-enum>
                  <field-enum-value>3</field-enum-value>

                  <field-enum-def>
                    <field-enum-name>reserved</field-enum-name>

                    <field-enum-desc>Reserved</field-enum-desc>
                  </field-enum-def>
                </field-enum>
              </field-enum-list>
            </field-desc>
          </field>
        </reg-def>
      </tgroup>
    </table>

    <table id="table_LE_STS_-_List_Engine_Status_dj6mxcos7">
      <title><reg-name-main verilog="LE_STS">STS</reg-name-main> - <reg-desc>
      List Engine Status</reg-desc></title>

      <tgroup cols="5">
        <colspec colname="A" colwidth="0.6in"/>

        <colspec colname="B" colwidth="0.9in"/>

        <colspec colname="C" colwidth="0.5in"/>

        <colspec colname="D" colwidth="0.5in"/>

        <colspec colname="E" colwidth="3.25in"/>

        <thead>
          <row>
            <entry><p>Bit Field</p></entry>

            <entry><p>Field Name</p></entry>

            <entry><p>Type</p></entry>

            <entry><p>Default Value</p></entry>

            <entry><p>Description</p></entry>
          </row>
        </thead>

        <reg-def>
          <field>
            <field-bits>
              <double>
                <msb>31</msb>

                <lsb>7</lsb>
              </double>
            </field-bits>

            <field-name verilog="RESERVED">RESERVED</field-name>

            <field-type>RO</field-type>

            <field-default>0x0</field-default>

            <field-desc>
              <desc-title>Reserved</desc-title>
            </field-desc>
          </field>

          <field>
            <field-bits>
              <double>
                <msb>6</msb>

                <lsb>3</lsb>
              </double>
            </field-bits>

            <field-name verilog="AUTDISRSN">AUTDISRSN</field-name>

            <field-type>RO</field-type>

            <field-default>0x0</field-default>

            <field-desc>
              <desc-title>Autonomous Disable Reason</desc-title>

              <p>This field indicates the reason that the processor interrace
              was autonomously disabled. This field is automatically cleared
              when the Autonomous Disable (AUTDIS) bit in this register is
              cleared.</p>

              <field-enum-list>
                <field-enum>
                  <field-enum-value>0</field-enum-value>

                  <field-enum-def>
                    <field-enum-name>noerror</field-enum-name>

                    <field-enum-desc>No Error</field-enum-desc>
                  </field-enum-def>
                </field-enum>

                <field-enum>
                  <field-enum-value>1</field-enum-value>

                  <field-enum-def>
                    <field-enum-name>dbe</field-enum-name>

                    <field-enum-desc>double bit error of
                    memory</field-enum-desc>
                  </field-enum-def>
                </field-enum>

                <field-enum>
                  <field-enum-value>2</field-enum-value>

                  <field-enum-def>
                    <field-enum-name>outrange</field-enum-name>

                    <field-enum-desc>operation out address
                    range</field-enum-desc>
                  </field-enum-def>
                </field-enum>

                <field-enum>
                  <field-enum-value>3</field-enum-value>

                  <field-enum-def>
                    <field-enum-name>slverr</field-enum-name>

                    <field-enum-desc>cmu slave error</field-enum-desc>
                  </field-enum-def>
                </field-enum>

                <field-enum>
                  <field-enum-value>4</field-enum-value>

                  <field-enum-def>
                    <field-enum-name>decerr</field-enum-name>

                    <field-enum-desc>cmu decode error</field-enum-desc>
                  </field-enum-def>
                </field-enum>

                <field-enum>
                  <field-enum-value>5</field-enum-value>

                  <field-enum-def>
                    <field-enum-name>parityerr</field-enum-name>

                    <field-enum-desc>cmu parity error</field-enum-desc>
                  </field-enum-def>
                </field-enum>

                <field-enum>
                  <field-enum-value>6</field-enum-value>

                  <field-enum-def>
                    <field-enum-name>mifautdis</field-enum-name>

                    <field-enum-desc>mif auto disable</field-enum-desc>
                  </field-enum-def>
                </field-enum>

                <field-enum>
                  <field-enum-value>7</field-enum-value>

                  <field-enum-def>
                    <field-enum-name>wriderr</field-enum-name>

                    <field-enum-desc>cmu write id mismatch</field-enum-desc>
                  </field-enum-def>
                </field-enum>

                <field-enum>
                  <field-enum-value>8</field-enum-value>

                  <field-enum-def>
                    <field-enum-name>rdiderr</field-enum-name>

                    <field-enum-desc>cmu read id mismatch</field-enum-desc>
                  </field-enum-def>
                </field-enum>

                <field-enum>
                  <field-enum-value>15</field-enum-value>

                  <field-enum-def>
                    <field-enum-name>QTO</field-enum-name>

                    <field-enum-desc>Quiesced Timer Expired</field-enum-desc>
                  </field-enum-def>
                </field-enum>

                <field-enum>
                  <field-enum-value>others</field-enum-value>

                  <field-enum-def>
                    <field-enum-name>reserved</field-enum-name>

                    <field-enum-desc>Reserved</field-enum-desc>
                  </field-enum-def>
                </field-enum>
              </field-enum-list>
            </field-desc>
          </field>

          <field>
            <field-bits>
              <single>2</single>
            </field-bits>

            <field-name verilog="AUTDIS">AUTDIS</field-name>

            <field-type>RW1C</field-type>

            <field-default>0x0</field-default>

            <field-desc>
              <desc-title>Autonomous Disable</desc-title>

              <p>This bit is set by hardware when the processor interface is
              autonomously disabled due to an error</p>
            </field-desc>
          </field>

          <field>
            <field-bits>
              <double>
                <msb>1</msb>

                <lsb>0</lsb>
              </double>
            </field-bits>

            <field-name verilog="STATE">STATE</field-name>

            <field-type>RO</field-type>

            <field-default>0x0</field-default>

            <field-desc>
              <desc-title>State</desc-title>

              <p>This field indicates the current operational state of the
              processor interface.</p>

              <field-enum-list>
                <field-enum>
                  <field-enum-value>0</field-enum-value>

                  <field-enum-def>
                    <field-enum-name>disabled</field-enum-name>

                    <field-enum-desc>Disabled</field-enum-desc>
                  </field-enum-def>
                </field-enum>

                <field-enum>
                  <field-enum-value>1</field-enum-value>

                  <field-enum-def>
                    <field-enum-name>enabled</field-enum-name>

                    <field-enum-desc>Enabled</field-enum-desc>
                  </field-enum-def>
                </field-enum>

                <field-enum>
                  <field-enum-value>2</field-enum-value>

                  <field-enum-def>
                    <field-enum-name>quiesced</field-enum-name>

                    <field-enum-desc>Quiesced</field-enum-desc>
                  </field-enum-def>
                </field-enum>

                <field-enum>
                  <field-enum-value>3</field-enum-value>

                  <field-enum-def>
                    <field-enum-name>reserved</field-enum-name>

                    <field-enum-desc>Reserved</field-enum-desc>
                  </field-enum-def>
                </field-enum>
              </field-enum-list>
            </field-desc>
          </field>
        </reg-def>
      </tgroup>
    </table>

    <table id="table_LE_BASEL_-_List_Engine_Base_Address_Low_0ja3fwort">
      <title><reg-name-main verilog="LE_BASEL">BASEL</reg-name-main> -
      <reg-desc> List Engine Base Address Low</reg-desc></title>

      <tgroup cols="5">
        <colspec colname="A" colwidth="0.6in"/>

        <colspec colname="B" colwidth="0.9in"/>

        <colspec colname="C" colwidth="0.5in"/>

        <colspec colname="D" colwidth="0.5in"/>

        <colspec colname="E" colwidth="3.25in"/>

        <thead>
          <row>
            <entry><p>Bit Field</p></entry>

            <entry><p>Field Name</p></entry>

            <entry><p>Type</p></entry>

            <entry><p>Default Value</p></entry>

            <entry><p>Description</p></entry>
          </row>
        </thead>

        <reg-def>
          <field>
            <field-bits>
              <double>
                <msb>31</msb>

                <lsb>0</lsb>
              </double>
            </field-bits>

            <field-name verilog="BASEL">BASEL</field-name>

            <field-type>RW</field-type>

            <field-default>0x0</field-default>

            <field-desc>
              <desc-title>Base Address Low</desc-title>

              <p>This field indicates the lower 32 bits of base address</p>
            </field-desc>
          </field>
        </reg-def>
      </tgroup>
    </table>

    <table id="table_LE_BASEH_-_List_Engine_Base_Address_High_1ja3fwort">
      <title><reg-name-main verilog="LE_BASEH">BASEH</reg-name-main> -
      <reg-desc> List Engine Base Address High</reg-desc></title>

      <tgroup cols="5">
        <colspec colname="A" colwidth="0.6in"/>

        <colspec colname="B" colwidth="0.9in"/>

        <colspec colname="C" colwidth="0.5in"/>

        <colspec colname="D" colwidth="0.5in"/>

        <colspec colname="E" colwidth="3.25in"/>

        <thead>
          <row>
            <entry><p>Bit Field</p></entry>

            <entry><p>Field Name</p></entry>

            <entry><p>Type</p></entry>

            <entry><p>Default Value</p></entry>

            <entry><p>Description</p></entry>
          </row>
        </thead>

        <reg-def>
          <field>
            <field-bits>
              <double>
                <msb>31</msb>

                <lsb>8</lsb>
              </double>
            </field-bits>

            <field-name verilog="RESERVED">RESERVED</field-name>

            <field-type>RO</field-type>

            <field-default>0x0</field-default>

            <field-desc>
              <desc-title>Reserved</desc-title>
            </field-desc>
          </field>

          <field>
            <field-bits>
              <double>
                <msb>7</msb>

                <lsb>0</lsb>
              </double>
            </field-bits>

            <field-name verilog="BASEH">BASEH</field-name>

            <field-type>RW</field-type>

            <field-default>0x0</field-default>

            <field-desc>
              <desc-title>Base Address High</desc-title>

              <p>This field indicates the higher 8 bits of base address</p>
            </field-desc>
          </field>
        </reg-def>
      </tgroup>
    </table>

    <table id="table_LE_LIMITL_-_List_Engine_Limit_Address_Lo_2ja3fworu">
      <title><reg-name-main verilog="LE_LIMITL">LIMITL</reg-name-main> -
      <reg-desc> List Engine Limit Address Low</reg-desc></title>

      <tgroup cols="5">
        <colspec colname="A" colwidth="0.6in"/>

        <colspec colname="B" colwidth="0.9in"/>

        <colspec colname="C" colwidth="0.5in"/>

        <colspec colname="D" colwidth="0.5in"/>

        <colspec colname="E" colwidth="3.25in"/>

        <thead>
          <row>
            <entry><p>Bit Field</p></entry>

            <entry><p>Field Name</p></entry>

            <entry><p>Type</p></entry>

            <entry><p>Default Value</p></entry>

            <entry><p>Description</p></entry>
          </row>
        </thead>

        <reg-def>
          <field>
            <field-bits>
              <double>
                <msb>31</msb>

                <lsb>0</lsb>
              </double>
            </field-bits>

            <field-name verilog="LIMITL">LIMITL</field-name>

            <field-type>RW</field-type>

            <field-default>0xFFFFFFFF</field-default>

            <field-desc>
              <desc-title>Limit Address Low</desc-title>

              <p>This field indicates the lower 32 bits of limit address</p>
            </field-desc>
          </field>
        </reg-def>
      </tgroup>
    </table>

    <table id="table_LE_LIMITH_-_List_Engine_Limit_Address_Hi_3ja3fworu">
      <title><reg-name-main verilog="LE_LIMITH">LIMITH</reg-name-main> -
      <reg-desc> List Engine Limit Address High</reg-desc></title>

      <tgroup cols="5">
        <colspec colname="A" colwidth="0.6in"/>

        <colspec colname="B" colwidth="0.9in"/>

        <colspec colname="C" colwidth="0.5in"/>

        <colspec colname="D" colwidth="0.5in"/>

        <colspec colname="E" colwidth="3.25in"/>

        <thead>
          <row>
            <entry><p>Bit Field</p></entry>

            <entry><p>Field Name</p></entry>

            <entry><p>Type</p></entry>

            <entry><p>Default Value</p></entry>

            <entry><p>Description</p></entry>
          </row>
        </thead>

        <reg-def>
          <field>
            <field-bits>
              <double>
                <msb>31</msb>

                <lsb>8</lsb>
              </double>
            </field-bits>

            <field-name verilog="RESERVED">RESERVED</field-name>

            <field-type>RO</field-type>

            <field-default>0x0</field-default>

            <field-desc>
              <desc-title>Reserved</desc-title>
            </field-desc>
          </field>

          <field>
            <field-bits>
              <double>
                <msb>7</msb>

                <lsb>0</lsb>
              </double>
            </field-bits>

            <field-name verilog="LIMITH">LIMITH</field-name>

            <field-type>RW</field-type>

            <field-default>0xFF</field-default>

            <field-desc>
              <desc-title>Limit Address High</desc-title>

              <p>This field indicates the higher 8 bits of Limit address</p>
            </field-desc>
          </field>
        </reg-def>
      </tgroup>
    </table>

    <table audience="MSCCInternal"
           id="table_LE_PWRCTL_-_List_Engine_Power_Control_ej6mxcos7">
      <title><reg-name-main verilog="LE_PWRCTL">PWRCTL</reg-name-main> -
      <reg-desc> List Engine Power Control</reg-desc></title>

      <tgroup cols="5">
        <colspec colname="A" colwidth="0.6in"/>

        <colspec colname="B" colwidth="0.9in"/>

        <colspec colname="C" colwidth="0.5in"/>

        <colspec colname="D" colwidth="0.5in"/>

        <colspec colname="E" colwidth="3.25in"/>

        <thead>
          <row>
            <entry><p>Bit Field</p></entry>

            <entry><p>Field Name</p></entry>

            <entry><p>Type</p></entry>

            <entry><p>Default Value</p></entry>

            <entry><p>Description</p></entry>
          </row>
        </thead>

        <reg-def>
          <field>
            <field-bits>
              <double>
                <msb>31</msb>

                <lsb>4</lsb>
              </double>
            </field-bits>

            <field-name verilog="RESERVED">RESERVED</field-name>

            <field-type>RO</field-type>

            <field-default>0x0</field-default>

            <field-desc>
              <desc-title>Reserved</desc-title>
            </field-desc>
          </field>

          <field>
            <field-bits>
              <single>3</single>
            </field-bits>

            <field-name verilog="SWRST">SWRST</field-name>

            <field-type>RW</field-type>

            <field-default>0x0</field-default>

            <field-desc>
              <desc-title>software reset</desc-title>

              <p>The 1 value of this bit will reset list engine logic</p>
            </field-desc>
          </field>

          <field>
            <field-bits>
              <double>
                <msb>2</msb>

                <lsb>1</lsb>
              </double>
            </field-bits>

            <field-name verilog="MEMPWR">MEMPWR</field-name>

            <field-type>RW</field-type>

            <field-default>0x0</field-default>

            <field-desc>
              <desc-title>Memory power mode</desc-title>

              <p>This field controls cache memory power mode</p>

              <field-enum-list>
                <field-enum>
                  <field-enum-value>0</field-enum-value>

                  <field-enum-def>
                    <field-enum-name>auto</field-enum-name>

                    <field-enum-desc>Automatically
                    controlled</field-enum-desc>
                  </field-enum-def>
                </field-enum>

                <field-enum>
                  <field-enum-value>1</field-enum-value>

                  <field-enum-def>
                    <field-enum-name>normal</field-enum-name>

                    <field-enum-desc>normal mode with power
                    on</field-enum-desc>
                  </field-enum-def>
                </field-enum>

                <field-enum>
                  <field-enum-value>2</field-enum-value>

                  <field-enum-def>
                    <field-enum-name>powerdown</field-enum-name>

                    <field-enum-desc>Power down mode</field-enum-desc>
                  </field-enum-def>
                </field-enum>

                <field-enum>
                  <field-enum-value>3</field-enum-value>

                  <field-enum-def>
                    <field-enum-name>reserved</field-enum-name>

                    <field-enum-desc>Reserved</field-enum-desc>
                  </field-enum-def>
                </field-enum>
              </field-enum-list>
            </field-desc>
          </field>

          <field>
            <field-bits>
              <single>0</single>
            </field-bits>

            <field-name verilog="CKGATEDIS">CKGATEDIS</field-name>

            <field-type>RW</field-type>

            <field-default>0x0</field-default>

            <field-desc>
              <desc-title>Clock Gate Disable</desc-title>

              <p>This bit controls the clock gating of list engine.</p>

              <field-enum-list>
                <field-enum>
                  <field-enum-value>0</field-enum-value>

                  <field-enum-def>
                    <field-enum-name>enable</field-enum-name>

                    <field-enum-desc>Enable clock gate</field-enum-desc>
                  </field-enum-def>
                </field-enum>

                <field-enum>
                  <field-enum-value>1</field-enum-value>

                  <field-enum-def>
                    <field-enum-name>disable</field-enum-name>

                    <field-enum-desc>Disable clock gate</field-enum-desc>
                  </field-enum-def>
                </field-enum>
              </field-enum-list>
            </field-desc>
          </field>
        </reg-def>
      </tgroup>
    </table>

    <table audience="MSCCInternal"
           id="table_LE_MSGSTS_-_List_Engine_Message_Status_fj6mxcos7">
      <title><reg-name-main verilog="LE_MSGSTS">MSGSTS</reg-name-main> -
      <reg-desc> List Engine Message Status</reg-desc></title>

      <tgroup cols="5">
        <colspec colname="A" colwidth="0.6in"/>

        <colspec colname="B" colwidth="0.9in"/>

        <colspec colname="C" colwidth="0.5in"/>

        <colspec colname="D" colwidth="0.5in"/>

        <colspec colname="E" colwidth="3.25in"/>

        <thead>
          <row>
            <entry><p>Bit Field</p></entry>

            <entry><p>Field Name</p></entry>

            <entry><p>Type</p></entry>

            <entry><p>Default Value</p></entry>

            <entry><p>Description</p></entry>
          </row>
        </thead>

        <reg-def>
          <field>
            <field-bits>
              <double>
                <msb>31</msb>

                <lsb>16</lsb>
              </double>
            </field-bits>

            <field-name verilog="RESERVED">RESERVED</field-name>

            <field-type>RO</field-type>

            <field-default>0x0</field-default>

            <field-desc>
              <desc-title>Reserved</desc-title>
            </field-desc>
          </field>

          <field>
            <field-bits>
              <double>
                <msb>15</msb>

                <lsb>12</lsb>
              </double>
            </field-bits>

            <field-name verilog="MSG3STS">MSG3STS</field-name>

            <field-type>RO</field-type>

            <field-default>0x0</field-default>

            <field-desc>
              <desc-title>Status of Message 3</desc-title>

              <p>This field indicates the status of the message 3 process in
              list engine.</p>

              <p>Definition of different values is same as MSG0STS</p>
            </field-desc>
          </field>

          <field>
            <field-bits>
              <double>
                <msb>11</msb>

                <lsb>8</lsb>
              </double>
            </field-bits>

            <field-name verilog="MSG2STS">MSG2STS</field-name>

            <field-type>RO</field-type>

            <field-default>0x0</field-default>

            <field-desc>
              <desc-title>Status of Message 2</desc-title>

              <p>This field indicates the status of the message 2 process in
              list engine.</p>

              <p>Definition of different values is same as MSG0STS</p>
            </field-desc>
          </field>

          <field>
            <field-bits>
              <double>
                <msb>7</msb>

                <lsb>4</lsb>
              </double>
            </field-bits>

            <field-name verilog="MSG1STS">MSG1STS</field-name>

            <field-type>RO</field-type>

            <field-default>0x0</field-default>

            <field-desc>
              <desc-title>Status of Message 1</desc-title>

              <p>This field indicates the status of the message 1 process in
              list engine.</p>

              <p>Definition of different values is same as MSG0STS</p>
            </field-desc>
          </field>

          <field>
            <field-bits>
              <double>
                <msb>3</msb>

                <lsb>0</lsb>
              </double>
            </field-bits>

            <field-name verilog="MSG0STS">MSG0STS</field-name>

            <field-type>RO</field-type>

            <field-default>0x0</field-default>

            <field-desc>
              <desc-title>Status of Message 0</desc-title>

              <p>This field indicates the status of the message 0 process in
              list engine.</p>

              <field-enum-list>
                <field-enum>
                  <field-enum-value>0</field-enum-value>

                  <field-enum-def>
                    <field-enum-name>idle</field-enum-name>

                    <field-enum-desc>Idle</field-enum-desc>
                  </field-enum-def>
                </field-enum>

                <field-enum>
                  <field-enum-value>1</field-enum-value>

                  <field-enum-def>
                    <field-enum-name>msgfetch</field-enum-name>

                    <field-enum-desc>Message fetching</field-enum-desc>
                  </field-enum-def>
                </field-enum>

                <field-enum>
                  <field-enum-value>2</field-enum-value>

                  <field-enum-def>
                    <field-enum-name>prefetch</field-enum-name>

                    <field-enum-desc>Cache prefetching</field-enum-desc>
                  </field-enum-def>
                </field-enum>

                <field-enum>
                  <field-enum-value>3</field-enum-value>

                  <field-enum-def>
                    <field-enum-name>process</field-enum-name>

                    <field-enum-desc>Message processing</field-enum-desc>
                  </field-enum-def>
                </field-enum>

                <field-enum>
                  <field-enum-value>4</field-enum-value>

                  <field-enum-def>
                    <field-enum-name>msgcpl</field-enum-name>

                    <field-enum-desc>Message completion</field-enum-desc>
                  </field-enum-def>
                </field-enum>

                <field-enum>
                  <field-enum-value>others</field-enum-value>

                  <field-enum-def>
                    <field-enum-name>reserved</field-enum-name>

                    <field-enum-desc>Reserved</field-enum-desc>
                  </field-enum-def>
                </field-enum>
              </field-enum-list>
            </field-desc>
          </field>
        </reg-def>
      </tgroup>
    </table>

    <table audience="MSCCInternal"
           id="table_LE_MSGCNT_-_List_Engine_Message_Counter_rj6yr4gsv">
      <title><reg-name-main verilog="LE_MSGCNT">MSGCNT</reg-name-main> -
      <reg-desc> List Engine Message Counter</reg-desc></title>

      <tgroup cols="5">
        <colspec colname="A" colwidth="0.6in"/>

        <colspec colname="B" colwidth="0.9in"/>

        <colspec colname="C" colwidth="0.5in"/>

        <colspec colname="D" colwidth="0.5in"/>

        <colspec colname="E" colwidth="3.25in"/>

        <thead>
          <row>
            <entry><p>Bit Field</p></entry>

            <entry><p>Field Name</p></entry>

            <entry><p>Type</p></entry>

            <entry><p>Default Value</p></entry>

            <entry><p>Description</p></entry>
          </row>
        </thead>

        <reg-def>
          <field>
            <field-bits>
              <double>
                <msb>31</msb>

                <lsb>0</lsb>
              </double>
            </field-bits>

            <field-name verilog="MSGCNT">MSGCNT</field-name>

            <field-type>RO</field-type>

            <field-default>0x0</field-default>

            <field-desc>
              <desc-title>Message Counter</desc-title>

              <p>This field indicates the total message number of list engine
              after enabled.</p>
            </field-desc>
          </field>
        </reg-def>
      </tgroup>
    </table>

    <table audience="MSCCInternal"
           id="table_LE_LASTOP_-_List_Engine_Most_Recent_Oper_1j93vmori">
      <title><reg-name-main verilog="LE_LASTOP">LASTOP</reg-name-main> -
      <reg-desc> List Engine Last Operations</reg-desc></title>

      <tgroup cols="5">
        <colspec colname="A" colwidth="0.6in"/>

        <colspec colname="B" colwidth="0.9in"/>

        <colspec colname="C" colwidth="0.5in"/>

        <colspec colname="D" colwidth="0.5in"/>

        <colspec colname="E" colwidth="3.25in"/>

        <thead>
          <row>
            <entry><p>Bit Field</p></entry>

            <entry><p>Field Name</p></entry>

            <entry><p>Type</p></entry>

            <entry><p>Default Value</p></entry>

            <entry><p>Description</p></entry>
          </row>
        </thead>

        <reg-def>
          <field>
            <field-bits>
              <double>
                <msb>31</msb>

                <lsb>0</lsb>
              </double>
            </field-bits>

            <field-name verilog="LASTOP">LASTOP</field-name>

            <field-type>RO</field-type>

            <field-default>0x0</field-default>

            <field-desc>
              <desc-title>Last Operations</desc-title>

              <p>This field indicates last operations of list engine. Each
              opcode uses 4 bits. 4 LSB is for the most recent operation, and
              4 MSB is for the 8th most recent operation.</p>
            </field-desc>
          </field>
        </reg-def>
      </tgroup>
    </table>

    <table audience="MSCCInternal"
           id="table_LE_ENDLYCNT_-_List_Engine_Enable_Delay_C_0j71iyxz3">
      <title><reg-name-main verilog="LE_ENDLYCNT">ENDLYCNT</reg-name-main> -
      <reg-desc> List Engine Enable Delay Counter</reg-desc></title>

      <tgroup cols="5">
        <colspec colname="A" colwidth="0.6in"/>

        <colspec colname="B" colwidth="0.9in"/>

        <colspec colname="C" colwidth="0.5in"/>

        <colspec colname="D" colwidth="0.5in"/>

        <colspec colname="E" colwidth="3.25in"/>

        <thead>
          <row>
            <entry><p>Bit Field</p></entry>

            <entry><p>Field Name</p></entry>

            <entry><p>Type</p></entry>

            <entry><p>Default Value</p></entry>

            <entry><p>Description</p></entry>
          </row>
        </thead>

        <reg-def>
          <field>
            <field-bits>
              <double>
                <msb>31</msb>

                <lsb>0</lsb>
              </double>
            </field-bits>

            <field-name verilog="ENDLYCNT">ENDLYCNT</field-name>

            <field-type>RW</field-type>

            <field-default>0x0</field-default>

            <field-desc>
              <desc-title>Enable Delay Counter</desc-title>

              <p>This field sets the delay counter for list engine startup
              from disabled to enabled state. After delay clock cycles of this
              number, list engine sets status to enabled.</p>
            </field-desc>
          </field>
        </reg-def>
      </tgroup>
    </table>

    <table audience="MSCCInternal"
           id="table_LE_CACHESEL_-_List_Engine_Cache_Line_Sel_6ja3hjj9l">
      <title><reg-name-main verilog="LE_CACHESEL">CACHESEL</reg-name-main> -
      <reg-desc> List Engine Cache Line Selection</reg-desc></title>

      <tgroup cols="5">
        <colspec colname="A" colwidth="0.6in"/>

        <colspec colname="B" colwidth="0.9in"/>

        <colspec colname="C" colwidth="0.5in"/>

        <colspec colname="D" colwidth="0.5in"/>

        <colspec colname="E" colwidth="3.25in"/>

        <thead>
          <row>
            <entry><p>Bit Field</p></entry>

            <entry><p>Field Name</p></entry>

            <entry><p>Type</p></entry>

            <entry><p>Default Value</p></entry>

            <entry><p>Description</p></entry>
          </row>
        </thead>

        <reg-def>
          <field>
            <field-bits>
              <double>
                <msb>31</msb>

                <lsb>0</lsb>
              </double>
            </field-bits>

            <field-name verilog="CACHESEL">CACHESEL</field-name>

            <field-type>RW</field-type>

            <field-default>0x0</field-default>

            <field-desc>
              <desc-title>Cache Line selection</desc-title>

              <p>This field selects which cache line information is probed to
              LE_CACHEINFO. There are 32 cache lines, value of 0 to 31 selects
              one cache line of this index, value of bigger than 31 will get
              undefined LE_CACHEINFO.</p>
            </field-desc>
          </field>
        </reg-def>
      </tgroup>
    </table>

    <table audience="MSCCInternal"
           id="table_LE_SEACHLMT_-_List_Engine_Search_Limit_C_2jhfog7vj">
      <title><reg-name-main verilog="LE_SEACHLMT">SEACHLMT</reg-name-main> -
      <reg-desc> List Engine Search Limit Counter</reg-desc></title>

      <tgroup cols="5">
        <colspec colname="A" colwidth="0.6in"/>

        <colspec colname="B" colwidth="0.9in"/>

        <colspec colname="C" colwidth="0.5in"/>

        <colspec colname="D" colwidth="0.5in"/>

        <colspec colname="E" colwidth="3.25in"/>

        <thead>
          <row>
            <entry><p>Bit Field</p></entry>

            <entry><p>Field Name</p></entry>

            <entry><p>Type</p></entry>

            <entry><p>Default Value</p></entry>

            <entry><p>Description</p></entry>
          </row>
        </thead>

        <reg-def>
          <field>
            <field-bits>
              <double>
                <msb>31</msb>

                <lsb>0</lsb>
              </double>
            </field-bits>

            <field-name verilog="SEACHLMT">SEACHLMT</field-name>

            <field-type>RW</field-type>

            <field-default>0x0</field-default>

            <field-desc>
              <desc-title>Search Limit Counter</desc-title>

              <p>This field limits count of searching elements for search
              operation. Value 0 is no limit, and non-zero value is for limit
              count.</p>
            </field-desc>
          </field>
        </reg-def>
      </tgroup>
    </table>

    <table audience="MSCCInternal"
           id="table_LE_SEACHCNT_-_List_Engine_Search_Counter_1jhfo91ul">
      <title><reg-name-main verilog="LE_SEACHCNT">SEACHCNT</reg-name-main> -
      <reg-desc> List Engine Search Counter</reg-desc></title>

      <tgroup cols="5">
        <colspec colname="A" colwidth="0.6in"/>

        <colspec colname="B" colwidth="0.9in"/>

        <colspec colname="C" colwidth="0.5in"/>

        <colspec colname="D" colwidth="0.5in"/>

        <colspec colname="E" colwidth="3.25in"/>

        <thead>
          <row>
            <entry><p>Bit Field</p></entry>

            <entry><p>Field Name</p></entry>

            <entry><p>Type</p></entry>

            <entry><p>Default Value</p></entry>

            <entry><p>Description</p></entry>
          </row>
        </thead>

        <reg-def>
          <field>
            <field-bits>
              <double>
                <msb>31</msb>

                <lsb>0</lsb>
              </double>
            </field-bits>

            <field-name verilog="SEACHCNT">SEACHCNT</field-name>

            <field-type>RO</field-type>

            <field-default>0x0</field-default>

            <field-desc>
              <desc-title>Search Counter</desc-title>

              <p>This field is the counter for searching elements of most
              recent search operation.</p>
            </field-desc>
          </field>
        </reg-def>
      </tgroup>
    </table>

    <table audience="MSCCInternal"
           id="table_LE_CACHEINFOL_-_List_Engine_Cache_Line_I_7ja3hzww8">
      <title><reg-name-main verilog="LE_CACHEINFOL">CACHEINFOL</reg-name-main>
      - <reg-desc> List Engine Cache Line Information Low</reg-desc></title>

      <tgroup cols="5">
        <colspec colname="A" colwidth="0.6in"/>

        <colspec colname="B" colwidth="0.9in"/>

        <colspec colname="C" colwidth="0.5in"/>

        <colspec colname="D" colwidth="0.5in"/>

        <colspec colname="E" colwidth="3.25in"/>

        <thead>
          <row>
            <entry><p>Bit Field</p></entry>

            <entry><p>Field Name</p></entry>

            <entry><p>Type</p></entry>

            <entry><p>Default Value</p></entry>

            <entry><p>Description</p></entry>
          </row>
        </thead>

        <reg-def>
          <field>
            <field-bits>
              <double>
                <msb>31</msb>

                <lsb>0</lsb>
              </double>
            </field-bits>

            <field-name verilog="LINEADDR">LINEADDR</field-name>

            <field-type>RO</field-type>

            <field-default>0x3FFFFFFF</field-default>

            <field-desc>
              <desc-title>Cache Line address</desc-title>

              <p>This field indicates lower 32 bits of cache line information,
              which is for line address.</p>
            </field-desc>
          </field>
        </reg-def>
      </tgroup>
    </table>

    <table audience="MSCCInternal"
           id="table_LE_CACHEINFOH_-_List_Engine_Cache_Line_I_8ja3nn0bm">
      <title><reg-name-main verilog="LE_CACHEINFOH">CACHEINFOH</reg-name-main>
      - <reg-desc> List Engine Cache Line Information High</reg-desc></title>

      <tgroup cols="5">
        <colspec colname="A" colwidth="0.6in"/>

        <colspec colname="B" colwidth="0.9in"/>

        <colspec colname="C" colwidth="0.5in"/>

        <colspec colname="D" colwidth="0.5in"/>

        <colspec colname="E" colwidth="3.25in"/>

        <thead>
          <row>
            <entry><p>Bit Field</p></entry>

            <entry><p>Field Name</p></entry>

            <entry><p>Type</p></entry>

            <entry><p>Default Value</p></entry>

            <entry><p>Description</p></entry>
          </row>
        </thead>

        <reg-def>
          <field>
            <field-bits>
              <double>
                <msb>31</msb>

                <lsb>0</lsb>
              </double>
            </field-bits>

            <field-name verilog="LRUBLK">LRUBLK</field-name>

            <field-type>RO</field-type>

            <field-default>0x0</field-default>

            <field-desc>
              <desc-title>Cache Line Information High</desc-title>

              <p>This field indicates higher 32 bits of cache line
              information, which is for LRU, block and lock.</p>
            </field-desc>
          </field>
        </reg-def>
      </tgroup>
    </table>

    <table audience="MSCCInternal"
           id="table_LE_IDSWADDRL_-_List_Engine_BRAM_DDR_Swit_0jdi8thfn">
      <title><reg-name-main verilog="LE_IDSWADDRL">IDSWADDRL</reg-name-main> -
      <reg-desc> List Engine BRAM DDR Switch Address Low</reg-desc></title>

      <tgroup cols="5">
        <colspec colname="A" colwidth="0.6in"/>

        <colspec colname="B" colwidth="0.9in"/>

        <colspec colname="C" colwidth="0.5in"/>

        <colspec colname="D" colwidth="0.5in"/>

        <colspec colname="E" colwidth="3.25in"/>

        <thead>
          <row>
            <entry><p>Bit Field</p></entry>

            <entry><p>Field Name</p></entry>

            <entry><p>Type</p></entry>

            <entry><p>Default Value</p></entry>

            <entry><p>Description</p></entry>
          </row>
        </thead>

        <reg-def>
          <field>
            <field-bits>
              <double>
                <msb>31</msb>

                <lsb>0</lsb>
              </double>
            </field-bits>

            <field-name verilog="IDSWADDRL">IDSWADDRL</field-name>

            <field-type>RW</field-type>

            <field-default>0x20000000</field-default>

            <field-desc>
              <desc-title>ID switch address low</desc-title>

              <p>This field indicates lower 32 bits of BRAM and DDR switching
              address.</p>
            </field-desc>
          </field>
        </reg-def>
      </tgroup>
    </table>

    <table audience="MSCCInternal"
           id="table_LE_IDSWADDRH_-_List_Engine_BRAM_DDR_Swit_1jdi8ya5v">
      <title><reg-name-main verilog="LE_IDSWADDRH">IDSWADDRH</reg-name-main> -
      <reg-desc> List Engine BRAM DDR Switch Address High</reg-desc></title>

      <tgroup cols="5">
        <colspec colname="A" colwidth="0.6in"/>

        <colspec colname="B" colwidth="0.9in"/>

        <colspec colname="C" colwidth="0.5in"/>

        <colspec colname="D" colwidth="0.5in"/>

        <colspec colname="E" colwidth="3.25in"/>

        <thead>
          <row>
            <entry><p>Bit Field</p></entry>

            <entry><p>Field Name</p></entry>

            <entry><p>Type</p></entry>

            <entry><p>Default Value</p></entry>

            <entry><p>Description</p></entry>
          </row>
        </thead>

        <reg-def>
          <field>
            <field-bits>
              <double>
                <msb>31</msb>

                <lsb>8</lsb>
              </double>
            </field-bits>

            <field-name verilog="RESERVED">RESERVED</field-name>

            <field-type>RO</field-type>

            <field-default>0x0</field-default>

            <field-desc>
              <desc-title>Reserved</desc-title>
            </field-desc>
          </field>

          <field>
            <field-bits>
              <double>
                <msb>7</msb>

                <lsb>0</lsb>
              </double>
            </field-bits>

            <field-name verilog="IDSWADDRH">IDSWADDRH</field-name>

            <field-type>RW</field-type>

            <field-default>0x0</field-default>

            <field-desc>
              <desc-title>ID switch Address High</desc-title>

              <p>This field indicates higher 8 bits of of BRAM and DDR
              switching address</p>
            </field-desc>
          </field>
        </reg-def>
      </tgroup>
    </table>
  </body>
</topic>
