<?xml version="1.0" encoding="UTF-8"?>
<!DOCTYPE topic PUBLIC "-//OASIS//DTD DITA 1.2 Topic//EN"
"/SysSchema/dita/dtd/technicalContent/dtd/topic.dtd">
<topic base="base" id="le_registers_error" xml:lang="en-US">
  <title>GLOBAL Error Registers</title>

  <body>
    <table id="table_LE_UERRSTS_-_List_Engine_Uncorrected_Err_hj6mxfanx">
      <title><reg-name-main verilog="LE_UERRSTS">UCERRSTS</reg-name-main> -
      <reg-desc> List Engine Uncorrected Error Status</reg-desc></title>

      <tgroup cols="5">
        <colspec colname="A" colwidth="0.6in"/>

        <colspec colname="B" colwidth="0.9in"/>

        <colspec colname="C" colwidth="0.5in"/>

        <colspec colname="D" colwidth="0.5in"/>

        <colspec colname="E" colwidth="3.25in"/>

        <thead>
          <row>
            <entry><p>Bit Field</p></entry>

            <entry><p>Field Name</p></entry>

            <entry><p>Type</p></entry>

            <entry><p>Default Value</p></entry>

            <entry><p>Description</p></entry>
          </row>
        </thead>

        <reg-def>
          <field>
            <field-bits>
              <double>
                <msb>31</msb>

                <lsb>9</lsb>
              </double>
            </field-bits>

            <field-name verilog="RESERVED">RESERVED</field-name>

            <field-type>RO</field-type>

            <field-default>0x0</field-default>

            <field-desc>
              <desc-title>Reserved</desc-title>
            </field-desc>
          </field>

          <field>
            <field-bits>
              <single>8</single>
            </field-bits>

            <field-name verilog="QTO">QTO</field-name>

            <field-type>RW1C</field-type>

            <field-default>0x0</field-default>

            <field-desc>
              <desc-title>Quiesce Timer Expired</desc-title>

              <p>Uncorrectable error is detected when the LE transitioned to
              AUTDIS operational state due to expiration of the LE Quiesced
              timer</p>
            </field-desc>
          </field>

          <field>
            <field-bits>
              <single>7</single>
            </field-bits>

            <field-name verilog="RDIDERR">RDIDERR</field-name>

            <field-type>RW1C</field-type>

            <field-default>0x0</field-default>

            <field-desc>
              <desc-title>Read ID mismatch</desc-title>

              <p>ID mismatch for CMU read</p>
            </field-desc>
          </field>

          <field>
            <field-bits>
              <single>6</single>
            </field-bits>

            <field-name verilog="WRIDERR">WRIDERR</field-name>

            <field-type>RW1C</field-type>

            <field-default>0x0</field-default>

            <field-desc>
              <desc-title>Write ID mismatch</desc-title>

              <p>ID mismatch for CMU write response</p>
            </field-desc>
          </field>

          <field>
            <field-bits>
              <single>5</single>
            </field-bits>

            <field-name verilog="OUTRANGE">OUTRANGE</field-name>

            <field-type>RW1C</field-type>

            <field-default>0x0</field-default>

            <field-desc>
              <desc-title>Address Out of Range</desc-title>

              <p>Address to CMU is out of range</p>
            </field-desc>
          </field>

          <field>
            <field-bits>
              <single>4</single>
            </field-bits>

            <field-name verilog="PARITYERR">PARITYERR</field-name>

            <field-type>RW1C</field-type>

            <field-default>0x0</field-default>

            <field-desc>
              <desc-title>Parity Error</desc-title>

              <p>PARITY ERROR on ACE-Lite Bus</p>
            </field-desc>
          </field>

          <field>
            <field-bits>
              <single>3</single>
            </field-bits>

            <field-name verilog="CMUDECERR">CMUDECERR</field-name>

            <field-type>RW1C</field-type>

            <field-default>0x0</field-default>

            <field-desc>
              <desc-title>Decode Error</desc-title>

              <p>Decode error on ACE-Lite bus to CMU</p>
            </field-desc>
          </field>

          <field>
            <field-bits>
              <single>2</single>
            </field-bits>

            <field-name verilog="CMUSLVERR">CMUSLVERR</field-name>

            <field-type>RW1C</field-type>

            <field-default>0x0</field-default>

            <field-desc>
              <desc-title>Slave Error</desc-title>

              <p>Slave error on ACE-Lite bus to CMU</p>
            </field-desc>
          </field>

          <field>
            <field-bits>
              <single>1</single>
            </field-bits>

            <field-name verilog="MEMDBE">MEMDBE</field-name>

            <field-type>RW1C</field-type>

            <field-default>0x0</field-default>

            <field-desc>
              <desc-title>Memory DBE</desc-title>

              <p>Cache memory double bit error</p>
            </field-desc>
          </field>

          <field>
            <field-bits>
              <single>0</single>
            </field-bits>

            <field-name verilog="MIFAD">MIFAD</field-name>

            <field-type>RW1C</field-type>

            <field-default>0x0</field-default>

            <field-desc>
              <desc-title>MIF Autonomous Disabled</desc-title>

              <p>MIF Autonomous Disabled</p>
            </field-desc>
          </field>
        </reg-def>
      </tgroup>
    </table>

    <table id="table_LE_UERRMSK_-_List_Engine_Uncorrected_Err_ij6mxfanx">
      <title><reg-name-main verilog="LE_UERRMSK">UCERRMSK</reg-name-main> -
      <reg-desc> List Engine Uncorrected Error Mask</reg-desc></title>

      <tgroup cols="5">
        <colspec colname="A" colwidth="0.6in"/>

        <colspec colname="B" colwidth="0.9in"/>

        <colspec colname="C" colwidth="0.5in"/>

        <colspec colname="D" colwidth="0.5in"/>

        <colspec colname="E" colwidth="3.25in"/>

        <thead>
          <row>
            <entry><p>Bit Field</p></entry>

            <entry><p>Field Name</p></entry>

            <entry><p>Type</p></entry>

            <entry><p>Default Value</p></entry>

            <entry><p>Description</p></entry>
          </row>
        </thead>

        <reg-def>
          <field>
            <field-bits>
              <double>
                <msb>31</msb>

                <lsb>9</lsb>
              </double>
            </field-bits>

            <field-name verilog="RESERVED">RESERVED</field-name>

            <field-type>RO</field-type>

            <field-default>0x0</field-default>

            <field-desc>
              <desc-title>Reserved</desc-title>
            </field-desc>
          </field>

          <field>
            <field-bits>
              <single>8</single>
            </field-bits>

            <field-name verilog="QTO">QTO</field-name>

            <field-type>RW</field-type>

            <field-default>0x0</field-default>

            <field-desc>
              <desc-title>Quiesce Timer Expired</desc-title>

              <p>Quiesce timeout error</p>
            </field-desc>
          </field>

          <field>
            <field-bits>
              <single>7</single>
            </field-bits>

            <field-name verilog="RDIDERR">RDIDERR</field-name>

            <field-type>RW</field-type>

            <field-default>0x0</field-default>

            <field-desc>
              <desc-title>Read ID mismatch</desc-title>

              <p>ID mismatch for CMU write response</p>
            </field-desc>
          </field>

          <field>
            <field-bits>
              <single>6</single>
            </field-bits>

            <field-name verilog="WRIDERR">WRIDERR</field-name>

            <field-type>RW</field-type>

            <field-default>0x0</field-default>

            <field-desc>
              <desc-title>Write ID mismatch</desc-title>

              <p>ID mismatch for CMU write response</p>
            </field-desc>
          </field>

          <field>
            <field-bits>
              <single>5</single>
            </field-bits>

            <field-name verilog="OUTRANGE">OUTRANGE</field-name>

            <field-type>RW</field-type>

            <field-default>0x0</field-default>

            <field-desc>
              <desc-title>Address Out of Range</desc-title>

              <p>Address to CMU is out of range</p>
            </field-desc>
          </field>

          <field>
            <field-bits>
              <single>4</single>
            </field-bits>

            <field-name verilog="PARITYERR">PARITYERR</field-name>

            <field-type>RW</field-type>

            <field-default>0x0</field-default>

            <field-desc>
              <desc-title>Parity Error</desc-title>

              <p>PARITY ERROR on ACE-Lite Bus</p>
            </field-desc>
          </field>

          <field>
            <field-bits>
              <single>3</single>
            </field-bits>

            <field-name verilog="CMUDECERR">CMUDECERR</field-name>

            <field-type>RW</field-type>

            <field-default>0x0</field-default>

            <field-desc>
              <desc-title>Decode Error</desc-title>

              <p>Decode error on ACE-Lite bus to CMU</p>
            </field-desc>
          </field>

          <field>
            <field-bits>
              <single>2</single>
            </field-bits>

            <field-name verilog="CMUSLVERR">CMUSLVERR</field-name>

            <field-type>RW</field-type>

            <field-default>0x0</field-default>

            <field-desc>
              <desc-title>Slave Error</desc-title>

              <p>Slave error on ACE-Lite bus to CMU</p>
            </field-desc>
          </field>

          <field>
            <field-bits>
              <single>1</single>
            </field-bits>

            <field-name verilog="MEMDBE">MEMDBE</field-name>

            <field-type>RW</field-type>

            <field-default>0x0</field-default>

            <field-desc>
              <desc-title>Memory DBE</desc-title>

              <p>Cache memory double bit error</p>
            </field-desc>
          </field>

          <field>
            <field-bits>
              <single>0</single>
            </field-bits>

            <field-name verilog="MIFAD">MIFAD</field-name>

            <field-type>RW</field-type>

            <field-default>0x0</field-default>

            <field-desc>
              <desc-title>MIF Autonomous Disabled</desc-title>

              <p>MIF Autonomous Disabled</p>
            </field-desc>
          </field>
        </reg-def>
      </tgroup>
    </table>

    <table id="table_LE_UERRSWTGR_-_List_Engine_Uncorrected_E_jj6mxfanx">
      <title><reg-name-main verilog="LE_UERRSWTGR">UCERRSWTGR</reg-name-main>
      - <reg-desc> List Engine Uncorrected Error Software
      Trigger</reg-desc></title>

      <tgroup cols="5">
        <colspec colname="A" colwidth="0.6in"/>

        <colspec colname="B" colwidth="0.9in"/>

        <colspec colname="C" colwidth="0.5in"/>

        <colspec colname="D" colwidth="0.5in"/>

        <colspec colname="E" colwidth="3.25in"/>

        <thead>
          <row>
            <entry><p>Bit Field</p></entry>

            <entry><p>Field Name</p></entry>

            <entry><p>Type</p></entry>

            <entry><p>Default Value</p></entry>

            <entry><p>Description</p></entry>
          </row>
        </thead>

        <reg-def>
          <field>
            <field-bits>
              <double>
                <msb>31</msb>

                <lsb>9</lsb>
              </double>
            </field-bits>

            <field-name verilog="RESERVED">RESERVED</field-name>

            <field-type>RO</field-type>

            <field-default>0x0</field-default>

            <field-desc>
              <desc-title>Reserved</desc-title>
            </field-desc>
          </field>

          <field>
            <field-bits>
              <single>8</single>
            </field-bits>

            <field-name verilog="QTO">QTO</field-name>

            <field-type>RW</field-type>

            <field-default>0x0</field-default>

            <field-desc>
              <desc-title>Quiesce Timer Expired</desc-title>

              <p>Quiesce timeout error</p>
            </field-desc>
          </field>

          <field>
            <field-bits>
              <single>7</single>
            </field-bits>

            <field-name verilog="RDIDERR">RDIDERR</field-name>

            <field-type>RW</field-type>

            <field-default>0x0</field-default>

            <field-desc>
              <desc-title>Read ID mismatch</desc-title>

              <p>ID mismatch for CMU read, need to combine with CMU read
              transactions to trigger</p>
            </field-desc>
          </field>

          <field>
            <field-bits>
              <single>6</single>
            </field-bits>

            <field-name verilog="WRIDERR">WRIDERR</field-name>

            <field-type>RW</field-type>

            <field-default>0x0</field-default>

            <field-desc>
              <desc-title>Write ID mismatch</desc-title>

              <p>ID mismatch for CMU write response, need to combine with CMU
              write transactions to trigger</p>
            </field-desc>
          </field>

          <field>
            <field-bits>
              <single>5</single>
            </field-bits>

            <field-name verilog="OUTRANGE">OUTRANGE</field-name>

            <field-type>RW</field-type>

            <field-default>0x0</field-default>

            <field-desc>
              <desc-title>Address Out of Range</desc-title>

              <p>Address to CMU is out of range</p>
            </field-desc>
          </field>

          <field>
            <field-bits>
              <single>4</single>
            </field-bits>

            <field-name verilog="PARITYERR">PARITYERR</field-name>

            <field-type>RW</field-type>

            <field-default>0x0</field-default>

            <field-desc>
              <desc-title>Parity Error</desc-title>

              <p>PARITY ERROR on ACE-Lite Bus, need to combine with CMU
              transactions to trigger</p>
            </field-desc>
          </field>

          <field>
            <field-bits>
              <single>3</single>
            </field-bits>

            <field-name verilog="CMUDECERR">CMUDECERR</field-name>

            <field-type>RW</field-type>

            <field-default>0x0</field-default>

            <field-desc>
              <desc-title>Decode Error</desc-title>

              <p>Decode error on ACE-Lite bus to CMU, need to combine with CMU
              transactions to trigger</p>
            </field-desc>
          </field>

          <field>
            <field-bits>
              <single>2</single>
            </field-bits>

            <field-name verilog="CMUSLVERR">CMUSLVERR</field-name>

            <field-type>RW</field-type>

            <field-default>0x0</field-default>

            <field-desc>
              <desc-title>Slave Error</desc-title>

              <p>Slave error on ACE-Lite bus to CMU, need to combine with CMU
              transactions to trigger</p>
            </field-desc>
          </field>

          <field>
            <field-bits>
              <single>1</single>
            </field-bits>

            <field-name verilog="MEMDBE">MEMDBE</field-name>

            <field-type>RW</field-type>

            <field-default>0x0</field-default>

            <field-desc>
              <desc-title>Memory DBE</desc-title>

              <p>Cache memory double bit error, need to combine with cache
              memory read</p>
            </field-desc>
          </field>

          <field>
            <field-bits>
              <single>0</single>
            </field-bits>

            <field-name verilog="MIFAD">MIFAD</field-name>

            <field-type>RW</field-type>

            <field-default>0x0</field-default>

            <field-desc>
              <desc-title>MIF Autonomous Disabled</desc-title>

              <p>MIF Autonomous Disabled</p>
            </field-desc>
          </field>
        </reg-def>
      </tgroup>
    </table>

    <table id="table_LE_CERRSTS_-_List_Engine_Corrected_Error_kj6mxfanx">
      <title><reg-name-main verilog="LE_CERRSTS">CERRSTS</reg-name-main> -
      <reg-desc> List Engine Corrected Error Status</reg-desc></title>

      <tgroup cols="5">
        <colspec colname="A" colwidth="0.6in"/>

        <colspec colname="B" colwidth="0.9in"/>

        <colspec colname="C" colwidth="0.5in"/>

        <colspec colname="D" colwidth="0.5in"/>

        <colspec colname="E" colwidth="3.25in"/>

        <thead>
          <row>
            <entry><p>Bit Field</p></entry>

            <entry><p>Field Name</p></entry>

            <entry><p>Type</p></entry>

            <entry><p>Default Value</p></entry>

            <entry><p>Description</p></entry>
          </row>
        </thead>

        <reg-def>
          <field>
            <field-bits>
              <double>
                <msb>31</msb>

                <lsb>3</lsb>
              </double>
            </field-bits>

            <field-name verilog="RESERVED">RESERVED</field-name>

            <field-type>RO</field-type>

            <field-default>0x0</field-default>

            <field-desc>
              <desc-title>Reserved</desc-title>
            </field-desc>
          </field>

          <field>
            <field-bits>
              <single>2</single>
            </field-bits>

            <field-name verilog="MALFORM">MALFORM</field-name>

            <field-type>RW1C</field-type>

            <field-default>0x0</field-default>

            <field-desc>
              <desc-title>Malformed message</desc-title>

              <p>Malformed inbound message</p>
            </field-desc>
          </field>

          <field audience="MSCCInternal">
            <field-bits>
              <single>1</single>
            </field-bits>

            <field-name verilog="MEMSBE">MEMSBE</field-name>

            <field-type>RW1C</field-type>

            <field-default>0x0</field-default>

            <field-desc>
              <desc-title>Memory SBE</desc-title>

              <p>Cache memory single bit error</p>
            </field-desc>
          </field>

          <field>
            <field-bits>
              <single>0</single>
            </field-bits>

            <field-name verilog="MIFCERR">MIFCERR</field-name>

            <field-type>RW1C</field-type>

            <field-default>0x0</field-default>

            <field-desc>
              <desc-title>MIF Corrected Error</desc-title>

              <p>Mif corrected error</p>
            </field-desc>
          </field>
        </reg-def>
      </tgroup>
    </table>

    <table id="table_LE_CERRMSK_-_List_Engine_Corrected_Error_lj6mxfanx">
      <title><reg-name-main verilog="LE_CERRMSK">CERRMSK</reg-name-main> -
      <reg-desc> List Engine Corrected Error Mask</reg-desc></title>

      <tgroup cols="5">
        <colspec colname="A" colwidth="0.6in"/>

        <colspec colname="B" colwidth="0.9in"/>

        <colspec colname="C" colwidth="0.5in"/>

        <colspec colname="D" colwidth="0.5in"/>

        <colspec colname="E" colwidth="3.25in"/>

        <thead>
          <row>
            <entry><p>Bit Field</p></entry>

            <entry><p>Field Name</p></entry>

            <entry><p>Type</p></entry>

            <entry><p>Default Value</p></entry>

            <entry><p>Description</p></entry>
          </row>
        </thead>

        <reg-def>
          <field>
            <field-bits>
              <double>
                <msb>31</msb>

                <lsb>3</lsb>
              </double>
            </field-bits>

            <field-name verilog="RESERVED">RESERVED</field-name>

            <field-type>RO</field-type>

            <field-default>0x0</field-default>

            <field-desc>
              <desc-title>Reserved</desc-title>
            </field-desc>
          </field>

          <field>
            <field-bits>
              <single>2</single>
            </field-bits>

            <field-name verilog="MALFORM">MALFORM</field-name>

            <field-type>RW</field-type>

            <field-default>0x0</field-default>

            <field-desc>
              <desc-title>Malformed message</desc-title>

              <p>Malformed inbound message</p>
            </field-desc>
          </field>

          <field audience="MSCCInternal">
            <field-bits>
              <single>1</single>
            </field-bits>

            <field-name verilog="MEMSBE">MEMSBE</field-name>

            <field-type>RW</field-type>

            <field-default>0x0</field-default>

            <field-desc>
              <desc-title>Memory SBE</desc-title>

              <p>Cache memory single bit error</p>
            </field-desc>
          </field>

          <field>
            <field-bits>
              <single>0</single>
            </field-bits>

            <field-name verilog="MIFCERR">MIFCERR</field-name>

            <field-type>RW</field-type>

            <field-default>0x0</field-default>

            <field-desc>
              <desc-title>MIF Corrected Error</desc-title>

              <p>Mif corrected error</p>
            </field-desc>
          </field>
        </reg-def>
      </tgroup>
    </table>

    <table audience="MSCCInternal"
           id="table_LE_CERRSWTGR_-_List_Engine_Corrected_Err_mj6mxfanx">
      <title><reg-name-main verilog="LE_CERRSWTGR">CERRSWTGR</reg-name-main> -
      <reg-desc> List Engine Corrected Error Software
      Trigger</reg-desc></title>

      <tgroup cols="5">
        <colspec colname="A" colwidth="0.6in"/>

        <colspec colname="B" colwidth="0.9in"/>

        <colspec colname="C" colwidth="0.5in"/>

        <colspec colname="D" colwidth="0.5in"/>

        <colspec colname="E" colwidth="3.25in"/>

        <thead>
          <row>
            <entry><p>Bit Field</p></entry>

            <entry><p>Field Name</p></entry>

            <entry><p>Type</p></entry>

            <entry><p>Default Value</p></entry>

            <entry><p>Description</p></entry>
          </row>
        </thead>

        <reg-def>
          <field>
            <field-bits>
              <double>
                <msb>31</msb>

                <lsb>3</lsb>
              </double>
            </field-bits>

            <field-name verilog="RESERVED">RESERVED</field-name>

            <field-type>RO</field-type>

            <field-default>0x0</field-default>

            <field-desc>
              <desc-title>Reserved</desc-title>
            </field-desc>
          </field>

          <field>
            <field-bits>
              <single>2</single>
            </field-bits>

            <field-name verilog="MALFORM">MALFORM</field-name>

            <field-type>RW</field-type>

            <field-default>0x0</field-default>

            <field-desc>
              <desc-title>Malformed message</desc-title>

              <p>Malformed inbound message</p>
            </field-desc>
          </field>

          <field>
            <field-bits>
              <single>1</single>
            </field-bits>

            <field-name verilog="MEMSBE">MEMSBE</field-name>

            <field-type>RW</field-type>

            <field-default>0x0</field-default>

            <field-desc>
              <desc-title>Memory SBE</desc-title>

              <p>Cache memory single bit error</p>
            </field-desc>
          </field>

          <field>
            <field-bits>
              <single>0</single>
            </field-bits>

            <field-name verilog="MIFCERR">MIFCERR</field-name>

            <field-type>RW</field-type>

            <field-default>0x0</field-default>

            <field-desc>
              <desc-title>MIF Corrected Error</desc-title>

              <p>Mif corrected error</p>
            </field-desc>
          </field>
        </reg-def>
      </tgroup>
    </table>

    <table audience="MSCCInternal"
           id="table_LE_ADMSK_-_List_Engine_Autonomous_Disabl_nj6mxfanx">
      <title><reg-name-main verilog="LE_ADMSK">AUTDISMSK</reg-name-main> -
      List Engine Autonomous Disable Mask</title>

      <tgroup cols="5">
        <colspec colname="A" colwidth="0.6in"/>

        <colspec colname="B" colwidth="0.9in"/>

        <colspec colname="C" colwidth="0.5in"/>

        <colspec colname="D" colwidth="0.5in"/>

        <colspec colname="E" colwidth="3.25in"/>

        <thead>
          <row>
            <entry><p>Bit Field</p></entry>

            <entry><p>Field Name</p></entry>

            <entry><p>Type</p></entry>

            <entry><p>Default Value</p></entry>

            <entry><p>Description</p></entry>
          </row>
        </thead>

        <reg-def>
          <field>
            <field-bits>
              <double>
                <msb>31</msb>

                <lsb>9</lsb>
              </double>
            </field-bits>

            <field-name verilog="RESERVED">RESERVED</field-name>

            <field-type>RO</field-type>

            <field-default>0x0</field-default>

            <field-desc>
              <desc-title>Reserved</desc-title>
            </field-desc>
          </field>

          <field>
            <field-bits>
              <single>8</single>
            </field-bits>

            <field-name verilog="QTO">QTO</field-name>

            <field-type>RW</field-type>

            <field-default>0x0</field-default>

            <field-desc>
              <desc-title>Quiesce Timer Expired</desc-title>

              <p>Quiesce timeout error</p>
            </field-desc>
          </field>

          <field>
            <field-bits>
              <single>7</single>
            </field-bits>

            <field-name verilog="RDIDERR">RDIDERR</field-name>

            <field-type>RW</field-type>

            <field-default>0x0</field-default>

            <field-desc>
              <desc-title>Read ID mismatch</desc-title>

              <p>ID mismatch for CMU read</p>
            </field-desc>
          </field>

          <field>
            <field-bits>
              <single>6</single>
            </field-bits>

            <field-name verilog="WRIDERR">WRIDERR</field-name>

            <field-type>RW</field-type>

            <field-default>0x0</field-default>

            <field-desc>
              <desc-title>Write ID mismatch</desc-title>

              <p>ID mismatch for CMU write response</p>
            </field-desc>
          </field>

          <field>
            <field-bits>
              <single>5</single>
            </field-bits>

            <field-name verilog="OUTRANGE">OUTRANGE</field-name>

            <field-type>RW</field-type>

            <field-default>0x0</field-default>

            <field-desc>
              <desc-title>Address Out of Range</desc-title>

              <p>Address to CMU is out of range</p>
            </field-desc>
          </field>

          <field>
            <field-bits>
              <single>4</single>
            </field-bits>

            <field-name verilog="PARITYERR">PARITYERR</field-name>

            <field-type>RW</field-type>

            <field-default>0x0</field-default>

            <field-desc>
              <desc-title>Parity Error</desc-title>

              <p>PARITY ERROR on ACE-Lite Bus</p>
            </field-desc>
          </field>

          <field>
            <field-bits>
              <single>3</single>
            </field-bits>

            <field-name verilog="CMUDECERR">CMUDECERR</field-name>

            <field-type>RW</field-type>

            <field-default>0x0</field-default>

            <field-desc>
              <desc-title>Decode Error</desc-title>

              <p>Decode error on ACE-Lite bus to CMU</p>
            </field-desc>
          </field>

          <field>
            <field-bits>
              <single>2</single>
            </field-bits>

            <field-name verilog="CMUSLVERR">CMUSLVERR</field-name>

            <field-type>RW</field-type>

            <field-default>0x0</field-default>

            <field-desc>
              <desc-title>Slave Error</desc-title>

              <p>Slave error on ACE-Lite bus to CMU</p>
            </field-desc>
          </field>

          <field>
            <field-bits>
              <single>1</single>
            </field-bits>

            <field-name verilog="MEMDBE">MEMDBE</field-name>

            <field-type>RW</field-type>

            <field-default>0x0</field-default>

            <field-desc>
              <desc-title>Memory DBE</desc-title>

              <p>Cache memory double bit error</p>
            </field-desc>
          </field>

          <field>
            <field-bits>
              <single>0</single>
            </field-bits>

            <field-name verilog="MIFAD">MIFAD</field-name>

            <field-type>RW</field-type>

            <field-default>0x0</field-default>

            <field-desc>
              <desc-title>MIF Autonomous Disabled</desc-title>

              <p>MIF Autonomous Disabled</p>
            </field-desc>
          </field>
        </reg-def>
      </tgroup>
    </table>

    <table audience="MSCCInternal"
           id="table_LE_ERRINJ_-_List_Engine_Error_Injection_oj6mxfanx">
      <title><reg-name-main verilog="LE_ERRINJ">ERRINJ</reg-name-main> - List
      Engine Error Injection</title>

      <tgroup cols="5">
        <colspec colname="A" colwidth="0.6in"/>

        <colspec colname="B" colwidth="0.9in"/>

        <colspec colname="C" colwidth="0.5in"/>

        <colspec colname="D" colwidth="0.5in"/>

        <colspec colname="E" colwidth="3.25in"/>

        <thead>
          <row>
            <entry><p>Bit Field</p></entry>

            <entry><p>Field Name</p></entry>

            <entry><p>Type</p></entry>

            <entry><p>Default Value</p></entry>

            <entry><p>Description</p></entry>
          </row>
        </thead>

        <reg-def>
          <field>
            <field-bits>
              <double>
                <msb>31</msb>

                <lsb>7</lsb>
              </double>
            </field-bits>

            <field-name verilog="RESERVED">RESERVED</field-name>

            <field-type>RO</field-type>

            <field-default>0x0</field-default>

            <field-desc>
              <desc-title>Reserved</desc-title>
            </field-desc>
          </field>

          <field>
            <field-bits>
              <single>6</single>
            </field-bits>

            <field-name verilog="IDBYPASS">IDBYPASS</field-name>

            <field-type>RW</field-type>

            <field-default>0x0</field-default>

            <field-desc>
              <desc-title>ID Check Disable</desc-title>

              <p>ID check is disabled for both write and read</p>

              <field-enum-list>
                <field-enum>
                  <field-enum-value>0</field-enum-value>

                  <field-enum-def>
                    <field-enum-name>idenable</field-enum-name>

                    <field-enum-desc>ECC check enabled</field-enum-desc>
                  </field-enum-def>
                </field-enum>

                <field-enum>
                  <field-enum-value>1</field-enum-value>

                  <field-enum-def>
                    <field-enum-name>idbypass</field-enum-name>

                    <field-enum-desc>ECC check bypassed</field-enum-desc>
                  </field-enum-def>
                </field-enum>
              </field-enum-list>
            </field-desc>
          </field>

          <field>
            <field-bits>
              <single>5</single>
            </field-bits>

            <field-name verilog="RESPBYPASS">RESPBYPASS</field-name>

            <field-type>RW</field-type>

            <field-default>0x0</field-default>

            <field-desc>
              <desc-title>Response error is ignored</desc-title>

              <p>AXI response error is ignored</p>

              <field-enum-list>
                <field-enum>
                  <field-enum-value>0</field-enum-value>

                  <field-enum-def>
                    <field-enum-name>respenable</field-enum-name>

                    <field-enum-desc>Response error enabled</field-enum-desc>
                  </field-enum-def>
                </field-enum>

                <field-enum>
                  <field-enum-value>1</field-enum-value>

                  <field-enum-def>
                    <field-enum-name>respbypass</field-enum-name>

                    <field-enum-desc>Response error bypassed</field-enum-desc>
                  </field-enum-def>
                </field-enum>
              </field-enum-list>
            </field-desc>
          </field>

          <field>
            <field-bits>
              <single>4</single>
            </field-bits>

            <field-name verilog="ECCBYPASS">ECCBYPASS</field-name>

            <field-type>RW</field-type>

            <field-default>0x0</field-default>

            <field-desc>
              <desc-title>Parity Error Check Disable</desc-title>

              <p>parity error check is disabled in list engine</p>

              <field-enum-list>
                <field-enum>
                  <field-enum-value>0</field-enum-value>

                  <field-enum-def>
                    <field-enum-name>eccenable</field-enum-name>

                    <field-enum-desc>ECC check enabled</field-enum-desc>
                  </field-enum-def>
                </field-enum>

                <field-enum>
                  <field-enum-value>1</field-enum-value>

                  <field-enum-def>
                    <field-enum-name>eccbypass</field-enum-name>

                    <field-enum-desc>ECC check bypassed</field-enum-desc>
                  </field-enum-def>
                </field-enum>
              </field-enum-list>
            </field-desc>
          </field>

          <field>
            <field-bits>
              <single>3</single>
            </field-bits>

            <field-name verilog="PARITYDIS">PARITYDIS</field-name>

            <field-type>RW</field-type>

            <field-default>0x0</field-default>

            <field-desc>
              <desc-title>Parity Error Check Disable</desc-title>

              <p>parity error check is disabled in list engine</p>

              <field-enum-list>
                <field-enum>
                  <field-enum-value>0</field-enum-value>

                  <field-enum-def>
                    <field-enum-name>parchecken</field-enum-name>

                    <field-enum-desc>Parity check enabled</field-enum-desc>
                  </field-enum-def>
                </field-enum>

                <field-enum>
                  <field-enum-value>1</field-enum-value>

                  <field-enum-def>
                    <field-enum-name>parcheckdis</field-enum-name>

                    <field-enum-desc>Parity check bypassed</field-enum-desc>
                  </field-enum-def>
                </field-enum>
              </field-enum-list>
            </field-desc>
          </field>

          <field>
            <field-bits>
              <single>2</single>
            </field-bits>

            <field-name verilog="PARITYERR">PARITYERR</field-name>

            <field-type>RW</field-type>

            <field-default>0x0</field-default>

            <field-desc>
              <desc-title>Parity Error</desc-title>

              <p>Inject true data parity error on the bus to CMU if value is
              1</p>
            </field-desc>
          </field>

          <field>
            <field-bits>
              <single>1</single>
            </field-bits>

            <field-name verilog="MEMDBE">MEMDBE</field-name>

            <field-type>RW</field-type>

            <field-default>0x0</field-default>

            <field-desc>
              <desc-title>Memory DBE</desc-title>

              <p>Inject true double bit error into cache memory if value is
              1</p>
            </field-desc>
          </field>

          <field>
            <field-bits>
              <single>0</single>
            </field-bits>

            <field-name verilog="MEMSBE">MEMSBE</field-name>

            <field-type>RW</field-type>

            <field-default>0x0</field-default>

            <field-desc>
              <desc-title>Memory SBE</desc-title>

              <p>Inject true single bit error into cache memory if value is
              1</p>
            </field-desc>
          </field>
        </reg-def>
      </tgroup>
    </table>

    <table audience="MSCCInternal"
           id="table_LE_MALFORM_-_List_Engine_Malformed_Messa_0j6ysf9e2">
      <title><reg-name-main verilog="LE_MALFORM">MALFORM</reg-name-main> -
      List Engine Malformed Message Reason</title>

      <tgroup cols="5">
        <colspec colname="A" colwidth="0.6in"/>

        <colspec colname="B" colwidth="0.9in"/>

        <colspec colname="C" colwidth="0.5in"/>

        <colspec colname="D" colwidth="0.5in"/>

        <colspec colname="E" colwidth="3.25in"/>

        <thead>
          <row>
            <entry><p>Bit Field</p></entry>

            <entry><p>Field Name</p></entry>

            <entry><p>Type</p></entry>

            <entry><p>Default Value</p></entry>

            <entry><p>Description</p></entry>
          </row>
        </thead>

        <reg-def>
          <field>
            <field-bits>
              <double>
                <msb>31</msb>

                <lsb>0</lsb>
              </double>
            </field-bits>

            <field-name verilog="MALFRSN">MALFRSN</field-name>

            <field-type>RO</field-type>

            <field-default>0x0</field-default>

            <field-desc>
              <desc-title>Malformed Message Reason</desc-title>

              <p>This field indicates the malformed reason for last malformed
              message</p>

              <p>Bit0 : erropcode, undefined opcode</p>

              <p>Bit1 : outrange, pointer out of base and limit range</p>

              <p>Bit2 : zerouserlen, user length is invalid to 0</p>

              <p>Bit3 : zerosearlen, search length is invalid to 0</p>

              <p>Bit4 : errpoint, pointer is not aligned to Dword</p>

              <p>Bit5 : errconcise, concise message is not long enough</p>

              <p>Bit6 : msgudsize, message size is not long enough</p>

              <p>Bit7 : searovsize, search length &gt; 64 Dwords</p>

              <p>Bit8 : userovsize, user length &gt; 64 Dwords</p>

              <p>Bit9 : swtrig, software trigger</p>
            </field-desc>
          </field>
        </reg-def>
      </tgroup>
    </table>

    <table id="table_QTIMER_-_List_Engine_Quiesced_Timer_0k03sbccn">
      <title><reg-name-main verilog="LE_QTIMER">QTIMER</reg-name-main> - List
      Engine Quiesced Timer</title>

      <tgroup cols="5">
        <colspec colname="A" colwidth="0.6in"/>

        <colspec colname="B" colwidth="0.9in"/>

        <colspec colname="C" colwidth="0.5in"/>

        <colspec colname="D" colwidth="0.5in"/>

        <colspec colname="E" colwidth="3.25in"/>

        <thead>
          <row>
            <entry><p>Bit Field</p></entry>

            <entry><p>Field Name</p></entry>

            <entry><p>Type</p></entry>

            <entry><p>Default Value</p></entry>

            <entry><p>Description</p></entry>
          </row>
        </thead>

        <reg-def>
          <field>
            <field-bits>
              <double>
                <msb>31</msb>

                <lsb>0</lsb>
              </double>
            </field-bits>

            <field-name verilog="COUNT">COUNT</field-name>

            <field-type>RO</field-type>

            <field-default>0x0</field-default>

            <field-desc>
              <desc-title>Quiesced Timer</desc-title>

              <p>When the LE is directed to the quiesced operational state
              from the enabled operational state, this field is reset to zero
              and is incremented each LE clock cycle while the LE is in the
              enabled operational state. If the value of this field is equal
              to that of the Timeout Count (TOCOUNT) field in the LE Quiesced
              Timeout register, then the quiesced timer is said to have
              expired, the LE transitions to AUTODISABLE regardless of the
              operational state of any subunits. The value of this field is
              preserved when the LE is disabled and is only reset to its
              default value at transition from disabled state to enabled or at
              reset.</p>
            </field-desc>
          </field>
        </reg-def>
      </tgroup>
    </table>

    <table id="table_QTO_-_List_Engine_Quiesced_Timeout_1k03sjnxr">
      <title><reg-name-main verilog="LE_QTO">QTO</reg-name-main> - List Engine
      Quiesced Timeout</title>

      <tgroup cols="5">
        <colspec colname="A" colwidth="0.6in"/>

        <colspec colname="B" colwidth="0.9in"/>

        <colspec colname="C" colwidth="0.5in"/>

        <colspec colname="D" colwidth="0.5in"/>

        <colspec colname="E" colwidth="3.25in"/>

        <thead>
          <row>
            <entry><p>Bit Field</p></entry>

            <entry><p>Field Name</p></entry>

            <entry><p>Type</p></entry>

            <entry><p>Default Value</p></entry>

            <entry><p>Description</p></entry>
          </row>
        </thead>

        <reg-def>
          <field>
            <field-bits>
              <double>
                <msb>31</msb>

                <lsb>0</lsb>
              </double>
            </field-bits>

            <field-name verilog="TOCOUNT">TOCOUNT</field-name>

            <field-type>RW</field-type>

            <field-default>0x632EA0</field-default>

            <field-desc>
              <desc-title>Timeout Count</desc-title>

              <p>This field contains the quiesced timer timeout count value.
              The timeout time is equal to the value in this field multiplied
              by the period of the LE clock. The default value corresponds to
              a 10 msec timeout when the clock is 650 MHz. Setting the timeout
              to a value that is less than 10msec produces undefined
              results.</p>
            </field-desc>
          </field>
        </reg-def>
      </tgroup>
    </table>
  </body>
</topic>
