<?xml version="1.0" encoding="UTF-8"?>
<!DOCTYPE topic PUBLIC "-//OASIS//DTD DITA 1.2 Topic//EN"
"topic.dtd">
<topic base="base" id="LLR_Table">
  <title>Inline Soft Log Likelihood Ratio Map</title>

  <body>
    <p/>

    <table id="table_LLR_Map_2kom3gdg2">
      <title>LLR Map</title>

      <tgroup cols="3">
        <colspec colwidth="148*"/>

        <colspec colwidth="218*"/>

        <colspec colwidth="634*"/>

        <thead>
          <row>
            <entry><p>Offset Address</p></entry>

            <entry><p>Register Mnemonic </p></entry>

            <entry><p>Register Description </p></entry>
          </row>
        </thead>

        <address-map>
          <register-reference>
            <address>0x0</address>

            <addr-element>
              <addr-mnemonic>DCMAPL</addr-mnemonic>
            </addr-element>

            <address-details>
              <p><xref
              href="Decode_regs.xml#Decode_regs/table_MAPL_-_Inline_Soft_Lower_LLR_Map_0kom2ntxp">MAPL</xref>

              </p>
            </address-details>
          </register-reference>

          <register-reference>
            <address>0x4</address>

            <addr-element>
              <addr-mnemonic>DCMAPU</addr-mnemonic>
            </addr-element>

            <address-details>
              <p><xref
              href="Decode_regs.xml#Decode_regs/table_MAPU_-_Inline_Soft_Upper_LLR_Map_1kom2ntxp">MAPU</xref>

              </p>
            </address-details>
          </register-reference>
        </address-map>
      </tgroup>
    </table>

    <p/>
  </body>
</topic>
