<?xml version="1.0" encoding="UTF-8"?>
<!DOCTYPE topic PUBLIC "-//OASIS//DTD DITA 1.2 Topic//EN"
"topic.dtd">
<topic base="base" id="phy_ltssm_mon">
  <title>PCIe Switch Per Port LTSSM Register Descriptions</title>

  <body>
    <p>phy_ltssm_mon Register Descriptions</p>

    <table id="table_LTSSM_MON_CTRL_REG_1_phy_ltssm_mon">
      <title><reg-name-main
      verilog="LTSSM_MON_CTRL_REG_1">LM_CTL</reg-name-main> - <reg-desc>LTSSM
      Monitor Control Register 1</reg-desc></title>

      <tgroup cols="5">
        <colspec colname="A" colwidth="111*"/>

        <colspec colname="B" colwidth="144*"/>

        <colspec colname="C" colwidth="101*"/>

        <colspec colname="D" colwidth="87*"/>

        <colspec colname="E" colwidth="557*"/>

        <thead>
          <row>
            <entry><p>Bit Field</p></entry>

            <entry><p>Field Name</p></entry>

            <entry><p>Type</p></entry>

            <entry><p>Default Value</p></entry>

            <entry><p>Description</p></entry>
          </row>
        </thead>

        <reg-def>
          <field>
            <field-bits>
              <single>31</single>
            </field-bits>

            <field-name verilog="LTSSM_MON_RESET">LMON_RESET</field-name>

            <field-type>RW</field-type>

            <field-default>0x0</field-default>

            <field-desc>
              <p><b>LMON_RESET is mainly used to assist the control of LTSSM
              Monitor RAM, but it also affects the L0 to Recovery Counter.
              </b></p>

              <p/>

              <p>When LMON_RESET = 1, the following will happen:</p>

              <p>1. Writing to LTSSM Monitor RAM is stopped;</p>

              <p>2. The 26-bit counter and the 8 bit tick counter are both
              reset to 0;</p>

              <p>3. LTSSM Monitor RAM is put into shut down state;</p>

              <p>4. LTSSM Monitor RAM data input bus, write address input bus
              are reset to 0;</p>

              <p>5. LTSSM Monitor RAM write enable pin is de-asserted;</p>

              <p>6. LTSSM_WADDR_ROLLOVR state is reset to 0;</p>

              <p>7. LTSSM_NUM_ENTRIES is reset to 0;</p>

              <p>8. L0 to Recovery Counter is reset to 0.</p>

              <p/>

              <p>When LMON_RESET = 0, LTSSM Monitor RAM and L0 to Recovery
              Counter work normally.</p>

              <p/>

              <p>Non-programmable and programmable condition LTSSM monitor
              interrupts are not affected by LMON_RESET.</p>

              <p/>

              <p>Note that in RTL, ltssm_*state_s signals are the 1 clock
              cycle delayed version of the input LTSSM state signals. Per prep
              371558, those signals are not reset when LMON_RESET is set to
              1.</p>
            </field-desc>
          </field>

          <field>
            <field-bits>
              <single>30</single>
            </field-bits>

            <field-name verilog="LTSSM_REC_COUNTER_CLR">LM_RC_CLR</field-name>

            <field-type>RW</field-type>

            <field-default>0x0</field-default>

            <field-desc>
              <p><b>LTSSM Recovery Counter Clear. When it is set to logic 1,
              the recovery counter of the LTSSM Monitor is set to 0. When it
              is set to logic 0, the LTSSM recovery counter operates normally.
              </b></p>
            </field-desc>
          </field>

          <field>
            <field-bits>
              <single>29</single>
            </field-bits>

            <field-name
            verilog="LTSSM_OS_ANALYZER_TRIGGER_EN">LM_ANTG_EN</field-name>

            <field-type>RW</field-type>

            <field-default>0x0</field-default>

            <field-desc>
              <p><b>Enables the OS Analyzer to trigger the LTSSM Monitor
              </b></p>
            </field-desc>
          </field>

          <field>
            <field-bits>
              <single>28</single>
            </field-bits>

            <field-name verilog="LTSSM_GPI_TRIGGER_EN">LM_GPTG_EN</field-name>

            <field-type>RW</field-type>

            <field-default>0x0</field-default>

            <field-desc>
              <p><b>Enables the GPI to trigger the LTSSM Monitor </b></p>
            </field-desc>
          </field>

          <field>
            <field-bits>
              <single>27</single>
            </field-bits>

            <field-name
            verilog="LTSSM_ARAM_TRIGGER_EN">LM_ARTG_EN</field-name>

            <field-type>RW</field-type>

            <field-default>0x0</field-default>

            <field-desc>
              <p><b>Enables the ARAM to trigger the LTSSM Monitor </b></p>

              <p>Reserved for Waverider</p>
            </field-desc>
          </field>

          <field>
            <field-bits>
              <double>
                <msb>26</msb>

                <lsb>23</lsb>
              </double>
            </field-bits>

            <field-name verilog="RESERVED">RESERVED</field-name>

            <field-type>RO</field-type>

            <field-default>0x0</field-default>

            <field-desc>
              <p><b>RESERVED</b></p>
            </field-desc>
          </field>

          <field>
            <field-bits>
              <single>22</single>
            </field-bits>

            <field-name
            verilog="LTSSM_IGNORE_LTS_CHANGE">LM_IG_STC</field-name>

            <field-type>RW</field-type>

            <field-default>0x0</field-default>

            <field-desc>
              <p><b>LTSSM Monitor main state change recording selection bit.
              When it is set to logic 0, the LTSSM monitor RAM is written when
              a main state change is detected. </b></p>

              <p>When it is set to logic 1, LTSSM main state changes do not
              trigger a write to the LTSSM monitor RAM.</p>
            </field-desc>
          </field>

          <field>
            <field-bits>
              <single>21</single>
            </field-bits>

            <field-name
            verilog="LTSSM_IGNORE_RXL0S_CHANGE">LM_IG_L0SC</field-name>

            <field-type>RW</field-type>

            <field-default>0x1</field-default>

            <field-desc>
              <p><b>Waverider: These Bits are unused for Waverider as there
              are no substates. Even if these are excercised, the substates
              are tied off at module instance and the change will not be
              propagated. </b></p>

              <p>LTSSM receive L0S sub-state machine change recording
              selection bit.</p>

              <p>When it is set to logic 0, the LTSSM monitor RAM is written
              when a receive L0S sub-state change is detected.</p>

              <p>When it is set to logic 1, LTSSM RxL0S sub-state changes do
              not trigger a write to the LTSSM monitor RAM.</p>
            </field-desc>
          </field>

          <field>
            <field-bits>
              <double>
                <msb>20</msb>

                <lsb>10</lsb>
              </double>
            </field-bits>

            <field-name
            verilog="LTSSM_IGNORE_SUBLTS_CHANGE">LM_IG_SSC</field-name>

            <field-type>RW</field-type>

            <field-default>0x0</field-default>

            <field-desc>
              <p><b>Waverider: These Bits are unused for Waverider as there
              are no substates. Even if these are exercised, the substates are
              tied off at module instance and the change does not get
              propagated. </b></p>

              <p>When the LTSSM main state is in state X, and the
              corresponding LM_IG_SSC bit is set to logic 0, a state change in
              the LTSSM substate triggers a write to the LTSSM monitor RAM.
              Major states are mapped to the LM_IG_SSC vector as follows:</p>

              <p>Bit 0 - DETECT</p>

              <p>Bit 1 - POLLING</p>

              <p>Bit 2 - CFG</p>

              <p>Bit 3 - L0</p>

              <p>Bit 4 - RECOVERY</p>

              <p>Bit 5 - DISABLE</p>

              <p>Bit 6 - LOOPBACK</p>

              <p>Bit 7 - HOT_RESET</p>

              <p>Bit 8 - TX_L0S</p>

              <p>Bit 9 - L1</p>

              <p>Bit 10 - L2</p>

              <p>When the LTSSM main state is in state X, and the
              corresponding LM_IG_SSC bit is set to logic 1, a state change in
              the LTSSM substate does not trigger a write to the LTSSM monitor
              RAM.</p>
            </field-desc>
          </field>

          <field>
            <field-bits>
              <double>
                <msb>9</msb>

                <lsb>2</lsb>
              </double>
            </field-bits>

            <field-name verilog="LTSSM_COUNTER_TICK">LM_CTR_TIC</field-name>

            <field-type>RW</field-type>

            <field-default>0x17</field-default>

            <field-desc>
              <p><b>LTSSM Monitor lower counter limit bits. This register
              defines how many RAM clock cycles result in a single increment
              of the high counter (LTSSM_RAM_TIMESTAMP). </b></p>

              <p>The high counter is incremented every LM_CTR_TIC + 1 RAM
              clock cycles.</p>

              <p>When the value is logic 0, it means higher counter is
              incremented by 1 for every single ram clock.</p>

              <p>When LM_CTR_TIC is modified, LMON_RESET must be set to logic
              1.</p>
            </field-desc>
          </field>

          <field>
            <field-bits>
              <single>1</single>
            </field-bits>

            <field-name
            verilog="LTSSM_RESET_ON_CHANGE">LM_RST_CHG</field-name>

            <field-type>RW</field-type>

            <field-default>0x1</field-default>

            <field-desc>
              <p><b>LTSSM Monitor counter reset-on-change bit. When it is set
              to logic 1, the lower counter, higher counter (LM_RAM_TIMESTAMP)
              is cleared whenever a monitored state change happens (depending
              on setting of LM_IG_SSC). When it is set to logic 0, those above
              bits are not reset to zero when monitored state changes happen.
              </b></p>
            </field-desc>
          </field>

          <field>
            <field-bits>
              <single>0</single>
            </field-bits>

            <field-name verilog="LTSSM_TRIG_EN">LM_TGR_EN</field-name>

            <field-type>RW</field-type>

            <field-default>0x0</field-default>

            <field-desc>
              <p><b>LTSSM trigger enable - when set to logic 0, the LTSSM
              monitor RAM is configured for continuous capture mode. When set
              to logic 1, the LTSSM monitor RAM is configured for trigger
              capture mode. In trigger capture mode, writes to the LTSSM
              monitor RAM are enabled when the conditions specified by either
              the condition 0, the condition 1, ARAM trigger, OS Analyzer
              trigger or GPI trigger is satisfied. </b></p>

              <p>NOTE: In trigger capture mode, writes to the LTSSM monitor
              RAM are NOT enabled when the conditions specified by the
              condition 2, 3 or 4 registers is satisfied.</p>
            </field-desc>
          </field>
        </reg-def>
      </tgroup>
    </table>

    <table id="table_LTSSM_MON_CTRL_REG_2_phy_ltssm_mon">
      <title><reg-name-main
      verilog="LTSSM_MON_CTRL_REG_2">LM_CTL2</reg-name-main> - <reg-desc>LTSSM
      Monitor Control Register 2</reg-desc></title>

      <tgroup cols="5">
        <colspec colname="A" colwidth="111*"/>

        <colspec colname="B" colwidth="144*"/>

        <colspec colname="C" colwidth="101*"/>

        <colspec colname="D" colwidth="87*"/>

        <colspec colname="E" colwidth="557*"/>

        <thead>
          <row>
            <entry><p>Bit Field</p></entry>

            <entry><p>Field Name</p></entry>

            <entry><p>Type</p></entry>

            <entry><p>Default Value</p></entry>

            <entry><p>Description</p></entry>
          </row>
        </thead>

        <reg-def>
          <field>
            <field-bits>
              <double>
                <msb>31</msb>

                <lsb>9</lsb>
              </double>
            </field-bits>

            <field-name verilog="RESERVED">RESERVED</field-name>

            <field-type>RO</field-type>

            <field-default>0x0</field-default>

            <field-desc>
              <p><b>RESERVED</b></p>
            </field-desc>
          </field>

          <field>
            <field-bits>
              <double>
                <msb>8</msb>

                <lsb>0</lsb>
              </double>
            </field-bits>

            <field-name verilog="LTSSM_PRE_TRIG_ENTRIES">LM_PTENT</field-name>

            <field-type>RW</field-type>

            <field-default>0x0</field-default>

            <field-desc>
              <p><b>LTSSM Pre-Trigger Entries</b></p>

              <p>The number of captured state changes before the trigger event
              in pre-trigger mode. When LM_TGR_EN is 0, the LM_PTENT is
              invalid; When LM_TGR_EN is 1 and LM_PTENT=0, LTSSM_MON is in
              normal trigger mode. When LM_TGR_EN is 1 and LM_PTENT is set
              between 1 and RAM depth-1, LTSSM_MON is in pre-trigger mode.</p>

              <p>To implement pre-trigger mode, FW must enable LM_WAD_WRP
              bit.</p>
            </field-desc>
          </field>
        </reg-def>
      </tgroup>
    </table>

    <table id="table_LTSSM_MON_STAT_REG_phy_ltssm_mon">
      <title><reg-name-main
      verilog="LTSSM_MON_STAT_REG">LM_STS</reg-name-main> - <reg-desc>LTSSM
      Monitor Status Register</reg-desc></title>

      <tgroup cols="5">
        <colspec colname="A" colwidth="111*"/>

        <colspec colname="B" colwidth="144*"/>

        <colspec colname="C" colwidth="101*"/>

        <colspec colname="D" colwidth="87*"/>

        <colspec colname="E" colwidth="557*"/>

        <thead>
          <row>
            <entry><p>Bit Field</p></entry>

            <entry><p>Field Name</p></entry>

            <entry><p>Type</p></entry>

            <entry><p>Default Value</p></entry>

            <entry><p>Description</p></entry>
          </row>
        </thead>

        <reg-def>
          <field>
            <field-bits>
              <double>
                <msb>31</msb>

                <lsb>26</lsb>
              </double>
            </field-bits>

            <field-name verilog="RESERVED">RESERVED</field-name>

            <field-type>RO</field-type>

            <field-default>0x0</field-default>

            <field-desc>
              <p><b>RESERVED</b></p>
            </field-desc>
          </field>

          <field>
            <field-bits>
              <double>
                <msb>25</msb>

                <lsb>10</lsb>
              </double>
            </field-bits>

            <field-name verilog="LTSSM_REC_COUNTER">LM_REC_CTR</field-name>

            <field-type>RO</field-type>

            <field-default>0x0</field-default>

            <field-desc>
              <p><b>Waverider: LTSSM Recovery Counter. </b></p>

              <p>It indicates the number of entries from Forwarding Mode to
              Execution Mode.<b> </b></p>

              <p><b>Harpoon/Yorktown: LTSSM Recovery Counter.</b></p>

              <p>It indicates the number of entries from L0 state to the
              Recovery state.</p>
            </field-desc>
          </field>

          <field>
            <field-bits>
              <single>9</single>
            </field-bits>

            <field-name verilog="LTSSM_WADDR_ROLLOVR">LM_WAD_RO</field-name>

            <field-type>RO</field-type>

            <field-default>0x0</field-default>

            <field-desc>
              <p><b>LTSSM Monitor RAM Write Address Rollover status bit.
              </b></p>

              <p>When it is logic 1, it indicates more than 512 (128 for
              Waverider) LTSSM states has been captured into the RAM. The
              Write address has rolled over and will overwrite the oldest
              LTSSM state whenever a new LTSSM transition state is captured.
              When this bit is flipped to logic 1, firmwave should find a
              proper time slot to reset the monitor ram by asserting and
              de-asserting LM_WAD_CLR.</p>
            </field-desc>
          </field>

          <field>
            <field-bits>
              <double>
                <msb>8</msb>

                <lsb>0</lsb>
              </double>
            </field-bits>

            <field-name verilog="LTSSM_NUM_ENTRIES">LM_NUM_ENT</field-name>

            <field-type>RO</field-type>

            <field-default>0x0</field-default>

            <field-desc>
              <p><b>LTSSM Monitor RAM number of valid entries in RAM. </b></p>

              <p>When LTSSM_WAD_RO is logic 0, the value indicates how many
              valid state changes have been stored into the LTSSM monitor RAM.
              Note: If LM_WAD_WRP is set to 0, the max RAM address holds
              invalid data as it can be overwritten repeatedly.</p>
            </field-desc>
          </field>
        </reg-def>
      </tgroup>
    </table>

    <table id="table_LTSSM_MON_STAT_PT_REG_phy_ltssm_mon">
      <title><reg-name-main
      verilog="LTSSM_MON_STS_PRETRIG">LM_STS_PT</reg-name-main> -
      <reg-desc>LTSSM Monitor Status Pre-Trigger</reg-desc></title>

      <tgroup cols="5">
        <colspec colname="A" colwidth="111*"/>

        <colspec colname="B" colwidth="144*"/>

        <colspec colname="C" colwidth="101*"/>

        <colspec colname="D" colwidth="87*"/>

        <colspec colname="E" colwidth="557*"/>

        <thead>
          <row>
            <entry><p>Bit Field</p></entry>

            <entry><p>Field Name</p></entry>

            <entry><p>Type</p></entry>

            <entry><p>Default Value</p></entry>

            <entry><p>Description</p></entry>
          </row>
        </thead>

        <reg-def>
          <field>
            <field-bits>
              <double>
                <msb>31</msb>

                <lsb>25</lsb>
              </double>
            </field-bits>

            <field-name verilog="RESERVED">RESERVED</field-name>

            <field-type>RO</field-type>

            <field-default>0x0</field-default>

            <field-desc>
              <p><b>RESERVED</b></p>
            </field-desc>
          </field>

          <field>
            <field-bits>
              <double>
                <msb>24</msb>

                <lsb>16</lsb>
              </double>
            </field-bits>

            <field-name verilog="LTSSM_START_INDEX">LM_ST_INDX</field-name>

            <field-type>RO</field-type>

            <field-default>0x0</field-default>

            <field-desc>
              <p><b>LTSSM Start Index</b></p>

              <p>The RAM Address when triggered.</p>
            </field-desc>
          </field>

          <field>
            <field-bits>
              <double>
                <msb>15</msb>

                <lsb>9</lsb>
              </double>
            </field-bits>

            <field-name verilog="RESERVED">RESERVED</field-name>

            <field-type>RO</field-type>

            <field-default>0x0</field-default>

            <field-desc>
              <p><b>RESERVED</b></p>
            </field-desc>
          </field>

          <field>
            <field-bits>
              <double>
                <msb>8</msb>

                <lsb>0</lsb>
              </double>
            </field-bits>

            <field-name verilog="LTSSM_TRIG_INDEX">LM_TR_INDX</field-name>

            <field-type>RO</field-type>

            <field-default>0x0</field-default>

            <field-desc>
              <p><b>LTSSM Trigger Index</b></p>

              <p>Address in the RAM to start reading from in pre-trigger mode.
              It is always 0 when in normal capturing mode. This index is
              updated when triggered.</p>
            </field-desc>
          </field>
        </reg-def>
      </tgroup>
    </table>

    <table id="table_LTSSM_MON_TRIG_REG_0_phy_ltssm_mon">
      <title><reg-name-main
      verilog="LTSSM_MON_TRIG_REG_0">LM_TGR0</reg-name-main> - <reg-desc>LTSSM
      Monitor Custom Trigger 0</reg-desc></title>

      <tgroup cols="5">
        <colspec colname="A" colwidth="111*"/>

        <colspec colname="B" colwidth="144*"/>

        <colspec colname="C" colwidth="101*"/>

        <colspec colname="D" colwidth="87*"/>

        <colspec colname="E" colwidth="557*"/>

        <thead>
          <row>
            <entry><p>Bit Field</p></entry>

            <entry><p>Field Name</p></entry>

            <entry><p>Type</p></entry>

            <entry><p>Default Value</p></entry>

            <entry><p>Description</p></entry>
          </row>
        </thead>

        <reg-def>
          <field>
            <field-bits>
              <single>31</single>
            </field-bits>

            <field-name verilog="RESERVED">RESERVED</field-name>

            <field-type>RO</field-type>

            <field-default>0x0</field-default>

            <field-desc>
              <p><b>RESERVED</b></p>
            </field-desc>
          </field>

          <field>
            <field-bits>
              <double>
                <msb>30</msb>

                <lsb>18</lsb>
              </double>
            </field-bits>

            <field-name verilog="LTSSM_COND0_DEST_VEC">LM_C0_DVEC</field-name>

            <field-type>RW</field-type>

            <field-default>0x0</field-default>

            <field-desc>
              <p><b>LTSSM Condition0 Destination Vector</b></p>

              <p>LM_C0_DVEC[2:0] - receive L0S sub-state destination vector
              for condition 0 Waverider: This is not used. rx_l0s will be tied
              off at module instance.</p>

              <p>LM_C0_DVEC[6:3] - sub-state destination vector for condition
              0. Waverider: This is not used. rx_l0s will be tied off at
              module instance.</p>

              <p>LM_C0_DVEC[10:7] - main state destination vector for
              condition 0</p>

              <p>LM_C0_DVEC[12:11] - reserved for Harpoon/Yorktown, For
              Waverider these 2 bits are part of main state destination vector
              for condition 0</p>
            </field-desc>
          </field>

          <field>
            <field-bits>
              <double>
                <msb>17</msb>

                <lsb>5</lsb>
              </double>
            </field-bits>

            <field-name verilog="LTSSM_COND0_SRC_VEC">LM_C0_SVEC</field-name>

            <field-type>RW</field-type>

            <field-default>0x0</field-default>

            <field-desc>
              <p><b>LTSSM Condition 0 Source Vector</b></p>

              <p>LM_C0_SVEC[2:0] - receive L0S sub-state source vector for
              condition 0. Waverider: This is not used. rx_l0s will be tied
              off at module instance.</p>

              <p>LM_C0_SVEC[6:3] - sub-state source vector for condition 0
              Waverider-This is not used. lts_substate will be tied off at
              module instance.</p>

              <p>LM_C0_SVEC[10:7] - main state source vector for condition
              0</p>

              <p>LM_C0_SVEC[12:11] - reserved for Harpoon/Yorktown, For
              Waverider these 2 bits are Part of main state</p>
            </field-desc>
          </field>

          <field>
            <field-bits>
              <double>
                <msb>4</msb>

                <lsb>2</lsb>
              </double>
            </field-bits>

            <field-name verilog="LTSSM_COND0_SM_VEC_EN">LM_C0_VEN</field-name>

            <field-type>RW</field-type>

            <field-default>0x6</field-default>

            <field-desc>
              <p><b>LTSSM Condition 0 State Machine Vector Enable </b></p>

              <p>LM_C0_VEN[0] - when set to logic 1, indicates that the
              receive L0S sub-state machine state will be used to determine
              whether condition 0 is satisfied; when set to logic 0, the
              receive L0S sub-state machine state will be ignored when
              evaluating condition 0. Waverider: This is not used. rx_l0s will
              be tied off at module instance.</p>

              <p>LM_C0_VEN[1] - when set to logic 1, indicates that the LTSSM
              sub-state machine state will be used to determine whether
              condition 0 is satisfied; when set to logic 0, the LTSSM
              sub-state machine state will be ignored when evaluating
              condition 0 Waverider: This is not used. substate will be tied
              off at module instance.</p>

              <p>LM_C0_VEN[2] - when set to logic 1, indicates that the main
              LTSSM state machine state will be used to determine whether
              condition 0 is satisfied; when set to logic 0, the main state
              machine state will be ignored when evaluating condition 0</p>

              <p>Note: if multiple enable bits are set to logic 1, all
              combined state machine states are evaluating together to
              determine whether condition 0 is satisfied.</p>
            </field-desc>
          </field>

          <field>
            <field-bits>
              <double>
                <msb>1</msb>

                <lsb>0</lsb>
              </double>
            </field-bits>

            <field-name verilog="LTSSM_COND0_MODE">LM_C0_MODE</field-name>

            <field-type>RW</field-type>

            <field-default>0x0</field-default>

            <field-desc>
              <p><b>LTSSM Condition 0 Mode</b></p>

              <p>b00 - Condition 0 detection is disabled</p>

              <p>b01 - Condition 0 is declared when a state transition from
              the condition 0 source vector is detected</p>

              <p>b10 - Condition 0 is declared when a state transition to the
              condition 0 destination vector is detected</p>

              <p>b11 - Condition 0 is declared when a state transition from
              the condition 0 source vector to condition 0 destination vector
              is detected</p>
            </field-desc>
          </field>
        </reg-def>
      </tgroup>
    </table>

    <table id="table_LTSSM_MON_ARK_MASK_REG_0_phy_ltssm_mon">
      <title><reg-name-main
      verilog="LTSSM_MON_ARK_MASK_REG_0">LM_AMSK0</reg-name-main> -
      <reg-desc>LTSSM Monitor ARC Mask 0</reg-desc></title>

      <tgroup cols="5">
        <colspec colname="A" colwidth="111*"/>

        <colspec colname="B" colwidth="144*"/>

        <colspec colname="C" colwidth="101*"/>

        <colspec colname="D" colwidth="87*"/>

        <colspec colname="E" colwidth="557*"/>

        <thead>
          <row>
            <entry><p>Bit Field</p></entry>

            <entry><p>Field Name</p></entry>

            <entry><p>Type</p></entry>

            <entry><p>Default Value</p></entry>

            <entry><p>Description</p></entry>
          </row>
        </thead>

        <reg-def>
          <field>
            <field-bits>
              <double>
                <msb>31</msb>

                <lsb>0</lsb>
              </double>
            </field-bits>

            <field-name verilog="LTSSM_COND0_ARC_MASK">LM_C0_AMSK</field-name>

            <field-type>RW</field-type>

            <field-default>0xFFFFFFFF</field-default>

            <field-desc>
              <p><b>For each Bit </b></p>

              <p>1 : The bit will be ignored in the in arc pattern
              matching.</p>

              <p>0 : The corresponding bit in the on the ARC input must match
              LM_C0_ATGR to trigger condition 0</p>

              <p>ARC is only used when LM_C*_MODE is set to 2'b01 and
              2'b11.</p>
            </field-desc>
          </field>
        </reg-def>
      </tgroup>
    </table>

    <table id="table_LTSSM_MON_ARK_TRIG_REG_0_phy_ltssm_mon">
      <title><reg-name-main
      verilog="LTSSM_MON_ARK_TRIG_REG_0">LM_ATGR0</reg-name-main> -
      <reg-desc>LTSSM Monitor ARC Trigger 0</reg-desc></title>

      <tgroup cols="5">
        <colspec colname="A" colwidth="111*"/>

        <colspec colname="B" colwidth="144*"/>

        <colspec colname="C" colwidth="101*"/>

        <colspec colname="D" colwidth="87*"/>

        <colspec colname="E" colwidth="557*"/>

        <thead>
          <row>
            <entry><p>Bit Field</p></entry>

            <entry><p>Field Name</p></entry>

            <entry><p>Type</p></entry>

            <entry><p>Default Value</p></entry>

            <entry><p>Description</p></entry>
          </row>
        </thead>

        <reg-def>
          <field>
            <field-bits>
              <double>
                <msb>31</msb>

                <lsb>0</lsb>
              </double>
            </field-bits>

            <field-name verilog="LTSSM_COND0_ARC_VEC">LM_C0_ATGR</field-name>

            <field-type>RW</field-type>

            <field-default>0x0</field-default>

            <field-desc>
              <p><b>Value of the ARC in the source LTSSM state that caused the
              transition out of the LTSSM state. </b></p>

              <p>LTSSM condition is triggered when the value of the ARC in the
              source LTSSM state matches the LM_C0_ATGR. LM_C0_AMSK can be
              configured appropriately to ignore corresponding bits in the
              vector.</p>
            </field-desc>
          </field>
        </reg-def>
      </tgroup>
    </table>

    <table id="table_LTSSM_MON_TRIG_REG_1_phy_ltssm_mon">
      <title><reg-name-main
      verilog="LTSSM_MON_TRIG_REG_1">LM_TGR1</reg-name-main> - <reg-desc>LTSSM
      Monitor Custom Trigger 1</reg-desc></title>

      <tgroup cols="5">
        <colspec colname="A" colwidth="111*"/>

        <colspec colname="B" colwidth="144*"/>

        <colspec colname="C" colwidth="101*"/>

        <colspec colname="D" colwidth="87*"/>

        <colspec colname="E" colwidth="557*"/>

        <thead>
          <row>
            <entry><p>Bit Field</p></entry>

            <entry><p>Field Name</p></entry>

            <entry><p>Type</p></entry>

            <entry><p>Default Value</p></entry>

            <entry><p>Description</p></entry>
          </row>
        </thead>

        <reg-def>
          <field>
            <field-bits>
              <single>31</single>
            </field-bits>

            <field-name verilog="RESERVED">RESERVED</field-name>

            <field-type>RO</field-type>

            <field-default>0x0</field-default>

            <field-desc>
              <p><b>RESERVED</b></p>
            </field-desc>
          </field>

          <field>
            <field-bits>
              <double>
                <msb>30</msb>

                <lsb>18</lsb>
              </double>
            </field-bits>

            <field-name verilog="LTSSM_COND1_DEST_VEC">LM_C1_DVEC</field-name>

            <field-type>RW</field-type>

            <field-default>0x0</field-default>

            <field-desc>
              <p><b>LTSSM Condition1 Destination Vector</b></p>

              <p>LM_C1_DVEC[2:0] - receive L0S sub-state destination vector
              for condition 1 Waverider: This is not used. rx_l0s will be tied
              off at module instance.</p>

              <p>LM_C1_DVEC[6:3] - sub-state destination vector for condition
              1 Waverider: This is not used. lts_substate will be tied off at
              module instance.</p>

              <p>LM_C1_DVEC[10:7] - main state destination vector for
              condition 1</p>

              <p>LM_C1_DVEC[12:11] - reserved for Harpoon/Yorktown.
              Waverider-- main state destination vector for condition 1</p>
            </field-desc>
          </field>

          <field>
            <field-bits>
              <double>
                <msb>17</msb>

                <lsb>5</lsb>
              </double>
            </field-bits>

            <field-name verilog="LTSSM_COND1_SRC_VEC">LM_C1_SVEC</field-name>

            <field-type>RW</field-type>

            <field-default>0x0</field-default>

            <field-desc>
              <p><b>LTSSM Condition 1 Source Vector</b></p>

              <p>LM_C1_SVEC[2:0] - receive L0S sub-state source vector for
              condition 1. Waverider: This is not used. rx_l0s will be tied
              off at module instance.</p>

              <p>LM_C1_SVEC[6:3] - sub-state source vector for condition 1.
              Waverider: This is not used. rx_l0s will be tied off at module
              instance.</p>

              <p>LM_C1_SVEC[10:7] - main state source vector for condition
              1</p>

              <p>LM_C1_SVEC[12:11] -reserved for Harpoon/Yorktown. Waverider:
              main_state_source vector for condition 1</p>
            </field-desc>
          </field>

          <field>
            <field-bits>
              <double>
                <msb>4</msb>

                <lsb>2</lsb>
              </double>
            </field-bits>

            <field-name verilog="LTSSM_COND1_SM_VEC_EN">LM_C1_VEN</field-name>

            <field-type>RW</field-type>

            <field-default>0x6</field-default>

            <field-desc>
              <p><b>LTSSM Condition 1 State Machine Vector Enable </b></p>

              <p>LM_C1_VEN[0] - when set to logic 1, indicates that the
              receive L0S sub-state machine state will be used to determine
              whether condition 1 is satisfied; when set to logic 0, the
              receive L0S sub-state machine state will be ignored when
              evaluating condition 1 Waverider: This is not used. rx_l0s will
              be tied off at module instance.</p>

              <p>LM_C1_VEN[1] - when set to logic 1, indicates that the LTSSM
              sub-state machine state will be used to determine whether
              condition 1 is satisfied; when set to logic 0, the LTSSM
              sub-state machine state will be ignored when evaluating
              condition 1 Waverider: This is not used. rx_l0s will be tied off
              at module instance.</p>

              <p>LM_C1_VEN[2] - when set to logic 1, indicates that the main
              LTSSM state machine state will be used to determine whether
              condition 1 is satisfied; when set to logic 0, the main state
              machine state will be ignored when evaluating condition 1</p>

              <p>Note: if multiple enable bits are set to logic 1, all
              combined state machine states are evaluating together to
              determine whether condition 1 is satisfied.</p>
            </field-desc>
          </field>

          <field>
            <field-bits>
              <double>
                <msb>1</msb>

                <lsb>0</lsb>
              </double>
            </field-bits>

            <field-name verilog="LTSSM_COND1_MODE">LM_C1_MODE</field-name>

            <field-type>RW</field-type>

            <field-default>0x0</field-default>

            <field-desc>
              <p><b>LTSSM Condition 1 Mode</b></p>

              <p>b00 - Condition 1 detection is disabled</p>

              <p>b01 - Condition 1 is declared when a state transition from
              the condition 1 source vector is detected</p>

              <p>b10 - Condition 1 is declared when a state transition to the
              condition 1 destination vector is detected</p>

              <p>b11 - Condition 1 is declared when a state transition from
              the condition 1 source vector to condition 1 destination vector
              is detected</p>
            </field-desc>
          </field>
        </reg-def>
      </tgroup>
    </table>

    <table id="table_LTSSM_MON_ARK_MASK_REG_1_phy_ltssm_mon">
      <title><reg-name-main
      verilog="LTSSM_MON_ARK_MASK_REG_1">LM_AMSK1</reg-name-main> -
      <reg-desc>LTSSM Monitor ARC Mask 1</reg-desc></title>

      <tgroup cols="5">
        <colspec colname="A" colwidth="111*"/>

        <colspec colname="B" colwidth="144*"/>

        <colspec colname="C" colwidth="101*"/>

        <colspec colname="D" colwidth="87*"/>

        <colspec colname="E" colwidth="557*"/>

        <thead>
          <row>
            <entry><p>Bit Field</p></entry>

            <entry><p>Field Name</p></entry>

            <entry><p>Type</p></entry>

            <entry><p>Default Value</p></entry>

            <entry><p>Description</p></entry>
          </row>
        </thead>

        <reg-def>
          <field>
            <field-bits>
              <double>
                <msb>31</msb>

                <lsb>0</lsb>
              </double>
            </field-bits>

            <field-name verilog="LTSSM_COND1_ARC_MASK">LM_C1_AMSK</field-name>

            <field-type>RW</field-type>

            <field-default>0xFFFFFFFF</field-default>

            <field-desc>
              <p><b>For each Bit </b></p>

              <p>1 : The bit will be ignored in the in arc pattern
              matching.</p>

              <p>0 : The corresponding bit in the on the ARC input must match
              LM_C1_ATGR to trigger condition 1</p>

              <p>ARC is only used when LM_C*_MODE is set to 2'b01 and
              2'b11.</p>
            </field-desc>
          </field>
        </reg-def>
      </tgroup>
    </table>

    <table id="table_LTSSM_MON_ARK_TRIG_REG_1_phy_ltssm_mon">
      <title><reg-name-main
      verilog="LTSSM_MON_ARK_TRIG_REG_1">LM_ATGR1</reg-name-main> -
      <reg-desc>LTSSM Monitor ARC Trigger 1</reg-desc></title>

      <tgroup cols="5">
        <colspec colname="A" colwidth="111*"/>

        <colspec colname="B" colwidth="144*"/>

        <colspec colname="C" colwidth="101*"/>

        <colspec colname="D" colwidth="87*"/>

        <colspec colname="E" colwidth="557*"/>

        <thead>
          <row>
            <entry><p>Bit Field</p></entry>

            <entry><p>Field Name</p></entry>

            <entry><p>Type</p></entry>

            <entry><p>Default Value</p></entry>

            <entry><p>Description</p></entry>
          </row>
        </thead>

        <reg-def>
          <field>
            <field-bits>
              <double>
                <msb>31</msb>

                <lsb>0</lsb>
              </double>
            </field-bits>

            <field-name verilog="LTSSM_COND1_ARC_VEC">LM_C1_ATGR</field-name>

            <field-type>RW</field-type>

            <field-default>0x0</field-default>

            <field-desc>
              <p><b>Value of the ARC in the source LTSSM state that caused the
              transition out of the LTSSM state. </b></p>

              <p>LTSSM condition is triggered when the value of the ARC in the
              source LTSSM state matches the LM_C1_ATGR. LM_C1_AMSK can be
              configured appropriately to ignore corresponding bits in the
              vector.</p>
            </field-desc>
          </field>
        </reg-def>
      </tgroup>
    </table>

    <table id="table_LTSSM_MON_TRIG_REG_2_phy_ltssm_mon">
      <title><reg-name-main
      verilog="LTSSM_MON_TRIG_REG_2">LM_TGR2</reg-name-main> - <reg-desc>LTSSM
      Monitor Custom Trigger 2</reg-desc></title>

      <tgroup cols="5">
        <colspec colname="A" colwidth="111*"/>

        <colspec colname="B" colwidth="144*"/>

        <colspec colname="C" colwidth="101*"/>

        <colspec colname="D" colwidth="87*"/>

        <colspec colname="E" colwidth="557*"/>

        <thead>
          <row>
            <entry><p>Bit Field</p></entry>

            <entry><p>Field Name</p></entry>

            <entry><p>Type</p></entry>

            <entry><p>Default Value</p></entry>

            <entry><p>Description</p></entry>
          </row>
        </thead>

        <reg-def>
          <field>
            <field-bits>
              <single>31</single>
            </field-bits>

            <field-name verilog="RESERVED">RESERVED</field-name>

            <field-type>RO</field-type>

            <field-default>0x0</field-default>

            <field-desc>
              <p><b>RESERVED</b></p>
            </field-desc>
          </field>

          <field>
            <field-bits>
              <double>
                <msb>30</msb>

                <lsb>18</lsb>
              </double>
            </field-bits>

            <field-name verilog="LTSSM_COND2_DEST_VEC">LM_C2_VEC</field-name>

            <field-type>RW</field-type>

            <field-default>0x0</field-default>

            <field-desc>
              <p><b>LTSSM Condition2 Destination Vector</b></p>

              <p>LM_C2_DVEC[2:0] - receive L0S sub-state destination vector
              for condition 2 Waverider: This is not used. Substate will be
              tied off at module instance.</p>

              <p>LM_C2_DVEC[6:3] - sub-state destination vector for condition
              2 Waverider: This is not used. Substate will be tied off at
              module instance.</p>

              <p>LM_C2_DVEC[10:7] - main state destination vector for
              condition 2</p>

              <p>LM_C2_DVEC[12:11] - reserved for Harpoon/Yorktown. Waverider:
              Main state source vector for condition 2</p>
            </field-desc>
          </field>

          <field>
            <field-bits>
              <double>
                <msb>17</msb>

                <lsb>5</lsb>
              </double>
            </field-bits>

            <field-name verilog="LTSSM_COND2_SRC_VEC">LM_C2_SVEC</field-name>

            <field-type>RW</field-type>

            <field-default>0x0</field-default>

            <field-desc>
              <p><b>LTSSM Condition 2 Source Vector</b></p>

              <p>LM_C2_SVEC[2:0] - receive L0S sub-state source vector for
              condition 2 Waverider: This is not used. Substate will be tied
              off at module instance.</p>

              <p>LM_C2_SVEC[6:3] - sub-state source vector for condition 2
              Waverider: This is not used. Substate will be tied off at module
              instance.</p>

              <p>LM_C2_SVEC[10:7] - main state source vector for condition
              2</p>

              <p>LM_C2_SVEC[12:11] - reserved for Harpoon/Yorktown.
              Waverider:main state source vector for condition 2</p>
            </field-desc>
          </field>

          <field>
            <field-bits>
              <double>
                <msb>4</msb>

                <lsb>2</lsb>
              </double>
            </field-bits>

            <field-name verilog="LTSSM_COND2_SM_VEC_EN">LM_C2_VEN</field-name>

            <field-type>RW</field-type>

            <field-default>0x6</field-default>

            <field-desc>
              <p><b>LTSSM Condition 2 State Machine Vector Enable </b></p>

              <p>LM_C2_EN[0] - when set to logic 1, indicates that the receive
              L0S sub-state machine state will be used to determine whether
              condition 2 is satisfied; when set to logic 0, the receive L0S
              sub-state machine state will be ignored when evaluating
              condition 2 Waverider: This is not used. rx_l0s will be tied off
              at module instance.</p>

              <p>LM_C2_VEN[1] - when set to logic 1, indicates that the LTSSM
              sub-state machine state will be used to determine whether
              condition 2 is satisfied; when set to logic 0, the LTSSM
              sub-state machine state will be ignored when evaluating
              condition 2 Waverider: This is not used. Substate will be tied
              off at module instance.</p>

              <p>LM_C2_VEN[2] - when set to logic 1, indicates that the main
              LTSSM state machine state will be used to determine whether
              condition 2 is satisfied; when set to logic 0, the main state
              machine state will be ignored when evaluating condition 2</p>

              <p>Note: if multiple enable bits are set to logic 1, all
              combined state machine states are evaluating together to
              determine whether condition 2 is satisfied.</p>
            </field-desc>
          </field>

          <field>
            <field-bits>
              <double>
                <msb>1</msb>

                <lsb>0</lsb>
              </double>
            </field-bits>

            <field-name verilog="LTSSM_COND2_MODE">LM_C2_MODE</field-name>

            <field-type>RW</field-type>

            <field-default>0x0</field-default>

            <field-desc>
              <p><b>LTSSM Condition 2 Mode</b></p>

              <p>b00 - Condition 2 detection is disabled</p>

              <p>b01 - Condition 2 is declared when a state transition from
              the condition 2 source vector is detected</p>

              <p>b10 - Condition 2 is declared when a state transition to the
              condition 2 destination vector is detected</p>

              <p>b11 - Condition 2 is declared when a state transition from
              the condition 2 source vector to condition 2 destination vector
              is detected</p>
            </field-desc>
          </field>
        </reg-def>
      </tgroup>
    </table>

    <table id="table_LTSSM_MON_ARK_MASK_REG_2_phy_ltssm_mon">
      <title><reg-name-main
      verilog="LTSSM_MON_ARK_MASK_REG_2">LM_AMSK2</reg-name-main> -
      <reg-desc>LTSSM Monitor ARC Mask 2</reg-desc></title>

      <tgroup cols="5">
        <colspec colname="A" colwidth="111*"/>

        <colspec colname="B" colwidth="144*"/>

        <colspec colname="C" colwidth="101*"/>

        <colspec colname="D" colwidth="87*"/>

        <colspec colname="E" colwidth="557*"/>

        <thead>
          <row>
            <entry><p>Bit Field</p></entry>

            <entry><p>Field Name</p></entry>

            <entry><p>Type</p></entry>

            <entry><p>Default Value</p></entry>

            <entry><p>Description</p></entry>
          </row>
        </thead>

        <reg-def>
          <field>
            <field-bits>
              <double>
                <msb>31</msb>

                <lsb>0</lsb>
              </double>
            </field-bits>

            <field-name verilog="LTSSM_COND2_ARC_MASK">LM_C2_AMSK</field-name>

            <field-type>RW</field-type>

            <field-default>0xFFFFFFFF</field-default>

            <field-desc>
              <p><b>For each Bit </b></p>

              <p>1 : The bit will be ignored in the in arc pattern
              matching.</p>

              <p>0 : The corresponding bit in the on the ARC input must match
              LM_C2_ATGR to trigger condition 2</p>

              <p>ARC is only used when LM_C*_MODE is set to 2'b01 and
              2'b11.</p>
            </field-desc>
          </field>
        </reg-def>
      </tgroup>
    </table>

    <table id="table_LTSSM_MON_ARK_TRIG_REG_2_phy_ltssm_mon">
      <title><reg-name-main
      verilog="LTSSM_MON_ARK_TRIG_REG_2">LM_ATGR2</reg-name-main> -
      <reg-desc>LTSSM Monitor ARC Trigger 2</reg-desc></title>

      <tgroup cols="5">
        <colspec colname="A" colwidth="111*"/>

        <colspec colname="B" colwidth="144*"/>

        <colspec colname="C" colwidth="101*"/>

        <colspec colname="D" colwidth="87*"/>

        <colspec colname="E" colwidth="557*"/>

        <thead>
          <row>
            <entry><p>Bit Field</p></entry>

            <entry><p>Field Name</p></entry>

            <entry><p>Type</p></entry>

            <entry><p>Default Value</p></entry>

            <entry><p>Description</p></entry>
          </row>
        </thead>

        <reg-def>
          <field>
            <field-bits>
              <double>
                <msb>31</msb>

                <lsb>0</lsb>
              </double>
            </field-bits>

            <field-name verilog="LTSSM_COND2_ARC_VEC">LM_C2_ATGR</field-name>

            <field-type>RW</field-type>

            <field-default>0x0</field-default>

            <field-desc>
              <p><b>Value of the ARC in the source LTSSM state that caused the
              transition out of the LTSSM state. </b></p>

              <p>LTSSM condition is triggered when the value of the ARC in the
              source LTSSM state matches the LM_C2_ATGR. LM_C2_AMSK can be
              configured appropriately to ignore corresponding bits in the
              vector.</p>
            </field-desc>
          </field>
        </reg-def>
      </tgroup>
    </table>

    <table id="table_LTSSM_MON_TRIG_REG_3_phy_ltssm_mon">
      <title><reg-name-main
      verilog="LTSSM_MON_TRIG_REG_3">LM_TGR3</reg-name-main> - <reg-desc>LTSSM
      Monitor Custom Trigger 3</reg-desc></title>

      <tgroup cols="5">
        <colspec colname="A" colwidth="111*"/>

        <colspec colname="B" colwidth="144*"/>

        <colspec colname="C" colwidth="101*"/>

        <colspec colname="D" colwidth="87*"/>

        <colspec colname="E" colwidth="557*"/>

        <thead>
          <row>
            <entry><p>Bit Field</p></entry>

            <entry><p>Field Name</p></entry>

            <entry><p>Type</p></entry>

            <entry><p>Default Value</p></entry>

            <entry><p>Description</p></entry>
          </row>
        </thead>

        <reg-def>
          <field>
            <field-bits>
              <single>31</single>
            </field-bits>

            <field-name verilog="RESERVED">RESERVED</field-name>

            <field-type>RO</field-type>

            <field-default>0x0</field-default>

            <field-desc>
              <p><b>RESERVED</b></p>
            </field-desc>
          </field>

          <field>
            <field-bits>
              <double>
                <msb>30</msb>

                <lsb>18</lsb>
              </double>
            </field-bits>

            <field-name verilog="LTSSM_COND3_DEST_VEC">LM_C3_DVEC</field-name>

            <field-type>RW</field-type>

            <field-default>0x0</field-default>

            <field-desc>
              <p><b>LTSSM Condition3 Destination Vector</b></p>

              <p>LM_C3_DVEC[2:0] - receive L0S sub-state destination vector
              for condition 3 Waverider-This is not used. lts_substate will be
              tied off at module instance.</p>

              <p>LTSSM_C3_DVEC[6:3] - sub-state destination vector for
              condition 3 Wrider-This is not used. lts_substate will be tied
              off at module instance.</p>

              <p>LM_C3_DVEC[10:7] - main state destination vector for
              condition 3</p>

              <p>LM_C3_DVEC[12:11] - reserved for Harpoon/Yorktown. Waverider
              - main state destination vector for condition 3</p>
            </field-desc>
          </field>

          <field>
            <field-bits>
              <double>
                <msb>17</msb>

                <lsb>5</lsb>
              </double>
            </field-bits>

            <field-name verilog="LTSSM_COND3_SRC_VEC">LM_C3_SVEC</field-name>

            <field-type>RW</field-type>

            <field-default>0x0</field-default>

            <field-desc>
              <p><b>LTSSM Condition 3 Source Vector</b></p>

              <p>LM_C3_SVEC[2:0] - receive L0S sub-state source vector for
              condition 3 Waverider-This is not used. lts_substate will be
              tied off at module instance.</p>

              <p>LM_C3_SVEC[6:3] - sub-state source vector for condition 3
              Waverider-This is not used. lts_substate will be tied off at
              module instance.</p>

              <p>LM_C3_SVEC[10:7] - main state source vector for condition
              3</p>

              <p>LM_C3_SVEC[12:11] - reserved for Harpoon/Yorktown. Waverider
              - main state source vector for condition 3</p>
            </field-desc>
          </field>

          <field>
            <field-bits>
              <double>
                <msb>4</msb>

                <lsb>2</lsb>
              </double>
            </field-bits>

            <field-name verilog="LTSSM_COND3_SM_VEC_EN">LM_C3_VEN</field-name>

            <field-type>RW</field-type>

            <field-default>0x6</field-default>

            <field-desc>
              <p><b>LTSSM Condition 3 State Machine Vector Enable </b></p>

              <p>LM_C3_VEN[0] - when set to logic 1, indicates that the
              receive L0S sub-state machine state will be used to determine
              whether condition 3 is satisfied; when set to logic 0, the
              receive L0S sub-state machine state will be ignored when
              evaluating condition 3 Waverider-This is not used. lts_substate
              will be tied off at module instance.</p>

              <p>LM_C3_VEN[1] - when set to logic 1, indicates that the LTSSM
              sub-state machine state will be used to determine whether
              condition 3 is satisfied; when set to logic 0, the LTSSM
              sub-state machine state will be ignored when evaluating
              condition 3 Waverider-This is not used. lts_substate will be
              tied off at module instance.</p>

              <p>LM_C3_VEN[2] - when set to logic 1, indicates that the main
              LTSSM state machine state will be used to determine whether
              condition 3 is satisfied; when set to logic 0, the main state
              machine state will be ignored when evaluating condition 3</p>

              <p>Note: if multiple enable bits are set to logic 1, all
              combined state machine states are evaluating together to
              determine whether condition 3 is satisfied.</p>
            </field-desc>
          </field>

          <field>
            <field-bits>
              <double>
                <msb>1</msb>

                <lsb>0</lsb>
              </double>
            </field-bits>

            <field-name verilog="LTSSM_COND3_MODE">LM_C3_MODE</field-name>

            <field-type>RW</field-type>

            <field-default>0x0</field-default>

            <field-desc>
              <p><b>LTSSM Condition 3 Mode</b></p>

              <p>b00 - Condition 3 detection is disabled</p>

              <p>b01 - Condition 3 is declared when a state transition from
              the condition 3 source vector is detected</p>

              <p>b10 - Condition 3 is declared when a state transition to the
              condition 3 destination vector is detected</p>

              <p>b11 - Condition 3 is declared when a state transition from
              the condition 3 source vector to condition 3 destination vector
              is detected</p>
            </field-desc>
          </field>
        </reg-def>
      </tgroup>
    </table>

    <table id="table_LTSSM_MON_ARK_MASK_REG_3_phy_ltssm_mon">
      <title><reg-name-main
      verilog="LTSSM_MON_ARK_MASK_REG_3">LM_AMSK3</reg-name-main> -
      <reg-desc>LTSSM Monitor ARC Mask 3</reg-desc></title>

      <tgroup cols="5">
        <colspec colname="A" colwidth="111*"/>

        <colspec colname="B" colwidth="144*"/>

        <colspec colname="C" colwidth="101*"/>

        <colspec colname="D" colwidth="87*"/>

        <colspec colname="E" colwidth="557*"/>

        <thead>
          <row>
            <entry><p>Bit Field</p></entry>

            <entry><p>Field Name</p></entry>

            <entry><p>Type</p></entry>

            <entry><p>Default Value</p></entry>

            <entry><p>Description</p></entry>
          </row>
        </thead>

        <reg-def>
          <field>
            <field-bits>
              <double>
                <msb>31</msb>

                <lsb>0</lsb>
              </double>
            </field-bits>

            <field-name verilog="LTSSM_COND3_ARC_MASK">LM_C3_AMSK</field-name>

            <field-type>RW</field-type>

            <field-default>0xFFFFFFFF</field-default>

            <field-desc>
              <p><b>For each Bit </b></p>

              <p>1 : The bit will be ignored in the in arc pattern
              matching.</p>

              <p>0 : The corresponding bit in the on the ARC input must match
              LM_C3_ATGR to trigger condition 3</p>

              <p>ARC is only used when LM_C*_MODE is set to 2'b01 and
              2'b11.</p>
            </field-desc>
          </field>
        </reg-def>
      </tgroup>
    </table>

    <table id="table_LTSSM_MON_ARK_TRIG_REG_3_phy_ltssm_mon">
      <title><reg-name-main
      verilog="LTSSM_MON_ARK_TRIG_REG_3">LM_ATGR3</reg-name-main> -
      <reg-desc>LTSSM Monitor ARC Trigger 3</reg-desc></title>

      <tgroup cols="5">
        <colspec colname="A" colwidth="111*"/>

        <colspec colname="B" colwidth="144*"/>

        <colspec colname="C" colwidth="101*"/>

        <colspec colname="D" colwidth="87*"/>

        <colspec colname="E" colwidth="557*"/>

        <thead>
          <row>
            <entry><p>Bit Field</p></entry>

            <entry><p>Field Name</p></entry>

            <entry><p>Type</p></entry>

            <entry><p>Default Value</p></entry>

            <entry><p>Description</p></entry>
          </row>
        </thead>

        <reg-def>
          <field>
            <field-bits>
              <double>
                <msb>31</msb>

                <lsb>0</lsb>
              </double>
            </field-bits>

            <field-name verilog="LTSSM_COND3_ARC_VEC">LM_C3_ATGR</field-name>

            <field-type>RW</field-type>

            <field-default>0x0</field-default>

            <field-desc>
              <p><b>Value of the ARC in the source LTSSM state that caused the
              transition out of the LTSSM state. </b></p>

              <p>LTSSM condition is triggered when the value of the ARC in the
              source LTSSM state matches the LM_C3_ATGR. LM_C3_AMSK can be
              configured appropriately to ignore corresponding bits in the
              vector.</p>
            </field-desc>
          </field>
        </reg-def>
      </tgroup>
    </table>

    <table id="table_LTSSM_MON_TRIG_REG_4_phy_ltssm_mon">
      <title><reg-name-main
      verilog="LTSSM_MON_TRIG_REG_4">LM_TGR4</reg-name-main> - <reg-desc>LTSSM
      Monitor Custom Trigger 4</reg-desc></title>

      <tgroup cols="5">
        <colspec colname="A" colwidth="111*"/>

        <colspec colname="B" colwidth="144*"/>

        <colspec colname="C" colwidth="101*"/>

        <colspec colname="D" colwidth="87*"/>

        <colspec colname="E" colwidth="557*"/>

        <thead>
          <row>
            <entry><p>Bit Field</p></entry>

            <entry><p>Field Name</p></entry>

            <entry><p>Type</p></entry>

            <entry><p>Default Value</p></entry>

            <entry><p>Description</p></entry>
          </row>
        </thead>

        <reg-def>
          <field>
            <field-bits>
              <single>31</single>
            </field-bits>

            <field-name verilog="RESERVED">RESERVED</field-name>

            <field-type>RO</field-type>

            <field-default>0x0</field-default>

            <field-desc>
              <p><b>RESERVED</b></p>
            </field-desc>
          </field>

          <field>
            <field-bits>
              <double>
                <msb>30</msb>

                <lsb>18</lsb>
              </double>
            </field-bits>

            <field-name verilog="LTSSM_COND4_DEST_VEC">LM_C4_DVEC</field-name>

            <field-type>RW</field-type>

            <field-default>0x0</field-default>

            <field-desc>
              <p><b>LTSSM Condition4 Destination Vector</b></p>

              <p>LM_C4_DVEC[2:0] - receive L0S sub-state destination vector
              for condition 4 Waverider-This is not used. lts_substate will be
              tied off at module instance.</p>

              <p>LM_C4_DVEC[6:3] - sub-state destination vector for condition
              4 Waverider-This is not used. lts_substate will be tied off at
              module instance.</p>

              <p>LM_C4_DVEC[10:7] - main state destination vector for
              condition 4</p>

              <p>LM_C4_DVEC[12:11] - reserved for Harpoon/Yorktown. Waverider
              - main state destination vector for condition 4</p>
            </field-desc>
          </field>

          <field>
            <field-bits>
              <double>
                <msb>17</msb>

                <lsb>5</lsb>
              </double>
            </field-bits>

            <field-name verilog="LTSSM_COND4_SRC_VEC">LM_C4_SVEC</field-name>

            <field-type>RW</field-type>

            <field-default>0x0</field-default>

            <field-desc>
              <p><b>LTSSM Condition 4 Source Vector</b></p>

              <p>LM_C4_SVEC[2:0] - receive L0S sub-state source vector for
              condition 4 Waverider-This is not used. lts_substate will be
              tied off at module instance.</p>

              <p>LM_C4_SVEC[6:3] - sub-state source vector for condition 4
              Waverider-This is not used. lts_substate will be tied off at
              module instance.</p>

              <p>LM_C4_SVEC[10:7] - main state source vector for condition
              4</p>

              <p>LM_C4_SVEC[12:11] - reserved for Harpoon/Yorktown. Waverider
              - main state source vector for condition 4</p>
            </field-desc>
          </field>

          <field>
            <field-bits>
              <double>
                <msb>4</msb>

                <lsb>2</lsb>
              </double>
            </field-bits>

            <field-name verilog="LTSSM_COND4_SM_VEC_EN">LM_C4_VEN</field-name>

            <field-type>RW</field-type>

            <field-default>0x6</field-default>

            <field-desc>
              <p><b>LTSSM Condition 4 State Machine Vector Enable </b></p>

              <p>LM_C4_VEN[0] - when set to logic 1, indicates that the
              receive L0S sub-state machine state will be used to determine
              whether condition 4 is satisfied; when set to logic 0, the
              receive L0S sub-state machine state will be ignored when
              evaluating condition 4 Waverider-This is not used. lts_substate
              will be tied off at module instance.</p>

              <p>LM_C4_VEN[1] - when set to logic 1, indicates that the LTSSM
              sub-state machine state will be used to determine whether
              condition 4 is satisfied; when set to logic 0, the LTSSM
              sub-state machine state will be ignored when evaluating
              condition 4 Waverider-This is not used. lts_substate will be
              tied off at module instance.</p>

              <p>LM_C4_VEN[2] - when set to logic 1, indicates that the main
              LTSSM state machine state will be used to determine whether
              condition 4 is satisfied; when set to logic 0, the main state
              machine state will be ignored when evaluating condition 4</p>

              <p>Note: if multiple enable bits are set to logic 1, all
              combined state machine states are evaluating together to
              determine whether condition 4 is satisfied.</p>
            </field-desc>
          </field>

          <field>
            <field-bits>
              <double>
                <msb>1</msb>

                <lsb>0</lsb>
              </double>
            </field-bits>

            <field-name verilog="LTSSM_COND4_MODE">LM_C4_MODE</field-name>

            <field-type>RW</field-type>

            <field-default>0x0</field-default>

            <field-desc>
              <p><b>LTSSM Condition 4 Mode</b></p>

              <p>b00 - Condition 4 detection is disabled</p>

              <p>b01 - Condition 4 is declared when a state transition from
              the condition 4 source vector is detected</p>

              <p>b10 - Condition 4 is declared when a state transition to the
              condition 4 destination vector is detected</p>

              <p>b11 - Condition 4 is declared when a state transition from
              the condition 4 source vector to condition 4 destination vector
              is detected</p>
            </field-desc>
          </field>
        </reg-def>
      </tgroup>
    </table>

    <table id="table_LTSSM_MON_ARK_MASK_REG_4_phy_ltssm_mon">
      <title><reg-name-main
      verilog="LTSSM_MON_ARK_MASK_REG_4">LM_AMSK4</reg-name-main> -
      <reg-desc>LTSSM Monitor ARC Mask 4</reg-desc></title>

      <tgroup cols="5">
        <colspec colname="A" colwidth="111*"/>

        <colspec colname="B" colwidth="144*"/>

        <colspec colname="C" colwidth="101*"/>

        <colspec colname="D" colwidth="87*"/>

        <colspec colname="E" colwidth="557*"/>

        <thead>
          <row>
            <entry><p>Bit Field</p></entry>

            <entry><p>Field Name</p></entry>

            <entry><p>Type</p></entry>

            <entry><p>Default Value</p></entry>

            <entry><p>Description</p></entry>
          </row>
        </thead>

        <reg-def>
          <field>
            <field-bits>
              <double>
                <msb>31</msb>

                <lsb>0</lsb>
              </double>
            </field-bits>

            <field-name verilog="LTSSM_COND4_ARC_MASK">LM_C4_AMSK</field-name>

            <field-type>RW</field-type>

            <field-default>0xFFFFFFFF</field-default>

            <field-desc>
              <p><b>For each Bit </b></p>

              <p>1 : The bit will be ignored in the in arc pattern
              matching.</p>

              <p>0 : The corresponding bit in the on the ARC input must match
              LM_C4_ATGR to trigger condition 4</p>

              <p>ARC is only used when LM_C*_MODE is set to 2'b01 and
              2'b11.</p>
            </field-desc>
          </field>
        </reg-def>
      </tgroup>
    </table>

    <table id="table_LTSSM_MON_ARK_TRIG_REG_4_phy_ltssm_mon">
      <title><reg-name-main
      verilog="LTSSM_MON_ARK_TRIG_REG_4">LM_ATGR4</reg-name-main> -
      <reg-desc>LTSSM Monitor ARC Trigger 4</reg-desc></title>

      <tgroup cols="5">
        <colspec colname="A" colwidth="111*"/>

        <colspec colname="B" colwidth="144*"/>

        <colspec colname="C" colwidth="101*"/>

        <colspec colname="D" colwidth="87*"/>

        <colspec colname="E" colwidth="557*"/>

        <thead>
          <row>
            <entry><p>Bit Field</p></entry>

            <entry><p>Field Name</p></entry>

            <entry><p>Type</p></entry>

            <entry><p>Default Value</p></entry>

            <entry><p>Description</p></entry>
          </row>
        </thead>

        <reg-def>
          <field>
            <field-bits>
              <double>
                <msb>31</msb>

                <lsb>0</lsb>
              </double>
            </field-bits>

            <field-name verilog="LTSSM_COND4_ARC_VEC">LM_C4_ATGR</field-name>

            <field-type>RW</field-type>

            <field-default>0x0</field-default>

            <field-desc>
              <p><b>Value of the ARC in the source LTSSM state that caused the
              transition out of the LTSSM state. </b></p>

              <p>LTSSM condition is triggered when the value of the ARC in the
              source LTSSM state matches the LM_C4_ATGR. LM_C4_AMSK can be
              configured appropriately to ignore corresponding bits in the
              vector.</p>
            </field-desc>
          </field>
        </reg-def>
      </tgroup>
    </table>

    <table id="table_LTSSM_MON_RAM_CS_REG_phy_ltssm_mon">
      <title><reg-name-main
      verilog="LTSSM_MON_RAM_CS_REG">LM_RAM_CS</reg-name-main> -
      <reg-desc>LTSSM Monitor RAM Config and Status
      Register</reg-desc></title>

      <tgroup cols="5">
        <colspec colname="A" colwidth="111*"/>

        <colspec colname="B" colwidth="144*"/>

        <colspec colname="C" colwidth="101*"/>

        <colspec colname="D" colwidth="87*"/>

        <colspec colname="E" colwidth="557*"/>

        <thead>
          <row>
            <entry><p>Bit Field</p></entry>

            <entry><p>Field Name</p></entry>

            <entry><p>Type</p></entry>

            <entry><p>Default Value</p></entry>

            <entry><p>Description</p></entry>
          </row>
        </thead>

        <reg-def>
          <field>
            <field-bits>
              <single>31</single>
            </field-bits>

            <field-name verilog="LTSSM_WADDR_CLEAR">LM_WAD_CLR</field-name>

            <field-type>RW</field-type>

            <field-default>0x0</field-default>

            <field-desc>
              <p><b>LTSSM Monitor RAM write address clear bit. When it is set
              to logic 1, both of the status registers LM_WAD_RO and
              LM_NUM_ENT will be reset to all zeros(and state changes will not
              be monitored). When it is set to logic 0, the two above status
              registers works normally. </b></p>
            </field-desc>
          </field>

          <field>
            <field-bits>
              <single>30</single>
            </field-bits>

            <field-name verilog="LTSSM_WADDR_WRAP">LM_WAD_WRP</field-name>

            <field-type>RW</field-type>

            <field-default>0x1</field-default>

            <field-desc>
              <p><b>LTSSM Monitor RAM write address wrap around control bit.
              (RAM depth is 512 in Harpoon and 128 in Waverider/Yorktown)
              </b></p>

              <p>When it is set to logic 0, LTSSM Monitor ram will capture up
              to maximum 511 (127 for Waverider) state changes in RAM and
              stop, and LM_NUM_ENT (write address) will not automatically wrap
              back to zeros. However setting LM_WAD_CLR can always reset it to
              zeros.</p>

              <p>When it is set to logic 1, RAM write address will be rolled
              over to delete the oldest LTSSM state whenever a new transition
              state needed to be captured, and the status register LM_NUM_ENT
              (write address) will wrap back to all zeros when it increases up
              to 0x1FF(0x7F for Waverider), meanwhile status bit LM_WAD_RO
              will rise to logic 1.</p>
            </field-desc>
          </field>

          <field>
            <field-bits>
              <single>29</single>
            </field-bits>

            <field-name
            verilog="LTSSM_RAM_TIMESTAMP_SEL">LM_RAM_TSL</field-name>

            <field-type>RW</field-type>

            <field-default>0x1</field-default>

            <field-desc>
              <p><b>Selects what gets stored in the timestamp field of the
              RAM. </b></p>

              <p>1 : Store the Counter in LM_RAM_TSL[25:0] ([36:26] are
              unused) This is the same counter value that was implemented in
              Trident</p>

              <p>0 : Stores the 37-bit Global timestamp</p>
            </field-desc>
          </field>

          <field>
            <field-bits>
              <double>
                <msb>28</msb>

                <lsb>10</lsb>
              </double>
            </field-bits>

            <field-name verilog="RESERVED">RESERVED</field-name>

            <field-type>RO</field-type>

            <field-default>0x0</field-default>

            <field-desc>
              <p><b>RESERVED</b></p>
            </field-desc>
          </field>

          <field>
            <field-bits>
              <single>9</single>
            </field-bits>

            <field-name verilog="LTSSM_MON_RAM_RD_EN">LM_RAM_REN</field-name>

            <field-type>RW</field-type>

            <field-default>0x0</field-default>

            <field-desc>
              <p><b>LTSSM Monitor RAM Read enable bit. When set to logic:
              0-&gt;1: the indirect read access operation is triggered.
              1-&gt;0: The bit self-clears by transitioning from logic 1 to 0
              when the indirect operation is finished. </b></p>
            </field-desc>
          </field>

          <field>
            <field-bits>
              <double>
                <msb>8</msb>

                <lsb>0</lsb>
              </double>
            </field-bits>

            <field-name verilog="LTSSM_MON_RAM_RADDR">LM_RAM_RAD</field-name>

            <field-type>RW</field-type>

            <field-default>0x0</field-default>

            <field-desc>
              <p><b>LTSSM Monitor Ram Read Address bit.</b></p>
            </field-desc>
          </field>
        </reg-def>
      </tgroup>
    </table>

    <table id="table_LTSSM_RAM_REG_1_phy_ltssm_mon">
      <title><reg-name-main
      verilog="LTSSM_RAM_REG_1">LM_RAM_STS1</reg-name-main> - <reg-desc>LTSSM
      Monitor RAM Register 1</reg-desc></title>

      <tgroup cols="5">
        <colspec colname="A" colwidth="111*"/>

        <colspec colname="B" colwidth="144*"/>

        <colspec colname="C" colwidth="101*"/>

        <colspec colname="D" colwidth="87*"/>

        <colspec colname="E" colwidth="557*"/>

        <thead>
          <row>
            <entry><p>Bit Field</p></entry>

            <entry><p>Field Name</p></entry>

            <entry><p>Type</p></entry>

            <entry><p>Default Value</p></entry>

            <entry><p>Description</p></entry>
          </row>
        </thead>

        <reg-def>
          <field>
            <field-bits>
              <double>
                <msb>31</msb>

                <lsb>20</lsb>
              </double>
            </field-bits>

            <field-name verilog="RESERVED">RESERVED</field-name>

            <field-type>RO</field-type>

            <field-default>0x0</field-default>

            <field-desc>
              <p><b>RESERVED</b></p>
            </field-desc>
          </field>

          <field>
            <field-bits>
              <double>
                <msb>19</msb>

                <lsb>17</lsb>
              </double>
            </field-bits>

            <field-name verilog="LM_RAM_LW">LM_RAM_LW</field-name>

            <field-type>RO</field-type>

            <field-default>HWINIT</field-default>

            <field-desc>
              <p><b>Link Width</b></p>

              <p>b000 = 0</p>

              <p>b001 = 1</p>

              <p>b010 = 2</p>

              <p>b011 = 4</p>

              <p>b100 = 8</p>

              <p>b101 = 16</p>
            </field-desc>
          </field>

          <field>
            <field-bits>
              <single>16</single>
            </field-bits>

            <field-name
            verilog="LTSSM_RAM_TIMESTAMP_ROLLOVER">LM_RAM_TRO</field-name>

            <field-type>RO</field-type>

            <field-default>HWINIT</field-default>

            <field-desc>
              <p><b>When this bit is set it indicates that the 37-bit timer
              counter has completely rolled over and has passed previously
              recorded timestamp. </b></p>

              <p>Eg. at least 137s (2^37 nsec) has passed since the previously
              recorded timestamp.</p>

              <p>This bit is not valid for the first recorded entry since
              there isn't a previous entry to compare against.</p>
            </field-desc>
          </field>

          <field>
            <field-bits>
              <double>
                <msb>15</msb>

                <lsb>13</lsb>
              </double>
            </field-bits>

            <field-name verilog="LTSSM_RAM_LINK_RATE">LM_RAM_LRT</field-name>

            <field-type>RO</field-type>

            <field-default>HWINIT</field-default>

            <field-desc>
              <p><b>Link rate</b></p>

              <p>b000 = 2.5G</p>

              <p>b001 = 5G</p>

              <p>b010 = 8G</p>

              <p>b011 = 16G</p>

              <p>b100 = 32G</p>
            </field-desc>
          </field>

          <field>
            <field-bits>
              <double>
                <msb>12</msb>

                <lsb>7</lsb>
              </double>
            </field-bits>

            <field-name verilog="LTSSM_RAM_STATE">LM_RAM_STE</field-name>

            <field-type>RO</field-type>

            <field-default>HWINIT</field-default>

            <field-desc>
              <p><b>Monitored LTSSM Main State </b></p>

              <p>LTSSM Main State</p>

              <p>6'h00 = DETECT</p>

              <p>6'h01 = POLLING</p>

              <p>6'h02 = CONFIGURATION</p>

              <p>6'h03 = L0</p>

              <p>6'h04 = RECOVERY</p>

              <p>6'h05 = DISABLED</p>

              <p>6'h06 = LOOPBACK</p>

              <p>6'h07 = HOT_RESET</p>

              <p>6'h08 = TX_L0S</p>

              <p>6'h09 = L1</p>

              <p>6'h0A = L2</p>

              <p>6'h0B-3F = RESERVED</p>
            </field-desc>
          </field>

          <field>
            <field-bits>
              <double>
                <msb>6</msb>

                <lsb>3</lsb>
              </double>
            </field-bits>

            <field-name verilog="LTSSM_RAM_SUBSTATE">LM_RAM_SST</field-name>

            <field-type>RO</field-type>

            <field-default>HWINIT</field-default>

            <field-desc>
              <p><b>Monitored</b> <b>LTSSM</b> <b>Substate</b></p>

              <p>Reserved for Waverider.</p>

              <p>Main State = DETECT</p>

              <p>4'h0 = DETECT_INACTIVE</p>

              <p>4'h1 = DETECT_QUIET</p>

              <p>4'h2 = DETECT_SPD_CHG0 Extra state used during speed changes
              in DETECT</p>

              <p>4'h3 = DETECT_SPD_CHG1 Extra state used during speed changes
              in DETECT</p>

              <p>4'h4 = DETECT_ACTIVE0 Substates of DETECT_ACTIVE</p>

              <p>4'h5 = DETECT_ACTIVE1 Substates of DETECT_ACTIVE</p>

              <p>4'h6 = DETECT_ACTIVE2 Substates of DETECT_ACTIVE</p>

              <p>4'h7 = DETECT_P1_TO_P0 Extra state used during Power State
              Changes in DETECT</p>

              <p>4'h8 = DETECT_P0_TO_P1_0 Extra state used during Power State
              Changes in DETECT</p>

              <p>4'h9 = DETECT_P0_TO_P1_1 Extra state used during Power State
              Changes in DETECT</p>

              <p>4'hA = DETECT_P0_TO_P1_2 Extra state used during Power State
              Changes in DETECT</p>

              <p>Main State = POLLING</p>

              <p>4'h0 = POLLING_INACTIVE</p>

              <p>4'h1 = POLLING_ACTIVE_ENTRY Substate of POLLING_ACTIVE in
              Spec</p>

              <p>4'h2 = POLLING_ACTIVE Substate of POLLING_ACTIVE in Spec</p>

              <p>4'h3 = POLLING_CFG</p>

              <p>4'h4 = POLLING_COMP Substate of POLLING_COMP in Spec</p>

              <p>4'h5 = POLLING_COMP_ENTRY Substate of POLLING_COMP in
              Spec</p>

              <p>4'h6 = POLLING_COMP_EIOS Substate of POLLING_COMP in Spec</p>

              <p>4'h7 = POLLING_COMP_EIOS_ACK Substate of POLLING_COMP in
              Spec</p>

              <p>4'h8 = POLLING_COMP_IDLE Substate of POLLING_COMP in Spec</p>

              <p>Main State = CONFIGURATION</p>

              <p>4'h0 = CFG_INACTIVE</p>

              <p>4'h1 = CFG_US_LW_START Upstream version of CFG_LW_START</p>

              <p>4'h2 = CFG_US_LW_ACCEPT Upstream version of CFG_LW_ACCEPT</p>

              <p>4'h3 = CFG_US_LN_WAIT Upstream version of CFG_LN_WAIT</p>

              <p>4'h4 = CFG_US_LN_ACCEPT Upstream version of CFG_LN_ACCEPT</p>

              <p>4'h5 = CFG_DS_LW_START Downstream version of CFG_LW_START</p>

              <p>4'h6 = CFG_DS_LW_ACCEPT Downstream version of
              CFG_LW_ACCEPT</p>

              <p>4'h7 = CFG_DS_LN_WAIT Downstream version of CFG_LN_WAIT</p>

              <p>4'h8 = CFG_DS_LN_ACCEPT Downstream version of
              CFG_LN_ACCEPT</p>

              <p>4'h9 = CFG_COMPLETE</p>

              <p>4'hA = CFG_IDLE</p>

              <p>Main State = L0</p>

              <p>4'h0 = L0_INACTIVE</p>

              <p>4'h1 = L0</p>

              <p>4'h2 = L0_TX_EL_IDLE Extra state used when going Idle</p>

              <p>4'h3 = L0_TX_IDLE_MIN Extra state used when Idle</p>

              <p>Main State = Recovery</p>

              <p>4'h0= REC_INACTIVE</p>

              <p>4'h1 = REC_RCVR_LOCK</p>

              <p>4'h2 = REC_RCVR_CFG</p>

              <p>4'h3 = REC_IDLE</p>

              <p>4'h4 = REC_SPEED0 Substates of REC_SPEED</p>

              <p>4'h5 = REC_SPEED1 Substates of REC_SPEED</p>

              <p>4'h6 = REC_SPEED2 Substates of REC_SPEED</p>

              <p>4'h7 = REC_SPEED3 Substates of REC_SPEED</p>

              <p>4'h8 = REC_EQ_PH0</p>

              <p>4'h9 = REC_EQ_PH1</p>

              <p>4'hA = REC_EQ_PH2</p>

              <p>4'hB = REC_EQ_PH3</p>

              <p>Main State = DISABLE</p>

              <p>4'h0 = DISABLE_INACTIVE</p>

              <p>4'h1 = DISABLE0 Substates of DISABLE</p>

              <p>4'h2 = DISABLE1 Substates of DISABLE</p>

              <p>4'h3 = DISABLE2 Substates of DISABLE</p>

              <p>4'h4 = DISABLE3 Substates of DISABLE</p>

              <p>Main State = LOOPBACK</p>

              <p>4'h0= LOOPBACK_INACTIVE</p>

              <p>4'h1 = LOOPBACK_ENTRY</p>

              <p>4'h2 = LOOPBACK_ENTRY_EXIT Extra substate used during
              LOOPBACK_ENTRY</p>

              <p>4'h3 = LOOPBACK_EIOS Extra substate used during
              LOOPBACK_ENTRY</p>

              <p>4'h4 = LOOPBACK_EIOS_ACK Extra substate used during
              LOOPBACK_ENTRY</p>

              <p>4'h5 = LOOPBACK_IDLE Extra substate used during
              LOOPBACK_ENTRY</p>

              <p>4'h6 = LOOPBACK_ACTIVE</p>

              <p>4'h7 = LOOPBACK_EXIT0 Substate of LOOPBACK_EXIT in Spec</p>

              <p>4'h8 = LOOPBACK_EXIT1 Substate of LOOPBACK_EXIT in Spec</p>

              <p>Main State = HOT_RESET</p>

              <p>4'h0 = HOT_RESET_INACTIVE</p>

              <p>4'h1 = HOT_RESET</p>

              <p>4'h2 = HOT_RESET_MASTER_UP Extra substate used when acting as
              Master</p>

              <p>4'h3 = HOT_RESET_MASTER_DOWN Extra substate used when acting
              as Master</p>

              <p>Main State = TX_L0S</p>

              <p>4'h0 = TX_L0S_INACTIVE</p>

              <p>4'h1 = TX_L0S_IDLE</p>

              <p>4'h2 = TX_L0S_TO_L0</p>

              <p>4'h3 = TX_L0S_FTS0 Substate of TX_L0S_FTS</p>

              <p>4'h4 = TX_L0S_FTS1 Substate of TX_L0S_FTS</p>

              <p>Main State = L1</p>

              <p>4'h0 = L1_INACTIVE</p>

              <p>4'h1 = L1_IDLE</p>

              <p>4'h2 = L1_SUBSTATE Extra substate used for L1PMSS</p>

              <p>4'h3 = L1_TO_L0 Extra substate used during L1 exit</p>

              <p>Main State = L2</p>

              <p>4'h0 = L2_INACTIVE</p>

              <p>4'h1 = L2_IDLE</p>

              <p>4'h2 = L2_TX_WAKE0 Substate of L2_TRANSMIT_WAKE</p>

              <p>4'h3 = L2_TX_WAKE1 Substate of L2_TRANSMIT_WAKE</p>

              <p>4'h4 = L2_EXIT Substate used during L2 exit</p>

              <p>4'h5 = L2_SPEED Substate used during L2 entry to change
              speed</p>
            </field-desc>
          </field>

          <field>
            <field-bits>
              <double>
                <msb>2</msb>

                <lsb>0</lsb>
              </double>
            </field-bits>

            <field-name
            verilog="LTSSM_RAM_RX_L0S_SUBSTATE">LM_RAM_RLS</field-name>

            <field-type>RO</field-type>

            <field-default>HWINIT</field-default>

            <field-desc>
              <p><b>Monitored LTSSM Rx L0s Substate (binary encoded) </b></p>

              <p>Reserved for Waverider</p>

              <p>[2:0] : Monitored LTSSM Rx L0S Substate (only valid when the
              main state is in L0 or TX_L0S)</p>

              <p>3'h0 = RX_L0S_L0 Receiver is in normal L0 state</p>

              <p>3'h1 = RX_L0S_ENTRY</p>

              <p>3'h2 = RX_L0S_IDLE</p>

              <p>3'h3 = RX_L0S_FTS</p>

              <p>3'h4 = RX_L0S_REC Extra substate used when timeout triggers
              Recovery</p>
            </field-desc>
          </field>
        </reg-def>
      </tgroup>
    </table>

    <table id="table_LTSSM_RAM_REG_2_phy_ltssm_mon">
      <title><reg-name-main
      verilog="LTSSM_RAM_REG_2">LM_RAM_STS2</reg-name-main> - <reg-desc>LTSSM
      Monitor RAM Register 2</reg-desc></title>

      <tgroup cols="5">
        <colspec colname="A" colwidth="111*"/>

        <colspec colname="B" colwidth="144*"/>

        <colspec colname="C" colwidth="101*"/>

        <colspec colname="D" colwidth="87*"/>

        <colspec colname="E" colwidth="557*"/>

        <thead>
          <row>
            <entry><p>Bit Field</p></entry>

            <entry><p>Field Name</p></entry>

            <entry><p>Type</p></entry>

            <entry><p>Default Value</p></entry>

            <entry><p>Description</p></entry>
          </row>
        </thead>

        <reg-def>
          <field>
            <field-bits>
              <double>
                <msb>31</msb>

                <lsb>0</lsb>
              </double>
            </field-bits>

            <field-name verilog="LTSSM_RAM_TIMESTAMP">LM_RAM_TS2</field-name>

            <field-type>RO</field-type>

            <field-default>HWINIT</field-default>

            <field-desc>
              <p><b>LM_RAM_TSL = 1 LM_RAM_TS2[25:0] is set to Higher counter
              bits. The higher counter value is stored into monitor ram so
              that the actual time duration between state changes can be
              calculated according to it (referring to setting of LM_CTR_TIC).
              The counter value represents the time spent in the state. The
              higher counter bits saturate at a value of all 1s. Note that
              duration calculated may have an uncertainty of up to 2 core
              clock (1002MHz) cycles. </b></p>

              <p>LM_RAM_TSL = 0, LM_RAM_TS*[36:0] is set to the global
              timestamp. The timestamp comes from a 37 bit counter, where each
              tick is from a 1.002GHz clock. This timestamp can be used to
              calculate how much time has passed between 2 recorded state
              changes. However because the timestamp is only 37 Bits the
              elapsed time between 2 states has to be less than 2^37/1.002 GHz
              (~137sec) for the calculations to be correct. If this timestamp
              does roll over and passes the previously recorded timestamp,
              LTSSM_RAM_TIMESTAMP_ROLLOVER will be set to 1. This would
              indicate that more than 137 seconds have passed since the
              previous recorded state.</p>
            </field-desc>
          </field>
        </reg-def>
      </tgroup>
    </table>

    <table id="table_LTSSM_RAM_REG_3_phy_ltssm_mon">
      <title><reg-name-main
      verilog="LTSSM_RAM_REG_3">LM_RAM_STS3</reg-name-main> - <reg-desc>LTSSM
      Monitor RAM Register 3</reg-desc></title>

      <tgroup cols="5">
        <colspec colname="A" colwidth="111*"/>

        <colspec colname="B" colwidth="144*"/>

        <colspec colname="C" colwidth="101*"/>

        <colspec colname="D" colwidth="87*"/>

        <colspec colname="E" colwidth="557*"/>

        <thead>
          <row>
            <entry><p>Bit Field</p></entry>

            <entry><p>Field Name</p></entry>

            <entry><p>Type</p></entry>

            <entry><p>Default Value</p></entry>

            <entry><p>Description</p></entry>
          </row>
        </thead>

        <reg-def>
          <field>
            <field-bits>
              <double>
                <msb>31</msb>

                <lsb>5</lsb>
              </double>
            </field-bits>

            <field-name verilog="RESERVED">RESERVED</field-name>

            <field-type>RO</field-type>

            <field-default>0x0</field-default>

            <field-desc>
              <p><b>RESERVED</b></p>
            </field-desc>
          </field>

          <field>
            <field-bits>
              <double>
                <msb>4</msb>

                <lsb>0</lsb>
              </double>
            </field-bits>

            <field-name verilog="LTSSM_RAM_TIMESTAMP">LM_RAM_TS3</field-name>

            <field-type>RO</field-type>

            <field-default>HWINIT</field-default>

            <field-desc>
              <p><b>LM_RAM_TSL = 1</b></p>

              <p>LM_RAM_TDS3[25:0] is set to Higher counter bits.</p>

              <p>The higher counter value is stored into monitor ram so that
              the actual time duration between state changes can be calculated
              according to it (referring to setting of LM_CTR_TIC). The
              counter value represents the time spent in the state. The higher
              counter bits saturate at a value of all 1s. Note that duration
              calculated may have an uncertainty of up to 2 core clock
              (1002MHz) cycles.</p>

              <p>LM_RAM_TSL = 0</p>

              <p>LM_RAM_TS*[36:0] is set to the global timestamp.</p>

              <p>The timestamp comes from a 37 bit global timestamp, where
              each tick is from a 1.002GHz clock. This timestamp can be used
              to calculate how much time has passed between 2 recorded state
              changes. However because the timestamp is only 37 Bits the
              elaspsed time between 2 states has to be less than 2^37/1.002
              GHz (~137sec) for the calculations to be correct. If this
              timestamp does roll over and passes the previously recorded
              timestamp, LM_RAM_TRO will be set to 1. This would indicate that
              more than 137 seconds have passed since the previous recorded
              state.</p>
            </field-desc>
          </field>
        </reg-def>
      </tgroup>
    </table>

    <table id="table_LTSSM_RAM_REG_4_phy_ltssm_mon">
      <title><reg-name-main
      verilog="LTSSM_RAM_REG_4">LM_RAM_STS4</reg-name-main> - <reg-desc>LTSSM
      Monitor RAM Register 4</reg-desc></title>

      <tgroup cols="5">
        <colspec colname="A" colwidth="111*"/>

        <colspec colname="B" colwidth="144*"/>

        <colspec colname="C" colwidth="101*"/>

        <colspec colname="D" colwidth="87*"/>

        <colspec colname="E" colwidth="557*"/>

        <thead>
          <row>
            <entry><p>Bit Field</p></entry>

            <entry><p>Field Name</p></entry>

            <entry><p>Type</p></entry>

            <entry><p>Default Value</p></entry>

            <entry><p>Description</p></entry>
          </row>
        </thead>

        <reg-def>
          <field>
            <field-bits>
              <double>
                <msb>31</msb>

                <lsb>0</lsb>
              </double>
            </field-bits>

            <field-name verilog="LTSSM_RAM_ARC">LM_RAM_ARC</field-name>

            <field-type>RO</field-type>

            <field-default>HWINIT</field-default>

            <field-desc>
              <p><b>This field is used to determine conditions that lead to
              this current recorded state </b></p>
            </field-desc>
          </field>
        </reg-def>
      </tgroup>
    </table>

    <table id="table_LTSSM_RAM_CFG">
      <title><reg-name-main verilog="LTSSM_RAM_CFG">LM_RAM_CFG</reg-name-main>
      - <reg-desc>LTSSM Monitor RAM Configuration</reg-desc></title>

      <tgroup cols="5">
        <colspec colname="A" colwidth="111*"/>

        <colspec colname="B" colwidth="144*"/>

        <colspec colname="C" colwidth="101*"/>

        <colspec colname="D" colwidth="87*"/>

        <colspec colname="E" colwidth="557*"/>

        <thead>
          <row>
            <entry><p>Bit Field</p></entry>

            <entry><p>Field Name</p></entry>

            <entry><p>Type</p></entry>

            <entry><p>Default Value</p></entry>

            <entry><p>Description</p></entry>
          </row>
        </thead>

        <reg-def>
          <field>
            <field-bits>
              <double>
                <msb>31</msb>

                <lsb>4</lsb>
              </double>
            </field-bits>

            <field-name verilog="RESERVED">RESERVED</field-name>

            <field-type>RO</field-type>

            <field-default>0x0</field-default>

            <field-desc>
              <p><b>RESERVED</b></p>
            </field-desc>
          </field>

          <field>
            <field-bits>
              <double>
                <msb>3</msb>

                <lsb>2</lsb>
              </double>
            </field-bits>

            <field-name verilog="LM_RAM_INJ">LM_RAM_INJ</field-name>

            <field-type>RW</field-type>

            <field-default>0x0</field-default>

            <field-desc>
              <p><b>LTSSM Monitor RAM ECC Error Injection</b></p>

              <p>00: no errors injected</p>

              <p>01: single bit error injected</p>

              <p>10: Reserved</p>

              <p>11: double bit error injected.</p>
            </field-desc>
          </field>

          <field>
            <field-bits>
              <single>1</single>
            </field-bits>

            <field-name verilog="LM_RAM_BYP">LM_RAM_BYP</field-name>

            <field-type>RW</field-type>

            <field-default>0x0</field-default>

            <field-desc>
              <p><b>LTSSM Monitor RAM ECC Bypass</b></p>

              <p>If set to '1', the ECC circuitry is bypassed when reading RAM
              data, and data_out = data_in. When set to '0', the data is
              corrected if there are any errors (single or multiple bits).
              This bit is used in device test only (RAM failure analysis).
              When ECC bypass is enabled, ECC double bit error interrupt for
              this RAM is triggered to indicate a misconfiguration in normal
              operation.</p>
            </field-desc>
          </field>

          <field>
            <field-bits>
              <single>0</single>
            </field-bits>

            <field-name verilog="LM_RAM_LS">LM_RAM_LS</field-name>

            <field-type>RW</field-type>

            <field-default>0x0</field-default>

            <field-desc>
              <p><b>LTSSM Monitor RAM Light Sleep</b></p>

              <p>1: RAM is placed in light sleep mode</p>

              <p>0: RAM is placed in normal mode.</p>
            </field-desc>
          </field>
        </reg-def>
      </tgroup>
    </table>

    <table id="table_LTSSM_INT_STS_pd">
      <title><reg-name-main verilog="LTSSM_INT_STS">LM_INT_STS</reg-name-main>
      - <reg-desc>LTSSM Monitor Interrupt Status</reg-desc></title>

      <tgroup cols="5">
        <colspec colname="A" colwidth="111*"/>

        <colspec colname="B" colwidth="144*"/>

        <colspec colname="C" colwidth="101*"/>

        <colspec colname="D" colwidth="87*"/>

        <colspec colname="E" colwidth="557*"/>

        <thead>
          <row>
            <entry><p>Bit Field</p></entry>

            <entry><p>Field Name</p></entry>

            <entry><p>Type</p></entry>

            <entry><p>Default Value</p></entry>

            <entry><p>Description</p></entry>
          </row>
        </thead>

        <reg-def>
          <field>
            <field-bits>
              <double>
                <msb>31</msb>

                <lsb>0</lsb>
              </double>
            </field-bits>

            <field-name verilog="LM_INT_STS">LM_INT_STS</field-name>

            <field-type>RW1C</field-type>

            <field-default>0x0</field-default>

            <field-desc>
              <p><b>LTSSM Monitor Interrupts</b></p>

              <p>bit[00] = L0s Entry</p>

              <p>bit[01] = L0s Exit</p>

              <p>bit[02] = L1 Entry</p>

              <p>bit[03] = L1 Exit</p>

              <p>bit[04] = L0 Exit</p>

              <p>bit[05] = Loopback Entry</p>

              <p>bit[06] = Loopback Exit</p>

              <p>bit[07] = Disable Entry</p>

              <p>bit[08] = Disable Exit</p>

              <p>bit[09] = Hot Reset Entry</p>

              <p>bit[10] = Hot Reset Exit</p>

              <p>bit[11] = L0 Entry Gen1</p>

              <p>bit[12] = L0 Entry Gen2</p>

              <p>bit[13] = L0 Entry Gen3</p>

              <p>bit[14] = L0 Entry Gen4</p>

              <p>bit[15] = L0 Entry Gen5</p>

              <p>bit[16] = Link Rate Change</p>

              <p>bit[17] = Link Width Change</p>

              <p>bit[18] = LTSSM Condition 0</p>

              <p>bit[19] = LTSSM Condition 1</p>

              <p>bit[20] = LTSSM Condition 2</p>

              <p>bit[21] = LTSSM Condition 3</p>

              <p>bit[22] = LTSSM Condition 4</p>

              <p>bit[23] = RXL0s L0 TO Entry</p>

              <p>bit[24] = Rcvy Spd3 TO Rcvy Lock</p>

              <p>bit[25] = L2R</p>

              <p>bit[26] = RESERVED</p>

              <p>bit[27] = RESERVED</p>

              <p>bit[28] = LTSSM RAM DBE</p>

              <p>bit[29] = LTSSM RAM SBE</p>

              <p>bit[30] = OSA RAM DBE</p>

              <p>bit[31} = OSA RAM SBE</p>
            </field-desc>
          </field>
        </reg-def>
      </tgroup>
    </table>

    <table id="table_LTSSM_INT_EN_pd">
      <title><reg-name-main verilog="LTSSM_INT_EN">LM_INT_EN</reg-name-main> -
      <reg-desc>LTSSM Monitor Interrupt Enable</reg-desc></title>

      <tgroup cols="5">
        <colspec colname="A" colwidth="111*"/>

        <colspec colname="B" colwidth="144*"/>

        <colspec colname="C" colwidth="101*"/>

        <colspec colname="D" colwidth="87*"/>

        <colspec colname="E" colwidth="557*"/>

        <thead>
          <row>
            <entry><p>Bit Field</p></entry>

            <entry><p>Field Name</p></entry>

            <entry><p>Type</p></entry>

            <entry><p>Default Value</p></entry>

            <entry><p>Description</p></entry>
          </row>
        </thead>

        <reg-def>
          <field>
            <field-bits>
              <double>
                <msb>31</msb>

                <lsb>0</lsb>
              </double>
            </field-bits>

            <field-name verilog="LM_INT_EN">LM_INT_EN</field-name>

            <field-type>RW</field-type>

            <field-default>0x0</field-default>

            <field-desc>
              <p><b>LTSSM Monitor Interrupt Enable</b></p>

              <p>Each enable bit allows for the generation of an interrupt for
              the associated interrupt event.</p>

              <p>Refer to the corresponding interrupt status register
              definition for bit assignments.</p>
            </field-desc>
          </field>
        </reg-def>
      </tgroup>
    </table>
  </body>
</topic>
