<?xml version="1.0" encoding="UTF-8"?>
<!DOCTYPE topic PUBLIC "-//OASIS//DTD DITA 1.2 Topic//EN" "topic.dtd">
<topic base="base" id="PM20_82_566_BIST_addr">
<title/>
<body>
<p/>
<table id="PM20_82_566_BIST_addr_table_00">
<title>Device Table</title>
<tgroup cols="3">
<colspec colwidth="148*"/>
<colspec colwidth="218*"/>
<colspec colwidth="634*"/>
<thead>
<row>
<entry><p>Offset Address</p></entry>
<entry><p>Register Mnemonic </p></entry>
<entry><p>Register Description </p></entry>
</row>
</thead>
<address-map>

<register-reference>
    <address>0x00000</address>
    <addr-element>
    <addr-mnemonic>DFI_BIST_CTRL</addr-mnemonic>
    </addr-element>

    <address-details>
        <p><xref href="lw20_60_1036_regs_reg.xml#PM20_82_566_BIST/table_DFI_BIST_CTRL_PM20_82_566_BIST">DFI_BIST_CTRL</xref></p>
    </address-details>
</register-reference>

<register-reference>
    <address>0x00004</address>
    <addr-element>
    <addr-mnemonic>DFI_BIST_SCH_CONF0</addr-mnemonic>
    </addr-element>

    <address-details>
        <p><xref href="lw20_60_1036_regs_reg.xml#PM20_82_566_BIST/table_DFI_BIST_SCH_CONF0_PM20_82_566_BIST">DFI_BIST_SCH_CONF0</xref></p>
    </address-details>
</register-reference>

<register-reference>
    <address>0x00008</address>
    <addr-element>
    <addr-mnemonic>DFI_BIST_SCH_CONF1</addr-mnemonic>
    </addr-element>

    <address-details>
        <p><xref href="lw20_60_1036_regs_reg.xml#PM20_82_566_BIST/table_DFI_BIST_SCH_CONF1_PM20_82_566_BIST">DFI_BIST_SCH_CONF1</xref></p>
    </address-details>
</register-reference>

<register-reference>
    <address>0x0000C</address>
    <addr-element>
    <addr-mnemonic>DFI_BIST_SCH_CONF2</addr-mnemonic>
    </addr-element>

    <address-details>
        <p><xref href="lw20_60_1036_regs_reg.xml#PM20_82_566_BIST/table_DFI_BIST_SCH_CONF2_PM20_82_566_BIST">DFI_BIST_SCH_CONF2</xref></p>
    </address-details>
</register-reference>

<register-reference>
    <address>0x00010</address>
    <addr-element>
    <addr-mnemonic>DFI_BIST_SCH_STATUS1</addr-mnemonic>
    </addr-element>

    <address-details>
        <p><xref href="lw20_60_1036_regs_reg.xml#PM20_82_566_BIST/table_DFI_BIST_SCH_STATUS1_PM20_82_566_BIST">DFI_BIST_SCH_STATUS1</xref></p>
    </address-details>
</register-reference>

<register-reference>
    <address>0x00014</address>
    <addr-element>
    <addr-mnemonic>DFI_BIST_RDADTA_CONF</addr-mnemonic>
    </addr-element>

    <address-details>
        <p><xref href="lw20_60_1036_regs_reg.xml#PM20_82_566_BIST/table_DFI_BIST_RDADTA_CONF_PM20_82_566_BIST">DFI_BIST_RDADTA_CONF</xref></p>
    </address-details>
</register-reference>

<register-reference>
    <address>0x00018</address>
    <addr-element>
    <addr-mnemonic>DFI_BIST_CA_CONF</addr-mnemonic>
    </addr-element>

    <address-details>
        <p><xref href="lw20_60_1036_regs_reg.xml#PM20_82_566_BIST/table_DFI_BIST_CA_CONF_PM20_82_566_BIST">DFI_BIST_CA_CONF</xref></p>
    </address-details>
</register-reference>

<register-reference>
    <address>0x0001C</address>
    <addr-element>
    <addr-mnemonic>DFI_BIST_CA_CONF1</addr-mnemonic>
    </addr-element>

    <address-details>
        <p><xref href="lw20_60_1036_regs_reg.xml#PM20_82_566_BIST/table_DFI_BIST_CA_CONF1_PM20_82_566_BIST">DFI_BIST_CA_CONF1</xref></p>
    </address-details>
</register-reference>

<register-reference>
    <address>0x00020</address>
    <addr-element>
    <addr-mnemonic>DFI_BIST_CA_CONF2</addr-mnemonic>
    </addr-element>

    <address-details>
        <p><xref href="lw20_60_1036_regs_reg.xml#PM20_82_566_BIST/table_DFI_BIST_CA_CONF2_PM20_82_566_BIST">DFI_BIST_CA_CONF2</xref></p>
    </address-details>
</register-reference>

<register-reference>
    <address>0x00024</address>
    <addr-element>
    <addr-mnemonic>DFI_BIST_CA_CONF3</addr-mnemonic>
    </addr-element>

    <address-details>
        <p><xref href="lw20_60_1036_regs_reg.xml#PM20_82_566_BIST/table_DFI_BIST_CA_CONF3_PM20_82_566_BIST">DFI_BIST_CA_CONF3</xref></p>
    </address-details>
</register-reference>

<register-reference>
    <address>0x00028</address>
    <addr-element>
    <addr-mnemonic>DFI_BIST_CA_CONF4</addr-mnemonic>
    </addr-element>

    <address-details>
        <p><xref href="lw20_60_1036_regs_reg.xml#PM20_82_566_BIST/table_DFI_BIST_CA_CONF4_PM20_82_566_BIST">DFI_BIST_CA_CONF4</xref></p>
    </address-details>
</register-reference>

<register-reference>
    <address>0x0002C</address>
    <addr-element>
    <addr-mnemonic>DFI_BIST_CA_CONF5</addr-mnemonic>
    </addr-element>

    <address-details>
        <p><xref href="lw20_60_1036_regs_reg.xml#PM20_82_566_BIST/table_DFI_BIST_CA_CONF5_PM20_82_566_BIST">DFI_BIST_CA_CONF5</xref></p>
    </address-details>
</register-reference>

<register-reference>
    <address>0x00030</address>
    <addr-element>
    <addr-mnemonic>DFI_BIST_CA_CONF6</addr-mnemonic>
    </addr-element>

    <address-details>
        <p><xref href="lw20_60_1036_regs_reg.xml#PM20_82_566_BIST/table_DFI_BIST_CA_CONF6_PM20_82_566_BIST">DFI_BIST_CA_CONF6</xref></p>
    </address-details>
</register-reference>

<register-reference>
    <address>0x00034</address>
    <addr-element>
    <addr-mnemonic>DFI_BIST_MISC_CONF2</addr-mnemonic>
    </addr-element>

    <address-details>
        <p><xref href="lw20_60_1036_regs_reg.xml#PM20_82_566_BIST/table_DFI_BIST_MISC_CONF2_PM20_82_566_BIST">DFI_BIST_MISC_CONF2</xref></p>
    </address-details>
</register-reference>

<register-reference>
    <address>0x00038</address>
    <addr-element>
    <addr-mnemonic>DFI_BIST_MISC_CONF3</addr-mnemonic>
    </addr-element>

    <address-details>
        <p><xref href="lw20_60_1036_regs_reg.xml#PM20_82_566_BIST/table_DFI_BIST_MISC_CONF3_PM20_82_566_BIST">DFI_BIST_MISC_CONF3</xref></p>
    </address-details>
</register-reference>

<register-reference>
    <address>0x0003C</address>
    <addr-element>
    <addr-mnemonic>DFI_BIST_MISC_CONF4</addr-mnemonic>
    </addr-element>

    <address-details>
        <p><xref href="lw20_60_1036_regs_reg.xml#PM20_82_566_BIST/table_DFI_BIST_MISC_CONF4_PM20_82_566_BIST">DFI_BIST_MISC_CONF4</xref></p>
    </address-details>
</register-reference>

<register-reference>
    <address>0x00040</address>
    <addr-element>
    <addr-mnemonic>DFI_BIST_MISC_CONF5</addr-mnemonic>
    </addr-element>

    <address-details>
        <p><xref href="lw20_60_1036_regs_reg.xml#PM20_82_566_BIST/table_DFI_BIST_MISC_CONF5_PM20_82_566_BIST">DFI_BIST_MISC_CONF5</xref></p>
    </address-details>
</register-reference>

<register-reference>
    <address>0x00044</address>
    <addr-element>
    <addr-mnemonic>DFI_BIST_MISC_CONF6</addr-mnemonic>
    </addr-element>

    <address-details>
        <p><xref href="lw20_60_1036_regs_reg.xml#PM20_82_566_BIST/table_DFI_BIST_MISC_CONF6_PM20_82_566_BIST">DFI_BIST_MISC_CONF6</xref></p>
    </address-details>
</register-reference>

<register-reference>
    <address>0x00048</address>
    <addr-element>
    <addr-mnemonic>DFI_BIST_MISC_CONF7</addr-mnemonic>
    </addr-element>

    <address-details>
        <p><xref href="lw20_60_1036_regs_reg.xml#PM20_82_566_BIST/table_DFI_BIST_MISC_CONF7_PM20_82_566_BIST">DFI_BIST_MISC_CONF7</xref></p>
    </address-details>
</register-reference>

<register-reference>
    <address>0x0004C</address>
    <addr-element>
    <addr-mnemonic>DFI_BIST_MISC_CONF8</addr-mnemonic>
    </addr-element>

    <address-details>
        <p><xref href="lw20_60_1036_regs_reg.xml#PM20_82_566_BIST/table_DFI_BIST_MISC_CONF8_PM20_82_566_BIST">DFI_BIST_MISC_CONF8</xref></p>
    </address-details>
</register-reference>

<register-reference>
    <address>0x00050</address>
    <addr-element>
    <addr-mnemonic>DFI_BIST_MISC_CONF9</addr-mnemonic>
    </addr-element>

    <address-details>
        <p><xref href="lw20_60_1036_regs_reg.xml#PM20_82_566_BIST/table_DFI_BIST_MISC_CONF9_PM20_82_566_BIST">DFI_BIST_MISC_CONF9</xref></p>
    </address-details>
</register-reference>

<register-reference>
    <address>0x00054</address>
    <addr-element>
    <addr-mnemonic>DFI_BIST_MISC_CONF10</addr-mnemonic>
    </addr-element>

    <address-details>
        <p><xref href="lw20_60_1036_regs_reg.xml#PM20_82_566_BIST/table_DFI_BIST_MISC_CONF10_PM20_82_566_BIST">DFI_BIST_MISC_CONF10</xref></p>
    </address-details>
</register-reference>

<register-reference>
    <address>0x00058</address>
    <addr-element>
    <addr-mnemonic>DFI_BIST_MISC_CONF11</addr-mnemonic>
    </addr-element>

    <address-details>
        <p><xref href="lw20_60_1036_regs_reg.xml#PM20_82_566_BIST/table_DFI_BIST_MISC_CONF11_PM20_82_566_BIST">DFI_BIST_MISC_CONF11</xref></p>
    </address-details>
</register-reference>

<register-reference>
    <address>0x0005C</address>
    <addr-element>
    <addr-mnemonic>DFI_BIST_MISC_CONF12</addr-mnemonic>
    </addr-element>

    <address-details>
        <p><xref href="lw20_60_1036_regs_reg.xml#PM20_82_566_BIST/table_DFI_BIST_MISC_CONF12_PM20_82_566_BIST">DFI_BIST_MISC_CONF12</xref></p>
    </address-details>
</register-reference>

<register-reference>
    <address>0x00060</address>
    <addr-element>
    <addr-mnemonic>DFI_BIST_MISC_STATUS1</addr-mnemonic>
    </addr-element>

    <address-details>
        <p><xref href="lw20_60_1036_regs_reg.xml#PM20_82_566_BIST/table_DFI_BIST_MISC_STATUS1_PM20_82_566_BIST">DFI_BIST_MISC_STATUS1</xref></p>
    </address-details>
</register-reference>

<register-reference>
    <address>0x00064</address>
    <addr-element>
    <addr-mnemonic>DFI_BIST_MISC_STATUS2</addr-mnemonic>
    </addr-element>

    <address-details>
        <p><xref href="lw20_60_1036_regs_reg.xml#PM20_82_566_BIST/table_DFI_BIST_MISC_STATUS2_PM20_82_566_BIST">DFI_BIST_MISC_STATUS2</xref></p>
    </address-details>
</register-reference>

<register-reference>
    <address>0x00068</address>
    <addr-element>
    <addr-mnemonic>DFI_BIST_CA_SAMPLE1</addr-mnemonic>
    </addr-element>

    <address-details>
        <p><xref href="lw20_60_1036_regs_reg.xml#PM20_82_566_BIST/table_DFI_BIST_CA_SAMPLE1_PM20_82_566_BIST">DFI_BIST_CA_SAMPLE1</xref></p>
    </address-details>
</register-reference>

<register-reference>
    <address>0x0006C</address>
    <addr-element>
    <addr-mnemonic>DFI_BIST_CA_SAMPLE2</addr-mnemonic>
    </addr-element>

    <address-details>
        <p><xref href="lw20_60_1036_regs_reg.xml#PM20_82_566_BIST/table_DFI_BIST_CA_SAMPLE2_PM20_82_566_BIST">DFI_BIST_CA_SAMPLE2</xref></p>
    </address-details>
</register-reference>

<register-reference>
    <address>0x00070</address>
    <addr-element>
    <addr-mnemonic>DFI_BIST_CA_SAMPLE3</addr-mnemonic>
    </addr-element>

    <address-details>
        <p><xref href="lw20_60_1036_regs_reg.xml#PM20_82_566_BIST/table_DFI_BIST_CA_SAMPLE3_PM20_82_566_BIST">DFI_BIST_CA_SAMPLE3</xref></p>
    </address-details>
</register-reference>

<register-reference>
    <address>0x00074</address>
    <addr-element>
    <addr-mnemonic>DFI_BIST_CAPTURE_CNT_STATUS</addr-mnemonic>
    </addr-element>

    <address-details>
        <p><xref href="lw20_60_1036_regs_reg.xml#PM20_82_566_BIST/table_DFI_BIST_CAPTURE_CNT_STATUS_PM20_82_566_BIST">DFI_BIST_CAPTURE_CNT_STATUS</xref></p>
    </address-details>
</register-reference>

<register-reference>
    <address>0x00078</address>
    <addr-element>
    <addr-mnemonic>DFI_BIST_LANE_INVERT0</addr-mnemonic>
    </addr-element>

    <address-details>
        <p><xref href="lw20_60_1036_regs_reg.xml#PM20_82_566_BIST/table_DFI_BIST_LANE_INVERT0_PM20_82_566_BIST">DFI_BIST_LANE_INVERT0</xref></p>
    </address-details>
</register-reference>

<register-reference>
    <address>0x0007C</address>
    <addr-element>
    <addr-mnemonic>DFI_BIST_LANE_INVERT1</addr-mnemonic>
    </addr-element>

    <address-details>
        <p><xref href="lw20_60_1036_regs_reg.xml#PM20_82_566_BIST/table_DFI_BIST_LANE_INVERT1_PM20_82_566_BIST">DFI_BIST_LANE_INVERT1</xref></p>
    </address-details>
</register-reference>

<register-reference>
    <address>0x00080</address>
    <addr-element>
    <addr-mnemonic>DFI_BIST_LANE_INVERT2</addr-mnemonic>
    </addr-element>

    <address-details>
        <p><xref href="lw20_60_1036_regs_reg.xml#PM20_82_566_BIST/table_DFI_BIST_LANE_INVERT2_PM20_82_566_BIST">DFI_BIST_LANE_INVERT2</xref></p>
    </address-details>
</register-reference>

<register-reference>
    <address>0x00084</address>
    <addr-element>
    <addr-mnemonic>DFI_BIST_DATA_VALID_ERR</addr-mnemonic>
    </addr-element>

    <address-details>
        <p><xref href="lw20_60_1036_regs_reg.xml#PM20_82_566_BIST/table_DFI_BIST_DATA_VALID_ERR_PM20_82_566_BIST">DFI_BIST_DATA_VALID_ERR</xref></p>
    </address-details>
</register-reference>

<register-reference>
    <address>0x00088</address>
    <addr-element>
    <addr-mnemonic>DFI_BIST_PER_BIT_DIS0</addr-mnemonic>
    </addr-element>

    <address-details>
        <p><xref href="lw20_60_1036_regs_reg.xml#PM20_82_566_BIST/table_DFI_BIST_PER_BIT_DIS0_PM20_82_566_BIST">DFI_BIST_PER_BIT_DIS0</xref></p>
    </address-details>
</register-reference>

<register-reference>
    <address>0x0008C</address>
    <addr-element>
    <addr-mnemonic>DFI_BIST_PER_BIT_DIS1</addr-mnemonic>
    </addr-element>

    <address-details>
        <p><xref href="lw20_60_1036_regs_reg.xml#PM20_82_566_BIST/table_DFI_BIST_PER_BIT_DIS1_PM20_82_566_BIST">DFI_BIST_PER_BIT_DIS1</xref></p>
    </address-details>
</register-reference>

<register-reference>
    <address>0x00090</address>
    <addr-element>
    <addr-mnemonic>DFI_BIST_PER_BIT_DIS2</addr-mnemonic>
    </addr-element>

    <address-details>
        <p><xref href="lw20_60_1036_regs_reg.xml#PM20_82_566_BIST/table_DFI_BIST_PER_BIT_DIS2_PM20_82_566_BIST">DFI_BIST_PER_BIT_DIS2</xref></p>
    </address-details>
</register-reference>

<register-reference>
    <address>0x00094</address>
    <addr-element>
    <addr-mnemonic>DFI_BIST_SRAM_ECC_ERR1</addr-mnemonic>
    </addr-element>

    <address-details>
        <p><xref href="lw20_60_1036_regs_reg.xml#PM20_82_566_BIST/table_DFI_BIST_SRAM_ECC_ERR1_PM20_82_566_BIST">DFI_BIST_SRAM_ECC_ERR1</xref></p>
    </address-details>
</register-reference>

<register-reference>
    <address>0x00098</address>
    <addr-element>
    <addr-mnemonic>DFI_BIST_SRAM_ECC_ERR2</addr-mnemonic>
    </addr-element>

    <address-details>
        <p><xref href="lw20_60_1036_regs_reg.xml#PM20_82_566_BIST/table_DFI_BIST_SRAM_ECC_ERR2_PM20_82_566_BIST">DFI_BIST_SRAM_ECC_ERR2</xref></p>
    </address-details>
</register-reference>

<register-reference>
    <address>0x0009C</address>
    <addr-element>
    <addr-mnemonic>DFI_BIST_SRAM_ECC_ERR3</addr-mnemonic>
    </addr-element>

    <address-details>
        <p><xref href="lw20_60_1036_regs_reg.xml#PM20_82_566_BIST/table_DFI_BIST_SRAM_ECC_ERR3_PM20_82_566_BIST">DFI_BIST_SRAM_ECC_ERR3</xref></p>
    </address-details>
</register-reference>

<register-reference>
    <address>0x000A0</address>
    <addr-element>
    <addr-mnemonic>DFI_BIST_SRAM_ECC_ERR4</addr-mnemonic>
    </addr-element>

    <address-details>
        <p><xref href="lw20_60_1036_regs_reg.xml#PM20_82_566_BIST/table_DFI_BIST_SRAM_ECC_ERR4_PM20_82_566_BIST">DFI_BIST_SRAM_ECC_ERR4</xref></p>
    </address-details>
</register-reference>

<register-reference>
    <address>0x000A4</address>
    <addr-element>
    <addr-mnemonic>DFI_BIST_SRAM_ECC_ERR5</addr-mnemonic>
    </addr-element>

    <address-details>
        <p><xref href="lw20_60_1036_regs_reg.xml#PM20_82_566_BIST/table_DFI_BIST_SRAM_ECC_ERR5_PM20_82_566_BIST">DFI_BIST_SRAM_ECC_ERR5</xref></p>
    </address-details>
</register-reference>

<register-reference>
    <address>0x000A8</address>
    <addr-element>
    <addr-mnemonic>DFI_BIST_SRAM_ECC_ERR6</addr-mnemonic>
    </addr-element>

    <address-details>
        <p><xref href="lw20_60_1036_regs_reg.xml#PM20_82_566_BIST/table_DFI_BIST_SRAM_ECC_ERR6_PM20_82_566_BIST">DFI_BIST_SRAM_ECC_ERR6</xref></p>
    </address-details>
</register-reference>

<register-reference>
    <address>0x000AC</address>
    <addr-element>
    <addr-mnemonic>DFI_BIST_SRAM_ECC_ERR7</addr-mnemonic>
    </addr-element>

    <address-details>
        <p><xref href="lw20_60_1036_regs_reg.xml#PM20_82_566_BIST/table_DFI_BIST_SRAM_ECC_ERR7_PM20_82_566_BIST">DFI_BIST_SRAM_ECC_ERR7</xref></p>
    </address-details>
</register-reference>

<register-reference>
    <address>0x000B0</address>
    <addr-element>
    <addr-mnemonic>DFI_BIST_SRAM_ECC_ERR8</addr-mnemonic>
    </addr-element>

    <address-details>
        <p><xref href="lw20_60_1036_regs_reg.xml#PM20_82_566_BIST/table_DFI_BIST_SRAM_ECC_ERR8_PM20_82_566_BIST">DFI_BIST_SRAM_ECC_ERR8</xref></p>
    </address-details>
</register-reference>

<register-reference>
    <address>0x000B4</address>
    <addr-element>
    <addr-mnemonic>DFI_BIST_SAM_CH0_MISC1</addr-mnemonic>
    </addr-element>

    <address-details>
        <p><xref href="lw20_60_1036_regs_reg.xml#PM20_82_566_BIST/table_DFI_BIST_SAM_CH0_MISC1_PM20_82_566_BIST">DFI_BIST_SAM_CH0_MISC1</xref></p>
    </address-details>
</register-reference>

<register-reference>
    <address>0x000B8</address>
    <addr-element>
    <addr-mnemonic>DFI_BIST_SAM_CH0_MISC2</addr-mnemonic>
    </addr-element>

    <address-details>
        <p><xref href="lw20_60_1036_regs_reg.xml#PM20_82_566_BIST/table_DFI_BIST_SAM_CH0_MISC2_PM20_82_566_BIST">DFI_BIST_SAM_CH0_MISC2</xref></p>
    </address-details>
</register-reference>

<register-reference>
    <address>0x000BC</address>
    <addr-element>
    <addr-mnemonic>DFI_BIST_SAM_CH0_MISC3</addr-mnemonic>
    </addr-element>

    <address-details>
        <p><xref href="lw20_60_1036_regs_reg.xml#PM20_82_566_BIST/table_DFI_BIST_SAM_CH0_MISC3_PM20_82_566_BIST">DFI_BIST_SAM_CH0_MISC3</xref></p>
    </address-details>
</register-reference>

<register-reference>
    <address>0x000C0</address>
    <addr-element>
    <addr-mnemonic>DFI_BIST_SAM_CH1_MISC1</addr-mnemonic>
    </addr-element>

    <address-details>
        <p><xref href="lw20_60_1036_regs_reg.xml#PM20_82_566_BIST/table_DFI_BIST_SAM_CH1_MISC1_PM20_82_566_BIST">DFI_BIST_SAM_CH1_MISC1</xref></p>
    </address-details>
</register-reference>

<register-reference>
    <address>0x000C4</address>
    <addr-element>
    <addr-mnemonic>DFI_BIST_SAM_CH1_MISC2</addr-mnemonic>
    </addr-element>

    <address-details>
        <p><xref href="lw20_60_1036_regs_reg.xml#PM20_82_566_BIST/table_DFI_BIST_SAM_CH1_MISC2_PM20_82_566_BIST">DFI_BIST_SAM_CH1_MISC2</xref></p>
    </address-details>
</register-reference>

<register-reference>
    <address>0x000C8</address>
    <addr-element>
    <addr-mnemonic>DFI_BIST_SAM_CH1_MISC3</addr-mnemonic>
    </addr-element>

    <address-details>
        <p><xref href="lw20_60_1036_regs_reg.xml#PM20_82_566_BIST/table_DFI_BIST_SAM_CH1_MISC3_PM20_82_566_BIST">DFI_BIST_SAM_CH1_MISC3</xref></p>
    </address-details>
</register-reference>

<register-reference>
    <address>0x000CC</address>
    <addr-element>
    <addr-mnemonic>DFI_BIST_ECC_IN1</addr-mnemonic>
    </addr-element>

    <address-details>
        <p><xref href="lw20_60_1036_regs_reg.xml#PM20_82_566_BIST/table_DFI_BIST_ECC_IN1_PM20_82_566_BIST">DFI_BIST_ECC_IN1</xref></p>
    </address-details>
</register-reference>

<register-reference>
    <address>0x000D0</address>
    <addr-element>
    <addr-mnemonic>DFI_BIST_ECC_IN2</addr-mnemonic>
    </addr-element>

    <address-details>
        <p><xref href="lw20_60_1036_regs_reg.xml#PM20_82_566_BIST/table_DFI_BIST_ECC_IN2_PM20_82_566_BIST">DFI_BIST_ECC_IN2</xref></p>
    </address-details>
</register-reference>

<register-reference>
    <address>0x000D4</address>
    <addr-element>
    <addr-mnemonic>DFI_BIST_ECC_IN3</addr-mnemonic>
    </addr-element>

    <address-details>
        <p><xref href="lw20_60_1036_regs_reg.xml#PM20_82_566_BIST/table_DFI_BIST_ECC_IN3_PM20_82_566_BIST">DFI_BIST_ECC_IN3</xref></p>
    </address-details>
</register-reference>

<register-reference>
    <address>0x000D8</address>
    <addr-element>
    <addr-mnemonic>DFI_BIST_SCRATCH</addr-mnemonic>
    </addr-element>

    <address-details>
        <p><xref href="lw20_60_1036_regs_reg.xml#PM20_82_566_BIST/table_DFI_BIST_SCRATCH_PM20_82_566_BIST">DFI_BIST_SCRATCH</xref></p>
    </address-details>
</register-reference>

<register-reference>
    <address>0x000DC</address>
    <addr-element>
    <addr-mnemonic>DFI_BIST_STICKY_REG</addr-mnemonic>
    </addr-element>

    <address-details>
        <p><xref href="lw20_60_1036_regs_reg.xml#PM20_82_566_BIST/table_DFI_BIST_STICKY_REG_PM20_82_566_BIST">DFI_BIST_STICKY_REG</xref></p>
    </address-details>
</register-reference>

<register-reference>
    <address>0x000E0</address>
    <addr-element>
    <addr-mnemonic>DFI_BIST_EXP_RDDATA</addr-mnemonic>
    </addr-element>

    <address-details>
        <p><xref href="lw20_60_1036_regs_reg.xml#PM20_82_566_BIST/table_DFI_BIST_EXP_RDDATA_PM20_82_566_BIST">DFI_BIST_EXP_RDDATA</xref></p>
    </address-details>
</register-reference>

<register-reference>
    <address>0x00130</address>
    <addr-element>
    <addr-mnemonic>DFI_BIST_ACT_RDDATA</addr-mnemonic>
    </addr-element>

    <address-details>
        <p><xref href="lw20_60_1036_regs_reg.xml#PM20_82_566_BIST/table_DFI_BIST_ACT_RDDATA_PM20_82_566_BIST">DFI_BIST_ACT_RDDATA</xref></p>
    </address-details>
</register-reference>

<register-reference>
    <address>0x00180</address>
    <addr-element>
    <addr-mnemonic>DFI_BIST_RD_ERR1</addr-mnemonic>
    </addr-element>

    <address-details>
        <p><xref href="lw20_60_1036_regs_reg.xml#PM20_82_566_BIST/table_DFI_BIST_RD_ERR1_PM20_82_566_BIST">DFI_BIST_RD_ERR1</xref></p>
    </address-details>
</register-reference>

<register-reference>
    <address>0x00184</address>
    <addr-element>
    <addr-mnemonic>DFI_BIST_RD_ERR2</addr-mnemonic>
    </addr-element>

    <address-details>
        <p><xref href="lw20_60_1036_regs_reg.xml#PM20_82_566_BIST/table_DFI_BIST_RD_ERR2_PM20_82_566_BIST">DFI_BIST_RD_ERR2</xref></p>
    </address-details>
</register-reference>

<register-reference>
    <address>0x001D0</address>
    <addr-element>
    <addr-mnemonic>DFI_BIST_PER_BEAT_ERR1</addr-mnemonic>
    </addr-element>

    <address-details>
        <p><xref href="lw20_60_1036_regs_reg.xml#PM20_82_566_BIST/table_DFI_BIST_PER_BEAT_ERR1_PM20_82_566_BIST">DFI_BIST_PER_BEAT_ERR1</xref></p>
    </address-details>
</register-reference>

<register-reference>
    <address>0x001D4</address>
    <addr-element>
    <addr-mnemonic>DFI_BIST_PER_BEAT_ERR2</addr-mnemonic>
    </addr-element>

    <address-details>
        <p><xref href="lw20_60_1036_regs_reg.xml#PM20_82_566_BIST/table_DFI_BIST_PER_BEAT_ERR2_PM20_82_566_BIST">DFI_BIST_PER_BEAT_ERR2</xref></p>
    </address-details>
</register-reference>

<register-reference>
    <address>0x001D8</address>
    <addr-element>
    <addr-mnemonic>DFI_BIST_PER_BEAT_ERR3</addr-mnemonic>
    </addr-element>

    <address-details>
        <p><xref href="lw20_60_1036_regs_reg.xml#PM20_82_566_BIST/table_DFI_BIST_PER_BEAT_ERR3_PM20_82_566_BIST">DFI_BIST_PER_BEAT_ERR3</xref></p>
    </address-details>
</register-reference>

<register-reference>
    <address>0x001DC</address>
    <addr-element>
    <addr-mnemonic>DFI_BIST_PER_BEAT_ERR4</addr-mnemonic>
    </addr-element>

    <address-details>
        <p><xref href="lw20_60_1036_regs_reg.xml#PM20_82_566_BIST/table_DFI_BIST_PER_BEAT_ERR4_PM20_82_566_BIST">DFI_BIST_PER_BEAT_ERR4</xref></p>
    </address-details>
</register-reference>

<register-reference>
    <address>0x001E0</address>
    <addr-element>
    <addr-mnemonic>DFI_BIST_PER_BEAT_ERR5</addr-mnemonic>
    </addr-element>

    <address-details>
        <p><xref href="lw20_60_1036_regs_reg.xml#PM20_82_566_BIST/table_DFI_BIST_PER_BEAT_ERR5_PM20_82_566_BIST">DFI_BIST_PER_BEAT_ERR5</xref></p>
    </address-details>
</register-reference>

<register-reference>
    <address>0x001E4</address>
    <addr-element>
    <addr-mnemonic>DFI_BIST_PER_BEAT_ERR6</addr-mnemonic>
    </addr-element>

    <address-details>
        <p><xref href="lw20_60_1036_regs_reg.xml#PM20_82_566_BIST/table_DFI_BIST_PER_BEAT_ERR6_PM20_82_566_BIST">DFI_BIST_PER_BEAT_ERR6</xref></p>
    </address-details>
</register-reference>

<register-reference>
    <address>0x001E8</address>
    <addr-element>
    <addr-mnemonic>DFI_BIST_PER_BEAT_ERR7</addr-mnemonic>
    </addr-element>

    <address-details>
        <p><xref href="lw20_60_1036_regs_reg.xml#PM20_82_566_BIST/table_DFI_BIST_PER_BEAT_ERR7_PM20_82_566_BIST">DFI_BIST_PER_BEAT_ERR7</xref></p>
    </address-details>
</register-reference>

<register-reference>
    <address>0x001EC</address>
    <addr-element>
    <addr-mnemonic>DFI_BIST_PER_BEAT_ERR8</addr-mnemonic>
    </addr-element>

    <address-details>
        <p><xref href="lw20_60_1036_regs_reg.xml#PM20_82_566_BIST/table_DFI_BIST_PER_BEAT_ERR8_PM20_82_566_BIST">DFI_BIST_PER_BEAT_ERR8</xref></p>
    </address-details>
</register-reference>

<register-reference>
    <address>0x001F0</address>
    <addr-element>
    <addr-mnemonic>DFI_BIST_ERR_BEAT_CNT0_0</addr-mnemonic>
    </addr-element>

    <address-details>
        <p><xref href="lw20_60_1036_regs_reg.xml#PM20_82_566_BIST/table_DFI_BIST_ERR_BEAT_CNT0_0_PM20_82_566_BIST">DFI_BIST_ERR_BEAT_CNT0_0</xref></p>
    </address-details>
</register-reference>

<register-reference>
    <address>0x001F4</address>
    <addr-element>
    <addr-mnemonic>DFI_BIST_ERR_BEAT_CNT0_1</addr-mnemonic>
    </addr-element>

    <address-details>
        <p><xref href="lw20_60_1036_regs_reg.xml#PM20_82_566_BIST/table_DFI_BIST_ERR_BEAT_CNT0_1_PM20_82_566_BIST">DFI_BIST_ERR_BEAT_CNT0_1</xref></p>
    </address-details>
</register-reference>

<register-reference>
    <address>0x001F8</address>
    <addr-element>
    <addr-mnemonic>DFI_BIST_ERR_BEAT_CNT1_0</addr-mnemonic>
    </addr-element>

    <address-details>
        <p><xref href="lw20_60_1036_regs_reg.xml#PM20_82_566_BIST/table_DFI_BIST_ERR_BEAT_CNT1_0_PM20_82_566_BIST">DFI_BIST_ERR_BEAT_CNT1_0</xref></p>
    </address-details>
</register-reference>

<register-reference>
    <address>0x001FC</address>
    <addr-element>
    <addr-mnemonic>DFI_BIST_ERR_BEAT_CNT1_1</addr-mnemonic>
    </addr-element>

    <address-details>
        <p><xref href="lw20_60_1036_regs_reg.xml#PM20_82_566_BIST/table_DFI_BIST_ERR_BEAT_CNT1_1_PM20_82_566_BIST">DFI_BIST_ERR_BEAT_CNT1_1</xref></p>
    </address-details>
</register-reference>

<register-reference>
    <address>0x00200</address>
    <addr-element>
    <addr-mnemonic>DFI_BIST_ERR_BEAT_CNT2_0</addr-mnemonic>
    </addr-element>

    <address-details>
        <p><xref href="lw20_60_1036_regs_reg.xml#PM20_82_566_BIST/table_DFI_BIST_ERR_BEAT_CNT2_0_PM20_82_566_BIST">DFI_BIST_ERR_BEAT_CNT2_0</xref></p>
    </address-details>
</register-reference>

<register-reference>
    <address>0x00204</address>
    <addr-element>
    <addr-mnemonic>DFI_BIST_ERR_BEAT_CNT2_1</addr-mnemonic>
    </addr-element>

    <address-details>
        <p><xref href="lw20_60_1036_regs_reg.xml#PM20_82_566_BIST/table_DFI_BIST_ERR_BEAT_CNT2_1_PM20_82_566_BIST">DFI_BIST_ERR_BEAT_CNT2_1</xref></p>
    </address-details>
</register-reference>

<register-reference>
    <address>0x00208</address>
    <addr-element>
    <addr-mnemonic>DFI_BIST_ERR_BEAT_CNT3_0</addr-mnemonic>
    </addr-element>

    <address-details>
        <p><xref href="lw20_60_1036_regs_reg.xml#PM20_82_566_BIST/table_DFI_BIST_ERR_BEAT_CNT3_0_PM20_82_566_BIST">DFI_BIST_ERR_BEAT_CNT3_0</xref></p>
    </address-details>
</register-reference>

<register-reference>
    <address>0x0020C</address>
    <addr-element>
    <addr-mnemonic>DFI_BIST_ERR_BEAT_CNT3_1</addr-mnemonic>
    </addr-element>

    <address-details>
        <p><xref href="lw20_60_1036_regs_reg.xml#PM20_82_566_BIST/table_DFI_BIST_ERR_BEAT_CNT3_1_PM20_82_566_BIST">DFI_BIST_ERR_BEAT_CNT3_1</xref></p>
    </address-details>
</register-reference>

<register-reference>
    <address>0x00210</address>
    <addr-element>
    <addr-mnemonic>DFI_BIST_ERR_BEAT_CNT4_0</addr-mnemonic>
    </addr-element>

    <address-details>
        <p><xref href="lw20_60_1036_regs_reg.xml#PM20_82_566_BIST/table_DFI_BIST_ERR_BEAT_CNT4_0_PM20_82_566_BIST">DFI_BIST_ERR_BEAT_CNT4_0</xref></p>
    </address-details>
</register-reference>

<register-reference>
    <address>0x00214</address>
    <addr-element>
    <addr-mnemonic>DFI_BIST_ERR_BEAT_CNT4_1</addr-mnemonic>
    </addr-element>

    <address-details>
        <p><xref href="lw20_60_1036_regs_reg.xml#PM20_82_566_BIST/table_DFI_BIST_ERR_BEAT_CNT4_1_PM20_82_566_BIST">DFI_BIST_ERR_BEAT_CNT4_1</xref></p>
    </address-details>
</register-reference>

<register-reference>
    <address>0x00218</address>
    <addr-element>
    <addr-mnemonic>DFI_BIST_ERR_BEAT_CNT5_0</addr-mnemonic>
    </addr-element>

    <address-details>
        <p><xref href="lw20_60_1036_regs_reg.xml#PM20_82_566_BIST/table_DFI_BIST_ERR_BEAT_CNT5_0_PM20_82_566_BIST">DFI_BIST_ERR_BEAT_CNT5_0</xref></p>
    </address-details>
</register-reference>

<register-reference>
    <address>0x0021C</address>
    <addr-element>
    <addr-mnemonic>DFI_BIST_ERR_BEAT_CNT5_1</addr-mnemonic>
    </addr-element>

    <address-details>
        <p><xref href="lw20_60_1036_regs_reg.xml#PM20_82_566_BIST/table_DFI_BIST_ERR_BEAT_CNT5_1_PM20_82_566_BIST">DFI_BIST_ERR_BEAT_CNT5_1</xref></p>
    </address-details>
</register-reference>

<register-reference>
    <address>0x00220</address>
    <addr-element>
    <addr-mnemonic>DFI_BIST_ERR_BEAT_CNT6_0</addr-mnemonic>
    </addr-element>

    <address-details>
        <p><xref href="lw20_60_1036_regs_reg.xml#PM20_82_566_BIST/table_DFI_BIST_ERR_BEAT_CNT6_0_PM20_82_566_BIST">DFI_BIST_ERR_BEAT_CNT6_0</xref></p>
    </address-details>
</register-reference>

<register-reference>
    <address>0x00224</address>
    <addr-element>
    <addr-mnemonic>DFI_BIST_ERR_BEAT_CNT6_1</addr-mnemonic>
    </addr-element>

    <address-details>
        <p><xref href="lw20_60_1036_regs_reg.xml#PM20_82_566_BIST/table_DFI_BIST_ERR_BEAT_CNT6_1_PM20_82_566_BIST">DFI_BIST_ERR_BEAT_CNT6_1</xref></p>
    </address-details>
</register-reference>

<register-reference>
    <address>0x00228</address>
    <addr-element>
    <addr-mnemonic>DFI_BIST_ERR_BEAT_CNT7_0</addr-mnemonic>
    </addr-element>

    <address-details>
        <p><xref href="lw20_60_1036_regs_reg.xml#PM20_82_566_BIST/table_DFI_BIST_ERR_BEAT_CNT7_0_PM20_82_566_BIST">DFI_BIST_ERR_BEAT_CNT7_0</xref></p>
    </address-details>
</register-reference>

<register-reference>
    <address>0x0022C</address>
    <addr-element>
    <addr-mnemonic>DFI_BIST_ERR_BEAT_CNT7_1</addr-mnemonic>
    </addr-element>

    <address-details>
        <p><xref href="lw20_60_1036_regs_reg.xml#PM20_82_566_BIST/table_DFI_BIST_ERR_BEAT_CNT7_1_PM20_82_566_BIST">DFI_BIST_ERR_BEAT_CNT7_1</xref></p>
    </address-details>
</register-reference>

<register-reference>
    <address>0x00230</address>
    <addr-element>
    <addr-mnemonic>DFI_BIST_PAT_MODE_DQ</addr-mnemonic>
    </addr-element>

    <address-details>
        <p><xref href="lw20_60_1036_regs_reg.xml#PM20_82_566_BIST/table_DFI_BIST_PAT_MODE_DQ_PM20_82_566_BIST">DFI_BIST_PAT_MODE_DQ</xref></p>
    </address-details>
</register-reference>

<register-reference>
    <address>0x00258</address>
    <addr-element>
    <addr-mnemonic>DFI_BIST_PAT_MODE_DMDBI</addr-mnemonic>
    </addr-element>

    <address-details>
        <p><xref href="lw20_60_1036_regs_reg.xml#PM20_82_566_BIST/table_DFI_BIST_PAT_MODE_DMDBI_PM20_82_566_BIST">DFI_BIST_PAT_MODE_DMDBI</xref></p>
    </address-details>
</register-reference>

<register-reference>
    <address>0x00280</address>
    <addr-element>
    <addr-mnemonic>DFI_BIST_LFSR8_SEED</addr-mnemonic>
    </addr-element>

    <address-details>
        <p><xref href="lw20_60_1036_regs_reg.xml#PM20_82_566_BIST/table_DFI_BIST_LFSR8_SEED_PM20_82_566_BIST">DFI_BIST_LFSR8_SEED</xref></p>
    </address-details>
</register-reference>

<register-reference>
    <address>0x002A8</address>
    <addr-element>
    <addr-mnemonic>DFI_BIST_LFSR23_SEED</addr-mnemonic>
    </addr-element>

    <address-details>
        <p><xref href="lw20_60_1036_regs_reg.xml#PM20_82_566_BIST/table_DFI_BIST_LFSR23_SEED_PM20_82_566_BIST">DFI_BIST_LFSR23_SEED</xref></p>
    </address-details>
</register-reference>

<register-reference>
    <address>0x002D0</address>
    <addr-element>
    <addr-mnemonic>DFI_BIST_ERR_ROW</addr-mnemonic>
    </addr-element>

    <address-details>
        <p><xref href="lw20_60_1036_regs_reg.xml#PM20_82_566_BIST/table_DFI_BIST_ERR_ROW_PM20_82_566_BIST">DFI_BIST_ERR_ROW</xref></p>
    </address-details>
</register-reference>

<register-reference>
    <address>0x002F0</address>
    <addr-element>
    <addr-mnemonic>DFI_BIST_ERR_RD_COL</addr-mnemonic>
    </addr-element>

    <address-details>
        <p><xref href="lw20_60_1036_regs_reg.xml#PM20_82_566_BIST/table_DFI_BIST_ERR_RD_COL_PM20_82_566_BIST">DFI_BIST_ERR_RD_COL</xref></p>
    </address-details>
</register-reference>

<register-reference>
    <address>0x00310</address>
    <addr-element>
    <addr-mnemonic>DFI_BIST_BIT_ERR_1</addr-mnemonic>
    </addr-element>

    <address-details>
        <p><xref href="lw20_60_1036_regs_reg.xml#PM20_82_566_BIST/table_DFI_BIST_BIT_ERR_1_PM20_82_566_BIST">DFI_BIST_BIT_ERR_1</xref></p>
    </address-details>
</register-reference>

<register-reference>
    <address>0x00314</address>
    <addr-element>
    <addr-mnemonic>DFI_BIST_BIT_ERR_2</addr-mnemonic>
    </addr-element>

    <address-details>
        <p><xref href="lw20_60_1036_regs_reg.xml#PM20_82_566_BIST/table_DFI_BIST_BIT_ERR_2_PM20_82_566_BIST">DFI_BIST_BIT_ERR_2</xref></p>
    </address-details>
</register-reference>

<register-reference>
    <address>0x00318</address>
    <addr-element>
    <addr-mnemonic>DFI_BIST_BIT_ERR_3</addr-mnemonic>
    </addr-element>

    <address-details>
        <p><xref href="lw20_60_1036_regs_reg.xml#PM20_82_566_BIST/table_DFI_BIST_BIT_ERR_3_PM20_82_566_BIST">DFI_BIST_BIT_ERR_3</xref></p>
    </address-details>
</register-reference>

<register-reference>
    <address>0x0031C</address>
    <addr-element>
    <addr-mnemonic>DFI_BIST1_SRAM_ECC_ERR1</addr-mnemonic>
    </addr-element>

    <address-details>
        <p><xref href="lw20_60_1036_regs_reg.xml#PM20_82_566_BIST/table_DFI_BIST1_SRAM_ECC_ERR1_PM20_82_566_BIST">DFI_BIST1_SRAM_ECC_ERR1</xref></p>
    </address-details>
</register-reference>

<register-reference>
    <address>0x00320</address>
    <addr-element>
    <addr-mnemonic>DFI_BIST1_SRAM_ECC_ERR2</addr-mnemonic>
    </addr-element>

    <address-details>
        <p><xref href="lw20_60_1036_regs_reg.xml#PM20_82_566_BIST/table_DFI_BIST1_SRAM_ECC_ERR2_PM20_82_566_BIST">DFI_BIST1_SRAM_ECC_ERR2</xref></p>
    </address-details>
</register-reference>

<register-reference>
    <address>0x00324</address>
    <addr-element>
    <addr-mnemonic>DFI_BIST1_SRAM_ECC_ERR3</addr-mnemonic>
    </addr-element>

    <address-details>
        <p><xref href="lw20_60_1036_regs_reg.xml#PM20_82_566_BIST/table_DFI_BIST1_SRAM_ECC_ERR3_PM20_82_566_BIST">DFI_BIST1_SRAM_ECC_ERR3</xref></p>
    </address-details>
</register-reference>

<register-reference>
    <address>0x00328</address>
    <addr-element>
    <addr-mnemonic>DFI_BIST1_SRAM_ECC_ERR4</addr-mnemonic>
    </addr-element>

    <address-details>
        <p><xref href="lw20_60_1036_regs_reg.xml#PM20_82_566_BIST/table_DFI_BIST1_SRAM_ECC_ERR4_PM20_82_566_BIST">DFI_BIST1_SRAM_ECC_ERR4</xref></p>
    </address-details>
</register-reference>

<register-reference>
    <address>0x0032C</address>
    <addr-element>
    <addr-mnemonic>DFI_BIST1_SRAM_ECC_ERR5</addr-mnemonic>
    </addr-element>

    <address-details>
        <p><xref href="lw20_60_1036_regs_reg.xml#PM20_82_566_BIST/table_DFI_BIST1_SRAM_ECC_ERR5_PM20_82_566_BIST">DFI_BIST1_SRAM_ECC_ERR5</xref></p>
    </address-details>
</register-reference>

<register-reference>
    <address>0x00330</address>
    <addr-element>
    <addr-mnemonic>DFI_BIST1_SRAM_ECC_ERR6</addr-mnemonic>
    </addr-element>

    <address-details>
        <p><xref href="lw20_60_1036_regs_reg.xml#PM20_82_566_BIST/table_DFI_BIST1_SRAM_ECC_ERR6_PM20_82_566_BIST">DFI_BIST1_SRAM_ECC_ERR6</xref></p>
    </address-details>
</register-reference>

<register-reference>
    <address>0x00334</address>
    <addr-element>
    <addr-mnemonic>DFI_BIST1_SRAM_ECC_ERR7</addr-mnemonic>
    </addr-element>

    <address-details>
        <p><xref href="lw20_60_1036_regs_reg.xml#PM20_82_566_BIST/table_DFI_BIST1_SRAM_ECC_ERR7_PM20_82_566_BIST">DFI_BIST1_SRAM_ECC_ERR7</xref></p>
    </address-details>
</register-reference>

<register-reference>
    <address>0x00338</address>
    <addr-element>
    <addr-mnemonic>DFI_BIST1_SRAM_ECC_ERR8</addr-mnemonic>
    </addr-element>

    <address-details>
        <p><xref href="lw20_60_1036_regs_reg.xml#PM20_82_566_BIST/table_DFI_BIST1_SRAM_ECC_ERR8_PM20_82_566_BIST">DFI_BIST1_SRAM_ECC_ERR8</xref></p>
    </address-details>
</register-reference>

<register-reference>
    <address>0x0033C</address>
    <addr-element>
    <addr-mnemonic>DFI_BIST2_SRAM_ECC_ERR1</addr-mnemonic>
    </addr-element>

    <address-details>
        <p><xref href="lw20_60_1036_regs_reg.xml#PM20_82_566_BIST/table_DFI_BIST2_SRAM_ECC_ERR1_PM20_82_566_BIST">DFI_BIST2_SRAM_ECC_ERR1</xref></p>
    </address-details>
</register-reference>

<register-reference>
    <address>0x00340</address>
    <addr-element>
    <addr-mnemonic>DFI_BIST2_SRAM_ECC_ERR2</addr-mnemonic>
    </addr-element>

    <address-details>
        <p><xref href="lw20_60_1036_regs_reg.xml#PM20_82_566_BIST/table_DFI_BIST2_SRAM_ECC_ERR2_PM20_82_566_BIST">DFI_BIST2_SRAM_ECC_ERR2</xref></p>
    </address-details>
</register-reference>

<register-reference>
    <address>0x00344</address>
    <addr-element>
    <addr-mnemonic>DFI_BIST2_SRAM_ECC_ERR3</addr-mnemonic>
    </addr-element>

    <address-details>
        <p><xref href="lw20_60_1036_regs_reg.xml#PM20_82_566_BIST/table_DFI_BIST2_SRAM_ECC_ERR3_PM20_82_566_BIST">DFI_BIST2_SRAM_ECC_ERR3</xref></p>
    </address-details>
</register-reference>

<register-reference>
    <address>0x00348</address>
    <addr-element>
    <addr-mnemonic>DFI_BIST2_SRAM_ECC_ERR4</addr-mnemonic>
    </addr-element>

    <address-details>
        <p><xref href="lw20_60_1036_regs_reg.xml#PM20_82_566_BIST/table_DFI_BIST2_SRAM_ECC_ERR4_PM20_82_566_BIST">DFI_BIST2_SRAM_ECC_ERR4</xref></p>
    </address-details>
</register-reference>

<register-reference>
    <address>0x0034C</address>
    <addr-element>
    <addr-mnemonic>DFI_BIST2_SRAM_ECC_ERR5</addr-mnemonic>
    </addr-element>

    <address-details>
        <p><xref href="lw20_60_1036_regs_reg.xml#PM20_82_566_BIST/table_DFI_BIST2_SRAM_ECC_ERR5_PM20_82_566_BIST">DFI_BIST2_SRAM_ECC_ERR5</xref></p>
    </address-details>
</register-reference>

<register-reference>
    <address>0x00350</address>
    <addr-element>
    <addr-mnemonic>DFI_BIST2_SRAM_ECC_ERR6</addr-mnemonic>
    </addr-element>

    <address-details>
        <p><xref href="lw20_60_1036_regs_reg.xml#PM20_82_566_BIST/table_DFI_BIST2_SRAM_ECC_ERR6_PM20_82_566_BIST">DFI_BIST2_SRAM_ECC_ERR6</xref></p>
    </address-details>
</register-reference>

<register-reference>
    <address>0x00354</address>
    <addr-element>
    <addr-mnemonic>DFI_BIST2_SRAM_ECC_ERR7</addr-mnemonic>
    </addr-element>

    <address-details>
        <p><xref href="lw20_60_1036_regs_reg.xml#PM20_82_566_BIST/table_DFI_BIST2_SRAM_ECC_ERR7_PM20_82_566_BIST">DFI_BIST2_SRAM_ECC_ERR7</xref></p>
    </address-details>
</register-reference>

<register-reference>
    <address>0x00358</address>
    <addr-element>
    <addr-mnemonic>DFI_BIST2_SRAM_ECC_ERR8</addr-mnemonic>
    </addr-element>

    <address-details>
        <p><xref href="lw20_60_1036_regs_reg.xml#PM20_82_566_BIST/table_DFI_BIST2_SRAM_ECC_ERR8_PM20_82_566_BIST">DFI_BIST2_SRAM_ECC_ERR8</xref></p>
    </address-details>
</register-reference>

</address-map>
</tgroup>
</table>
<p/>
</body>
</topic>