<?xml version="1.0" encoding="UTF-8"?>
<!DOCTYPE topic PUBLIC "-//OASIS//DTD DITA 1.2 Topic//EN" "topic.dtd">
<topic base="base" id="PM20_82_566_SRAM">
<title>PMC DDR54 PHY BIST TSB SRAM</title>

<body>
<p>PM20_82_566_SRAM General Registers</p>
<table id="table_IMEM_CA_PM20_82_566_SRAM">
<title><reg-name-main verilog="IMEM_CA">IMEM_CA</reg-name-main> - <reg-desc>IMEM_CA</reg-desc></title>
<tgroup cols="5">
<colspec colname="A" colwidth="111*"/>
<colspec colname="B" colwidth="144*"/>
<colspec colname="C" colwidth="101*"/>
<colspec colname="D" colwidth="87*"/>
<colspec colname="E" colwidth="557*"/>
<thead>
<row>
<entry><p>Bit Field</p></entry>
<entry><p>Field Name</p></entry>
<entry><p>Type</p></entry>
<entry><p>Default Value</p></entry>
<entry><p>Description</p></entry>
</row>
</thead>

<reg-def>
<field>
<field-bits>
<double>
<msb>31</msb>
<lsb>0</lsb>
</double>
</field-bits>
<field-name verilog="IMEM_CA">IMEM_CA</field-name>
<field-type>RW</field-type>
<field-default>0x00000000</field-default>
<field-desc>
<p><b>The DFI BIST Command address instruction pointer memory</b></p>
</field-desc>
</field>

</reg-def>
</tgroup>
</table>

<table id="table_IMEM_WR_PM20_82_566_SRAM">
<title><reg-name-main verilog="IMEM_WR">IMEM_WR</reg-name-main> - <reg-desc>IMEM_WR</reg-desc></title>
<tgroup cols="5">
<colspec colname="A" colwidth="111*"/>
<colspec colname="B" colwidth="144*"/>
<colspec colname="C" colwidth="101*"/>
<colspec colname="D" colwidth="87*"/>
<colspec colname="E" colwidth="557*"/>
<thead>
<row>
<entry><p>Bit Field</p></entry>
<entry><p>Field Name</p></entry>
<entry><p>Type</p></entry>
<entry><p>Default Value</p></entry>
<entry><p>Description</p></entry>
</row>
</thead>

<reg-def>
<field>
<field-bits>
<double>
<msb>31</msb>
<lsb>0</lsb>
</double>
</field-bits>
<field-name verilog="IMEM_WR">IMEM_WR</field-name>
<field-type>RW</field-type>
<field-default>0x00000000</field-default>
<field-desc>
<p><b>The DFI BIST write address instruction pointer memory</b></p>
</field-desc>
</field>

</reg-def>
</tgroup>
</table>

<table id="table_IMEM_RD_PM20_82_566_SRAM">
<title><reg-name-main verilog="IMEM_RD">IMEM_RD</reg-name-main> - <reg-desc>IMEM_RD</reg-desc></title>
<tgroup cols="5">
<colspec colname="A" colwidth="111*"/>
<colspec colname="B" colwidth="144*"/>
<colspec colname="C" colwidth="101*"/>
<colspec colname="D" colwidth="87*"/>
<colspec colname="E" colwidth="557*"/>
<thead>
<row>
<entry><p>Bit Field</p></entry>
<entry><p>Field Name</p></entry>
<entry><p>Type</p></entry>
<entry><p>Default Value</p></entry>
<entry><p>Description</p></entry>
</row>
</thead>

<reg-def>
<field>
<field-bits>
<double>
<msb>31</msb>
<lsb>0</lsb>
</double>
</field-bits>
<field-name verilog="IMEM_RD">IMEM_RD</field-name>
<field-type>RW</field-type>
<field-default>0x00000000</field-default>
<field-desc>
<p><b>The DFI BIST read address instruction pointer memory</b></p>
</field-desc>
</field>

</reg-def>
</tgroup>
</table>

<table id="table_DMEM_CA_PM20_82_566_SRAM">
<title><reg-name-main verilog="DMEM_CA">DMEM_CA</reg-name-main> - <reg-desc>DMEM_CA</reg-desc></title>
<tgroup cols="5">
<colspec colname="A" colwidth="111*"/>
<colspec colname="B" colwidth="144*"/>
<colspec colname="C" colwidth="101*"/>
<colspec colname="D" colwidth="87*"/>
<colspec colname="E" colwidth="557*"/>
<thead>
<row>
<entry><p>Bit Field</p></entry>
<entry><p>Field Name</p></entry>
<entry><p>Type</p></entry>
<entry><p>Default Value</p></entry>
<entry><p>Description</p></entry>
</row>
</thead>

<reg-def>
<field>
<field-bits>
<double>
<msb>31</msb>
<lsb>0</lsb>
</double>
</field-bits>
<field-name verilog="DMEM_CA">DMEM_CA</field-name>
<field-type>RW</field-type>
<field-default>0x00000000</field-default>
<field-desc>
<p><b>The DMEM_CA is used to access the DFI BIST Command address Data Memory</b></p>
</field-desc>
</field>

</reg-def>
</tgroup>
</table>

<table id="table_DMEM_WR_PM20_82_566_SRAM">
<title><reg-name-main verilog="DMEM_WR">DMEM_WR</reg-name-main> - <reg-desc>DMEM_WR</reg-desc></title>
<tgroup cols="5">
<colspec colname="A" colwidth="111*"/>
<colspec colname="B" colwidth="144*"/>
<colspec colname="C" colwidth="101*"/>
<colspec colname="D" colwidth="87*"/>
<colspec colname="E" colwidth="557*"/>
<thead>
<row>
<entry><p>Bit Field</p></entry>
<entry><p>Field Name</p></entry>
<entry><p>Type</p></entry>
<entry><p>Default Value</p></entry>
<entry><p>Description</p></entry>
</row>
</thead>

<reg-def>
<field>
<field-bits>
<double>
<msb>31</msb>
<lsb>0</lsb>
</double>
</field-bits>
<field-name verilog="DMEM_WR">DMEM_WR</field-name>
<field-type>RW</field-type>
<field-default>0x00000000</field-default>
<field-desc>
<p><b>The DMEM_WR is used to access the DFI BIST Write Data Memory</b></p>
</field-desc>
</field>

</reg-def>
</tgroup>
</table>

<table id="table_DMEM_RD_PM20_82_566_SRAM">
<title><reg-name-main verilog="DMEM_RD">DMEM_RD</reg-name-main> - <reg-desc>DMEM_RD</reg-desc></title>
<tgroup cols="5">
<colspec colname="A" colwidth="111*"/>
<colspec colname="B" colwidth="144*"/>
<colspec colname="C" colwidth="101*"/>
<colspec colname="D" colwidth="87*"/>
<colspec colname="E" colwidth="557*"/>
<thead>
<row>
<entry><p>Bit Field</p></entry>
<entry><p>Field Name</p></entry>
<entry><p>Type</p></entry>
<entry><p>Default Value</p></entry>
<entry><p>Description</p></entry>
</row>
</thead>

<reg-def>
<field>
<field-bits>
<double>
<msb>31</msb>
<lsb>0</lsb>
</double>
</field-bits>
<field-name verilog="DMEM_RD">DMEM_RD</field-name>
<field-type>RW</field-type>
<field-default>0x00000000</field-default>
<field-desc>
<p><b>The DMEM_RD is used to access the DFI BIST Read Data Memory</b></p>
</field-desc>
</field>

</reg-def>
</tgroup>
</table>

<p/>
</body>
</topic>