<?xml version="1.0" encoding="UTF-8"?>
<!DOCTYPE topic PUBLIC "-//OASIS//DTD DITA 1.2 Topic//EN" "topic.dtd">
<topic base="base" id="PM20_82_566_SRAM_addr">
<title/>
<body>
<p/>
<table id="PM20_82_566_SRAM_addr_table_00">
<title>Device Table</title>
<tgroup cols="3">
<colspec colwidth="148*"/>
<colspec colwidth="218*"/>
<colspec colwidth="634*"/>
<thead>
<row>
<entry><p>Offset Address</p></entry>
<entry><p>Register Mnemonic </p></entry>
<entry><p>Register Description </p></entry>
</row>
</thead>
<address-map>

<register-reference>
    <address>0x00000</address>
    <addr-element>
    <addr-mnemonic>IMEM_CA</addr-mnemonic>
    </addr-element>

    <address-details>
        <p><xref href="lw20_60_1036_sram_reg.xml#PM20_82_566_SRAM/table_IMEM_CA_PM20_82_566_SRAM">IMEM_CA</xref></p>
    </address-details>
</register-reference>

<register-reference>
    <address>0x00200</address>
    <addr-element>
    <addr-mnemonic>IMEM_WR</addr-mnemonic>
    </addr-element>

    <address-details>
        <p><xref href="lw20_60_1036_sram_reg.xml#PM20_82_566_SRAM/table_IMEM_WR_PM20_82_566_SRAM">IMEM_WR</xref></p>
    </address-details>
</register-reference>

<register-reference>
    <address>0x00400</address>
    <addr-element>
    <addr-mnemonic>IMEM_RD</addr-mnemonic>
    </addr-element>

    <address-details>
        <p><xref href="lw20_60_1036_sram_reg.xml#PM20_82_566_SRAM/table_IMEM_RD_PM20_82_566_SRAM">IMEM_RD</xref></p>
    </address-details>
</register-reference>

<register-reference>
    <address>0x00600</address>
    <addr-element>
    <addr-mnemonic>DMEM_CA</addr-mnemonic>
    </addr-element>

    <address-details>
        <p><xref href="lw20_60_1036_sram_reg.xml#PM20_82_566_SRAM/table_DMEM_CA_PM20_82_566_SRAM">DMEM_CA</xref></p>
    </address-details>
</register-reference>

<register-reference>
    <address>0x00E00</address>
    <addr-element>
    <addr-mnemonic>DMEM_WR</addr-mnemonic>
    </addr-element>

    <address-details>
        <p><xref href="lw20_60_1036_sram_reg.xml#PM20_82_566_SRAM/table_DMEM_WR_PM20_82_566_SRAM">DMEM_WR</xref></p>
    </address-details>
</register-reference>

<register-reference>
    <address>0x03700</address>
    <addr-element>
    <addr-mnemonic>DMEM_RD</addr-mnemonic>
    </addr-element>

    <address-details>
        <p><xref href="lw20_60_1036_sram_reg.xml#PM20_82_566_SRAM/table_DMEM_RD_PM20_82_566_SRAM">DMEM_RD</xref></p>
    </address-details>
</register-reference>

</address-map>
</tgroup>
</table>
<p/>
</body>
</topic>