<?xml version="1.0" encoding="UTF-8"?>
<!DOCTYPE topic PUBLIC "-//OASIS//DTD DITA 1.2 Topic//EN"
"/SysSchema/dita/dtd/technicalContent/dtd/topic.dtd">
<topic base="base" id="Message_Distribution_Subnetwork_5oi3647aju"
       xml:lang="en-US">
  <title>Message Distribution Subnetwork Registers</title>

  <body>
    <table id="MDSCTLMessageDistributionSubnetworkControl">
      <title><reg-name-main verilog="MDSCTL">MDSCTL</reg-name-main>
      <reg-desc>Message Distribution Subnetwork Control</reg-desc></title>

      <tgroup cols="5">
        <colspec colwidth="8*"/>

        <colspec colwidth="27*"/>

        <colspec colwidth="8*"/>

        <colspec colwidth="10*"/>

        <colspec colwidth="46*"/>

        <thead>
          <row>
            <entry><p>Bit Field</p></entry>

            <entry><p>Field Name</p></entry>

            <entry><p>Type</p></entry>

            <entry><p>Default Value</p></entry>

            <entry><p>Description</p></entry>
          </row>
        </thead>

        <reg-def>
          <field>
            <field-bits>
              <double>
                <msb>31</msb>

                <lsb>26</lsb>
              </double>
            </field-bits>

            <field-name verilog="RESERVED">RESERVED</field-name>

            <field-type>RO</field-type>

            <field-default>0x0</field-default>

            <field-desc>
              <p/>
            </field-desc>
          </field>

          <field>
            <field-bits>
              <double>
                <msb>25</msb>

                <lsb>16</lsb>
              </double>
            </field-bits>

            <field-name verilog="HPQMSGLMT">HPQMSGLMT</field-name>

            <field-type>RW</field-type>

            <field-default>0x0</field-default>

            <field-desc>
              <p><b otherprops="bold">High Priority Queue Message
              Limit</b></p>

              <p>This field specifies the maximum number of high priority
              commands that may be queued by the linked list engine.</p>

              <p>A value of zero in this field indicates no limit (i.e., high
              priority commands may consume all available command slots).</p>
            </field-desc>
          </field>

          <field>
            <field-bits>
              <double>
                <msb>15</msb>

                <lsb>10</lsb>
              </double>
            </field-bits>

            <field-name verilog="RESERVED">RESERVED</field-name>

            <field-type>RO</field-type>

            <field-default>0x0</field-default>

            <field-desc>
              <p/>
            </field-desc>
          </field>

          <field>
            <field-bits>
              <double>
                <msb>9</msb>

                <lsb>0</lsb>
              </double>
            </field-bits>

            <field-name verilog="LPQMSGLMT">LPQMSGLMT</field-name>

            <field-type>RW</field-type>

            <field-default>0x0</field-default>

            <field-desc>
              <p><b otherprops="bold">Low Priority Queue Message Limit</b></p>

              <p>This field specifies the maximum number of low priority
              commands that may be queued by the linked list engine.</p>

              <p>A value of zero in this field indicates no limit (i.e., low
              priority commands may consume all available command slots).</p>
            </field-desc>
          </field>
        </reg-def>
      </tgroup>
    </table>

    <table id="MDSLPMCNTMessageDistributionSubnetworkLowPriorityMessageCount">
      <title><reg-name-main verilog="MDSLPMCNT">MDSLPMCNT</reg-name-main>
      <reg-desc>Message Distribution Subnetwork Low Priority Message
      Count</reg-desc></title>

      <tgroup cols="5">
        <colspec colwidth="8*"/>

        <colspec colwidth="27*"/>

        <colspec colwidth="8*"/>

        <colspec colwidth="10*"/>

        <colspec colwidth="46*"/>

        <thead>
          <row>
            <entry><p>Bit Field</p></entry>

            <entry><p>Field Name</p></entry>

            <entry><p>Type</p></entry>

            <entry><p>Default Value</p></entry>

            <entry><p>Description</p></entry>
          </row>
        </thead>

        <reg-def>
          <field>
            <field-bits>
              <double>
                <msb>31</msb>

                <lsb>0</lsb>
              </double>
            </field-bits>

            <field-name verilog="COUNT">COUNT</field-name>

            <field-type>RCCs</field-type>

            <field-default>0x0</field-default>

            <field-desc>
              <p><b otherprops="bold">Low Priority Message Count</b></p>

              <p>This field is incremented each time a message is transferred
              from the low priority Flash request inbound message queue to the
              message distribution subnetwork.</p>

              <p>This counter saturates at its maximum value and does not
              rollover to zero.</p>
            </field-desc>
          </field>
        </reg-def>
      </tgroup>
    </table>

    <table id="MDSHPMCNTMessageDistributionSubnetworkHighPriorityMessageCount">
      <title><reg-name-main verilog="MDSHPMCNT">MDSHPMCNT</reg-name-main>
      <reg-desc>Message Distribution Subnetwork High Priority Message
      Count</reg-desc></title>

      <tgroup cols="5">
        <colspec colwidth="8*"/>

        <colspec colwidth="27*"/>

        <colspec colwidth="8*"/>

        <colspec colwidth="10*"/>

        <colspec colwidth="46*"/>

        <thead>
          <row>
            <entry><p>Bit Field</p></entry>

            <entry><p>Field Name</p></entry>

            <entry><p>Type</p></entry>

            <entry><p>Default Value</p></entry>

            <entry><p>Description</p></entry>
          </row>
        </thead>

        <reg-def>
          <field>
            <field-bits>
              <double>
                <msb>31</msb>

                <lsb>0</lsb>
              </double>
            </field-bits>

            <field-name verilog="COUNT">COUNT</field-name>

            <field-type>RCCs</field-type>

            <field-default>0x0</field-default>

            <field-desc>
              <p><b otherprops="bold">High Priority Message Count</b></p>

              <p>This field is incremented each time a message is transferred
              from the high priority Flash request inbound message queue to
              the message distribution subnetwork.</p>

              <p>This counter saturates at its maximum value and does not
              rollover to zero.</p>
            </field-desc>
          </field>
        </reg-def>
      </tgroup>
    </table>

    <table id="MDSLPBMessageDistributionSubnetworkLowPriorityBackpressure">
      <title><reg-name-main verilog="MDSLPB">MDSLPB</reg-name-main>
      <reg-desc>Message Distribution Subnetwork Low Priority
      Backpressure</reg-desc></title>

      <tgroup cols="5">
        <colspec colwidth="8*"/>

        <colspec colwidth="27*"/>

        <colspec colwidth="8*"/>

        <colspec colwidth="10*"/>

        <colspec colwidth="46*"/>

        <thead>
          <row>
            <entry><p>Bit Field</p></entry>

            <entry><p>Field Name</p></entry>

            <entry><p>Type</p></entry>

            <entry><p>Default Value</p></entry>

            <entry><p>Description</p></entry>
          </row>
        </thead>

        <reg-def>
          <field>
            <field-bits>
              <double>
                <msb>31</msb>

                <lsb>0</lsb>
              </double>
            </field-bits>

            <field-name verilog="COUNT">COUNT</field-name>

            <field-type>RCCs</field-type>

            <field-default>0x0</field-default>

            <field-desc>
              <p><b otherprops="bold">Stall Count</b></p>

              <p>This field is incremented each clock cycle in which there is
              a message at the head of the low priority Flash request message
              queue that is unable to be transferred to the message
              distribution subnetwork due to lack of available resources
              (i.e., head of line blocking).</p>

              <p>This counter saturates at its maximum value and does not
              rollover to zero.</p>
            </field-desc>
          </field>
        </reg-def>
      </tgroup>
    </table>

    <table id="MDSHPBPMessageDistributionSubnetworkHighPriorityBackpressure">
      <title><reg-name-main verilog="MDSHPBP">MDSHPBP</reg-name-main>
      <reg-desc>Message Distribution Subnetwork High Priority
      Backpressure</reg-desc></title>

      <tgroup cols="5">
        <colspec colwidth="8*"/>

        <colspec colwidth="27*"/>

        <colspec colwidth="8*"/>

        <colspec colwidth="10*"/>

        <colspec colwidth="46*"/>

        <thead>
          <row>
            <entry><p>Bit Field</p></entry>

            <entry><p>Field Name</p></entry>

            <entry><p>Type</p></entry>

            <entry><p>Default Value</p></entry>

            <entry><p>Description</p></entry>
          </row>
        </thead>

        <reg-def>
          <field>
            <field-bits>
              <double>
                <msb>31</msb>

                <lsb>0</lsb>
              </double>
            </field-bits>

            <field-name verilog="COUNT">COUNT</field-name>

            <field-type>RCCs</field-type>

            <field-default>0x0</field-default>

            <field-desc>
              <p><b otherprops="bold">Stall Count</b></p>

              <p>This field is incremented each clock cycle in which there is
              a message at the head of the high priority Flash request message
              queue that is unable to be transferred to the message
              distribution subnetwork due to lack of available resources
              (i.e., head of line blocking).</p>

              <p>This counter saturates at its maximum value and does not
              rollover to zero.</p>
            </field-desc>
          </field>
        </reg-def>
      </tgroup>
    </table>

    <table id="table_MDWCPL_-_Message_Distribution_Subnetwork_0kgv1zuqs">
      <title><reg-name-main verilog="MDWCPL">MDWCPL</reg-name-main> - <reg-desc>Message
      Distribution Subnetwork Completion</reg-desc></title>

      <tgroup cols="5">
        <colspec colname="A" colwidth="111*"/>

        <colspec colname="B" colwidth="144*"/>

        <colspec colname="C" colwidth="101*"/>

        <colspec colname="D" colwidth="87*"/>

        <colspec colname="E" colwidth="557*"/>

        <thead>
          <row>
            <entry><p>Bit Field</p></entry>

            <entry><p>Field Name</p></entry>

            <entry><p>Type</p></entry>

            <entry><p>Default Value</p></entry>

            <entry><p>Description</p></entry>
          </row>
        </thead>

        <reg-def>
          <field>
            <field-bits>
              <double>
                <msb>31</msb>

                <lsb>1</lsb>
              </double>
            </field-bits>

            <field-name verilog="RESERVED">RESERVED</field-name>

            <field-type>RO </field-type>

            <field-default>0x0</field-default>

            <field-desc>
              <p/>
            </field-desc>
          </field>

          <field>
            <field-bits>
              <single>0</single>
            </field-bits>

            <field-name verilog="CPL12DW">CPL12DW</field-name>

            <field-type>RW </field-type>

            <field-default>0x0</field-default>

            <field-desc>
              <desc-title>Completion 12 DWords</desc-title>

              <p>When Set, flash completion messages will contain 12 DWords of
              completion data. </p>

              <p>When cleared, the flash completion messages will contain 8
              DWords of completion data.</p>
            </field-desc>
          </field>
        </reg-def>
      </tgroup>
    </table>
  </body>
</topic>
