<?xml version="1.0" encoding="UTF-8"?>
<!DOCTYPE topic PUBLIC "-//OASIS//DTD DITA 1.2 Topic//EN"
"topic.dtd">
<topic base="base" id="queue_addr">
  <title>MIF Queue Group Registers Address Map</title>

  <body>
    <p/>

    <table id="table_MIF_CSR_Address_Table_fitltbioq">
      <title>MIF Group Address Table</title>

      <tgroup cols="3">
        <colspec colwidth="50*"/>

        <colspec colwidth="152*"/>

        <colspec colwidth="798*"/>

        <thead>
          <row>
            <entry><p>Offset Address</p></entry>

            <entry><p>Register Mnemonic </p></entry>

            <entry><p>Register Description </p></entry>
          </row>
        </thead>

        <address-map>
          <register-reference>
            <address>0x0000</address>

            <addr-element>
              <addr-mnemonic>QGCTL</addr-mnemonic>
            </addr-element>

            <address-details>
              <p><xref
              href="mif_registers.xml#register/table_QGCTL_-_Queue_Group_Control_6j6ph2x3u">QGCTL</xref></p>
            </address-details>
          </register-reference>

          <register-reference>
            <address>0x0004</address>

            <addr-element>
              <addr-mnemonic>QGSTS</addr-mnemonic>
            </addr-element>

            <address-details>
              <p><xref
              href="mif_registers.xml#register/table_QGSTS_-_Queue_Group_Status_1j6pgjgjp">QGSTS</xref></p>
            </address-details>
          </register-reference>

          <register-reference audience="MSCCInternal">
            <address>0x0008</address>

            <addr-element>
              <addr-mnemonic>MIFEC</addr-mnemonic>
            </addr-element>

            <address-details>
              <p><xref
              href="mif_registers.xml#register/table_MIFEC-_MIF_Error_Control_0j13zdu7s">MIFEC</xref></p>
            </address-details>
          </register-reference>

          <register-reference audience="MSCCInternal">
            <address>0x000C</address>

            <addr-element>
              <addr-mnemonic>QGCTL2</addr-mnemonic>
            </addr-element>

            <address-details>
              <p><xref
              href="mif_registers.xml#register/table_QGCTL2_-_Queue_Group_Control_2_2j6pglbov">QGCTL2</xref></p>
            </address-details>
          </register-reference>

          <register-reference>
            <address>0x0010</address>

            <addr-element>
              <addr-mnemonic>QMEMAPROP</addr-mnemonic>
            </addr-element>

            <address-details>
              <p><xref
              href="mif_registers.xml#register/table_QMEMAPROP_-_Queue_Memory_Access_Properti_3j6pgnkw2">QMEMAPROP</xref></p>
            </address-details>
          </register-reference>

          <register-reference>
            <address>0x0014</address>

            <addr-element>
              <addr-mnemonic>QMEMAPROT</addr-mnemonic>
            </addr-element>

            <address-details>
              <p><xref
              href="mif_registers.xml#register/table_QMEMAPROT_-_Queue_Memory_Access_Protecti_4j6pgolln">QMEMAPROT</xref></p>
            </address-details>
          </register-reference>

          <register-reference>
            <address>0x0018</address>

            <addr-element>
              <addr-mnemonic>RWMEMPROPT</addr-mnemonic>
            </addr-element>

            <address-details>
              <p><xref
              href="mif_registers.xml#register/table_RWMEMPROPT_-_Register_Write_Memory_Prope_5j6pgpved">RWMEMPROPT</xref></p>
            </address-details>
          </register-reference>

          <register-reference audience="MSCCInternal">
            <address>0x0080</address>

            <addr-element>
              <addr-mnemonic>ILRTCNT</addr-mnemonic>
            </addr-element>

            <address-details>
              <p><xref
              href="mif_registers.xml#register/table_ILRTCNT_Inbound_Line_Read_Total_Count_2ivtywm2b">ILRTCNT</xref></p>
            </address-details>
          </register-reference>

          <register-reference audience="MSCCInternal">
            <address>0x0084</address>

            <addr-element>
              <addr-mnemonic>IMRTCNT</addr-mnemonic>
            </addr-element>

            <address-details>
              <p><xref
              href="mif_registers.xml#register/table_IMRTCNT_Inbound_Message_Read_Total_Count_2itpd9yhl">IMRTCNT</xref></p>
            </address-details>
          </register-reference>

          <register-reference audience="MSCCInternal">
            <address>0x0088</address>

            <addr-element>
              <addr-mnemonic>IRWTCNT</addr-mnemonic>
            </addr-element>

            <address-details>
              <p><xref
              href="mif_registers.xml#register/table_IRWTCNT_Inbound_Register_Write_Total_Cou_3itpd9yhl">IRWTCNT</xref></p>
            </address-details>
          </register-reference>

          <register-reference audience="MSCCInternal">
            <address>0x008C</address>

            <addr-element>
              <addr-mnemonic>OLWTCNT</addr-mnemonic>
            </addr-element>

            <address-details>
              <p><xref
              href="mif_registers.xml#register/table_OLWTCNT_Outbound_Line_Write_Total_Count_3ivtyxy03">OLWTCNT</xref></p>
            </address-details>
          </register-reference>

          <register-reference audience="MSCCInternal">
            <address>0x0090</address>

            <addr-element>
              <addr-mnemonic>OMWTCNT</addr-mnemonic>
            </addr-element>

            <address-details>
              <p><xref
              href="mif_registers.xml#register/table_OMWTCNT_Outbound_Message_Write_Total_Cou_5itpd9yhl">OMWTCNT</xref></p>
            </address-details>
          </register-reference>

          <register-reference audience="MSCCInternal">
            <address>0x0094</address>

            <addr-element>
              <addr-mnemonic>ORWTCNT</addr-mnemonic>
            </addr-element>

            <address-details>
              <p><xref
              href="mif_registers.xml#register/table_ORWTCNT_Outbound_Register_Write_Total_Co_6itpd9yhl">ORWTCNT</xref></p>
            </address-details>
          </register-reference>

          <register-reference audience="MSCCInternal">
            <address>0x0098</address>

            <addr-element>
              <addr-mnemonic>QDBGCFG</addr-mnemonic>
            </addr-element>

            <address-details>
              <p><xref
              href="mif_registers.xml#register/table_QDBGCFG_-_Queue_Debug_Configuration_7itpd9yhl">QDBGCFG</xref></p>
            </address-details>
          </register-reference>

          <register-reference audience="MSCCInternal">
            <address>0x009C</address>

            <addr-element>
              <addr-mnemonic>ARBP</addr-mnemonic>
            </addr-element>

            <address-details>
              <p><xref
              href="mif_registers.xml#register/table_ARBP_-_ACEL_Read_Back_pressure_1j2ti4hwf">ARBP</xref></p>
            </address-details>
          </register-reference>

          <register-reference audience="MSCCInternal">
            <address>0x00A0</address>

            <addr-element>
              <addr-mnemonic>AWBP</addr-mnemonic>
            </addr-element>

            <address-details>
              <p><xref
              href="mif_registers.xml#register/table_AWBP_-_ACEL_Write_Back_pressure_3j2ti543k">AWBP</xref></p>
            </address-details>
          </register-reference>

          <register-reference audience="MSCCInternal">
            <address>0x00A4</address>

            <addr-element>
              <addr-mnemonic>IRQCNT</addr-mnemonic>
            </addr-element>

            <address-details>
              <p><xref
              href="mif_registers.xml#register/table_IRQCNT_-_Inbound_Read_Queue_Count_0j2ti42fb">IRQCNT</xref></p>
            </address-details>
          </register-reference>

          <register-reference audience="MSCCInternal">
            <address>0x00A8</address>

            <addr-element>
              <addr-mnemonic>OWQCNT</addr-mnemonic>
            </addr-element>

            <address-details>
              <p><xref
              href="mif_registers.xml#register/table_OWQCNT_-_Outbound_Line_Write_Queue_Count_2j2ti4qdt">OWQCNT</xref></p>
            </address-details>
          </register-reference>

          <register-reference audience="MSCCInternal">
            <address>0x00B0</address>

            <addr-element>
              <addr-mnemonic>IMQEMPTY</addr-mnemonic>
            </addr-element>

            <address-details>
              <p><xref
              href="mif_registers.xml#register/table_IMQEMPTY_Inbound_Message_Queue_Empty_0ivr7x1fq">IMQEMPTY</xref></p>
            </address-details>
          </register-reference>

          <register-reference audience="MSCCInternal">
            <address>0x00B4</address>

            <addr-element>
              <addr-mnemonic>OMQFULL</addr-mnemonic>
            </addr-element>

            <address-details>
              <p><xref
              href="mif_registers.xml#register/table_OMQFULL_Outbound_Message_Queue_Full_1ivr7x1fq">OMQFULL</xref></p>
            </address-details>
          </register-reference>

          <register-reference audience="MSCCInternal">
            <address>0x00B8</address>

            <addr-element>
              <addr-mnemonic>OMQFULLH</addr-mnemonic>
            </addr-element>

            <address-details>
              <p><xref
              href="mif_registers.xml#register/table_OMQFULLH_-_Outbound_Message_Queue_Full_H_0l0h6ts5q">OMQFULLH</xref>

              </p>
            </address-details>
          </register-reference>

          <register-reference audience="MSCCInternal">
            <address>0x00C0</address>

            <addr-element>
              <addr-mnemonic>MIFDBG</addr-mnemonic>
            </addr-element>

            <address-details>
              <p><xref
              href="mif_registers.xml#register/table_MIFDBG_1izysdoyr">MIFDBG</xref></p>
            </address-details>
          </register-reference>

          <register-reference audience="MSCCInternal">
            <address>0x00C4</address>

            <addr-element>
              <addr-mnemonic>INDBGINFO</addr-mnemonic>
            </addr-element>

            <address-details>
              <p><xref
              href="mif_registers.xml#register/table_INDBG_Inbound_Debug_Info_0j0muct2b">INDBGINFO</xref></p>
            </address-details>
          </register-reference>

          <register-reference audience="MSCCInternal">
            <address>0x00C8</address>

            <addr-element>
              <addr-mnemonic>OUTDBGINFO</addr-mnemonic>
            </addr-element>

            <address-details>
              <p><xref
              href="mif_registers.xml#register/table_OUTDBG_Outbound_Debug_Info_1j0muct2b">OUTDBGINFO</xref></p>
            </address-details>
          </register-reference>

          <register-reference audience="MSCCInternal">
            <address>0x00CC</address>

            <addr-element>
              <addr-mnemonic>QGSTS2</addr-mnemonic>
            </addr-element>

            <address-details>
              <p><xref
              href="mif_registers.xml#register/table_MQGSTS2_-_Message_Queue_Group_Status_2_0j147iinu">QGSTS2</xref></p>
            </address-details>
          </register-reference>

          <register-reference audience="MSCCInternal">
            <address>0x00D0</address>

            <addr-element>
              <addr-mnemonic>MRAMSBESTS</addr-mnemonic>
            </addr-element>

            <address-details>
              <p><xref
              href="mif_registers.xml#register/table_MRAMSBESTS_-_MIF_Ram_Single_Bit_Error_St_8j16wjpwq">MRAMSBESTS</xref></p>
            </address-details>
          </register-reference>

          <register-reference audience="MSCCInternal">
            <address>0x00D4</address>

            <addr-element>
              <addr-mnemonic>MRAMDBESTS</addr-mnemonic>
            </addr-element>

            <address-details>
              <p><xref
              href="mif_registers.xml#register/table_MRAMDBESTS_-_MIF_Ram_Double_Bit_Error_St_9j16wlna0">MRAMDBESTS</xref></p>
            </address-details>
          </register-reference>

          <register-reference audience="MSCCInternal">
            <address>0x00D8</address>

            <addr-element>
              <addr-mnemonic>MRAMECTL</addr-mnemonic>
            </addr-element>

            <address-details>
              <p><xref
              href="mif_registers.xml#register/table_MRAMECTL_-_MIF_Embedded_RAM_Error_Contro_aj16wmy4y">MRAMECTL</xref></p>
            </address-details>
          </register-reference>

          <register-reference audience="MSCCInternal">
            <address>0x00E0</address>

            <addr-element>
              <addr-mnemonic>MCERRSTS</addr-mnemonic>
            </addr-element>

            <address-details>
              <p><xref
              href="mif_registers.xml#register/table_MCERRSTS_-_MIF_Correctable_Error_Status_bj16wsaq2">MCERRSTS</xref></p>
            </address-details>
          </register-reference>

          <register-reference audience="MSCCInternal">
            <address>0x00E4</address>

            <addr-element>
              <addr-mnemonic>MCERRMSK</addr-mnemonic>
            </addr-element>

            <address-details>
              <p><xref
              href="mif_registers.xml#register/table_MCERRMSK_-_MIF_Corrected_Error_Mask_cj16wt3q8">MCERRMSK</xref></p>
            </address-details>
          </register-reference>

          <register-reference audience="MSCCInternal">
            <address>0x00E8</address>

            <addr-element>
              <addr-mnemonic>MCERRSWTGR</addr-mnemonic>
            </addr-element>

            <address-details>
              <p><xref
              href="mif_registers.xml#register/table_MCERRSWTGR_-_MIF_Corrected_Error_Softwar_dj16wtxm6">MCERRSWTGR</xref></p>
            </address-details>
          </register-reference>

          <register-reference>
            <address>0x00F0</address>

            <addr-element>
              <addr-mnemonic>MUERRSTS</addr-mnemonic>
            </addr-element>

            <address-details>
              <p><xref
              href="mif_registers.xml#register/table_MUERRSTS_-_MIF_UNCorrectable_Error_Statu_gj16wzz49">MUERRSTS</xref></p>
            </address-details>
          </register-reference>

          <register-reference audience="MSCCInternal">
            <address>0x00F4</address>

            <addr-element>
              <addr-mnemonic>MUCERRMSK</addr-mnemonic>
            </addr-element>

            <address-details>
              <p><xref
              href="mif_registers.xml#register/table_MUCERRMSK_-_MIF_UNCorrected_Error_Mask_fj16wzk67">MUCERRMSK</xref></p>
            </address-details>
          </register-reference>

          <register-reference>
            <address>0x00F8</address>

            <addr-element>
              <addr-mnemonic>MUCERRSWTGR</addr-mnemonic>
            </addr-element>

            <address-details>
              <p><xref
              href="mif_registers.xml#register/table_MUCERRSWTGR_-_MIF_Corrected_Error_Softwa_hj16x2rgm">MUCERRSWTGR</xref></p>
            </address-details>
          </register-reference>

          <register-reference audience="MSCCInternal">
            <address>0x1FFC</address>

            <addr-element>
              <addr-mnemonic>RESERVED</addr-mnemonic>
            </addr-element>

            <address-details>
              <p><xref
              href="mif_registers.xml#register/table_RESERVED_-_RESERVED_0j366tkl9">RESERVED</xref></p>
            </address-details>
          </register-reference>
        </address-map>
      </tgroup>
    </table>

    <p/>
  </body>
</topic>
