<?xml version="1.0" encoding="UTF-8"?>
<!DOCTYPE topic PUBLIC "-//OASIS//DTD DITA 1.2 Topic//EN"
"topic.dtd">
<topic base="base" id="ibq_addr">
  <title>Inbound Queue Registers Address Map</title>

  <body>
    <p/>

    <table id="table_IMQ_Table_0j33kjmbs">
      <?guidance Define the location (address-major) and offset (address-minor) first. Define the mnemonic and link to the register in the Mnemonic column. 
In the Description column add a second link to the register table and add any extra detail. ?>

      <title>IMQ Table</title>

      <tgroup cols="3">
        <colspec colwidth="148*"/>

        <colspec colwidth="218*"/>

        <colspec colwidth="634*"/>

        <thead>
          <row>
            <entry><p>Offset Address</p></entry>

            <entry><p>Register Mnemonic </p></entry>

            <entry><p>Register Description </p></entry>
          </row>
        </thead>

        <address-map>
          <register-reference>
            <address>0x0000</address>

            <addr-element>
              <addr-mnemonic>IMQD</addr-mnemonic>
            </addr-element>

            <address-details>
              <p><xref
              href="mif_registers.xml#register/table_IMQD_63_0_-_Inbound_Message_Queue_Doorbe_3itlshfj7">IMQD[63:0]</xref></p>
            </address-details>
          </register-reference>

          <register-reference>
            <address>0x0004</address>

            <addr-element>
              <addr-mnemonic>IMQCTL</addr-mnemonic>
            </addr-element>

            <address-details>
              <p><xref
              href="mif_registers.xml#register/table_IMQCTL_63_0_-_Inbound_Message_Queue_Cont_1itlshfj7">IMQCTL[63:0]</xref></p>
            </address-details>
          </register-reference>

          <register-reference>
            <address>0x0008</address>

            <addr-element>
              <addr-mnemonic>IMQSTS</addr-mnemonic>
            </addr-element>

            <address-details>
              <p><xref
              href="mif_registers.xml#register/table_IMQSTS_63_0_-_Inbound_Message_Queue_Stat_2itlshfj7">IMQSTS[63:0]</xref></p>
            </address-details>
          </register-reference>

          <register-reference>
            <address>0x000C</address>

            <addr-element>
              <addr-mnemonic>IMQCFG</addr-mnemonic>
            </addr-element>

            <address-details>
              <p><xref
              href="mif_registers.xml#register/table_IMQCFG_63_0_-_Inbound_Message_Queue_Conf_0itlylpkz">IMQCFG[63:0]</xref></p>
            </address-details>
          </register-reference>

          <register-reference>
            <address>0x0010</address>

            <addr-element>
              <addr-mnemonic>IMQBAL</addr-mnemonic>
            </addr-element>

            <address-details>
              <p><xref
              href="mif_registers.xml#register/table_IMQBAL_63_0_-_Inbound_Message_Queue_Base_LOW__4itlshfj8">IMQBAL[63:0]</xref></p>
            </address-details>
          </register-reference>

          <register-reference>
            <address>0x0014</address>

            <addr-element>
              <addr-mnemonic>IMQBAH</addr-mnemonic>
            </addr-element>

            <address-details>
              <p><xref
              href="mif_registers.xml#register/table_IMQBAH_63_0_-_Inbound_Message_Queue_Base_0iu624osl">IMQBAH[63:0]</xref></p>
            </address-details>
          </register-reference>

          <register-reference>
            <address>0x0018</address>

            <addr-element>
              <addr-mnemonic>IMQCDA</addr-mnemonic>
            </addr-element>

            <address-details>
              <p><xref
              href="mif_registers.xml#register/table_IMQCDA_63_0_-_Inbound_Message_Queue_Casc_6itlshfj8">IMQCDA[63:0]</xref></p>
            </address-details>
          </register-reference>

          <register-reference audience="MSCCInternal">
            <address>0x003C</address>

            <addr-element>
              <addr-mnemonic>RESERVED</addr-mnemonic>
            </addr-element>

            <address-details>
              <p><xref
              href="mif_registers.xml#register/table_RESERVED_-_RESERVED_0j366tkl9">RESERVED</xref></p>
            </address-details>
          </register-reference>
        </address-map>
      </tgroup>
    </table>

    <p/>
  </body>
</topic>
