<?xml version="1.0" encoding="UTF-8"?>
<!DOCTYPE topic PUBLIC "-//OASIS//DTD DITA 1.2 Topic//EN"
"topic.dtd">
<topic base="base" id="obq_addr">
  <title>Outbound Queue Registers Address Map</title>

  <body>
    <p/>

    <table id="table_OMQ_Table_0j33pa4bu">
      <?guidance Define the location (address-major) and offset (address-minor) first. Define the mnemonic and link to the register in the Mnemonic column. 
In the Description column add a second link to the register table and add any extra detail. ?>

      <title>OMQ Table</title>

      <tgroup cols="3">
        <colspec colwidth="148*"/>

        <colspec colwidth="218*"/>

        <colspec colwidth="634*"/>

        <thead>
          <row>
            <entry><p>Offset Address</p></entry>

            <entry><p>Register Mnemonic </p></entry>

            <entry><p>Register Description </p></entry>
          </row>
        </thead>

        <address-map>
          <register-reference>
            <address>0x0000</address>

            <addr-element>
              <addr-mnemonic>OMQD</addr-mnemonic>
            </addr-element>

            <address-details>
              <p><xref
              href="mif_registers.xml#register/table_OMQD_63_0_-_Outbound_Message_Queue_Doorb_9itlshfj8">OMQD[63:0]</xref></p>
            </address-details>
          </register-reference>

          <register-reference>
            <address>0x0004</address>

            <addr-element>
              <addr-mnemonic>OMQCTL</addr-mnemonic>
            </addr-element>

            <address-details>
              <p><xref
              href="mif_registers.xml#register/table_OMQCTL_63_0_-_Outbound_Message_Queue_Con_7itlshfj8">OMQCTL[63:0]</xref></p>
            </address-details>
          </register-reference>

          <register-reference>
            <address>0x0008</address>

            <addr-element>
              <addr-mnemonic>OMQSTS</addr-mnemonic>
            </addr-element>

            <address-details>
              <p><xref
              href="mif_registers.xml#register/table_OMQSTS_63_0_-_Outbound_Message_Queue_Sta_8itlshfj8">OMQSTS[63:0]</xref></p>
            </address-details>
          </register-reference>

          <register-reference>
            <address>0x000C</address>

            <addr-element>
              <addr-mnemonic>OMQCFG</addr-mnemonic>
            </addr-element>

            <address-details>
              <p><xref
              href="mif_registers.xml#register/table_OMQCFG_63_0_-_Outbound_Message_Queue_Con_bitlshfj8">OMQCFG[63:0]</xref></p>
            </address-details>
          </register-reference>

          <register-reference>
            <address>0x0010</address>

            <addr-element>
              <addr-mnemonic>OMQBAL</addr-mnemonic>
            </addr-element>

            <address-details>
              <p><xref
              href="mif_registers.xml#register/table_OMQBAL_63_0_-_Outbound_Message_Queue_Bas_1j33piggw">OMQBAL[63:0]</xref></p>
            </address-details>
          </register-reference>

          <register-reference>
            <address>0x0014</address>

            <addr-element>
              <addr-mnemonic>OMQBAH</addr-mnemonic>
            </addr-element>

            <address-details>
              <p><xref
              href="mif_registers.xml#register/table_OMQBAH_63_0_-_Outbound_Message_Queue_Bas_6iu6539hl">OMQBAH[63:0]</xref></p>
            </address-details>
          </register-reference>

          <register-reference>
            <address>0x0018</address>

            <addr-element>
              <addr-mnemonic>OMQCDA</addr-mnemonic>
            </addr-element>

            <address-details>
              <p><xref
              href="mif_registers.xml#register/table_OMQCDA_63_0_-_Outbound_Message_Queue_Cas_citlshfj8">OMQCDA[63:0]</xref></p>
            </address-details>
          </register-reference>

          <register-reference audience="MSCCInternal">
            <address>0x003C</address>

            <addr-element>
              <addr-mnemonic>RESERVED</addr-mnemonic>
            </addr-element>

            <address-details>
              <p><xref
              href="mif_registers.xml#register/table_RESERVED_-_RESERVED_0j366tkl9">RESERVED</xref></p>
            </address-details>
          </register-reference>
        </address-map>
      </tgroup>
    </table>

    <p/>
  </body>
</topic>
