<?xml version="1.0" encoding="UTF-8"?>
<!-- Date Stamp: Mon Mar  7 13:52:14 PST 2022 -->
<!DOCTYPE topic PUBLIC "-//OASIS//DTD DITA 1.2 Topic//EN"
"topic.dtd">
<topic base="base" id="queue_addr">
  <title>MIF Queue Group Registers Address Map</title>

  <body>
    <p/>

    <table id="table_MIF_Queue_Group_CSR_Address_Table_0j79dtsrj">
      <title>MIF Queue Group CSR Address Table</title>

      <tgroup cols="3">
        <colspec colwidth="50*"/>

        <colspec colwidth="152*"/>

        <colspec colwidth="798*"/>

        <thead>
          <row>
            <entry><p>Offset Address</p></entry>

            <entry><p>Register Mnemonic </p></entry>

            <entry><p>Register Description </p></entry>
          </row>
        </thead>

        <address-map>
          <register-reference>
            <address>0x0000</address>

            <addr-element>
              <address-prefix>IMQ[x]_</address-prefix>

              <instances>
                <instance>
                  <instance-start>0</instance-start>

                  <instance-stop>63</instance-stop>
                </instance>
              </instances>
            </addr-element>

            <address-details>
              <p><xref
              href="mif_ibq_addr.xml#ibq_addr/table_IMQ_Table_0j33kjmbs"/></p>
            </address-details>
          </register-reference>

          <register-reference>
            <address>0x1000</address>

            <addr-element>
              <address-prefix>OMQ[x]_</address-prefix>

              <instances>
                <instance>
                  <instance-start>0</instance-start>

                  <instance-stop>63</instance-stop>
                </instance>
              </instances>
            </addr-element>

            <address-details>
              <p><xref
              href="mif_obq_addr.xml#obq_addr/table_OMQ_Table_0j33pa4bu"/></p>
            </address-details>
          </register-reference>

          <register-reference>
            <address>0x2000</address>

            <addr-element>
              <address-prefix>QG_</address-prefix>
            </addr-element>

            <address-details>
              <p><xref
              href="mif_group_addr.xml#queue_addr/table_MIF_CSR_Address_Table_fitltbioq"/></p>
            </address-details>
          </register-reference>
        </address-map>
      </tgroup>
    </table>

    <p/>
  </body>
</topic>
