<?xml version="1.0" encoding="UTF-8"?>
<!-- Date Stamp: Wed Apr 13 09:29:49 PDT 2022 -->
<!DOCTYPE topic PUBLIC "-//OASIS//DTD DITA 1.2 Topic//EN"
"topic.dtd">
<topic base="base" id="ml_regdef">
  <title>ML Register Address Map</title>

  <body>
    <table id="table_Device_Table_0jlr9i7g5">
      <title>ML Register Address Map</title>

      <tgroup cols="3">
        <colspec colwidth="148*"/>

        <colspec colwidth="218*"/>

        <colspec colwidth="634*"/>

        <thead>
          <row>
            <entry><p>Offset Address</p></entry>

            <entry><p>Register Mnemonic </p></entry>

            <entry><p>Register Description </p></entry>
          </row>
        </thead>

        <address-map>
          <register-reference>
            <address>0x00000</address>

            <addr-element>
              <addr-mnemonic>CTL</addr-mnemonic>
            </addr-element>

            <address-details>
              <p><xref href="ml_regdef_reg.xml#ml_regdef/table_ML_CTL"/></p>
            </address-details>
          </register-reference>

          <register-reference>
            <address>0x00004</address>

            <addr-element>
              <addr-mnemonic>STS</addr-mnemonic>
            </addr-element>

            <address-details>
              <p><xref href="ml_regdef_reg.xml#ml_regdef/table_ML_STS"/></p>
            </address-details>
          </register-reference>

          <register-reference>
            <address>0x00110</address>

            <addr-element>
              <addr-mnemonic>QTIMER</addr-mnemonic>
            </addr-element>

            <address-details>
              <p><xref
              href="ml_regdef_reg.xml#ml_regdef/table_ML_QTIMER">QTIMER</xref></p>
            </address-details>
          </register-reference>

          <register-reference>
            <address>0x00114</address>

            <addr-element>
              <addr-mnemonic>QTO</addr-mnemonic>
            </addr-element>

            <address-details>
              <p><xref
              href="ml_regdef_reg.xml#ml_regdef/table_ML_QTO">QTO</xref></p>
            </address-details>
          </register-reference>

          <register-reference>
            <address>0x00200</address>

            <addr-element>
              <addr-mnemonic>UCERRSTS</addr-mnemonic>
            </addr-element>

            <address-details>
              <p><xref
              href="ml_regdef_reg.xml#ml_regdef/table_ML_UERRSTS"/></p>
            </address-details>
          </register-reference>

          <register-reference>
            <address>0x00204</address>

            <addr-element>
              <addr-mnemonic>UCERRMSK</addr-mnemonic>
            </addr-element>

            <address-details>
              <p><xref
              href="ml_regdef_reg.xml#ml_regdef/table_ML_UERRMSK"/></p>
            </address-details>
          </register-reference>

          <register-reference>
            <address>0x00208</address>

            <addr-element>
              <addr-mnemonic>UCERRSWTGR</addr-mnemonic>
            </addr-element>

            <address-details>
              <p><xref
              href="ml_regdef_reg.xml#ml_regdef/table_ML_UERRSWTGR"/></p>
            </address-details>
          </register-reference>

          <register-reference>
            <address>0x0020c</address>

            <addr-element>
              <addr-mnemonic>CERRSTS</addr-mnemonic>
            </addr-element>

            <address-details>
              <p><xref
              href="ml_regdef_reg.xml#ml_regdef/table_ML_CERRSTS"/></p>
            </address-details>
          </register-reference>

          <register-reference>
            <address>0x00210</address>

            <addr-element>
              <addr-mnemonic>CERRMSK</addr-mnemonic>
            </addr-element>

            <address-details>
              <p><xref
              href="ml_regdef_reg.xml#ml_regdef/table_ML_CERRMSK"/></p>
            </address-details>
          </register-reference>

          <register-reference>
            <address>0x00214</address>

            <addr-element>
              <addr-mnemonic>CERRSWTGR</addr-mnemonic>
            </addr-element>

            <address-details>
              <p><xref
              href="ml_regdef_reg.xml#ml_regdef/table_ML_CERRSWTGR"/></p>
            </address-details>
          </register-reference>

          <register-reference audience="MSCCInternal">
            <address>0x00218</address>

            <addr-element>
              <addr-mnemonic>AUTDISMSK</addr-mnemonic>
            </addr-element>

            <address-details>
              <p><xref href="ml_regdef_reg.xml#ml_regdef/table_ML_ADCTL"/></p>
            </address-details>
          </register-reference>

          <register-reference>
            <address>0x0021C</address>

            <addr-element>
              <addr-mnemonic>ML_EXCMSK</addr-mnemonic>
            </addr-element>

            <address-details>
              <p><xref
              href="ml_regdef_reg.xml#ml_regdef/table_EXCMSK_-_MLE_floating_point_exception_Ma_0ke93pfd4">ML_EXCMSK</xref></p>
            </address-details>
          </register-reference>

          <register-reference audience="MSCCInternal">
            <address>0x00600</address>

            <addr-element>
              <addr-mnemonic>ML_OUTSD</addr-mnemonic>
            </addr-element>

            <address-details>
              <p><xref
              href="ml_regdef_reg.xml#ml_regdef/table_ML_ERRINJ_-_Encryption_DPS_Error_Injecti_3jf314dil">ML_OUTSD</xref></p>
            </address-details>
          </register-reference>

          <register-reference audience="MSCCInternal">
            <address>0x00604</address>

            <addr-element>
              <addr-mnemonic>RAMECTL</addr-mnemonic>
            </addr-element>

            <address-details>
              <p><xref
              href="ml_regdef_reg.xml#ml_regdef/table_ML_RAMECTL_-_Encryption_DPS_RAM_Error_Co_0jfacb0d1">RAMECTL</xref></p>
            </address-details>
          </register-reference>

          <register-reference audience="MSCCInternal">
            <address>0x00608</address>

            <addr-element>
              <addr-mnemonic>RAMSBE</addr-mnemonic>
            </addr-element>

            <address-details>
              <p><xref
              href="ml_regdef_reg.xml#ml_regdef/table_ML_RAMSBE_-_Encryption_DPS_RAM_Single_Bi_1jfacmw8c">RAMSBE</xref></p>
            </address-details>
          </register-reference>

          <register-reference audience="MSCCInternal">
            <address>0x0060C</address>

            <addr-element>
              <addr-mnemonic>RAMDBE</addr-mnemonic>
            </addr-element>

            <address-details>
              <p><xref
              href="ml_regdef_reg.xml#ml_regdef/table_ML_RAMDBE_-_Encryption_DPS_RAM_Double_Bi_2jfacnw51">RAMDBE</xref></p>
            </address-details>
          </register-reference>

          <register-reference audience="MSCCInternal">
            <address>0x00808</address>

            <addr-element>
              <addr-mnemonic>PWRFEAT</addr-mnemonic>
            </addr-element>

            <address-details>
              <p><xref
              href="ml_regdef_reg.xml#ml_regdef/table_ML_PWRFEAT_-_Encryption_DPS_Power_Featur_1jl74061u">PWRFEAT</xref></p>
            </address-details>
          </register-reference>

          <register-reference audience="MSCCInternal">
            <address>0x00810</address>

            <addr-element>
              <addr-mnemonic>RAMPCNT</addr-mnemonic>
            </addr-element>

            <address-details>
              <p><xref
              href="ml_regdef_reg.xml#ml_regdef/table_ML_RAMPCNT_-_Ram_power-count_cycle_for_s_2jl741xc5">RAMPCNT</xref></p>
            </address-details>
          </register-reference>

          <register-reference audience="MSCCInternal">
            <address>0x00814</address>

            <addr-element>
              <addr-mnemonic>DBGCTL</addr-mnemonic>
            </addr-element>

            <address-details>
              <p><xref
              href="ml_regdef_reg.xml#ml_regdef/table_ML_DBGCTL"/></p>
            </address-details>
          </register-reference>

          <register-reference audience="MSCCInternal">
            <address>0x04000</address>

            <addr-element>
              <addr-mnemonic>STATSCTL</addr-mnemonic>
            </addr-element>

            <address-details>
              <p><xref
              href="ml_regdef_reg.xml#ml_regdef/table_ML_STATSCTL"/></p>
            </address-details>
          </register-reference>

          <register-reference audience="MSCCInternal">
            <address>0x04004</address>

            <addr-element>
              <addr-mnemonic>STATSSTOPCNT</addr-mnemonic>
            </addr-element>

            <address-details>
              <p><xref
              href="ml_regdef_reg.xml#ml_regdef/table_ML_STATSSTOPCNT"/></p>
            </address-details>
          </register-reference>

          <register-reference audience="MSCCInternal">
            <address>0x04010</address>

            <addr-element>
              <addr-mnemonic>CYCLECNT</addr-mnemonic>
            </addr-element>

            <address-details>
              <p><xref
              href="ml_regdef_reg.xml#ml_regdef/table_ML_CYCLECNT"/></p>
            </address-details>
          </register-reference>

          <register-reference audience="MSCCInternal">
            <address>0x04014</address>

            <addr-element>
              <addr-mnemonic>PRS_MLF</addr-mnemonic>
            </addr-element>

            <address-details>
              <p><xref
              href="ml_regdef_reg.xml#ml_regdef/table_ML_PRS_DBG_-_Encryption_DPS_Parser_Debug_5jfbdh9ap">PRS_DBG</xref></p>
            </address-details>
          </register-reference>

          <register-reference audience="MSCCInternal">
            <address>0x0401C</address>

            <addr-element>
              <addr-mnemonic>DBG_MB</addr-mnemonic>
            </addr-element>

            <address-details>
              <p><xref
              href="ml_regdef_reg.xml#ml_regdef/table_ML_DBG_MB_-_Message_Buffer_internal_stat_0ji0zmfxp">DBG_MB</xref></p>
            </address-details>
          </register-reference>

          <register-reference audience="MSCCInternal">
            <address>0x04020</address>

            <addr-element>
              <addr-mnemonic>DBG_PRS</addr-mnemonic>
            </addr-element>

            <address-details>
              <p><xref
              href="ml_regdef_reg.xml#ml_regdef/table_ML_DBG_PRS_-_Parcer_internal_state_4jhwl0i12">DBG_PRS</xref></p>
            </address-details>
          </register-reference>

          <register-reference audience="MSCCInternal">
            <address>0x04024</address>

            <addr-element>
              <addr-mnemonic>DBG_GTH</addr-mnemonic>
            </addr-element>

            <address-details>
              <p><xref
              href="ml_regdef_reg.xml#ml_regdef/table_ML_GTH_-_Gather_internal_state_0jhi7un0y">DBG_GTH</xref></p>
            </address-details>
          </register-reference>

          <register-reference audience="MSCCInternal">
            <address>0x04028</address>

            <addr-element>
              <addr-mnemonic>DBG_OE</addr-mnemonic>
            </addr-element>

            <address-details>
              <p><xref
              href="ml_regdef_reg.xml#ml_regdef/table_ML_DBG_OE_-_Operational_Engine_internal__2jhwku17b">DBG_OE</xref></p>
            </address-details>
          </register-reference>

          <register-reference audience="MSCCInternal">
            <address>0x04030</address>

            <addr-element>
              <addr-mnemonic>DBG_CPL</addr-mnemonic>
            </addr-element>

            <address-details>
              <p><xref
              href="ml_regdef_reg.xml#ml_regdef/table_ML_DBG_CPL_-_CPL_Engine_internal_state_3jhwkya02">DBG_CPL</xref></p>
            </address-details>
          </register-reference>

          <register-reference audience="MSCCInternal">
            <address>0x04034</address>

            <addr-element>
              <addr-mnemonic>DBG_MLIP0</addr-mnemonic>
            </addr-element>

            <address-details>
              <p><xref
              href="ml_regdef_reg.xml#ml_regdef/table_DBG_MLIP0_-_MLIP_internal_state_0_0kdp47bxf">DBG_MLIP0</xref></p>
            </address-details>
          </register-reference>

          <register-reference audience="MSCCInternal">
            <address>0x04038</address>

            <addr-element>
              <addr-mnemonic>DBG_MLIP1</addr-mnemonic>
            </addr-element>

            <address-details>
              <p><xref
              href="ml_regdef_reg.xml#ml_regdef/table_DBG_MLIP1_-_MLIP_internal_state_1_1kdp47wh9">DBG_MLIP1</xref></p>
            </address-details>
          </register-reference>

          <register-reference audience="MSCCInternal">
            <address>0x04044</address>

            <addr-element>
              <addr-mnemonic>MLMEMA</addr-mnemonic>
            </addr-element>

            <address-details>
              <p><xref href="ml_regdef_reg.xml#ml_regdef/table_ML_MEMA"/></p>
            </address-details>
          </register-reference>

          <register-reference audience="MSCCInternal">
            <address>0x04048</address>

            <addr-element>
              <addr-mnemonic>MLMEMD[x]</addr-mnemonic>

              <instances>
                <instance>
                  <instance-start>0</instance-start>

                  <instance-stop>7</instance-stop>
                </instance>
              </instances>
            </addr-element>

            <address-details>
              <p><xref href="ml_regdef_reg.xml#ml_regdef/table_ML_MEMDL"/></p>
            </address-details>
          </register-reference>

          <register-reference>
            <address>0xc0000</address>

            <addr-element>
              <address-prefix>IMQ[x]</address-prefix>

              <instances>
                <instance>
                  <instance-start>0</instance-start>

                  <instance-stop>11</instance-stop>
                </instance>
              </instances>
            </addr-element>

            <address-details>
              <p><xref
              href="mif_ibq_addr.xml#ibq_addr/table_IMQ_Table_0j33kjmbs"/></p>
            </address-details>
          </register-reference>

          <register-reference>
            <address>0xc1000</address>

            <addr-element>
              <address-prefix>OMQ[x]</address-prefix>

              <instances>
                <instance>
                  <instance-start>0</instance-start>

                  <instance-stop>11</instance-stop>
                </instance>
              </instances>
            </addr-element>

            <address-details>
              <p><xref
              href="mif_obq_addr.xml#obq_addr/table_OMQ_Table_0j33pa4bu"/></p>
            </address-details>
          </register-reference>

          <register-reference>
            <address>0xc2000</address>

            <addr-element>
              <address-prefix>QG</address-prefix>
            </addr-element>

            <address-details>
              <p><xref
              href="mif_group_addr.xml#queue_addr/table_MIF_CSR_Address_Table_fitltbioq"/></p>
            </address-details>
          </register-reference>
        </address-map>
      </tgroup>
    </table>
  </body>
</topic>
