<?xml version="1.0" encoding="UTF-8"?>
<!-- Date Stamp: Thu Sep 15 14:53:51 PDT 2022 -->
<!DOCTYPE topic PUBLIC "-//OASIS//DTD DITA 1.2 Topic//EN"
"topic.dtd">
<topic base="base" id="mu_addr">
  <title>ME CSR Address Table</title>

  <body>
    <p/>

    <table id="table_MU_CSR_Address_Table_0jlr6sna7">
      <title>ME CSR Address Table</title>

      <tgroup cols="3">
        <colspec colwidth="148*"/>

        <colspec colwidth="218*"/>

        <colspec colwidth="634*"/>

        <thead>
          <row>
            <entry><p>Offset Address</p></entry>

            <entry><p>Register Mnemonic </p></entry>

            <entry><p>Register Description </p></entry>
          </row>
        </thead>

        <address-map>
          <register-reference>
            <address>0x00000</address>

            <addr-element>
              <addr-mnemonic>CTL</addr-mnemonic>
            </addr-element>

            <address-details>
              <p><xref
              href="mu_registers.xml#mu_registers/table_MUCTL_-_Move_Unit_Control_0j5wm0kbf"/></p>
            </address-details>
          </register-reference>

          <register-reference>
            <address>0x00004</address>

            <addr-element>
              <addr-mnemonic>STS</addr-mnemonic>
            </addr-element>

            <address-details>
              <p><xref
              href="mu_registers.xml#mu_registers/table_MUSTS_-_Move_Unit_Status_8j5wm2cuq"/></p>
            </address-details>
          </register-reference>

          <register-reference audience="MSCCInternal">
            <address>0x00008</address>

            <addr-element>
              <addr-mnemonic>DBGSTS</addr-mnemonic>
            </addr-element>

            <address-details>
              <p><xref
              href="mu_registers.xml#mu_registers/table_MUDBGSTS_-_Move_Unit_Debug_Status_0jdoxg5uo"/></p>
            </address-details>
          </register-reference>

          <register-reference>
            <address>0x00010</address>

            <addr-element>
              <addr-mnemonic>UCERR</addr-mnemonic>
            </addr-element>

            <address-details>
              <p><xref
              href="mu_registers.xml#mu_registers/table_MEUERR_-_Move_Unit_Uncorrectable_Error_8jfbeeqsd"/></p>
            </address-details>
          </register-reference>

          <register-reference>
            <address>0x00014</address>

            <addr-element>
              <addr-mnemonic>UCERRMSK</addr-mnemonic>
            </addr-element>

            <address-details>
              <p><xref
              href="mu_registers.xml#mu_registers/table_MEUERRMSK_-_Move_Unit_Uncorrectable_Erro_7jfbee9tb"/></p>
            </address-details>
          </register-reference>

          <register-reference>
            <address>0x00018</address>

            <addr-element>
              <addr-mnemonic>UCERRSWTGR</addr-mnemonic>
            </addr-element>

            <address-details>
              <p><xref
              href="mu_registers.xml#mu_registers/table_MEUERRSWTGR_-_Move_Unit_Uncorrectable_Er_6jfbeduiu"/></p>
            </address-details>
          </register-reference>

          <register-reference audience="MSCCInternal">
            <address>0x0001C</address>

            <addr-element>
              <addr-mnemonic>UCERRAMSK</addr-mnemonic>
            </addr-element>

            <address-details>
              <p><xref
              href="mu_registers.xml#mu_registers/table_MEUERRAMSK_-_Move_Unit_Uncorrectable_Err_cjfbre1jf"/></p>
            </address-details>
          </register-reference>

          <register-reference>
            <address>0x00020</address>

            <addr-element>
              <addr-mnemonic>CERR</addr-mnemonic>
            </addr-element>

            <address-details>
              <p><xref
              href="mu_registers.xml#mu_registers/table_MECERR_-_Move_Engine_Correctable_Error_3jfbdpc04"/></p>
            </address-details>
          </register-reference>

          <register-reference>
            <address>0x00024</address>

            <addr-element>
              <addr-mnemonic>CERRMSK</addr-mnemonic>
            </addr-element>

            <address-details>
              <p><xref
              href="mu_registers.xml#mu_registers/table_MECERRMSK_-_Move_Engine_Correctable_Erro_4jfbdpj10"/></p>
            </address-details>
          </register-reference>

          <register-reference audience="MSCCInternal">
            <address>0x00028</address>

            <addr-element>
              <addr-mnemonic>CERRSWTGR</addr-mnemonic>
            </addr-element>

            <address-details>
              <p><xref
              href="mu_registers.xml#mu_registers/table_MECERRSWTGR_-_Move_Engine_Correctable_Er_5jfbdprz0"/></p>
            </address-details>
          </register-reference>

          <register-reference>
            <address>0x00030</address>

            <addr-element>
              <addr-mnemonic>RAMECTL</addr-mnemonic>
            </addr-element>

            <address-details>
              <p><xref
              href="mu_registers.xml#mu_registers/table_MERAMECTL_-_Move_Engine_RAM_ECC_Control_ajfbjy9hb"/></p>
            </address-details>
          </register-reference>

          <register-reference audience="MSCCInternal">
            <address>0x00034</address>

            <addr-element>
              <addr-mnemonic>RAMSBESTS</addr-mnemonic>
            </addr-element>

            <address-details>
              <p><xref
              href="mu_registers.xml#mu_registers/table_MERAMSBESTS_-_Move_Engine_RAM_Correctabl_9jfbjy1js"/></p>
            </address-details>
          </register-reference>

          <register-reference>
            <address>0x00038</address>

            <addr-element>
              <addr-mnemonic>RAMDBESTS</addr-mnemonic>
            </addr-element>

            <address-details>
              <p><xref
              href="mu_registers.xml#mu_registers/table_MERAMDBESTS_-_Move_Engine_RAM_Uncorrecta_bjfbk2gf1"/></p>
            </address-details>
          </register-reference>

          <register-reference>
            <address>0x00040</address>

            <addr-element>
              <addr-mnemonic>QTIMER</addr-mnemonic>
            </addr-element>

            <address-details>
              <p><xref
              href="mu_registers.xml#mu_registers/table_QTIMER_-_Quiesce_Timer_0k0ehye51"/></p>
            </address-details>
          </register-reference>

          <register-reference>
            <address>0x00044</address>

            <addr-element>
              <addr-mnemonic>QTO</addr-mnemonic>
            </addr-element>

            <address-details>
              <p><xref
              href="mu_registers.xml#mu_registers/table_QTO_-_Quiesce_Timeout_2k0ehzgz8"/></p>
            </address-details>
          </register-reference>

          <register-reference>
            <address>0x00100</address>

            <addr-element>
              <addr-mnemonic>MEMAPROP[x]</addr-mnemonic>

              <instances>
                <instance>
                  <instance-start>0</instance-start>

                  <instance-stop>3</instance-stop>
                </instance>
              </instances>
            </addr-element>

            <address-details>
              <p><xref
              href="mu_registers.xml#mu_registers/table_MU_MEMAPROP_3_0_-_Move_Unit_Memory_Acces_1jmgkwrlh"/></p>
            </address-details>
          </register-reference>

          <register-reference>
            <address>0x00110</address>

            <addr-element>
              <addr-mnemonic>MEMAPROT[x]</addr-mnemonic>

              <instances>
                <instance>
                  <instance-start>0</instance-start>

                  <instance-stop>3</instance-stop>
                </instance>
              </instances>
            </addr-element>

            <address-details>
              <p><xref
              href="mu_registers.xml#mu_registers/table_MU_MEMAPROT_3_0_-_Move_Unit_Memory_Acces_0jmgkwkfm"/></p>
            </address-details>
          </register-reference>

          <register-reference>
            <address>0xC0000</address>

            <addr-element>
              <address-prefix>QG0_IMQ[x]_</address-prefix>

              <instances>
                <instance>
                  <instance-start>0</instance-start>

                  <instance-stop>15</instance-stop>
                </instance>
              </instances>
            </addr-element>

            <address-details>
              <p><xref
              href="mif_ibq_addr.xml#ibq_addr/table_IMQ_Table_0j33kjmbs">QG0_IMQ</xref></p>
            </address-details>
          </register-reference>

          <register-reference>
            <address>0xC1000</address>

            <addr-element>
              <address-prefix>QG0_OMQ[x]_</address-prefix>

              <instances>
                <instance>
                  <instance-start>0</instance-start>

                  <instance-stop>15</instance-stop>
                </instance>
              </instances>
            </addr-element>

            <address-details>
              <p><xref
              href="mif_obq_addr.xml#obq_addr/table_OMQ_Table_0j33pa4bu">QG0_OMQ</xref></p>
            </address-details>
          </register-reference>

          <register-reference>
            <address>0xC2000</address>

            <addr-element>
              <address-prefix>QG0_</address-prefix>
            </addr-element>

            <address-details>
              <p><xref
              href="mif_group_addr.xml#queue_addr/table_MIF_CSR_Address_Table_fitltbioq"/></p>
            </address-details>
          </register-reference>
        </address-map>
      </tgroup>
    </table>

    <p/>
  </body>
</topic>
