<?xml version="1.0" encoding="UTF-8"?>
<!DOCTYPE topic PUBLIC "-//OASIS//DTD DITA 1.2 Topic//EN"
"/SysSchema/dita/dtd/technicalContent/dtd/topic.dtd">
<topic base="base" id="Network_Error_Control_5si3647aju" xml:lang="en-US">
  <title>Network Error Control Registers</title>

  <body>
    <table audience="MSCCInternal"
           id="FINETECFlashInterfaceNetworkErrorControl">
      <title><reg-name-main verilog="FINETEC">NETEC</reg-name-main>
      <reg-desc>Flash Interface Network Error Control</reg-desc></title>

      <tgroup cols="5">
        <colspec colwidth="8*"/>

        <colspec colwidth="27*"/>

        <colspec colwidth="8*"/>

        <colspec colwidth="10*"/>

        <colspec colwidth="46*"/>

        <thead>
          <row>
            <entry><p>Bit Field</p></entry>

            <entry><p>Field Name</p></entry>

            <entry><p>Type</p></entry>

            <entry><p>Default Value</p></entry>

            <entry><p>Description</p></entry>
          </row>
        </thead>

        <reg-def>
          <field>
            <field-bits>
              <double>
                <msb>31</msb>

                <lsb>18</lsb>
              </double>
            </field-bits>

            <field-name verilog="RESERVED">RESERVED</field-name>

            <field-type>RO</field-type>

            <field-default>0x0</field-default>

            <field-desc>
              <p/>
            </field-desc>
          </field>

          <field>
            <field-bits>
              <single>17</single>
            </field-bits>

            <field-name verilog="DNPEGE">DNPEGE</field-name>

            <field-type>RW</field-type>

            <field-default>0x0</field-default>

            <field-desc>
              <p><b otherprops="bold">Data Network Parity Error Generation
              Enable</b></p>

              <p>When this bit is set, a parity error is injected in all
              transmitted data network packets.</p>

              <p>The parity error is injected in the header of every
              transmitted data network packet.</p>
            </field-desc>
          </field>

          <field>
            <field-bits>
              <single>16</single>
            </field-bits>

            <field-name verilog="DNPECD">DNPECD</field-name>

            <field-type>RW</field-type>

            <field-default>0x0</field-default>

            <field-desc>
              <p><b otherprops="bold">Data Network Parity Error Check
              Disable</b></p>

              <p>When this bit is set, data network parity error checking is
              disabled (i.e., no error is ever reported).</p>
            </field-desc>
          </field>

          <field>
            <field-bits>
              <double>
                <msb>15</msb>

                <lsb>0</lsb>
              </double>
            </field-bits>

            <field-name verilog="RESERVED">RESERVED</field-name>

            <field-type>RO</field-type>

            <field-default>0x0</field-default>

            <field-desc>
              <p/>
            </field-desc>
          </field>
        </reg-def>
      </tgroup>
    </table>
  </body>
</topic>
