<?xml version="1.0" encoding="UTF-8"?>
<!-- Date Stamp: Thu Apr 21 10:35:50 PDT 2022 -->
<!DOCTYPE topic PUBLIC "-//OASIS//DTD DITA 1.2 Topic//EN"
"topic.dtd">
<topic base="base" id="NVME_REG">
  <title>Address Map</title>

  <body>
    <p>The following describes the address map for NVME Queue Managers registers.</p>

    <table id="table_Device_Table_NVME">
      <title>NVME Address Map</title>
      <tgroup cols="3">
        <colspec colwidth="148*"/>
        <colspec colwidth="218*"/>
        <colspec colwidth="634*"/>
        <thead>
          <row>
            <entry><p>Offset Address</p></entry>
            <entry><p>Register Mnemonic </p></entry>
            <entry><p>Register Description </p></entry>
          </row>
        </thead>
        <address-map>

          <register-reference>
            <address>0x00000</address>
            <addr-element>
              <addr-mnemonic>SQMCTL</addr-mnemonic>
            </addr-element>
            <address-details>
              <p><xref href="sqm_csrs_reg.xml#sqm_csrs/table_SQMCTL"/></p>
            </address-details>
          </register-reference>

          <register-reference>
            <address>0x00004</address>
            <addr-element>
              <addr-mnemonic>SQMSTS</addr-mnemonic>
            </addr-element>
            <address-details>
              <p><xref href="sqm_csrs_reg.xml#sqm_csrs/table_SQMSTS"/></p>
            </address-details>
          </register-reference>

          <register-reference>
            <address>0x00008</address>
            <addr-element>
              <addr-mnemonic>SQMUCERRSTS</addr-mnemonic>
            </addr-element>
            <address-details>
              <p><xref
              href="sqm_csrs_reg.xml#sqm_csrs/table_SQMUCERRSTS"/></p>
            </address-details>
          </register-reference>

          <register-reference>
            <address>0x0000c</address>
            <addr-element>
              <addr-mnemonic>SQMAUTDISMSK</addr-mnemonic>
            </addr-element>
            <address-details>
              <p><xref
              href="sqm_csrs_reg.xml#sqm_csrs/table_SQMAUTDISMSK"/></p>
            </address-details>
          </register-reference>

          <register-reference audience="MSCCInternal">
            <address>0x00010</address>
            <addr-element>
              <addr-mnemonic>SQMTOPAUTDISMSK</addr-mnemonic>
            </addr-element>
            <address-details>
              <p><xref
              href="sqm_csrs_reg.xml#sqm_csrs/table_SQMTOPAUTDISMSK"/></p>
            </address-details>
          </register-reference>

          <register-reference>
            <address>0x00014</address>
            <addr-element>
              <addr-mnemonic>SQMUCERRMSK</addr-mnemonic>
            </addr-element>
            <address-details>
              <p><xref
              href="sqm_csrs_reg.xml#sqm_csrs/table_SQMUCERRMSK"/></p>
            </address-details>
          </register-reference>

          <register-reference>
            <address>0x00018</address>
            <addr-element>
              <addr-mnemonic>SQMUCERRSWTGR</addr-mnemonic>
            </addr-element>
            <address-details>
              <p><xref
              href="sqm_csrs_reg.xml#sqm_csrs/table_SQMUCERRSWTGR"/></p>
            </address-details>
          </register-reference>

          <register-reference>
            <address>0x0001c</address>
            <addr-element>
              <addr-mnemonic>SQMCERRSTS</addr-mnemonic>
            </addr-element>
            <address-details>
              <p><xref
              href="sqm_csrs_reg.xml#sqm_csrs/table_SQMCERRSTS"/></p>
            </address-details>
          </register-reference>

          <register-reference>
            <address>0x00020</address>
            <addr-element>
              <addr-mnemonic>SQMCERRMSK</addr-mnemonic>
            </addr-element>
            <address-details>
              <p><xref
              href="sqm_csrs_reg.xml#sqm_csrs/table_SQMCERRMSK"/></p>
            </address-details>
          </register-reference>

          <register-reference>
            <address>0x00024</address>
            <addr-element>
              <addr-mnemonic>SQMCERRSWTGR</addr-mnemonic>
            </addr-element>
            <address-details>
              <p><xref
              href="sqm_csrs_reg.xml#sqm_csrs/table_SQMCERRSWTGR"/></p>
            </address-details>
          </register-reference>

          <register-reference audience="MSCCInternal">
            <address>0x00028</address>
            <addr-element>
              <addr-mnemonic>SQMRAMECTL</addr-mnemonic>
            </addr-element>
            <address-details>
              <p><xref
              href="sqm_csrs_reg.xml#sqm_csrs/table_SQMRAMECTL"/></p>
            </address-details>
          </register-reference>

          <register-reference audience="MSCCInternal">
            <address>0x0002c</address>
            <addr-element>
              <addr-mnemonic>SQMRAMSBESTS0</addr-mnemonic>
            </addr-element>
            <address-details>
              <p><xref
              href="sqm_csrs_reg.xml#sqm_csrs/table_SQMRAMSBESTS0"/></p>
            </address-details>
          </register-reference>

          <register-reference audience="MSCCInternal">
            <address>0x00030</address>
            <addr-element>
              <addr-mnemonic>SQMRAMSBESTS1</addr-mnemonic>
            </addr-element>
            <address-details>
              <p><xref
              href="sqm_csrs_reg.xml#sqm_csrs/table_SQMRAMSBESTS1"/></p>
            </address-details>
          </register-reference>

          <register-reference audience="MSCCInternal">
            <address>0x00034</address>
            <addr-element>
              <addr-mnemonic>SQMRAMSBESTS2</addr-mnemonic>
            </addr-element>
            <address-details>
              <p><xref
              href="sqm_csrs_reg.xml#sqm_csrs/table_SQMRAMSBESTS2"/></p>
            </address-details>
          </register-reference>

          <register-reference audience="MSCCInternal">
            <address>0x00038</address>
            <addr-element>
              <addr-mnemonic>SQMRAMDBESTS0</addr-mnemonic>
            </addr-element>
            <address-details>
              <p><xref
              href="sqm_csrs_reg.xml#sqm_csrs/table_SQMRAMDBESTS0"/></p>
            </address-details>
          </register-reference>

          <register-reference audience="MSCCInternal">
            <address>0x0003c</address>
            <addr-element>
              <addr-mnemonic>SQMRAMDBESTS1</addr-mnemonic>
            </addr-element>
            <address-details>
              <p><xref
              href="sqm_csrs_reg.xml#sqm_csrs/table_SQMRAMDBESTS1"/></p>
            </address-details>
          </register-reference>

          <register-reference audience="MSCCInternal">
            <address>0x00040</address>
            <addr-element>
              <addr-mnemonic>SQMRAMDBESTS2</addr-mnemonic>
            </addr-element>
            <address-details>
              <p><xref
              href="sqm_csrs_reg.xml#sqm_csrs/table_SQMRAMDBESTS2"/></p>
            </address-details>
          </register-reference>

          <register-reference audience="MSCCInternal">
            <address>0x00044</address>
            <addr-element>
              <addr-mnemonic>SQMLPRAMCTL</addr-mnemonic>
            </addr-element>
            <address-details>
              <p><xref
              href="sqm_csrs_reg.xml#sqm_csrs/table_SQMLPRAMCTL"/></p>
            </address-details>
          </register-reference>

          <register-reference>
            <address>0x00080</address>
            <addr-element>
              <addr-mnemonic>SQMOSGRP[x]</addr-mnemonic>
              <instances>
                <instance>
                  <instance-start>0</instance-start>
                  <instance-stop>19</instance-stop>
                </instance>
              </instances>
            </addr-element>
            <address-details>
              <p><xref
              href="sqm_csrs_reg.xml#sqm_csrs/table_SQMOSGRP"/></p>
            </address-details>
          </register-reference>

          <register-reference>
            <address>0x00100</address>
            <addr-element>
              <addr-mnemonic>SQMCTOSTS[x]</addr-mnemonic>
              <instances>
                <instance>
                  <instance-start>0</instance-start>
                  <instance-stop>32</instance-stop>
                </instance>
              </instances>
            </addr-element>
            <address-details>
              <p><xref
              href="sqm_csrs_reg.xml#sqm_csrs/table_SQMCTOSTS"/></p>
            </address-details>
          </register-reference>

          <register-reference audience="MSCCInternal">
            <address>0x01000</address>
            <addr-element>
              <addr-mnemonic>SQMHANDLES[x]</addr-mnemonic>
              <instances>
                <instance>
                  <instance-start>0</instance-start>
                  <instance-stop>15</instance-stop>
                </instance>
              </instances>
            </addr-element>
            <address-details>
              <p><xref
              href="qm_csrs_mem_reg.xml#qm_csrs/table_SQMHANDLES"/></p>
            </address-details>
          </register-reference>

          <register-reference>
            <address>0x02000</address>
            <addr-element>
              <addr-mnemonic>SQECTL[x]</addr-mnemonic>
              <instances>
                <instance>
                  <instance-start>0</instance-start>
                  <instance-stop>1024</instance-stop>
                </instance>
              </instances>
            </addr-element>
            <address-details>
              <p><xref
              href="qm_csrs_mem_reg.xml#qm_csrs/table_SQECTL"/></p>
            </address-details>
          </register-reference>

          <register-reference>
            <address>0x04000</address>
            <addr-element>
              <addr-mnemonic>SQESTS[x]</addr-mnemonic>
              <instances>
                <instance>
                  <instance-start>0</instance-start>
                  <instance-stop>1024</instance-stop>
                </instance>
              </instances>
            </addr-element>
            <address-details>
              <p><xref
              href="qm_csrs_mem_reg.xml#qm_csrs/table_SQESTS"/></p>
            </address-details>
          </register-reference>

          <register-reference>
            <address>0x06000</address>
            <addr-element>
              <addr-mnemonic>SQESQH[x]</addr-mnemonic>
              <instances>
                <instance>
                  <instance-start>0</instance-start>
                  <instance-stop>1024</instance-stop>
                </instance>
              </instances>
            </addr-element>
            <address-details>
              <p><xref
              href="qm_csrs_mem_reg.xml#qm_csrs/table_SQESQH"/></p>
            </address-details>
          </register-reference>

          <register-reference>
            <address>0x08000</address>
            <addr-element>
              <addr-mnemonic>SQEDBELL[x]</addr-mnemonic>
              <instances>
                <instance>
                  <instance-start>0</instance-start>
                  <instance-stop>1024</instance-stop>
                </instance>
              </instances>
            </addr-element>
            <address-details>
              <p><xref
              href="qm_csrs_mem_reg.xml#qm_csrs/table_SQEDBELL"/></p>
            </address-details>
          </register-reference>

          <register-reference>
            <address>0x0a000</address>
            <addr-element>
              <addr-mnemonic>SQERPTR[x]</addr-mnemonic>
              <instances>
                <instance>
                  <instance-start>0</instance-start>
                  <instance-stop>1024</instance-stop>
                </instance>
              </instances>
            </addr-element>
            <address-details>
              <p><xref
              href="qm_csrs_mem_reg.xml#qm_csrs/table_SQERPTR"/></p>
            </address-details>
          </register-reference>

          <register-reference>
            <address>0x0c000</address>
            <addr-element>
              <addr-mnemonic>SQEARBCTL[x]</addr-mnemonic>
              <instances>
                <instance>
                  <instance-start>0</instance-start>
                  <instance-stop>1024</instance-stop>
                </instance>
              </instances>
            </addr-element>
            <address-details>
              <p><xref
              href="qm_csrs_mem_reg.xml#qm_csrs/table_SQEARBCTL"/></p>
            </address-details>
          </register-reference>

          <register-reference>
            <address>0x0e000</address>
            <addr-element>
              <addr-mnemonic>SQEPCIEPRE[x]</addr-mnemonic>
              <instances>
                <instance>
                  <instance-start>0</instance-start>
                  <instance-stop>1024</instance-stop>
                </instance>
              </instances>
            </addr-element>
            <address-details>
              <p><xref
              href="qm_csrs_mem_reg.xml#qm_csrs/table_SQEPCIEPRE"/></p>
            </address-details>
          </register-reference>

          <register-reference>
            <address>0x10000</address>
            <addr-element>
              <addr-mnemonic>SQEPCIECTL[x]</addr-mnemonic>
              <instances>
                <instance>
                  <instance-start>0</instance-start>
                  <instance-stop>1024</instance-stop>
                </instance>
              </instances>
            </addr-element>
            <address-details>
              <p><xref
              href="qm_csrs_mem_reg.xml#qm_csrs/table_SQEPCIECTL"/></p>
            </address-details>
          </register-reference>

          <register-reference>
            <address>0x12000</address>
            <addr-element>
              <addr-mnemonic>SQEUBASE[x]</addr-mnemonic>
              <instances>
                <instance>
                  <instance-start>0</instance-start>
                  <instance-stop>1024</instance-stop>
                </instance>
              </instances>
            </addr-element>
            <address-details>
              <p><xref
              href="qm_csrs_mem_reg.xml#qm_csrs/table_SQEUBASE"/></p>
            </address-details>
          </register-reference>

          <register-reference>
            <address>0x14000</address>
            <addr-element>
              <addr-mnemonic>SQELBASE[x]</addr-mnemonic>
              <instances>
                <instance>
                  <instance-start>0</instance-start>
                  <instance-stop>1024</instance-stop>
                </instance>
              </instances>
            </addr-element>
            <address-details>
              <p><xref
              href="qm_csrs_mem_reg.xml#qm_csrs/table_SQELBASE"/></p>
            </address-details>
          </register-reference>

          <register-reference audience="MSCCInternal">
            <address>0x16000</address>
            <addr-element>
              <addr-mnemonic>SQETIME[x]</addr-mnemonic>
              <instances>
                <instance>
                  <instance-start>0</instance-start>
                  <instance-stop>1024</instance-stop>
                </instance>
              </instances>
            </addr-element>
            <address-details>
              <p><xref
              href="qm_csrs_mem_reg.xml#qm_csrs/table_SQETIME"/></p>
            </address-details>
          </register-reference>

          <register-reference>
            <address>0x18000</address>
            <addr-element>
              <addr-mnemonic>SQEDBSIC[x]</addr-mnemonic>
              <instances>
                <instance>
                  <instance-start>0</instance-start>
                  <instance-stop>1024</instance-stop>
                </instance>
              </instances>
            </addr-element>
            <address-details>
              <p><xref
              href="qm_csrs_mem_reg.xml#qm_csrs/table_SQEDBSIC"/></p>
            </address-details>
          </register-reference>

          <register-reference>
            <address>0x1a000</address>
            <addr-element>
              <addr-mnemonic>SQMARBGRP[x]</addr-mnemonic>
              <instances>
                <instance>
                  <instance-start>0</instance-start>
                  <instance-stop>1024</instance-stop>
                </instance>
              </instances>
            </addr-element>
            <address-details>
              <p><xref
              href="qm_csrs_mem_reg.xml#qm_csrs/table_SQMARBGRP"/></p>
            </address-details>
          </register-reference>

          <register-reference audience="MSCCInternal">
            <address>0x1c000</address>
            <addr-element>
              <addr-mnemonic>SQMARBVAR[x]</addr-mnemonic>
              <instances>
                <instance>
                  <instance-start>0</instance-start>
                  <instance-stop>1024</instance-stop>
                </instance>
              </instances>
            </addr-element>
            <address-details>
              <p><xref
              href="qm_csrs_mem_reg.xml#qm_csrs/table_SQMARBVAR"/></p>
            </address-details>
          </register-reference>

          <register-reference>
            <address>0x1e000</address>
            <addr-element>
              <addr-mnemonic>SQMARBSET[x]</addr-mnemonic>
              <instances>
                <instance>
                  <instance-start>0</instance-start>
                  <instance-stop>127</instance-stop>
                </instance>
              </instances>
            </addr-element>
            <address-details>
              <p><xref
              href="qm_csrs_mem_reg.xml#qm_csrs/table_SQMARBSET"/></p>
            </address-details>
          </register-reference>

          <register-reference audience="MSCCInternal">
            <address>0x1e400</address>
            <addr-element>
              <addr-mnemonic>SQMARBSVAR[x]</addr-mnemonic>
              <instances>
                <instance>
                  <instance-start>0</instance-start>
                  <instance-stop>127</instance-stop>
                </instance>
              </instances>
            </addr-element>
            <address-details>
              <p><xref
              href="qm_csrs_mem_reg.xml#qm_csrs/table_SQMARBSVAR"/></p>
            </address-details>
          </register-reference>

          <register-reference audience="MSCCInternal">
            <address>0x1e800</address>
            <addr-element>
              <addr-mnemonic>SQMARBPRIO0[x]</addr-mnemonic>
              <instances>
                <instance>
                  <instance-start>0</instance-start>
                  <instance-stop>127</instance-stop>
                </instance>
              </instances>
            </addr-element>
            <address-details>
              <p><xref
              href="qm_csrs_mem_reg.xml#qm_csrs/table_SQMARBPRIO0"/></p>
            </address-details>
          </register-reference>

          <register-reference audience="MSCCInternal">
            <address>0x1ec00</address>
            <addr-element>
              <addr-mnemonic>SQMARBPRIO1[x]</addr-mnemonic>
              <instances>
                <instance>
                  <instance-start>0</instance-start>
                  <instance-stop>127</instance-stop>
                </instance>
              </instances>
            </addr-element>
            <address-details>
              <p><xref
              href="qm_csrs_mem_reg.xml#qm_csrs/table_SQMARBPRIO1"/></p>
            </address-details>
          </register-reference>

          <register-reference audience="MSCCInternal">
            <address>0x1f000</address>
            <addr-element>
              <addr-mnemonic>SQMARBPRIO2[x]</addr-mnemonic>
              <instances>
                <instance>
                  <instance-start>0</instance-start>
                  <instance-stop>127</instance-stop>
                </instance>
              </instances>
            </addr-element>
            <address-details>
              <p><xref
              href="qm_csrs_mem_reg.xml#qm_csrs/table_SQMARBPRIO2"/></p>
            </address-details>
          </register-reference>

          <register-reference audience="MSCCInternal">
            <address>0x1f400</address>
            <addr-element>
              <addr-mnemonic>SQMARBPRIO3[x]</addr-mnemonic>
              <instances>
                <instance>
                  <instance-start>0</instance-start>
                  <instance-stop>127</instance-stop>
                </instance>
              </instances>
            </addr-element>
            <address-details>
              <p><xref
              href="qm_csrs_mem_reg.xml#qm_csrs/table_SQMARBPRIO3"/></p>
            </address-details>
          </register-reference>

          <register-reference audience="MSCCInternal">
            <address>0x1f800</address>
            <addr-element>
              <addr-mnemonic>SQMARBSPRIO[x]</addr-mnemonic>
              <instances>
                <instance>
                  <instance-start>0</instance-start>
                  <instance-stop>3</instance-stop>
                </instance>
              </instances>
            </addr-element>
            <address-details>
              <p><xref
              href="qm_csrs_mem_reg.xml#qm_csrs/table_SQMARBSPRIO"/></p>
            </address-details>
          </register-reference>

          <register-reference>
            <address>0x22000</address>
            <addr-element>
              <addr-mnemonic>CQMCTL</addr-mnemonic>
            </addr-element>
            <address-details>
              <p><xref href="cqm_csrs_reg.xml#cqm_csrs/table_CQMCTL"/></p>
            </address-details>
          </register-reference>

          <register-reference>
            <address>0x22004</address>

            <addr-element>
              <addr-mnemonic>CQMSTS</addr-mnemonic>
            </addr-element>

            <address-details>
              <p><xref href="cqm_csrs_reg.xml#cqm_csrs/table_CQMSTS"/></p>
            </address-details>
          </register-reference>

          <register-reference>
            <address>0x22008</address>

            <addr-element>
              <addr-mnemonic>CQMUCERRSTS</addr-mnemonic>
            </addr-element>

            <address-details>
              <p><xref
              href="cqm_csrs_reg.xml#cqm_csrs/table_CQMUCERRSTS"/></p>
            </address-details>
          </register-reference>

          <register-reference>
            <address>0x2200c</address>

            <addr-element>
              <addr-mnemonic>CQMAUTDISMSK</addr-mnemonic>
            </addr-element>

            <address-details>
              <p><xref
              href="cqm_csrs_reg.xml#cqm_csrs/table_CQMAUTDISMSK"/></p>
            </address-details>
          </register-reference>

          <register-reference audience="MSCCInternal">
            <address>0x22010</address>

            <addr-element>
              <addr-mnemonic>CQMTOPAUTDISMSK</addr-mnemonic>
            </addr-element>

            <address-details>
              <p><xref
              href="cqm_csrs_reg.xml#cqm_csrs/table_CQMTOPAUTDISMSK"/></p>
            </address-details>
          </register-reference>

          <register-reference>
            <address>0x22014</address>

            <addr-element>
              <addr-mnemonic>CQMUCERRMSK</addr-mnemonic>
            </addr-element>

            <address-details>
              <p><xref
              href="cqm_csrs_reg.xml#cqm_csrs/table_CQMUCERRMSK"/></p>
            </address-details>
          </register-reference>

          <register-reference>
            <address>0x22018</address>

            <addr-element>
              <addr-mnemonic>CQMUCERRSWTGR</addr-mnemonic>
            </addr-element>

            <address-details>
              <p><xref
              href="cqm_csrs_reg.xml#cqm_csrs/table_CQMUCERRSWTGR"/></p>
            </address-details>
          </register-reference>

          <register-reference>
            <address>0x2201c</address>

            <addr-element>
              <addr-mnemonic>CQMCERRSTS</addr-mnemonic>
            </addr-element>

            <address-details>
              <p><xref
              href="cqm_csrs_reg.xml#cqm_csrs/table_CQMCERRSTS"/></p>
            </address-details>
          </register-reference>

          <register-reference>
            <address>0x22020</address>

            <addr-element>
              <addr-mnemonic>CQMCERRMSK</addr-mnemonic>
            </addr-element>

            <address-details>
              <p><xref
              href="cqm_csrs_reg.xml#cqm_csrs/table_CQMCERRMSK"/></p>
            </address-details>
          </register-reference>

          <register-reference>
            <address>0x22024</address>

            <addr-element>
              <addr-mnemonic>CQMCERRSWTGR</addr-mnemonic>
            </addr-element>

            <address-details>
              <p><xref
              href="cqm_csrs_reg.xml#cqm_csrs/table_CQMCERRSWTGR"/></p>
            </address-details>
          </register-reference>

          <register-reference audience="MSCCInternal">
            <address>0x22030</address>

            <addr-element>
              <addr-mnemonic>CQMRAMECTL</addr-mnemonic>
            </addr-element>

            <address-details>
              <p><xref
              href="cqm_csrs_reg.xml#cqm_csrs/table_CQMRAMECTL"/></p>
            </address-details>
          </register-reference>

          <register-reference audience="MSCCInternal">
            <address>0x22034</address>

            <addr-element>
              <addr-mnemonic>CQMRAMSBESTS</addr-mnemonic>
            </addr-element>

            <address-details>
              <p><xref
              href="cqm_csrs_reg.xml#cqm_csrs/table_CQMRAMSBESTS"/></p>
            </address-details>
          </register-reference>

          <register-reference audience="MSCCInternal">
            <address>0x22038</address>

            <addr-element>
              <addr-mnemonic>CQMRAMDBESTS</addr-mnemonic>
            </addr-element>

            <address-details>
              <p><xref
              href="cqm_csrs_reg.xml#cqm_csrs/table_CQMRAMDBESTS"/></p>
            </address-details>
          </register-reference>

          <register-reference audience="MSCCInternal">
            <address>0x2203C</address>
            <addr-element>
              <addr-mnemonic>CQMLPRAMCTL</addr-mnemonic>
            </addr-element>
            <address-details>
              <p><xref
              href="cqm_csrs_reg.xml#cqm_csrs/table_CQMLPRAMCTL"/></p>
            </address-details>
          </register-reference>

          <register-reference>
            <address>0x22040</address>

            <addr-element>
              <addr-mnemonic>CICFG</addr-mnemonic>
            </addr-element>

            <address-details>
              <p><xref href="cqm_csrs_reg.xml#cqm_csrs/table_CICFG"/></p>
            </address-details>
          </register-reference>

          <register-reference>
            <address>0x22044</address>

            <addr-element>
              <addr-mnemonic>CIINTMSC</addr-mnemonic>
            </addr-element>

            <address-details>
              <p><xref
              href="cqm_csrs_reg.xml#cqm_csrs/table_CIINTMSC"/></p>
            </address-details>
          </register-reference>

          <register-reference>
            <address>0x24000</address>

            <addr-element>
              <addr-mnemonic>CQECTL[x]</addr-mnemonic>

              <instances>
                <instance>
                  <instance-start>0</instance-start>

                  <instance-stop>1024</instance-stop>
                </instance>
              </instances>
            </addr-element>

            <address-details>
              <p><xref
              href="qm_csrs_mem_reg.xml#qm_csrs/table_CQECTL"/></p>
            </address-details>
          </register-reference>

          <register-reference>
            <address>0x26000</address>

            <addr-element>
              <addr-mnemonic>CQESTS[x]</addr-mnemonic>

              <instances>
                <instance>
                  <instance-start>0</instance-start>

                  <instance-stop>1024</instance-stop>
                </instance>
              </instances>
            </addr-element>

            <address-details>
              <p><xref
              href="qm_csrs_mem_reg.xml#qm_csrs/table_CQESTS"/></p>
            </address-details>
          </register-reference>

          <register-reference>
            <address>0x28000</address>

            <addr-element>
              <addr-mnemonic>CQEDBELL[x]</addr-mnemonic>

              <instances>
                <instance>
                  <instance-start>0</instance-start>

                  <instance-stop>1024</instance-stop>
                </instance>
              </instances>
            </addr-element>

            <address-details>
              <p><xref
              href="qm_csrs_mem_reg.xml#qm_csrs/table_CQEDBELL"/></p>
            </address-details>
          </register-reference>

          <register-reference>
            <address>0x2a000</address>

            <addr-element>
              <addr-mnemonic>CQECQT[x]</addr-mnemonic>

              <instances>
                <instance>
                  <instance-start>0</instance-start>

                  <instance-stop>1024</instance-stop>
                </instance>
              </instances>
            </addr-element>

            <address-details>
              <p><xref
              href="qm_csrs_mem_reg.xml#qm_csrs/table_CQECQT"/></p>
            </address-details>
          </register-reference>

          <register-reference>
            <address>0x2c000</address>

            <addr-element>
              <addr-mnemonic>CQEPHASE[x]</addr-mnemonic>

              <instances>
                <instance>
                  <instance-start>0</instance-start>

                  <instance-stop>1024</instance-stop>
                </instance>
              </instances>
            </addr-element>

            <address-details>
              <p><xref
              href="qm_csrs_mem_reg.xml#qm_csrs/table_CQEPHASE"/></p>
            </address-details>
          </register-reference>

          <register-reference>
            <address>0x2e000</address>

            <addr-element>
              <addr-mnemonic>CQEBPCTL[x]</addr-mnemonic>

              <instances>
                <instance>
                  <instance-start>0</instance-start>

                  <instance-stop>1024</instance-stop>
                </instance>
              </instances>
            </addr-element>

            <address-details>
              <p><xref
              href="qm_csrs_mem_reg.xml#qm_csrs/table_CQEBPCTL"/></p>
            </address-details>
          </register-reference>

          <register-reference>
            <address>0x30000</address>

            <addr-element>
              <addr-mnemonic>CQEPCIEPRE[x]</addr-mnemonic>

              <instances>
                <instance>
                  <instance-start>0</instance-start>

                  <instance-stop>1024</instance-stop>
                </instance>
              </instances>
            </addr-element>

            <address-details>
              <p><xref
              href="qm_csrs_mem_reg.xml#qm_csrs/table_CQEPCIEPRE"/></p>
            </address-details>
          </register-reference>

          <register-reference>
            <address>0x32000</address>

            <addr-element>
              <addr-mnemonic>CQEPCIECTL[x]</addr-mnemonic>

              <instances>
                <instance>
                  <instance-start>0</instance-start>

                  <instance-stop>1024</instance-stop>
                </instance>
              </instances>
            </addr-element>

            <address-details>
              <p><xref
              href="qm_csrs_mem_reg.xml#qm_csrs/table_CQEPCIECTL"/></p>
            </address-details>
          </register-reference>

          <register-reference>
            <address>0x34000</address>

            <addr-element>
              <addr-mnemonic>CQEUBASE[x]</addr-mnemonic>

              <instances>
                <instance>
                  <instance-start>0</instance-start>

                  <instance-stop>1024</instance-stop>
                </instance>
              </instances>
            </addr-element>

            <address-details>
              <p><xref
              href="qm_csrs_mem_reg.xml#qm_csrs/table_CQEUBASE"/></p>
            </address-details>
          </register-reference>

          <register-reference>
            <address>0x36000</address>

            <addr-element>
              <addr-mnemonic>CQELBASE[x]</addr-mnemonic>

              <instances>
                <instance>
                  <instance-start>0</instance-start>

                  <instance-stop>1024</instance-stop>
                </instance>
              </instances>
            </addr-element>

            <address-details>
              <p><xref
              href="qm_csrs_mem_reg.xml#qm_csrs/table_CQELBASE"/></p>
            </address-details>
          </register-reference>

          <register-reference>
            <address>0x38000</address>

            <addr-element>
              <addr-mnemonic>CQEAFULL[x]</addr-mnemonic>

              <instances>
                <instance>
                  <instance-start>0</instance-start>

                  <instance-stop>1024</instance-stop>
                </instance>
              </instances>
            </addr-element>

            <address-details>
              <p><xref
              href="qm_csrs_mem_reg.xml#qm_csrs/table_CQEAFULL"/></p>
            </address-details>
          </register-reference>

          <register-reference audience="MSCCInternal">
            <address>0x3a000</address>
            <addr-element>
              <addr-mnemonic>CQETIME[x]</addr-mnemonic>
              <instances>
                <instance>
                  <instance-start>0</instance-start>
                  <instance-stop>1024</instance-stop>
                </instance>
              </instances>
            </addr-element>
            <address-details>
              <p><xref
              href="qm_csrs_mem_reg.xml#qm_csrs/table_CQETIME"/></p>
            </address-details>
          </register-reference>

          <register-reference>
            <address>0x3c000</address>
            <addr-element>
              <addr-mnemonic>CQEDBSIC[x]</addr-mnemonic>
              <instances>
                <instance>
                  <instance-start>0</instance-start>
                  <instance-stop>1024</instance-stop>
                </instance>
              </instances>
            </addr-element>
            <address-details>
              <p><xref
              href="qm_csrs_mem_reg.xml#qm_csrs/table_CQEDBSIC"/></p>
            </address-details>
          </register-reference>

          <register-reference>
            <address>0x44000</address>
            <addr-element>
              <addr-mnemonic>CIVCTL[x]</addr-mnemonic>
              <instances>
                <instance>
                  <instance-start>0</instance-start>
                  <instance-stop>1024</instance-stop>
                </instance>
              </instances>
            </addr-element>
            <address-details>
              <p><xref
              href="qm_csrs_mem_reg.xml#qm_csrs/table_CIVCTL"/></p>
            </address-details>
          </register-reference>

          <register-reference>
            <address>0x46000</address>
            <addr-element>
              <addr-mnemonic>CIVSTS[x]</addr-mnemonic>
              <instances>
                <instance>
                  <instance-start>0</instance-start>
                  <instance-stop>1024</instance-stop>
                </instance>
              </instances>
            </addr-element>
            <address-details>
              <p><xref
              href="qm_csrs_mem_reg.xml#qm_csrs/table_CIVSTS"/></p>
            </address-details>
          </register-reference>

          <register-reference>
            <address>0x48000</address>

            <addr-element>
              <addr-mnemonic>CIVEVENT[x]</addr-mnemonic>

              <instances>
                <instance>
                  <instance-start>0</instance-start>

                  <instance-stop>1024</instance-stop>
                </instance>
              </instances>
            </addr-element>

            <address-details>
              <p><xref
              href="qm_csrs_mem_reg.xml#qm_csrs/table_CIVEVENT"/></p>
            </address-details>
          </register-reference>

          <register-reference>
            <address>0x4a000</address>

            <addr-element>
              <addr-mnemonic>CIVPCIEPRE[x]</addr-mnemonic>

              <instances>
                <instance>
                  <instance-start>0</instance-start>

                  <instance-stop>1024</instance-stop>
                </instance>
              </instances>
            </addr-element>

            <address-details>
              <p><xref
              href="qm_csrs_mem_reg.xml#qm_csrs/table_CIVPCIEPRE"/></p>
            </address-details>
          </register-reference>

          <register-reference>
            <address>0x4c000</address>

            <addr-element>
              <addr-mnemonic>CIVPCIECTL[x]</addr-mnemonic>

              <instances>
                <instance>
                  <instance-start>0</instance-start>

                  <instance-stop>1024</instance-stop>
                </instance>
              </instances>
            </addr-element>

            <address-details>
              <p><xref
              href="qm_csrs_mem_reg.xml#qm_csrs/table_CIVPCIECTL"/></p>
            </address-details>
          </register-reference>

          <register-reference>
            <address>0x4e000</address>

            <addr-element>
              <addr-mnemonic>CIVUADDR[x]</addr-mnemonic>

              <instances>
                <instance>
                  <instance-start>0</instance-start>

                  <instance-stop>1024</instance-stop>
                </instance>
              </instances>
            </addr-element>

            <address-details>
              <p><xref
              href="qm_csrs_mem_reg.xml#qm_csrs/table_CIVUADDR"/></p>
            </address-details>
          </register-reference>

          <register-reference>
            <address>0x50000</address>

            <addr-element>
              <addr-mnemonic>CIVLADDR[x]</addr-mnemonic>

              <instances>
                <instance>
                  <instance-start>0</instance-start>

                  <instance-stop>1024</instance-stop>
                </instance>
              </instances>
            </addr-element>

            <address-details>
              <p><xref
              href="qm_csrs_mem_reg.xml#qm_csrs/table_CIVLADDR"/></p>
            </address-details>
          </register-reference>

          <register-reference>
            <address>0x52000</address>

            <addr-element>
              <addr-mnemonic>CIVDATA[x]</addr-mnemonic>

              <instances>
                <instance>
                  <instance-start>0</instance-start>

                  <instance-stop>1024</instance-stop>
                </instance>
              </instances>
            </addr-element>

            <address-details>
              <p><xref
              href="qm_csrs_mem_reg.xml#qm_csrs/table_CIVDATA"/></p>
            </address-details>
          </register-reference>

          <register-reference audience="MSCCInternal">
            <address>0x54000</address>

            <addr-element>
              <addr-mnemonic>CIVINFO[x]</addr-mnemonic>

              <instances>
                <instance>
                  <instance-start>0</instance-start>

                  <instance-stop>1024</instance-stop>
                </instance>
              </instances>
            </addr-element>

            <address-details>
              <p><xref
              href="qm_csrs_mem_reg.xml#qm_csrs/table_CIVINFO"/></p>
            </address-details>
          </register-reference>

          <register-reference audience="MSCCInternal">
            <address>0x56000</address>
            <addr-element>
              <addr-mnemonic>CIVTIME[x]</addr-mnemonic>
              <instances>
                <instance>
                  <instance-start>0</instance-start>
                  <instance-stop>1024</instance-stop>
                </instance>
              </instances>
            </addr-element>
            <address-details>
              <p><xref
              href="qm_csrs_mem_reg.xml#qm_csrs/table_CIVTIME"/></p>
            </address-details>
          </register-reference>

          <register-reference>
            <address>0x58000</address>
            <addr-element>
              <addr-mnemonic>CIVPCIESIC[x]</addr-mnemonic>
              <instances>
                <instance>
                  <instance-start>0</instance-start>
                  <instance-stop>1024</instance-stop>
                </instance>
              </instances>
            </addr-element>
            <address-details>
              <p><xref
              href="qm_csrs_mem_reg.xml#qm_csrs/table_CIVPCIESIC"/></p>
            </address-details>
          </register-reference>

          <register-reference>
            <address>0x5a000</address>
            <addr-element>
              <addr-mnemonic>CIVMSKSIC[x]</addr-mnemonic>
              <instances>
                <instance>
                  <instance-start>0</instance-start>
                  <instance-stop>1024</instance-stop>
                </instance>
              </instances>
            </addr-element>
            <address-details>
              <p><xref
              href="qm_csrs_mem_reg.xml#qm_csrs/table_CIVMSKSIC"/></p>
            </address-details>
          </register-reference>

          <register-reference>
            <address>0x5c000</address>
            <addr-element>
              <addr-mnemonic>CIVMSK[x]</addr-mnemonic>
              <instances>
                <instance>
                  <instance-start>0</instance-start>
                  <instance-stop>1024</instance-stop>
                </instance>
              </instances>
            </addr-element>
            <address-details>
              <p><xref
              href="qm_csrs_mem_reg.xml#qm_csrs/table_CIVMSK"/></p>
            </address-details>
          </register-reference>

          <register-reference>
            <address>0xD0000</address>
            <addr-element>
              <address-prefix>SQMG0_IMQ[x]_</address-prefix>
              <instances>
                <instance>
                  <instance-start>0</instance-start>
                  <instance-stop>15</instance-stop>
                </instance>
              </instances>
            </addr-element>
            <address-details>
              <p><xref
              href="mif_ibq_addr.xml#ibq_addr/table_IMQ_Table_0j33kjmbs"/></p>
            </address-details>
          </register-reference>

          <register-reference>
            <address>0xD1000</address>
            <addr-element>
              <address-prefix>SQMG0_OMQ[x]_</address-prefix>
              <instances>
                <instance>
                  <instance-start>0</instance-start>
                  <instance-stop>15</instance-stop>
                </instance>
              </instances>
            </addr-element>
            <address-details>
              <p><xref
              href="mif_obq_addr.xml#obq_addr/table_OMQ_Table_0j33pa4bu"/></p>
            </address-details>
          </register-reference>

          <register-reference>
            <address>0xD2000</address>
            <addr-element>
              <address-prefix>SQMG0_</address-prefix>
            </addr-element>
            <address-details>
              <p><xref
              href="mif_group_addr.xml#queue_addr/table_MIF_CSR_Address_Table_fitltbioq"/></p>
            </address-details>
          </register-reference>

          <register-reference>
            <address>0xD4000</address>
            <addr-element>
              <address-prefix>SQMMG0_IMQ[x]_</address-prefix>
              <instances>
                <instance>
                  <instance-start>0</instance-start>
                  <instance-stop>15</instance-stop>
                </instance>
              </instances>
            </addr-element>
            <address-details>
              <p><xref
              href="mif_ibq_addr.xml#ibq_addr/table_IMQ_Table_0j33kjmbs"/></p>
            </address-details>
          </register-reference>

          <register-reference>
            <address>0xD6000</address>
            <addr-element>
              <address-prefix>SQMMG0_</address-prefix>
            </addr-element>
            <address-details>
              <p><xref
              href="mif_group_addr.xml#queue_addr/table_MIF_CSR_Address_Table_fitltbioq"/></p>
            </address-details>
          </register-reference>

          <register-reference>
            <address>0xD8000</address>
            <addr-element>
              <address-prefix>CQMG0_IMQ[x]_</address-prefix>
              <instances>
                <instance>
                  <instance-start>0</instance-start>
                  <instance-stop>15</instance-stop>
                </instance>
              </instances>
            </addr-element>
            <address-details>
              <p><xref
              href="mif_ibq_addr.xml#ibq_addr/table_IMQ_Table_0j33kjmbs"/></p>
            </address-details>
          </register-reference>

          <register-reference>
            <address>0xD9000</address>
            <addr-element>
              <address-prefix>CQMG0_OMQ[x]_</address-prefix>
              <instances>
                <instance>
                  <instance-start>0</instance-start>
                  <instance-stop>15</instance-stop>
                </instance>
              </instances>
            </addr-element>
            <address-details>
              <p><xref
              href="mif_obq_addr.xml#obq_addr/table_OMQ_Table_0j33pa4bu"/></p>
            </address-details>
          </register-reference>

          <register-reference>
            <address>0xDA000</address>
            <addr-element>
              <address-prefix>CQMG0_</address-prefix>
            </addr-element>
            <address-details>
              <p><xref
              href="mif_group_addr.xml#queue_addr/table_MIF_CSR_Address_Table_fitltbioq"/></p>
            </address-details>
          </register-reference>

        </address-map>
      </tgroup>
    </table>
  </body>
</topic>
