<?xml version="1.0" encoding="UTF-8"?>
<!DOCTYPE topic PUBLIC "-//OASIS//DTD DITA 1.2 Topic//EN"
"topic.dtd">
<topic base="base" id="phy_os_analyzer">
  <title>PCIE Gen5 Analyzer Register Descriptions</title>

  <body>
    <p>phy_os_analyzer Register Descriptions</p>

    <table id="table_OS_TYPE_AND_EXT_TRIG_CTRL_REG_phy_os_analyzer">
      <title><reg-name-main
      verilog="OS_TYPE_AND_EXT_TRIG_CTRL_REG">AN_TYPE_TRGR_CTL</reg-name-main>
      - <reg-desc>OS Analyzer Type Trigger And External Trigger Control
      Register</reg-desc></title>

      <tgroup cols="5">
        <colspec colname="A" colwidth="111*"/>

        <colspec colname="B" colwidth="144*"/>

        <colspec colname="C" colwidth="101*"/>

        <colspec colname="D" colwidth="87*"/>

        <colspec colname="E" colwidth="557*"/>

        <thead>
          <row>
            <entry><p>Bit Field</p></entry>

            <entry><p>Field Name</p></entry>

            <entry><p>Type</p></entry>

            <entry><p>Default Value</p></entry>

            <entry><p>Description</p></entry>
          </row>
        </thead>

        <reg-def>
          <field>
            <field-bits>
              <double>
                <msb>31</msb>

                <lsb>28</lsb>
              </double>
            </field-bits>

            <field-name verilog="OSA_TRIGGER_IN_EN">ATGR_IN_EN</field-name>

            <field-type>RW</field-type>

            <field-default>0xF</field-default>

            <field-desc>
              <p><b>1 - Enable the corresponding trigger_in source.</b></p>

              <p>Bit [3:0] maps to OS Analyzer input signal TRIGGER_IN
              [3:0].</p>

              <p>b[3] – Device pin (GPI);</p>

              <p>b[2] – FW force trigger;</p>

              <p>b[1] – LTMON and sources from other TSBs (ARAM, IFC, EEARB
              for Harpoon);</p>

              <p>b[0] – Other trigger sources (this includes cross trigger
              between 2 OS Analyzer instances for x16 WaveRider).</p>

              <p>Harpoon/WaveRider ties one(s) not used in the product to
              ‘0’.</p>
            </field-desc>
          </field>

          <field>
            <field-bits>
              <single>27</single>
            </field-bits>

            <field-name verilog="OSA_TRIGGER_PORT_SEL">ATGR_PSEL</field-name>

            <field-type>RW </field-type>

            <field-default>0x0</field-default>

            <field-desc>
              <p><b>GPIO Trigger Port Select</b></p>

              <p>Selects from which of the two ports to use the trigger
              event</p>
            </field-desc>
          </field>

          <field>
            <field-bits>
              <double>
                <msb>26</msb>

                <lsb>23</lsb>
              </double>
            </field-bits>

            <field-name verilog="OSA_TRIGGER_OSTYPE">ATGR_OSTYP</field-name>

            <field-type>RW</field-type>

            <field-default>0x0</field-default>

            <field-desc>
              <p><b>Types of order set(s) to trigger analyzer.</b></p>

              <p>Bits [3:0] are corresponding [CTL_SKP, FTS, TS2, TS1].</p>

              <p>Set a bit to '1' to enable the analyzer to trigger on the
              corresponding type of OS.</p>
            </field-desc>
          </field>

          <field>
            <field-bits>
              <double>
                <msb>22</msb>

                <lsb>18</lsb>
              </double>
            </field-bits>

            <field-name
            verilog="OSA_TRIGGER_OSTYPE_RATE">ATGR_TP_RT</field-name>

            <field-type>RW</field-type>

            <field-default>0x00</field-default>

            <field-desc>
              <p><b>Defines which rate can trigger on OS type.</b></p>

              <p>Set a bit to '1' to enable the analyzer to trigger on OS
              types at the corresponding data rate.</p>

              <p>Bits [4:0] are corresponding PCIe Gen [5:1] data rate.</p>
            </field-desc>
          </field>

          <field>
            <field-bits>
              <double>
                <msb>17</msb>

                <lsb>16</lsb>
              </double>
            </field-bits>

            <field-name
            verilog="OSA_TRIGGER_OSTYPE_DIR_EN">ATGR_TPDEN</field-name>

            <field-type>RW</field-type>

            <field-default>0x0</field-default>

            <field-desc>
              <p><b>1 - OS type trigger direction enable; bit[1/0] -
              tx/rx.</b></p>

              <p>This field works together with ATGR_TPLEN.</p>

              <p>A lane of a direction is enabled for OS type trigger when the
              corresponding bits in both ATGR_TPLEN and ATGR_TPDEN are
              set.</p>
            </field-desc>
          </field>

          <field>
            <field-bits>
              <double>
                <msb>15</msb>

                <lsb>0</lsb>
              </double>
            </field-bits>

            <field-name
            verilog="OSA_TRIGGER_OSTYPE_LN_EN">ATGR_TPLEN</field-name>

            <field-type>RW</field-type>

            <field-default>0x0000</field-default>

            <field-desc>
              <p><b>OS type trigger lane enable.</b></p>

              <p>Set bit N to '1' enables OS type trigger on lane N for
              direction(s) enabled in ATGR_TPDEN.</p>
            </field-desc>
          </field>
        </reg-def>
      </tgroup>
    </table>

    <table id="table_OS_PTN_MCH_TRIG_CTRL_REG_phy_os_analyzer">
      <title><reg-name-main
      verilog="OS_PTN_MCH_TRIG_CTRL_REG">AN_PMCH_TRGR_CTL</reg-name-main> -
      <reg-desc>OS Pattern Match Trigger Control Register</reg-desc></title>

      <tgroup cols="5">
        <colspec colname="A" colwidth="111*"/>

        <colspec colname="B" colwidth="144*"/>

        <colspec colname="C" colwidth="101*"/>

        <colspec colname="D" colwidth="87*"/>

        <colspec colname="E" colwidth="557*"/>

        <thead>
          <row>
            <entry><p>Bit Field</p></entry>

            <entry><p>Field Name</p></entry>

            <entry><p>Type</p></entry>

            <entry><p>Default Value</p></entry>

            <entry><p>Description</p></entry>
          </row>
        </thead>

        <reg-def>
          <field>
            <field-bits>
              <double>
                <msb>31</msb>

                <lsb>29</lsb>
              </double>
            </field-bits>

            <field-name verilog="RESERVED">RESERVED</field-name>

            <field-type>RO</field-type>

            <field-default>0x0</field-default>

            <field-desc>
              <p><b>RESERVED</b></p>
            </field-desc>
          </field>

          <field>
            <field-bits>
              <double>
                <msb>28</msb>

                <lsb>24</lsb>
              </double>
            </field-bits>

            <field-name verilog="OSA_PTN_MCH_RATE">APTN_MH_RT</field-name>

            <field-type>RW</field-type>

            <field-default>0x00</field-default>

            <field-desc>
              <p><b>The data rate(s) that order set pattern match can trigger
              analyzer.</b></p>

              <p>Bits [4:0] are corresponding PCIe Gen [5:1] data rate.</p>

              <p>Set a bit to '1' to enable the analyzer to trigger on the
              corresponding data rate.</p>
            </field-desc>
          </field>

          <field>
            <field-bits>
              <double>
                <msb>23</msb>

                <lsb>18</lsb>
              </double>
            </field-bits>

            <field-name verilog="RESERVED">RESERVED</field-name>

            <field-type>RO</field-type>

            <field-default>0x0</field-default>

            <field-desc>
              <p><b>RESERVED</b></p>
            </field-desc>
          </field>

          <field>
            <field-bits>
              <double>
                <msb>17</msb>

                <lsb>16</lsb>
              </double>
            </field-bits>

            <field-name verilog="OSA_PTN_MCH_DIR_EN">APTN_MHDEN</field-name>

            <field-type>RW</field-type>

            <field-default>0x0</field-default>

            <field-desc>
              <p><b>1 - OS pattern match trigger direction enable; bit[1/0] -
              tx/rx.</b></p>

              <p>This field works together with APTN_MHLEN.</p>

              <p>A lane of a direction is enabled for OS pattern match trigger
              when the corresponding bits in both APTN_MHLEN and APTN_MHDEN
              are set.</p>
            </field-desc>
          </field>

          <field>
            <field-bits>
              <double>
                <msb>15</msb>

                <lsb>0</lsb>
              </double>
            </field-bits>

            <field-name verilog="OSA_PTN_MCH_LANE_EN">APTN_MHLEN</field-name>

            <field-type>RW</field-type>

            <field-default>0x0000</field-default>

            <field-desc>
              <p><b>OS pattern match trigger lane enable.</b></p>

              <p>Set bit N to '1' enables OS pattern match trigger on lane N
              for direction(s) enabled in APTN_MHDEN.</p>
            </field-desc>
          </field>
        </reg-def>
      </tgroup>
    </table>

    <table id="table_OS_PTN_MCH_VALUE_REG_0_phy_os_analyzer">
      <title><reg-name-main
      verilog="OS_PTN_MCH_VALUE_REG_0">AN_PMCH_VALUE0</reg-name-main> -
      <reg-desc>OS Pattern Match value Register 0</reg-desc></title>

      <tgroup cols="5">
        <colspec colname="A" colwidth="111*"/>

        <colspec colname="B" colwidth="144*"/>

        <colspec colname="C" colwidth="101*"/>

        <colspec colname="D" colwidth="87*"/>

        <colspec colname="E" colwidth="557*"/>

        <thead>
          <row>
            <entry><p>Bit Field</p></entry>

            <entry><p>Field Name</p></entry>

            <entry><p>Type</p></entry>

            <entry><p>Default Value</p></entry>

            <entry><p>Description</p></entry>
          </row>
        </thead>

        <reg-def>
          <field>
            <field-bits>
              <double>
                <msb>31</msb>

                <lsb>0</lsb>
              </double>
            </field-bits>

            <field-name
            verilog="OSA_OS_PTN_MCH_VALUE_DW0">APTN_MHVL0</field-name>

            <field-type>RW</field-type>

            <field-default>0x00000000</field-default>

            <field-desc>
              <p><b>OS pattern match value for OS bit[31:0].</b></p>
            </field-desc>
          </field>
        </reg-def>
      </tgroup>
    </table>

    <table id="table_OS_PTN_MCH_VALUE_REG_1_phy_os_analyzer">
      <title><reg-name-main
      verilog="OS_PTN_MCH_VALUE_REG_1">AN_PMCH_VALUE1</reg-name-main> -
      <reg-desc>OS Pattern Match value Register 1</reg-desc></title>

      <tgroup cols="5">
        <colspec colname="A" colwidth="111*"/>

        <colspec colname="B" colwidth="144*"/>

        <colspec colname="C" colwidth="101*"/>

        <colspec colname="D" colwidth="87*"/>

        <colspec colname="E" colwidth="557*"/>

        <thead>
          <row>
            <entry><p>Bit Field</p></entry>

            <entry><p>Field Name</p></entry>

            <entry><p>Type</p></entry>

            <entry><p>Default Value</p></entry>

            <entry><p>Description</p></entry>
          </row>
        </thead>

        <reg-def>
          <field>
            <field-bits>
              <double>
                <msb>31</msb>

                <lsb>0</lsb>
              </double>
            </field-bits>

            <field-name
            verilog="OSA_OS_PTN_MCH_VALUE_DW1">APTN_MHVL1</field-name>

            <field-type>RW</field-type>

            <field-default>0x00000000</field-default>

            <field-desc>
              <p><b>OS pattern match value for OS bit[63:32].</b></p>
            </field-desc>
          </field>
        </reg-def>
      </tgroup>
    </table>

    <table id="table_OS_PTN_MCH_VALUE_REG_2_phy_os_analyzer">
      <title><reg-name-main
      verilog="OS_PTN_MCH_VALUE_REG_2">AN_PMCH_VALUE2</reg-name-main> -
      <reg-desc>OS Pattern Match value Register 2</reg-desc></title>

      <tgroup cols="5">
        <colspec colname="A" colwidth="111*"/>

        <colspec colname="B" colwidth="144*"/>

        <colspec colname="C" colwidth="101*"/>

        <colspec colname="D" colwidth="87*"/>

        <colspec colname="E" colwidth="557*"/>

        <thead>
          <row>
            <entry><p>Bit Field</p></entry>

            <entry><p>Field Name</p></entry>

            <entry><p>Type</p></entry>

            <entry><p>Default Value</p></entry>

            <entry><p>Description</p></entry>
          </row>
        </thead>

        <reg-def>
          <field>
            <field-bits>
              <double>
                <msb>31</msb>

                <lsb>0</lsb>
              </double>
            </field-bits>

            <field-name
            verilog="OSA_OS_PTN_MCH_VALUE_DW2">APTN_MHVL2</field-name>

            <field-type>RW</field-type>

            <field-default>0x00000000</field-default>

            <field-desc>
              <p><b>OS pattern match value for OS bit[95:64].</b></p>
            </field-desc>
          </field>
        </reg-def>
      </tgroup>
    </table>

    <table id="table_OS_PTN_MCH_VALUE_REG_3_phy_os_analyzer">
      <title><reg-name-main
      verilog="OS_PTN_MCH_VALUE_REG_3">AN_PMCH_VALUE3</reg-name-main> -
      <reg-desc>OS Pattern Match value Register 3</reg-desc></title>

      <tgroup cols="5">
        <colspec colname="A" colwidth="111*"/>

        <colspec colname="B" colwidth="144*"/>

        <colspec colname="C" colwidth="101*"/>

        <colspec colname="D" colwidth="87*"/>

        <colspec colname="E" colwidth="557*"/>

        <thead>
          <row>
            <entry><p>Bit Field</p></entry>

            <entry><p>Field Name</p></entry>

            <entry><p>Type</p></entry>

            <entry><p>Default Value</p></entry>

            <entry><p>Description</p></entry>
          </row>
        </thead>

        <reg-def>
          <field>
            <field-bits>
              <double>
                <msb>31</msb>

                <lsb>0</lsb>
              </double>
            </field-bits>

            <field-name
            verilog="OSA_OS_PTN_MCH_VALUE_DW3">APTN_MHVL3</field-name>

            <field-type>RW</field-type>

            <field-default>0x00000000</field-default>

            <field-desc>
              <p><b>OS pattern match value for OS bit[127:96].</b></p>
            </field-desc>
          </field>
        </reg-def>
      </tgroup>
    </table>

    <table id="table_OS_PTN_MCH_MASK_REG_0_phy_os_analyzer">
      <title><reg-name-main
      verilog="OS_PTN_MCH_MASK_REG_0">AN_PMCH_MASK0</reg-name-main> -
      <reg-desc>OS Pattern Match Mask Register 0</reg-desc></title>

      <tgroup cols="5">
        <colspec colname="A" colwidth="111*"/>

        <colspec colname="B" colwidth="144*"/>

        <colspec colname="C" colwidth="101*"/>

        <colspec colname="D" colwidth="87*"/>

        <colspec colname="E" colwidth="557*"/>

        <thead>
          <row>
            <entry><p>Bit Field</p></entry>

            <entry><p>Field Name</p></entry>

            <entry><p>Type</p></entry>

            <entry><p>Default Value</p></entry>

            <entry><p>Description</p></entry>
          </row>
        </thead>

        <reg-def>
          <field>
            <field-bits>
              <double>
                <msb>31</msb>

                <lsb>0</lsb>
              </double>
            </field-bits>

            <field-name
            verilog="OSA_OS_PTN_MCH_MASK_DW0">APTN_MHMK0</field-name>

            <field-type>RW</field-type>

            <field-default>0x00000000</field-default>

            <field-desc>
              <p><b>OS pattern match mask for OS bit[31:0]. For each bit value
              1 and 0 meanings are as below:</b></p>

              <p>1 - This bit must match between OS and AN_PMCH_VALUE0 to
              trigger on order set pattern match.</p>

              <p>0 - This bit is ignored in order set pattern match.</p>
            </field-desc>
          </field>
        </reg-def>
      </tgroup>
    </table>

    <table id="table_OS_PTN_MCH_MASK_REG_1_phy_os_analyzer">
      <title><reg-name-main
      verilog="OS_PTN_MCH_MASK_REG_1">AN_PMCH_MASK1</reg-name-main> -
      <reg-desc>OS Pattern Match Mask Register 1</reg-desc></title>

      <tgroup cols="5">
        <colspec colname="A" colwidth="111*"/>

        <colspec colname="B" colwidth="144*"/>

        <colspec colname="C" colwidth="101*"/>

        <colspec colname="D" colwidth="87*"/>

        <colspec colname="E" colwidth="557*"/>

        <thead>
          <row>
            <entry><p>Bit Field</p></entry>

            <entry><p>Field Name</p></entry>

            <entry><p>Type</p></entry>

            <entry><p>Default Value</p></entry>

            <entry><p>Description</p></entry>
          </row>
        </thead>

        <reg-def>
          <field>
            <field-bits>
              <double>
                <msb>31</msb>

                <lsb>0</lsb>
              </double>
            </field-bits>

            <field-name
            verilog="OSA_OS_PTN_MCH_MASK_DW1">APTN_MHMK1</field-name>

            <field-type>RW</field-type>

            <field-default>0x00000000</field-default>

            <field-desc>
              <p><b>OS pattern match mask for OS bit[63:32]. For each bit
              value 1 and 0 meanings are as below:</b></p>

              <p>1 - This bit must match between OS and AN_PMCH_VALUE1 to
              trigger on order set pattern match.</p>

              <p>0 - This bit is ignored in order set pattern match.</p>
            </field-desc>
          </field>
        </reg-def>
      </tgroup>
    </table>

    <table id="table_OS_PTN_MCH_MASK_REG_2_phy_os_analyzer">
      <title><reg-name-main
      verilog="OS_PTN_MCH_MASK_REG_2">AN_PMCH_MASK2</reg-name-main> -
      <reg-desc>OS Pattern Match Mask Register 2</reg-desc></title>

      <tgroup cols="5">
        <colspec colname="A" colwidth="111*"/>

        <colspec colname="B" colwidth="144*"/>

        <colspec colname="C" colwidth="101*"/>

        <colspec colname="D" colwidth="87*"/>

        <colspec colname="E" colwidth="557*"/>

        <thead>
          <row>
            <entry><p>Bit Field</p></entry>

            <entry><p>Field Name</p></entry>

            <entry><p>Type</p></entry>

            <entry><p>Default Value</p></entry>

            <entry><p>Description</p></entry>
          </row>
        </thead>

        <reg-def>
          <field>
            <field-bits>
              <double>
                <msb>31</msb>

                <lsb>0</lsb>
              </double>
            </field-bits>

            <field-name
            verilog="OSA_OS_PTN_MCH_MASK_DW2">APTN_MHMK2</field-name>

            <field-type>RW</field-type>

            <field-default>0x00000000</field-default>

            <field-desc>
              <p><b>OS pattern match mask for OS bit[95:64]. For each bit
              value 1 and 0 meanings are as below:</b></p>

              <p>1 - This bit must match between OS and AN_PMCH_VALUE2 to
              trigger on order set pattern match.</p>

              <p>0 - This bit is ignored in order set pattern match.</p>
            </field-desc>
          </field>
        </reg-def>
      </tgroup>
    </table>

    <table id="table_OS_PTN_MCH_MASK_REG_3_phy_os_analyzer">
      <title><reg-name-main
      verilog="OS_PTN_MCH_MASK_REG_3">AN_PMCH_MASK3</reg-name-main> -
      <reg-desc>OS Pattern Match Mask Register 3</reg-desc></title>

      <tgroup cols="5">
        <colspec colname="A" colwidth="111*"/>

        <colspec colname="B" colwidth="144*"/>

        <colspec colname="C" colwidth="101*"/>

        <colspec colname="D" colwidth="87*"/>

        <colspec colname="E" colwidth="557*"/>

        <thead>
          <row>
            <entry><p>Bit Field</p></entry>

            <entry><p>Field Name</p></entry>

            <entry><p>Type</p></entry>

            <entry><p>Default Value</p></entry>

            <entry><p>Description</p></entry>
          </row>
        </thead>

        <reg-def>
          <field>
            <field-bits>
              <double>
                <msb>31</msb>

                <lsb>0</lsb>
              </double>
            </field-bits>

            <field-name
            verilog="OSA_OS_PTN_MCH_MASK_DW3">APTN_MHMK3</field-name>

            <field-type>RW</field-type>

            <field-default>0x00000000</field-default>

            <field-desc>
              <p><b>OS pattern match mask for OS bit[127:96]. For each bit
              value 1 and 0 meanings are as below:</b></p>

              <p>1 - This bit must match between OS and AN_PMCH_VALUE3 to
              trigger on order set pattern match.</p>

              <p>0 - This bit is ignored in order set pattern match.</p>
            </field-desc>
          </field>
        </reg-def>
      </tgroup>
    </table>

    <table id="table_OS_CAPTURE_CTRL_REG_phy_os_analyzer">
      <title><reg-name-main
      verilog="OS_CAPTURE_CTRL_REG">AN_CAPTURE_CTL</reg-name-main> -
      <reg-desc>OS Capture Control Register</reg-desc></title>

      <tgroup cols="5">
        <colspec colname="A" colwidth="111*"/>

        <colspec colname="B" colwidth="144*"/>

        <colspec colname="C" colwidth="101*"/>

        <colspec colname="D" colwidth="87*"/>

        <colspec colname="E" colwidth="557*"/>

        <thead>
          <row>
            <entry><p>Bit Field</p></entry>

            <entry><p>Field Name</p></entry>

            <entry><p>Type</p></entry>

            <entry><p>Default Value</p></entry>

            <entry><p>Description</p></entry>
          </row>
        </thead>

        <reg-def>
          <field>
            <field-bits>
              <double>
                <msb>31</msb>

                <lsb>29</lsb>
              </double>
            </field-bits>

            <field-name verilog="RESERVED">RESERVED</field-name>

            <field-type>RO</field-type>

            <field-default>0x0</field-default>

            <field-desc>
              <p><b>RESERVED</b></p>
            </field-desc>
          </field>

          <field>
            <field-bits>
              <double>
                <msb>28</msb>

                <lsb>20</lsb>
              </double>
            </field-bits>

            <field-name
            verilog="OSA_POST_TRIGGER_ENTRY">APTGR_NTRY</field-name>

            <field-type>RW</field-type>

            <field-default>0x000</field-default>

            <field-desc>
              <p><b>Number of RAM entry to save post-trigger OS record. OS
              capture logic automatically multiple it by N if N RAM's are
              allocated to a lane.</b></p>
            </field-desc>
          </field>

          <field>
            <field-bits>
              <single>19</single>
            </field-bits>

            <field-name verilog="OSA_STOP_MODE">ASTOP_MODE</field-name>

            <field-type>RW</field-type>

            <field-default>0x0</field-default>

            <field-desc>
              <p><b>0 - The OS Analyzer is considered stopped when any lane
              (that is enabled for OS capture and has at least one RAM
              allocated) has stopped writing into allocated RAM(s).</b></p>

              <p>1 - The OS Analyzer is considered stopped when all lanes
              (that are enabled for OS capture and have at least one RAM
              allocated) have stopped writing into allocated RAM(s).</p>

              <p>A lane stops writing into RAM's when any of the following
              happens.</p>

              <p>1. In non-snapshot mode, after it has captured required
              number of post trigger entries.</p>

              <p>2. In snapshot capture mode, after it has used up all
              allocated RAM(s).</p>

              <p>3. When ASTOP_MODE = 0, if another lane has stopped.</p>

              <p>4. FW set AN_FRC_STP to '1'.</p>

              <p>Note: The analyzer is considered stopped right after ARM is
              set to '1' if</p>

              <p>1. No lane is enabled for OS capture, or</p>

              <p>2. No RAM allocated to any OS capture enabled lane.</p>
            </field-desc>
          </field>

          <field>
            <field-bits>
              <single>18</single>
            </field-bits>

            <field-name verilog="OSA_DROP_SINGLE_OS">ADROP_SNGL</field-name>

            <field-type>RW</field-type>

            <field-default>0x0</field-default>

            <field-desc>
              <p><b>1 - drop single TS1/TS2/FTS/CTL_SKP OS.</b></p>
            </field-desc>
          </field>

          <field>
            <field-bits>
              <double>
                <msb>17</msb>

                <lsb>16</lsb>
              </double>
            </field-bits>

            <field-name verilog="OSA_CAPTURE_DIR_EN">ACAP_DIREN</field-name>

            <field-type>RW</field-type>

            <field-default>0x0</field-default>

            <field-desc>
              <p><b>1 - OS capture direction enable; bit[1/0] = tx/rx.</b></p>

              <p>This field works together with ACAP_LNEEN.</p>

              <p>A lane of a direction is enabled for OS pattern match trigger
              when the corresponding bits in both LCAP_LNEEN and ACAP_DIREN
              are set.</p>
            </field-desc>
          </field>

          <field>
            <field-bits>
              <double>
                <msb>15</msb>

                <lsb>0</lsb>
              </double>
            </field-bits>

            <field-name verilog="OSA_CAPTURE_LANE_EN">ACAP_LNEEN</field-name>

            <field-type>RW</field-type>

            <field-default>0x0000</field-default>

            <field-desc>
              <p><b>OS capture lane enable.</b></p>

              <p>Set bit N to '1' enables OS capture on lane N for
              direction(s) enabled in ACAP_DIREN.</p>
            </field-desc>
          </field>
        </reg-def>
      </tgroup>
    </table>

    <table id="table_OS_RAM_ALLOC_CTRL_REG_0_phy_os_analyzer">
      <title><reg-name-main
      verilog="OS_RAM_ALLOC_CTRL_REG_0">AN_RAM_ALOC_CTL0</reg-name-main> -
      <reg-desc>OS Capture RAM Allocation Control Register
      0</reg-desc></title>

      <tgroup cols="5">
        <colspec colname="A" colwidth="111*"/>

        <colspec colname="B" colwidth="144*"/>

        <colspec colname="C" colwidth="101*"/>

        <colspec colname="D" colwidth="87*"/>

        <colspec colname="E" colwidth="557*"/>

        <thead>
          <row>
            <entry><p>Bit Field</p></entry>

            <entry><p>Field Name</p></entry>

            <entry><p>Type</p></entry>

            <entry><p>Default Value</p></entry>

            <entry><p>Description</p></entry>
          </row>
        </thead>

        <reg-def>
          <field>
            <field-bits>
              <double>
                <msb>31</msb>

                <lsb>0</lsb>
              </double>
            </field-bits>

            <field-name verilog="OSA_RAM_ALLOC_15_0">ARAM_ALCT0</field-name>

            <field-type>RW</field-type>

            <field-default>0x00000000</field-default>

            <field-desc>
              <p><b>Bit[2N+1:2N] controls that RAM[N] is allocated to which
              input of Memory Sharing Management block. </b></p>

              <p>The valid range for N is from 0 to 15. This register controls
              the RAM allocation option for RAM[15:0].</p>

              <p>For a xM OS Analyzer instance, TX[M-1:0] are connected to
              input[M-1:0] of Memory Sharing Management block. RX[0:M-1] are
              connected to input[2M-1:M] of Memory Sharing Management block.
              Please note the reverse mapping order for RX lanes.</p>

              <p>The formula below maps RAM[N] to input [I] based on value of
              Bit[2N+1:2N].</p>

              <p>I = Bit[2N+1:2N] * 2 * M / 4 + N) % (2 * M).</p>

              <p>For an instance less than 8 pairs of lanes, upper bits of
              this register are reserved.</p>

              <p>Please refer to engdoc [ESC-2190816] for details.</p>
            </field-desc>
          </field>
        </reg-def>
      </tgroup>
    </table>

    <table id="table_OS_RAM_ALLOC_CTRL_REG_1_phy_os_analyzer">
      <title><reg-name-main
      verilog="OS_RAM_ALLOC_CTRL_REG_1">AN_RAM_ALOC_CTL1</reg-name-main> -
      <reg-desc>OS Capture RAM Allocation Control Register
      1</reg-desc></title>

      <tgroup cols="5">
        <colspec colname="A" colwidth="111*"/>

        <colspec colname="B" colwidth="144*"/>

        <colspec colname="C" colwidth="101*"/>

        <colspec colname="D" colwidth="87*"/>

        <colspec colname="E" colwidth="557*"/>

        <thead>
          <row>
            <entry><p>Bit Field</p></entry>

            <entry><p>Field Name</p></entry>

            <entry><p>Type</p></entry>

            <entry><p>Default Value</p></entry>

            <entry><p>Description</p></entry>
          </row>
        </thead>

        <reg-def>
          <field>
            <field-bits>
              <double>
                <msb>31</msb>

                <lsb>0</lsb>
              </double>
            </field-bits>

            <field-name verilog="OSA_RAM_ALLOC_31_16">ARAM_ALCT1</field-name>

            <field-type>RW</field-type>

            <field-default>0x00000000</field-default>

            <field-desc>
              <p><b>Bit[2N+1:2N] controls that RAM[N+16] is allocated to which
              input of Memory Sharing Management block. </b></p>

              <p>The valid range for N is from 0 to 15. This register controls
              the RAM allocation option for RAM[31:16].</p>

              <p>For a xM OS Analyzer instance, TX[M-1:0] are connected to
              input[M-1:0] of Memory Sharing Management block. RX[0:M-1] are
              connected to input[2M-1:M] of Memory Sharing Management block.
              Please note the reverse mapping order for RX lanes.</p>

              <p>The formula below maps RAM[N] to input [I] based on value of
              Bit[2N+1:2N].</p>

              <p>I = Bit[2N+1:2N] * 2 * M / 4 + N + 16) % (2 * M).</p>

              <p>For an instance of no more than 8 pairs of lanes, this
              register is reserved.</p>

              <p>For an instance of less than 16 pairs of lanes, upper bits of
              this register are reserved.</p>

              <p>Please refer to engdoc [ESC-2190816] for details.</p>
            </field-desc>
          </field>
        </reg-def>
      </tgroup>
    </table>

    <table id="table_OS_MISC_CTRL_STATUS_REG_phy_os_analyzer">
      <title><reg-name-main
      verilog="OS_MISC_CTRL_STATUS_REG">AN_MISC_CTL_STS</reg-name-main> -
      <reg-desc>OS Analyzer Misc Control and Status
      Register</reg-desc></title>

      <tgroup cols="5">
        <colspec colname="A" colwidth="111*"/>

        <colspec colname="B" colwidth="144*"/>

        <colspec colname="C" colwidth="101*"/>

        <colspec colname="D" colwidth="87*"/>

        <colspec colname="E" colwidth="557*"/>

        <thead>
          <row>
            <entry><p>Bit Field</p></entry>

            <entry><p>Field Name</p></entry>

            <entry><p>Type</p></entry>

            <entry><p>Default Value</p></entry>

            <entry><p>Description</p></entry>
          </row>
        </thead>

        <reg-def>
          <field>
            <field-bits>
              <single>31</single>
            </field-bits>

            <field-name verilog="OSA_ARM">AN_ARM</field-name>

            <field-type>RW</field-type>

            <field-default>0x0</field-default>

            <field-desc>
              <p><b>Rising edge - Start analyzer logic. </b></p>

              <p>0 - Reset all logic. It is optional to power down all RAM's
              or put them in sleep mode when ARM = 0. Please refer to
              OSA_OSRAM_PD and OSA_OSRAM_LS fields for more info.</p>
            </field-desc>
          </field>

          <field>
            <field-bits>
              <single>30</single>
            </field-bits>

            <field-name verilog="OSA_FORCE_STOP">AN_FRC_STP</field-name>

            <field-type>RW</field-type>

            <field-default>0x0</field-default>

            <field-desc>
              <p><b>1 - Force stop analyzer. This bit is used to force stop
              analyzer writing OS records into RAMs so FW can read out records
              already captured in RAM. For example, to stop analyzer when a
              link entered L0 but no configured number of post-trigger entries
              have be collected.</b></p>
            </field-desc>
          </field>

          <field>
            <field-bits>
              <single>29</single>
            </field-bits>

            <field-name verilog="OSA_FORCE_TRIG">AN_FRC_TGR</field-name>

            <field-type>RW</field-type>

            <field-default>0x0</field-default>

            <field-desc>
              <p><b>1 - Force trigger analyzer. Level trigger. Normally this
              bit should be set to '0' before set ARM to '1'.</b></p>
            </field-desc>
          </field>

          <field>
            <field-bits>
              <double>
                <msb>28</msb>

                <lsb>24</lsb>
              </double>
            </field-bits>

            <field-name verilog="OSA_ANALYZER_STATUS">AN_STS</field-name>

            <field-type>RO</field-type>

            <field-default>0x00</field-default>

            <field-desc>
              <p><b>Extra backup status signal from OS Analyzer.</b></p>
            </field-desc>
          </field>

          <field>
            <field-bits>
              <double>
                <msb>23</msb>

                <lsb>19</lsb>
              </double>
            </field-bits>

            <field-name verilog="RESERVED">RESERVED</field-name>

            <field-type>RO</field-type>

            <field-default>0x0</field-default>

            <field-desc>
              <p><b>RESERVED</b></p>
            </field-desc>
          </field>

          <field>
            <field-bits>
              <single>18</single>
            </field-bits>

            <field-name verilog="OSA_OSRAM_PD">AN_RAM_PD</field-name>

            <field-type>RW</field-type>

            <field-default>0x1</field-default>

            <field-desc>
              <p><b>1 - Power down all os capture RAM's when the analyzer is
              disarmed (ARM=0).</b></p>
            </field-desc>
          </field>

          <field>
            <field-bits>
              <single>17</single>
            </field-bits>

            <field-name verilog="OSA_OSRAM_LS">AN_RAM_LS</field-name>

            <field-type>RW</field-type>

            <field-default>0x0</field-default>

            <field-desc>
              <p><b>1 - Put all os capture RAM's into low power state when the
              analyzer is disarmed (ARM=0).</b></p>
            </field-desc>
          </field>

          <field>
            <field-bits>
              <single>16</single>
            </field-bits>

            <field-name verilog="OSA_SNAPSHOT">AN_SNPSHOT</field-name>

            <field-type>RW</field-type>

            <field-default>0x0</field-default>

            <field-desc>
              <p><b>1 - Snapshot capture mode - Each lane stops writing
              ordered set record into RAM when it uses up all allocated
              RAM(s).</b></p>
            </field-desc>
          </field>

          <field>
            <field-bits>
              <double>
                <msb>15</msb>

                <lsb>13</lsb>
              </double>
            </field-bits>

            <field-name verilog="RESERVED">RESERVED</field-name>

            <field-type>RO</field-type>

            <field-default>0x0</field-default>

            <field-desc>
              <p><b>RESERVED</b></p>
            </field-desc>
          </field>

          <field>
            <field-bits>
              <double>
                <msb>12</msb>

                <lsb>8</lsb>
              </double>
            </field-bits>

            <field-name verilog="OSA_ANALYZER_CONTROL">AN_BU_CTL</field-name>

            <field-type>RW</field-type>

            <field-default>0x00</field-default>

            <field-desc>
              <p><b>Extra backup control to OS Analyzer.</b></p>
            </field-desc>
          </field>

          <field>
            <field-bits>
              <double>
                <msb>7</msb>

                <lsb>0</lsb>
              </double>
            </field-bits>

            <field-name verilog="OSA_FILTER_IN_OSTYPE">AN_FLT_TYP</field-name>

            <field-type>RW</field-type>

            <field-default>0xFF</field-default>

            <field-desc>
              <p><b>Bit[7:0] maps to [ERR_OS, EIOS, EIEOS, SKP, CTL_SKP, FTS,
              TS2, TS1].</b></p>

              <p>1 - Enable the capturing of the corresponding type of order
              set.</p>
            </field-desc>
          </field>
        </reg-def>
      </tgroup>
    </table>

    <table id="table_OS_ANALYZER_STATUS_phy_os_analyzer">
      <title><reg-name-main
      verilog="OS_ANALYZER_STATUS">AN_STS</reg-name-main> - <reg-desc>Analyzer
      Status Register</reg-desc></title>

      <tgroup cols="5">
        <colspec colname="A" colwidth="111*"/>

        <colspec colname="B" colwidth="144*"/>

        <colspec colname="C" colwidth="101*"/>

        <colspec colname="D" colwidth="87*"/>

        <colspec colname="E" colwidth="557*"/>

        <thead>
          <row>
            <entry><p>Bit Field</p></entry>

            <entry><p>Field Name</p></entry>

            <entry><p>Type</p></entry>

            <entry><p>Default Value</p></entry>

            <entry><p>Description</p></entry>
          </row>
        </thead>

        <reg-def>
          <field>
            <field-bits>
              <single>31</single>
            </field-bits>

            <field-name verilog="OSA_ANALYZER_STOPPED">AN_STOPPED</field-name>

            <field-type>RO</field-type>

            <field-default>0x0</field-default>

            <field-desc>
              <p><b>1 - The analyzer has stopped writing order set record into
              RAM's.</b></p>
            </field-desc>
          </field>

          <field>
            <field-bits>
              <single>30</single>
            </field-bits>

            <field-name
            verilog="OSA_ANALYZER_TRIGGERED">AN_TRIGRED</field-name>

            <field-type>RO</field-type>

            <field-default>0x0</field-default>

            <field-desc>
              <p><b>1 - the analyzer is triggered.</b></p>
            </field-desc>
          </field>

          <field>
            <field-bits>
              <double>
                <msb>29</msb>

                <lsb>17</lsb>
              </double>
            </field-bits>

            <field-name verilog="RESERVED">RESERVED</field-name>

            <field-type>RO</field-type>

            <field-default>0x0</field-default>

            <field-desc>
              <p><b>RESERVED</b></p>
            </field-desc>
          </field>

          <field>
            <field-bits>
              <double>
                <msb>16</msb>

                <lsb>8</lsb>
              </double>
            </field-bits>

            <field-name verilog="OSA_TRIGGER_REASON">AN_TGR_RSN</field-name>

            <field-type>RO</field-type>

            <field-default>0x00</field-default>

            <field-desc>
              <p><b>Bit[8:0] maps to reason of [TRIGGER_IN[3:0], AN_PMCH,
              CTL_SKP, FTS, TS2, TS1].</b></p>
            </field-desc>
          </field>

          <field>
            <field-bits>
              <double>
                <msb>7</msb>

                <lsb>5</lsb>
              </double>
            </field-bits>

            <field-name verilog="RESERVED">RESERVED</field-name>

            <field-type>RO</field-type>

            <field-default>0x0</field-default>

            <field-desc>
              <p><b>RESERVED</b></p>
            </field-desc>
          </field>

          <field>
            <field-bits>
              <double>
                <msb>4</msb>

                <lsb>0</lsb>
              </double>
            </field-bits>

            <field-name verilog="OSA_TRIGGER_LANE">AN_TGR_LN</field-name>

            <field-type>RO</field-type>

            <field-default>0x00</field-default>

            <field-desc>
              <p><b>The index of the lane that triggered first.</b></p>

              <p>MSB indicates the direction TX(0) or RX(1) of the lane
              triggered (first).</p>
            </field-desc>
          </field>
        </reg-def>
      </tgroup>
    </table>

    <table id="table_FW_ACC_CTRL_REG_phy_os_analyzer">
      <title><reg-name-main
      verilog="FW_ACC_CTRL_REG">AN_ACC_CTRL_REG</reg-name-main> - <reg-desc>FW
      Access Control Register</reg-desc></title>

      <tgroup cols="5">
        <colspec colname="A" colwidth="111*"/>

        <colspec colname="B" colwidth="144*"/>

        <colspec colname="C" colwidth="101*"/>

        <colspec colname="D" colwidth="87*"/>

        <colspec colname="E" colwidth="557*"/>

        <thead>
          <row>
            <entry><p>Bit Field</p></entry>

            <entry><p>Field Name</p></entry>

            <entry><p>Type</p></entry>

            <entry><p>Default Value</p></entry>

            <entry><p>Description</p></entry>
          </row>
        </thead>

        <reg-def>
          <field>
            <field-bits>
              <single>31</single>
            </field-bits>

            <field-name verilog="OSA_OSRAM_TIP">AN_RAM_XIP</field-name>

            <field-type>RW</field-type>

            <field-default>0x0</field-default>

            <field-desc>
              <p><b>OS RAM transfer in progress. When set to logic:</b></p>

              <p>0-&gt;1: Triggers the transfer of AN_RAM_DT0 to and from the
              OS RAM entry specified by the AN_RAM_AAD field.</p>

              <p>1-&gt;0: The bit self-clears by transitioning from logic 1 to
              0 when the transfer is finished.</p>

              <p>AN_RAM_XIP can only be set to 1 when AN_STOPPED bit equals to
              '1'. It is expected to be self-cleared in less than 10 working
              clock cycles.</p>

              <p>NOTE: This field is not required to set to read AN_RAM_WAD or
              AN_RAM_WRP.</p>
            </field-desc>
          </field>

          <field>
            <field-bits>
              <single>30</single>
            </field-bits>

            <field-name verilog="OSA_OSRAM_RW">AN_RAM_RW</field-name>

            <field-type>RW</field-type>

            <field-default>0x0</field-default>

            <field-desc>
              <p><b>OS RAM FW read/write operation. This field is is used
              together with AN_RAM_XIP.</b></p>

              <p>When this bit is set as logic</p>

              <p>0: OS RAM Read operation. When AN_RAM_XIP is set, data in OS
              RAM entry specified by AN_RAM_AAD is transferred to the
              AN_RAM_DT0 registers.</p>

              <p>1: OS RAM Write operation. When AN_RAM_XIP is set, value in
              AN_RAM_DT0 registers is written into the OS RAM entry specified
              by AN_RAM_AAD field.</p>
            </field-desc>
          </field>

          <field>
            <field-bits>
              <single>29</single>
            </field-bits>

            <field-name verilog="OSA_WRAPPED">AN_RAM_WRP</field-name>

            <field-type>RO</field-type>

            <field-default>0x000</field-default>

            <field-desc>
              <p><b>1 - Order set write address wrapped for the lane defined
              by AN_RAM_AAD. 0 - otherwise.</b></p>

              <p>A value of '1' also means all RAM entries allocated to the
              corresponding lane contains a captured OS record.</p>

              <p>A value of '0' also means only the RAM entries with an
              address smaller than AN_RAM_WAD contain captured OS records for
              the corresponding lane.</p>
            </field-desc>
          </field>

          <field>
            <field-bits>
              <double>
                <msb>28</msb>

                <lsb>16</lsb>
              </double>
            </field-bits>

            <field-name verilog="OSA_CUR_RCD_WADDR">AN_RAM_WAD</field-name>

            <field-type>RO</field-type>

            <field-default>0x000</field-default>

            <field-desc>
              <p><b>The current order set write address of the lane defined by
              AN_RAM_AAD. It points to the address for the next OS record.
              When STOPPED = 1, this field is expected to be used to indicate
              the address of the last OS record.</b></p>

              <p>Upper bits for RAM index, lower bits for per ram
              addressing.</p>

              <p>For a x16, 256 depth RAM instance, all 13 bits are used.
              Upper 5 bits are used to index the 32 RAMs. Lower 8 bits are
              used to index the 256 entries of each RAM unit.</p>

              <p>For a x4, 256 depth RAM instance, only bit[10:0] bits are
              used.</p>

              <p>For a x4, 64 depth RAM instance, only bit[8:0] bits are
              used.</p>
            </field-desc>
          </field>

          <field>
            <field-bits>
              <double>
                <msb>15</msb>

                <lsb>13</lsb>
              </double>
            </field-bits>

            <field-name verilog="RESERVED">RESERVED</field-name>

            <field-type>RO</field-type>

            <field-default>0x0</field-default>

            <field-desc>
              <p><b>RESERVED</b></p>
            </field-desc>
          </field>

          <field>
            <field-bits>
              <double>
                <msb>12</msb>

                <lsb>0</lsb>
              </double>
            </field-bits>

            <field-name verilog="OSA_FW_ACC_ADDR">AN_RAM_AAD</field-name>

            <field-type>RW</field-type>

            <field-default>0x0000</field-default>

            <field-desc>
              <p><b>This field is used for 2 purposes:</b></p>

              <p>1. For OS RAM access, this field defines the RAM address to
              read or write.</p>

              <p>Upper bits are used for RAM index. Lower bits are used for
              per RAM addressing.</p>

              <p>For a x16, 256 depth RAM instance, all 13 bits are used.
              Upper 5 bits are used to index the 32 RAMs. Lower 8 bits are
              used to index the 256 entries of each RAM instance.</p>

              <p>For a x4, 256 depth RAM instance, only bit[10:0] bits are
              used.</p>

              <p>For a x4, 64 depth RAM instance, only bit[8:0] bits are
              used.</p>

              <p>Unused bits are reserved.</p>

              <p/>

              <p>2. For AN_RAM_WAD and WRP fetching. This field defines for
              which lane, lane number and direction (TX/RX), to read out
              AN_RAM_WAD and WRP value.</p>

              <p>For a xN instance. Value 0 to N-1 maps to TX lane 0 to N-1.
              Value N to 2N-1 maps to RX lane N-1 to 0.</p>

              <p>Please NOTE the reversed order for RX lane mapping.</p>
            </field-desc>
          </field>
        </reg-def>
      </tgroup>
    </table>

    <table id="table_FW_ACC_DATA_REG_0_phy_os_analyzer">
      <title><reg-name-main
      verilog="FW_ACC_DATA_REG_0">AN_ACC_DATA0</reg-name-main> - <reg-desc>FW
      Access Data Register 0</reg-desc></title>

      <tgroup cols="5">
        <colspec colname="A" colwidth="111*"/>

        <colspec colname="B" colwidth="144*"/>

        <colspec colname="C" colwidth="101*"/>

        <colspec colname="D" colwidth="87*"/>

        <colspec colname="E" colwidth="557*"/>

        <thead>
          <row>
            <entry><p>Bit Field</p></entry>

            <entry><p>Field Name</p></entry>

            <entry><p>Type</p></entry>

            <entry><p>Default Value</p></entry>

            <entry><p>Description</p></entry>
          </row>
        </thead>

        <reg-def>
          <field>
            <field-bits>
              <double>
                <msb>31</msb>

                <lsb>0</lsb>
              </double>
            </field-bits>

            <field-name verilog="OSA_OSRAM_DATA_0">AN_RAM_DT0</field-name>

            <field-type>RW</field-type>

            <field-default>0x00000000</field-default>

            <field-desc>
              <p><b>OS RAM entry value bit[31:0] read out or to be written
              in.</b></p>
            </field-desc>
          </field>
        </reg-def>
      </tgroup>
    </table>

    <table id="table_FW_ACC_DATA_REG_1_phy_os_analyzer">
      <title><reg-name-main
      verilog="FW_ACC_DATA_REG_1">AN_ACC_DATA1</reg-name-main> - <reg-desc>FW
      Access Data Register 1</reg-desc></title>

      <tgroup cols="5">
        <colspec colname="A" colwidth="111*"/>

        <colspec colname="B" colwidth="144*"/>

        <colspec colname="C" colwidth="101*"/>

        <colspec colname="D" colwidth="87*"/>

        <colspec colname="E" colwidth="557*"/>

        <thead>
          <row>
            <entry><p>Bit Field</p></entry>

            <entry><p>Field Name</p></entry>

            <entry><p>Type</p></entry>

            <entry><p>Default Value</p></entry>

            <entry><p>Description</p></entry>
          </row>
        </thead>

        <reg-def>
          <field>
            <field-bits>
              <double>
                <msb>31</msb>

                <lsb>0</lsb>
              </double>
            </field-bits>

            <field-name verilog="OSA_OSRAM_DATA_1">AN_RAM_DT1</field-name>

            <field-type>RW</field-type>

            <field-default>0x00000000</field-default>

            <field-desc>
              <p><b>OS RAM entry value bit[63:32] read out or to be written
              in.</b></p>
            </field-desc>
          </field>
        </reg-def>
      </tgroup>
    </table>

    <table id="table_FW_ACC_DATA_REG_2_phy_os_analyzer">
      <title><reg-name-main
      verilog="FW_ACC_DATA_REG_2">AN_ACC_DATA2</reg-name-main> - <reg-desc>FW
      Access Data Register 2</reg-desc></title>

      <tgroup cols="5">
        <colspec colname="A" colwidth="111*"/>

        <colspec colname="B" colwidth="144*"/>

        <colspec colname="C" colwidth="101*"/>

        <colspec colname="D" colwidth="87*"/>

        <colspec colname="E" colwidth="557*"/>

        <thead>
          <row>
            <entry><p>Bit Field</p></entry>

            <entry><p>Field Name</p></entry>

            <entry><p>Type</p></entry>

            <entry><p>Default Value</p></entry>

            <entry><p>Description</p></entry>
          </row>
        </thead>

        <reg-def>
          <field>
            <field-bits>
              <double>
                <msb>31</msb>

                <lsb>0</lsb>
              </double>
            </field-bits>

            <field-name verilog="OSA_OSRAM_DATA_2">AN_RAM_DT2</field-name>

            <field-type>RW</field-type>

            <field-default>0x00000000</field-default>

            <field-desc>
              <p><b>OS RAM entry value bit[95:64] read out or to be written
              in.</b></p>
            </field-desc>
          </field>
        </reg-def>
      </tgroup>
    </table>

    <table id="table_FW_ACC_DATA_REG_3_phy_os_analyzer">
      <title><reg-name-main
      verilog="FW_ACC_DATA_REG_3">AN_ACC_DATA3</reg-name-main> - <reg-desc>FW
      Access Data Register 3</reg-desc></title>

      <tgroup cols="5">
        <colspec colname="A" colwidth="111*"/>

        <colspec colname="B" colwidth="144*"/>

        <colspec colname="C" colwidth="101*"/>

        <colspec colname="D" colwidth="87*"/>

        <colspec colname="E" colwidth="557*"/>

        <thead>
          <row>
            <entry><p>Bit Field</p></entry>

            <entry><p>Field Name</p></entry>

            <entry><p>Type</p></entry>

            <entry><p>Default Value</p></entry>

            <entry><p>Description</p></entry>
          </row>
        </thead>

        <reg-def>
          <field>
            <field-bits>
              <double>
                <msb>31</msb>

                <lsb>0</lsb>
              </double>
            </field-bits>

            <field-name verilog="OSA_OSRAM_DATA_3">AN_RAM_DT3</field-name>

            <field-type>RW</field-type>

            <field-default>0x00000000</field-default>

            <field-desc>
              <p><b>OS RAM entry value bit[127:96] read out or to be written
              in.</b></p>
            </field-desc>
          </field>
        </reg-def>
      </tgroup>
    </table>

    <table id="table_FW_ACC_DATA_REG_4_phy_os_analyzer">
      <title><reg-name-main
      verilog="FW_ACC_DATA_REG_4">AN_ACC_DATA4</reg-name-main> - <reg-desc>FW
      Access Data Register 4</reg-desc></title>

      <tgroup cols="5">
        <colspec colname="A" colwidth="111*"/>

        <colspec colname="B" colwidth="144*"/>

        <colspec colname="C" colwidth="101*"/>

        <colspec colname="D" colwidth="87*"/>

        <colspec colname="E" colwidth="557*"/>

        <thead>
          <row>
            <entry><p>Bit Field</p></entry>

            <entry><p>Field Name</p></entry>

            <entry><p>Type</p></entry>

            <entry><p>Default Value</p></entry>

            <entry><p>Description</p></entry>
          </row>
        </thead>

        <reg-def>
          <field>
            <field-bits>
              <double>
                <msb>31</msb>

                <lsb>0</lsb>
              </double>
            </field-bits>

            <field-name verilog="OSA_OSRAM_DATA_4">AN_RAM_DT4</field-name>

            <field-type>RW</field-type>

            <field-default>0x00000000</field-default>

            <field-desc>
              <p><b>OS RAM entry value bit[159:128] read out or to be written
              in.</b></p>
            </field-desc>
          </field>
        </reg-def>
      </tgroup>
    </table>

    <table id="table_FW_ACC_DATA_REG_5_phy_os_analyzer">
      <title><reg-name-main
      verilog="FW_ACC_DATA_REG_5">AN_ACC_DATA5</reg-name-main> - <reg-desc>FW
      Access Data Register 5</reg-desc></title>

      <tgroup cols="5">
        <colspec colname="A" colwidth="111*"/>

        <colspec colname="B" colwidth="144*"/>

        <colspec colname="C" colwidth="101*"/>

        <colspec colname="D" colwidth="87*"/>

        <colspec colname="E" colwidth="557*"/>

        <thead>
          <row>
            <entry><p>Bit Field</p></entry>

            <entry><p>Field Name</p></entry>

            <entry><p>Type</p></entry>

            <entry><p>Default Value</p></entry>

            <entry><p>Description</p></entry>
          </row>
        </thead>

        <reg-def>
          <field>
            <field-bits>
              <double>
                <msb>31</msb>

                <lsb>0</lsb>
              </double>
            </field-bits>

            <field-name verilog="OSA_OSRAM_DATA_5">AN_RAM_DT5</field-name>

            <field-type>RW</field-type>

            <field-default>0x00000000</field-default>

            <field-desc>
              <p><b>OS RAM entry value bit[190:160] read out or to be written
              in. bit[31] is reserved and has a read out value '0'.</b></p>
            </field-desc>
          </field>
        </reg-def>
      </tgroup>
    </table>

    <table id="table_AN_TMR_CFG0">
      <title><reg-name-main
      verilog="AN_TMR_CFG0">AN_TMR_CFG0</reg-name-main><reg-desc> - Timer
      Configuration Register 0</reg-desc></title>

      <tgroup cols="5">
        <colspec colname="A" colwidth="111*"/>

        <colspec colname="B" colwidth="144*"/>

        <colspec colname="C" colwidth="101*"/>

        <colspec colname="D" colwidth="87*"/>

        <colspec colname="E" colwidth="557*"/>

        <thead>
          <row>
            <entry><p>Bit Field</p></entry>

            <entry><p>Field Name</p></entry>

            <entry><p>Type</p></entry>

            <entry><p>Default Value</p></entry>

            <entry><p>Description</p></entry>
          </row>
        </thead>

        <reg-def>
          <field>
            <field-bits>
              <double>
                <msb>31</msb>

                <lsb>28</lsb>
              </double>
            </field-bits>

            <field-name verilog="RESERVED">RESERVED</field-name>

            <field-type>RO</field-type>

            <field-default>0x0</field-default>

            <field-desc>
              <p><b>RESERVED</b></p>
            </field-desc>
          </field>

          <field>
            <field-bits>
              <double>
                <msb>27</msb>

                <lsb>16</lsb>
              </double>
            </field-bits>

            <field-name verilog="TMR_MAX">TMR_MAX</field-name>

            <field-type>RW</field-type>

            <field-default>0xFFF</field-default>

            <field-desc>
              <p><b>TIMER MAX VALUE</b></p>

              <p>Timer maximum value, in timer intervals. Latched when TMR_EN
              transitions from 0 to 1.</p>
            </field-desc>
          </field>

          <field>
            <field-bits>
              <double>
                <msb>15</msb>

                <lsb>9</lsb>
              </double>
            </field-bits>

            <field-name verilog="RESERVED">RESERVED</field-name>

            <field-type>RO</field-type>

            <field-default>0x0</field-default>

            <field-desc>
              <p><b>RESERVED</b></p>
            </field-desc>
          </field>

          <field>
            <field-bits>
              <single>8</single>
            </field-bits>

            <field-name verilog="TMR_SYNC_D">TMR_SYNC_D</field-name>

            <field-type>RW</field-type>

            <field-default>0x0</field-default>

            <field-desc>
              <p><b>TIMER SYNC DISABLE</b></p>

              <p>Not currently used.</p>
            </field-desc>
          </field>

          <field>
            <field-bits>
              <double>
                <msb>7</msb>

                <lsb>5</lsb>
              </double>
            </field-bits>

            <field-name verilog="RESERVED">RESERVED</field-name>

            <field-type>RO</field-type>

            <field-default>0x0</field-default>

            <field-desc>
              <p><b>RESERVED</b></p>
            </field-desc>
          </field>

          <field>
            <field-bits>
              <single>4</single>
            </field-bits>

            <field-name verilog="TMR_MS">TMR_MS</field-name>

            <field-type>RW</field-type>

            <field-default>0x1</field-default>

            <field-desc>
              <p><b>TIMER MASTER SLAVE MODE</b></p>

              <p>Should not change during operation.</p>

              <p>1 : Master timer.</p>

              <p>0 : Slave timer.</p>
            </field-desc>
          </field>

          <field>
            <field-bits>
              <double>
                <msb>3</msb>

                <lsb>1</lsb>
              </double>
            </field-bits>

            <field-name verilog="RESERVED">RESERVED</field-name>

            <field-type>RO</field-type>

            <field-default>0x0</field-default>

            <field-desc>
              <p><b>RESERVED</b></p>
            </field-desc>
          </field>

          <field>
            <field-bits>
              <single>0</single>
            </field-bits>

            <field-name verilog="TMR_EN">TMR_EN</field-name>

            <field-type>RW</field-type>

            <field-default>0x1</field-default>

            <field-desc>
              <p><b>TIMER ENABLE</b></p>

              <p>1 : Timer is enabled.</p>

              <p>0 : Timer is disabled.</p>
            </field-desc>
          </field>
        </reg-def>
      </tgroup>
    </table>

    <table id="table_AN_TMR_CFG1">
      <title><reg-name-main
      verilog="AN_TMR_CFG1">AN_TMR_CFG1</reg-name-main><reg-desc> - Timer
      Configuration Register 1</reg-desc></title>

      <tgroup cols="5">
        <colspec colname="A" colwidth="111*"/>

        <colspec colname="B" colwidth="144*"/>

        <colspec colname="C" colwidth="101*"/>

        <colspec colname="D" colwidth="87*"/>

        <colspec colname="E" colwidth="557*"/>

        <thead>
          <row>
            <entry><p>Bit Field</p></entry>

            <entry><p>Field Name</p></entry>

            <entry><p>Type</p></entry>

            <entry><p>Default Value</p></entry>

            <entry><p>Description</p></entry>
          </row>
        </thead>

        <reg-def>
          <field>
            <field-bits>
              <double>
                <msb>31</msb>

                <lsb>21</lsb>
              </double>
            </field-bits>

            <field-name verilog="RESERVED">RESERVED</field-name>

            <field-type>RO</field-type>

            <field-default>0x0</field-default>

            <field-desc>
              <p><b>RESERVED</b></p>
            </field-desc>
          </field>

          <field>
            <field-bits>
              <single>20</single>
            </field-bits>

            <field-name verilog="TMR_RD_REQ">TMR_RD_REQ</field-name>

            <field-type>RW</field-type>

            <field-default>0x0</field-default>

            <field-desc>
              <p><b>TIMER READ REQUEST</b></p>

              <p>When set to 1, current timer value is copied to TMR_VAL. This
              bit is self cleared once timer value is copied.</p>
            </field-desc>
          </field>

          <field>
            <field-bits>
              <double>
                <msb>19</msb>

                <lsb>16</lsb>
              </double>
            </field-bits>

            <field-name verilog="RESERVED">RESERVED</field-name>

            <field-type>RO</field-type>

            <field-default>0x0</field-default>

            <field-desc>
              <p><b>RESERVED</b></p>
            </field-desc>
          </field>

          <field>
            <field-bits>
              <double>
                <msb>15</msb>

                <lsb>4</lsb>
              </double>
            </field-bits>

            <field-name verilog="TMR_RLD_VL">TMR_RLD_VL</field-name>

            <field-type>RW</field-type>

            <field-default>0x0</field-default>

            <field-desc>
              <p><b>TIMER RELOAD VALUE</b></p>

              <p>Note that this is specified in half-intervals to allow for
              proper FW operation when copying timer value from master to
              slave.</p>
            </field-desc>
          </field>

          <field>
            <field-bits>
              <double>
                <msb>3</msb>

                <lsb>1</lsb>
              </double>
            </field-bits>

            <field-name verilog="RESERVED">RESERVED</field-name>

            <field-type>RO</field-type>

            <field-default>0x0</field-default>

            <field-desc>
              <p><b>RESERVED</b></p>
            </field-desc>
          </field>

          <field>
            <field-bits>
              <single>0</single>
            </field-bits>

            <field-name verilog="TMR_RLD_RQ">TMR_RLD_RQ</field-name>

            <field-type>RW</field-type>

            <field-default>0x0</field-default>

            <field-desc>
              <p><b>TIMER RELOAD REQUEST</b></p>

              <p>When set to 1, timer reloads interval value from
              TIMER_RELOAD_VALUE and sets sub-interval timer to '0' on rising
              edge of this signal. Slave timers will resynchronize. This bit
              is self cleared once timer value is copied.</p>
            </field-desc>
          </field>
        </reg-def>
      </tgroup>
    </table>

    <table id="table_AN_TMR_STS">
      <title><reg-name-main
      verilog="AN_TMR_STS">AN_TMR_STS</reg-name-main><reg-desc> - Timer Status
      Register</reg-desc></title>

      <tgroup cols="5">
        <colspec colname="A" colwidth="111*"/>

        <colspec colname="B" colwidth="144*"/>

        <colspec colname="C" colwidth="101*"/>

        <colspec colname="D" colwidth="87*"/>

        <colspec colname="E" colwidth="557*"/>

        <thead>
          <row>
            <entry><p>Bit Field</p></entry>

            <entry><p>Field Name</p></entry>

            <entry><p>Type</p></entry>

            <entry><p>Default Value</p></entry>

            <entry><p>Description</p></entry>
          </row>
        </thead>

        <reg-def>
          <field>
            <field-bits>
              <double>
                <msb>31</msb>

                <lsb>1</lsb>
              </double>
            </field-bits>

            <field-name verilog="RESERVED">RESERVED</field-name>

            <field-type>RO</field-type>

            <field-default>0x0</field-default>

            <field-desc>
              <p><b>RESERVED</b></p>
            </field-desc>
          </field>

          <field>
            <field-bits>
              <single>0</single>
            </field-bits>

            <field-name verilog="TMR_SNC_ST">TMR_SNC_ST</field-name>

            <field-type>RO</field-type>

            <field-default>0x0</field-default>

            <field-desc>
              <p><b>TIMER SYNC STATUS</b></p>

              <p>1 : Slave believes itself to be in sync with master.</p>

              <p>0 : Slave believes itself to be out of sync with master and
              will resync at the next sync_in.</p>
            </field-desc>
          </field>
        </reg-def>
      </tgroup>
    </table>

    <table id="table_AN_TMR_VAL_LO">
      <title><reg-name-main
      verilog="AN_TMR_VAL_LO">AN_TMR_VAL_LO</reg-name-main><reg-desc> - Timer
      Value LSBs</reg-desc></title>

      <tgroup cols="5">
        <colspec colname="A" colwidth="111*"/>

        <colspec colname="B" colwidth="144*"/>

        <colspec colname="C" colwidth="101*"/>

        <colspec colname="D" colwidth="87*"/>

        <colspec colname="E" colwidth="557*"/>

        <thead>
          <row>
            <entry><p>Bit Field</p></entry>

            <entry><p>Field Name</p></entry>

            <entry><p>Type</p></entry>

            <entry><p>Default Value</p></entry>

            <entry><p>Description</p></entry>
          </row>
        </thead>

        <reg-def>
          <field>
            <field-bits>
              <double>
                <msb>31</msb>

                <lsb>0</lsb>
              </double>
            </field-bits>

            <field-name verilog="TMR_VAL_LO">TMR_VAL_LO</field-name>

            <field-type>RO</field-type>

            <field-default>0x0</field-default>

            <field-desc>
              <p><b>TIMER READ VALUE LSBs</b></p>

              <p>Bits [29:0] of slave timer value occupies TMR_VAL_LO bits
              [31:2]. TIMER_VAL_LO bits 1:0 always returns 0.</p>
            </field-desc>
          </field>
        </reg-def>
      </tgroup>
    </table>

    <table id="table_AN_TMR_VAL_HI">
      <title><reg-name-main
      verilog="AN_TMR_VAL_HI">AN_TMR_VAL_HI</reg-name-main><reg-desc> - Timer
      Value MSBs</reg-desc></title>

      <tgroup cols="5">
        <colspec colname="A" colwidth="111*"/>

        <colspec colname="B" colwidth="144*"/>

        <colspec colname="C" colwidth="101*"/>

        <colspec colname="D" colwidth="87*"/>

        <colspec colname="E" colwidth="557*"/>

        <thead>
          <row>
            <entry><p>Bit Field</p></entry>

            <entry><p>Field Name</p></entry>

            <entry><p>Type</p></entry>

            <entry><p>Default Value</p></entry>

            <entry><p>Description</p></entry>
          </row>
        </thead>

        <reg-def>
          <field>
            <field-bits>
              <double>
                <msb>31</msb>

                <lsb>7</lsb>
              </double>
            </field-bits>

            <field-name verilog="RESERVED">RESERVED</field-name>

            <field-type>RO</field-type>

            <field-default>0x0</field-default>

            <field-desc>
              <p><b>RESERVED</b></p>
            </field-desc>
          </field>

          <field>
            <field-bits>
              <double>
                <msb>6</msb>

                <lsb>0</lsb>
              </double>
            </field-bits>

            <field-name verilog="TMR_VAL_HI">TMR_VAL_HI</field-name>

            <field-type>RO</field-type>

            <field-default>0x0</field-default>

            <field-desc>
              <p><b>TIMER READ VALUE MSBs</b></p>

              <p>Bits [36:30] of slave timer value occupies TMR_VAL_HI bits
              [38:32].</p>
            </field-desc>
          </field>
        </reg-def>
      </tgroup>
    </table>
  </body>
</topic>
