<?xml version="1.0" encoding="UTF-8"?>
<!-- Date Stamp: Fri Jul 21 06:45:25 MST 2023 -->
<!DOCTYPE topic PUBLIC "-//OASIS//DTD DITA 1.2 Topic//EN"
"topic.dtd">
<topic base="base" id="PCIE_PL_FUN_addr">
  <title>PCIe Physical Layer Register Address Map</title>

  <body>
    <table id="table_PCIE_PL_FUN_addr">
      <title>PCIe Physical Layer Register Address Map</title>

      <tgroup cols="3">
        <colspec colwidth="148*"/>

        <colspec colwidth="218*"/>

        <colspec colwidth="634*"/>

        <thead>
          <row>
            <entry><p>Offset Address</p></entry>

            <entry><p>Register Mnemonic </p></entry>

            <entry><p>Register Description </p></entry>
          </row>
        </thead>

        <address-map>

          <register-reference>
            <address>0x00000</address>
            <addr-element>
              <address-prefix>LANE[x]</address-prefix>
              <instances>
                <instance>
                  <instance-start>0</instance-start>
                  <instance-stop>7</instance-stop>
                </instance>
              </instances>
            </addr-element>
            <address-details>
              <p><xref
              href="stk_phy_lane_addr.xml#stk_phy_lane_addr/table_PCIe_Physical_Layer_Lane_Status_Register_1jcvau7gm">PPHYL0_7</xref></p>
            </address-details>
          </register-reference>

         <register-reference>
            <address>0x20000</address>
            <addr-element>
               <address-prefix>PMACMN</address-prefix>
            </addr-element>
            <address-details>
               <p><xref href="cpk_pma_cmn_addr.xml#cpk_pma_cmn_addr/table_Device_Table_0jddxcn8q"/>PMACMN</p>
            </address-details>
         </register-reference>

         <register-reference>
            <address>0x30000</address>
            <addr-element>
               <address-prefix>PHYCMN</address-prefix>
            </addr-element>
            <address-details>
               <p><xref href="cpk_pma_phy_addr.xml#cpk_pma_phy_addr/SNPS_PHY_CMN_addr_table_00"/>PHYCMN</p>
            </address-details>
         </register-reference>

         <register-reference>
            <address>0x40000</address>
            <addr-element>
               <address-prefix>PHYCR</address-prefix>
            </addr-element>
            <address-details>
               <p><xref href="dwc_pcie5_phy_x4_ns_addr.xml#SNPS_PHY_addr/SNPS_PHY_addr_table_00"/>PHYCR</p>
            </address-details>
         </register-reference>

         <register-reference>
            <address>0x80000</address>
            <addr-element>
               <address-prefix>PHYLANE[x]</address-prefix>
               <instances>
                  <instance>
                     <instance-start>0</instance-start>
                     <instance-stop>3</instance-stop>
                  </instance>
               </instances>
            </addr-element>
            <address-details>
               <p><xref
               href="cpk_pma_lane_addr.xml#cpk_pma_lane_addr/table_PCIe_PMA_LANE_Register_0jddxcn8q">PHYLANE0_3</xref></p>
            </address-details>
         </register-reference>

        </address-map>
      </tgroup>
    </table>
  </body>
</topic>
