<?xml version="1.0" encoding="UTF-8"?>
<!DOCTYPE topic PUBLIC "-//OASIS//DTD DITA 1.2 Topic//EN" "topic.dtd">
<topic base="base" id="PCIE_PORTx_FUN">
<title>PCIe Switch Port Register Descriptions</title>

<body>
<p></p>
<table audience="MSCCInternal" id="table_RESERVED_-_Reserved_PCIE_PORTx_FUN">
  <title><reg-name-main verilog="RESERVED">RESERVED</reg-name-main> -                                                                                                                                                           
  <reg-desc>Reserved</reg-desc></title>
  
  <tgroup cols="5">
    <colspec colname="A" colwidth="111*"/>
    <colspec colname="B" colwidth="144*"/>
    <colspec colname="C" colwidth="101*"/>
    <colspec colname="D" colwidth="87*"/>
    <colspec colname="E" colwidth="557*"/>
    
    <thead>
      <row>
        <entry><p>Bit Field</p></entry>
        <entry><p>Field Name</p></entry>
        <entry><p>Type</p></entry>
        <entry><p>Default Value</p></entry>
        <entry><p>Description</p></entry>
      </row>
    </thead>
    
    <reg-def>
      <field>
        <field-bits>
          <double>
            <msb>31</msb>
            <lsb>0</lsb>
          </double>
        </field-bits>
        <field-name verilog="RESERVED">RESERVED</field-name>
        <field-type>RO</field-type>
        <field-default>0x0</field-default>
        <field-desc>
          <p>Reserved</p>
        </field-desc>
      </field>
    </reg-def>
  </tgroup>
</table>
<p/>
</body>
</topic>
