<?xml version="1.0" encoding="UTF-8"?>
<!-- Date Stamp: Sat Oct  8 10:13:55 IST 2022 -->
<!DOCTYPE topic PUBLIC "-//OASIS//DTD DITA 1.2 Topic//EN"
"topic.dtd">
<topic base="base" id="perfmon_addr">
  <title>PERFMON Address Table</title>

  <body>
    <table id="table_DDR_top_CSR_Address_Table">
      <title>DDR_top CSR Address Table</title>

      <tgroup cols="3">
        <colspec colwidth="147*"/>

        <colspec colwidth="260*"/>

        <colspec colwidth="593*"/>

        <thead>
          <row>
            <entry><p>Offset Address</p></entry>

            <entry><p>Register Mnemonic </p></entry>

            <entry><p>Register Description </p></entry>
          </row>
        </thead>

        <address-map>
          <register-reference audience="MSCCInternal">
            <address>0x0</address>

            <addr-element>
              <addr-mnemonic>PCTL[x]</addr-mnemonic>

              <instances>
                <instance>
                  <instance-start>0</instance-start>

                  <instance-stop>3</instance-stop>
                </instance>
              </instances>
            </addr-element>

            <address-details>
              <p><xref
              href="perfmon_axi.xml#perfmon_client/table_DRAMPCTL_-_DRAM_Port_Control_3_0__2jk8vplin">DRAMPCTL</xref></p>
            </address-details>
          </register-reference>

          <register-reference audience="MSCCInternal">
            <address>0x10</address>

            <addr-element>
              <addr-mnemonic>PRRCNT[x]</addr-mnemonic>

              <instances>
                <instance>
                  <instance-start>0</instance-start>

                  <instance-stop>3</instance-stop>
                </instance>
              </instances>
            </addr-element>

            <address-details>
              <p><xref
              href="perfmon_axi.xml#perfmon_client/table_DRAMPRRCNT_-_DRAM_Port_Read_Request_Coun_4jk8xc9yt">DRAMPRRCNT</xref></p>
            </address-details>
          </register-reference>

          <register-reference audience="MSCCInternal">
            <address>0x20</address>

            <addr-element>
              <addr-mnemonic>PWRCNT[x]</addr-mnemonic>

              <instances>
                <instance>
                  <instance-start>0</instance-start>

                  <instance-stop>3</instance-stop>
                </instance>
              </instances>
            </addr-element>

            <address-details>
              <p><xref
              href="perfmon_axi.xml#perfmon_client/table_DRAMPWRCNT_-_DRAM_Client_Port_Write_Requ_5jk8xsjhy">DRAMPWRCNT</xref></p>
            </address-details>
          </register-reference>

          <register-reference audience="MSCCInternal">
            <address>0x30</address>

            <addr-element>
              <addr-mnemonic>PPFCNTL[x]</addr-mnemonic>

              <instances>
                <instance>
                  <instance-start>0</instance-start>

                  <instance-stop>3</instance-stop>
                </instance>
              </instances>
            </addr-element>

            <address-details>
              <p><xref
              href="perfmon_axi.xml#perfmon_client/table_DRAMPPFCNTL_-_DRAM_Port_Full_Beat_Perfor_8jka9fosa">DRAMPPFCNTL</xref></p>
            </address-details>
          </register-reference>

          <register-reference audience="MSCCInternal">
            <address>0x40</address>

            <addr-element>
              <addr-mnemonic>PPFCNTH[x]</addr-mnemonic>

              <instances>
                <instance>
                  <instance-start>0</instance-start>

                  <instance-stop>3</instance-stop>
                </instance>
              </instances>
            </addr-element>

            <address-details>
              <p><xref
              href="perfmon_axi.xml#perfmon_client/table_DRAMPPFCNTH_-_DRAM_Port_Full_Beat_Perfor_9jka9ge5o">DRAMPPFCNTH</xref></p>
            </address-details>
          </register-reference>

          <register-reference audience="MSCCInternal">
            <address>0x50</address>

            <addr-element>
              <addr-mnemonic>PPPCNTL[x]</addr-mnemonic>

              <instances>
                <instance>
                  <instance-start>0</instance-start>

                  <instance-stop>3</instance-stop>
                </instance>
              </instances>
            </addr-element>

            <address-details>
              <p><xref
              href="perfmon_axi.xml#perfmon_client/table_DRAMPPPCNTL_-_DRAM_Port_Partial_Beat_Per_ajka9h72c">DRAMPPPCNTL</xref></p>
            </address-details>
          </register-reference>

          <register-reference audience="MSCCInternal">
            <address>0x60</address>

            <addr-element>
              <addr-mnemonic>PPPCNTH[x]</addr-mnemonic>

              <instances>
                <instance>
                  <instance-start>0</instance-start>

                  <instance-stop>3</instance-stop>
                </instance>
              </instances>
            </addr-element>

            <address-details>
              <p><xref
              href="perfmon_axi.xml#perfmon_client/table_DRAMPPPCNTH_-_DRAM_Port_Partial_Beat_Per_bjka9hrjw">DRAMPPPCNTH</xref></p>
            </address-details>
          </register-reference>

          <register-reference audience="MSCCInternal">
            <address>0x100</address>

            <addr-element>
              <addr-mnemonic>PADDRRANGEU[x]</addr-mnemonic>

              <instances>
                <instance>
                  <instance-start>0</instance-start>

                  <instance-stop>3</instance-stop>
                </instance>
              </instances>
            </addr-element>

            <address-details>
              <p><xref
              href="perfmon_axi.xml#perfmon_client/table_DRAMPADDRRANGEU_-_DRAM_Port_Port_Address_0jkit2hcy">DRAMPADDRRANGEU</xref></p>
            </address-details>
          </register-reference>

          <register-reference audience="MSCCInternal">
            <address>0x110</address>

            <addr-element>
              <addr-mnemonic>PADDRRANGEL[x]</addr-mnemonic>

              <instances>
                <instance>
                  <instance-start>0</instance-start>

                  <instance-stop>3</instance-stop>
                </instance>
              </instances>
            </addr-element>

            <address-details>
              <p><xref
              href="perfmon_axi.xml#perfmon_client/table_DRAMPADDRRANGEL_-_DRAM_Port_Port_Address_1jkit3agx">DRAMPADDRRANGEL</xref></p>
            </address-details>
          </register-reference>

          <register-reference audience="MSCCInternal">
            <address>0x200</address>

            <addr-element>
              <addr-mnemonic>ILECCCFG0</addr-mnemonic>
            </addr-element>

            <address-details>
              <p><xref
              href="perfmon_axi.xml#perfmon_client/table_ILECCCFG0_-_Inline_ECC_Config_0_1ejx49yk2t">ILECCCFG0</xref></p>
            </address-details>
          </register-reference>

          <register-reference audience="MSCCInternal">
            <address>0x204</address>

            <addr-element>
              <addr-mnemonic>ILECCCFG1</addr-mnemonic>
            </addr-element>

            <address-details>
              <p><xref
              href="perfmon_axi.xml#perfmon_client/table_ILECCCFG1_-_Inline_ECC_Control_1_7jx3pv9en">ILECCCFG1</xref></p>
            </address-details>
          </register-reference>

          <register-reference>
            <address>0x210</address>

            <addr-element>
              <addr-mnemonic>ILECCCERRSTS</addr-mnemonic>
            </addr-element>

            <address-details>
              <p><xref
              href="perfmon_axi.xml#perfmon_client/table_ILECCCERRSTS_-Inline_ECC_Correctable_Err_1djx3x1d4e">ILECCCERRSTS</xref></p>
            </address-details>
          </register-reference>

          <register-reference>
            <address>0x214</address>

            <addr-element>
              <addr-mnemonic>ILECCCERRMSK</addr-mnemonic>
            </addr-element>

            <address-details>
              <p><xref
              href="perfmon_axi.xml#perfmon_client/table_ILECCCERRMSK_-Inline_ECC_Correctable_Err_cjx3tn7fa">ILECCCERRMSK</xref></p>
            </address-details>
          </register-reference>

          <register-reference>
            <address>0x218</address>

            <addr-element>
              <addr-mnemonic>ILECCCERRSWTGR</addr-mnemonic>
            </addr-element>

            <address-details>
              <p><xref
              href="perfmon_axi.xml#perfmon_client/table_ILECCCERRSWTGR_-Inline_ECC_Correctable_E_djx3tno6f">ILECCCERRSWTGR</xref></p>
            </address-details>
          </register-reference>

          <register-reference>
            <address>0x21C</address>

            <addr-element>
              <addr-mnemonic>ILECCCERRSTS1</addr-mnemonic>
            </addr-element>

            <address-details>
              <p><xref
              href="perfmon_axi.xml#perfmon_client/table_ILECCCERRSTS1_-_Inline_ECC_Corrected_Err_1jy6ysj5k">ILECCCERRSTS1</xref></p>
            </address-details>
          </register-reference>

          <register-reference>
            <address>0x220</address>

            <addr-element>
              <addr-mnemonic>ILECCCERRMSK1</addr-mnemonic>
            </addr-element>

            <address-details>
              <p><xref
              href="perfmon_axi.xml#perfmon_client/table_ILECCCERRMSK1_-_Inline_ECC_Corrected_Err_3jy6yz5r1">ILECCCERRMSK1</xref></p>
            </address-details>
          </register-reference>

          <register-reference audience="MSCCInternal">
            <address>0x224</address>

            <addr-element>
              <addr-mnemonic>ILECCCERRSWTGR1</addr-mnemonic>
            </addr-element>

            <address-details>
              <p><xref
              href="perfmon_axi.xml#perfmon_client/table_ILECCCERRSWTGR1_-_Inline_ECC_Corrected_E_2jy6ywtth">ILECCCERRSWTGR1</xref></p>
            </address-details>
          </register-reference>

          <register-reference>
            <address>0x228</address>

            <addr-element>
              <addr-mnemonic>ILECCUCERRSTS</addr-mnemonic>
            </addr-element>

            <address-details>
              <p><xref
              href="perfmon_axi.xml#perfmon_client/table_ILECCUCERRSTS_-_Inline_ECC_Uncorrectable_0jy0dhtuu">ILECCUCERRSTS</xref></p>
            </address-details>
          </register-reference>

          <register-reference>
            <address>0x22C</address>

            <addr-element>
              <addr-mnemonic>ILECCUCERRMSK</addr-mnemonic>
            </addr-element>

            <address-details>
              <p><xref
              href="perfmon_axi.xml#perfmon_client/table_ILECCUCERRMSK_-_Inline_ECC_Uncorrectable_1jy0djqei">ILECCUCERRMSK</xref></p>
            </address-details>
          </register-reference>

          <register-reference>
            <address>0x230</address>

            <addr-element>
              <addr-mnemonic>ILECCUCERRSWTGR</addr-mnemonic>
            </addr-element>

            <address-details>
              <p><xref
              href="perfmon_axi.xml#perfmon_client/table_ILECCUCERRSWTGR_-_Inline_ECC_Uncorrectab_2jy0dlwin">ILECCUCERRSWTGR</xref></p>
            </address-details>
          </register-reference>

          <register-reference>
            <address>0x234</address>

            <addr-element>
              <addr-mnemonic>ILECCUCERRSTS1</addr-mnemonic>
            </addr-element>

            <address-details>
              <p><xref
              href="perfmon_axi.xml#perfmon_client/table_ILECCUCERRSTS1_-_Inline_ECC_Uncorrected__4jy6z7j5o">ILECCUCERRSTS1</xref></p>
            </address-details>
          </register-reference>

          <register-reference>
            <address>0x238</address>

            <addr-element>
              <addr-mnemonic>ILECCUCERRMSK1</addr-mnemonic>
            </addr-element>

            <address-details>
              <p><xref
              href="perfmon_axi.xml#perfmon_client/table_ILECCUCERRMSK1_-_Inline_ECC_Uncorrected__5jy6z86zi">ILECCUCERRMSK1</xref></p>
            </address-details>
          </register-reference>

          <register-reference audience="MSCCInternal">
            <address>0x23C</address>

            <addr-element>
              <addr-mnemonic>ILECCUCERRSWTGR1</addr-mnemonic>
            </addr-element>

            <address-details>
              <p><xref
              href="perfmon_axi.xml#perfmon_client/table_ILECCCERRSWTGR1_-_Inline_ECC_Uncorrected_6jy6zadh9">ILECCUCERRSWTGR1</xref></p>
            </address-details>
          </register-reference>

          <register-reference>
            <address>0x250</address>

            <addr-element>
              <addr-mnemonic>ILECCERRA0</addr-mnemonic>
            </addr-element>

            <address-details>
              <p><xref
              href="perfmon_axi.xml#perfmon_client/table_ILECCERRA0_-Inline_ECC_Error_Address_0_kjx3ud8p0">ILECCERRA0</xref></p>
            </address-details>
          </register-reference>

          <register-reference>
            <address>0x254</address>

            <addr-element>
              <addr-mnemonic>ILECCERRA1</addr-mnemonic>
            </addr-element>

            <address-details>
              <p><xref
              href="perfmon_axi.xml#perfmon_client/table_ILECCERRA1_-Inline_ECC_Error_Address_1_ljx3udnho">ILECCERRA1</xref></p>
            </address-details>
          </register-reference>

          <register-reference>
            <address>0x258</address>

            <addr-element>
              <addr-mnemonic>ILECCERRD0</addr-mnemonic>
            </addr-element>

            <address-details>
              <p><xref
              href="perfmon_axi.xml#perfmon_client/table_ILECCERRD0_-Inline_ECC_Error_Data_0_mjx3wifyz">ILECCERRD0</xref></p>
            </address-details>
          </register-reference>

          <register-reference>
            <address>0x25c</address>

            <addr-element>
              <addr-mnemonic>ILECCERRD1</addr-mnemonic>
            </addr-element>

            <address-details>
              <p><xref
              href="perfmon_axi.xml#perfmon_client/table_ILECCERRD1_-Inline_ECC_Error_Data_1_10jx3wj1b8">ILECCERRD1</xref></p>
            </address-details>
          </register-reference>

          <register-reference>
            <address>0x260</address>

            <addr-element>
              <addr-mnemonic>ILECCERRD2</addr-mnemonic>
            </addr-element>

            <address-details>
              <p><xref
              href="perfmon_axi.xml#perfmon_client/table_ILECCERRD2_-Inline_ECC_Error_Data_2_11jx3wjgt1">ILECCERRD2</xref></p>
            </address-details>
          </register-reference>

          <register-reference>
            <address>0x264</address>

            <addr-element>
              <addr-mnemonic>ILECCERRD3</addr-mnemonic>
            </addr-element>

            <address-details>
              <p><xref
              href="perfmon_axi.xml#perfmon_client/table_ILECCERRD3_-Inline_ECC_Error_Data_3_12jx3wjw5h">ILECCERRD3</xref></p>
            </address-details>
          </register-reference>

          <register-reference>
            <address>0x268</address>

            <addr-element>
              <addr-mnemonic>ILECCERRD4</addr-mnemonic>
            </addr-element>

            <address-details>
              <p><xref
              href="perfmon_axi.xml#perfmon_client/table_ILECCERRD4_-Inline_ECC_Error_Data_4_13jx3wkbke">ILECCERRD4</xref></p>
            </address-details>
          </register-reference>

          <register-reference>
            <address>0x26c</address>

            <addr-element>
              <addr-mnemonic>ILECCERRD5</addr-mnemonic>
            </addr-element>

            <address-details>
              <p><xref
              href="perfmon_axi.xml#perfmon_client/table_ILECCERRD5_-Inline_ECC_Error_Data_5_14jx3wkqid">ILECCERRD5</xref></p>
            </address-details>
          </register-reference>

          <register-reference>
            <address>0x270</address>

            <addr-element>
              <addr-mnemonic>ILECCERRD6</addr-mnemonic>
            </addr-element>

            <address-details>
              <p><xref
              href="perfmon_axi.xml#perfmon_client/table_ILECCERRD6_-Inline_ECC_Error_Data_6_15jx3wl6pi">ILECCERRD6</xref></p>
            </address-details>
          </register-reference>

          <register-reference>
            <address>0x274</address>

            <addr-element>
              <addr-mnemonic>ILECCERRD7</addr-mnemonic>
            </addr-element>

            <address-details>
              <p><xref
              href="perfmon_axi.xml#perfmon_client/table_ILECCERRD7_-Inline_ECC_Error_Data_7_16jx3wlm5r">ILECCERRD7</xref></p>
            </address-details>
          </register-reference>

          <register-reference>
            <address>0x280</address>

            <addr-element>
              <addr-mnemonic>ILECCERRCHK</addr-mnemonic>
            </addr-element>

            <address-details>
              <p><xref
              href="perfmon_axi.xml#perfmon_client/table_ILECCERRCHK_-Inline_ECC_Error_Check_17jx3wmmyx">ILECCERRCHK</xref></p>
            </address-details>
          </register-reference>

          <register-reference>
            <address>0x284</address>

            <addr-element>
              <addr-mnemonic>ILECCERRDS</addr-mnemonic>
            </addr-element>

            <address-details>
              <p><xref
              href="perfmon_axi.xml#perfmon_client/table_ILECCERRDS_-Inline_ECC_Error_Data_Select_18jx3wn56y">ILECCERRDS</xref></p>
            </address-details>
          </register-reference>

          <register-reference>
            <address>0x290</address>

            <addr-element>
              <addr-mnemonic>ILECCFERR</addr-mnemonic>
            </addr-element>

            <address-details>
              <p><xref
              href="perfmon_axi.xml#perfmon_client/table_ILECCFERR_-Inline_ECC_Force_True_Error_19jx3wpgb1">ILECCFERR</xref></p>
            </address-details>
          </register-reference>

          <register-reference audience="MSCCInternal">
            <address>0x2A0</address>

            <addr-element>
              <addr-mnemonic>ILECCDBGCTL0</addr-mnemonic>
            </addr-element>

            <address-details>
              <p><xref
              href="perfmon_axi.xml#perfmon_client/table_ILECCDBGCTL0_-_Inline_ECC_Debug_Control__0jyj1eyiz">ILECCDBGCTL0</xref></p>
            </address-details>
          </register-reference>

          <register-reference audience="MSCCInternal">
            <address>0x2A4</address>

            <addr-element>
              <addr-mnemonic>ILECCDBGSTS0</addr-mnemonic>
            </addr-element>

            <address-details>
              <p><xref
              href="perfmon_axi.xml#perfmon_client/table_ILECCDBGSTS0_-_Inline_ECC_Debug_Status_0_0jyj1bshw">ILECCDBGSTS0</xref></p>
            </address-details>
          </register-reference>

          <register-reference audience="MSCCInternal">
            <address>0x2B0</address>

            <addr-element>
              <addr-mnemonic>ILDBGUCERRSTS</addr-mnemonic>
            </addr-element>

            <address-details>
              <p><xref
              href="perfmon_axi.xml#perfmon_client/table_ILDBGUCERRSTS_-_Inline_ECC_DEBUG_Uncorre_0jy0cyati">ILDBGUCERRSTS</xref></p>
            </address-details>
          </register-reference>

          <register-reference audience="MSCCInternal">
            <address>0x2B4</address>

            <addr-element>
              <addr-mnemonic>ILDBGUCERRMSK</addr-mnemonic>
            </addr-element>

            <address-details>
              <p><xref
              href="perfmon_axi.xml#perfmon_client/table_ILDBGUCERRMSK_-_Inline_ECC_DEBUG_Uncorre_1jy0d1mc0">ILDBGUCERRMSK</xref></p>
            </address-details>
          </register-reference>

          <register-reference audience="MSCCInternal">
            <address>0x2B8</address>

            <addr-element>
              <addr-mnemonic>ILDBGUCERRSWTGR</addr-mnemonic>
            </addr-element>

            <address-details>
              <p><xref
              href="perfmon_axi.xml#perfmon_client/table_ILDBGUCERRSWTGR_-_Inline_ECC_DEBUG_Uncor_2jy0d1uc9">ILDBGUCERRSWTGR</xref></p>
            </address-details>
          </register-reference>

          <register-reference audience="MSCCInternal">
            <address>0x2C0</address>

            <addr-element>
              <addr-mnemonic>ILRAMECTL0[x]</addr-mnemonic>

              <instances>
                <instance>
                  <instance-start>0</instance-start>

                  <instance-stop>3</instance-stop>
                </instance>
              </instances>
            </addr-element>

            <address-details>
              <p><xref
              href="perfmon_axi.xml#perfmon_client/table_ILRAMECTL0_-_DRAM_Embedded_RAM_Error_Con_0jy70dn6r">ILRAMECTL0</xref></p>
            </address-details>
          </register-reference>

          <register-reference>
            <address>0x2D0</address>

            <addr-element>
              <addr-mnemonic>ILSBRCTL0</addr-mnemonic>
            </addr-element>

            <address-details>
              <p><xref
              href="perfmon_axi.xml#perfmon_client/table_ILSBRCTL0_-Inline_Scrubber_Control_0_1ajx3wpzv1">ILSBRCTL0</xref></p>
            </address-details>
          </register-reference>

          <register-reference>
            <address>0x2D4</address>

            <addr-element>
              <addr-mnemonic>ILSBRCTL1</addr-mnemonic>
            </addr-element>

            <address-details>
              <p><xref
              href="perfmon_axi.xml#perfmon_client/table_ILSBRCTL1_-Inline_Scrubber_Control_1_1bjx3wqgr2">ILSBRCTL1</xref></p>
            </address-details>
          </register-reference>

          <register-reference>
            <address>0x2D8</address>

            <addr-element>
              <addr-mnemonic>ILSBRSTS</addr-mnemonic>
            </addr-element>

            <address-details>
              <p><xref
              href="perfmon_axi.xml#perfmon_client/table_ILSBRSTS_-Inline_Scrubber_Status_1cjx3wrjbr">ILSBRSTS</xref></p>
            </address-details>
          </register-reference>

          <register-reference>
            <address>0x2E0</address>

            <addr-element>
              <addr-mnemonic>ILSBRADRS</addr-mnemonic>
            </addr-element>

            <address-details>
              <p><xref
              href="perfmon_axi.xml#perfmon_client/table_ILSBRADRS_-_Scrubber_Start_Address_4jyhx7k4s">ILSBRADRS</xref></p>
            </address-details>
          </register-reference>

          <register-reference>
            <address>0x2E4</address>

            <addr-element>
              <addr-mnemonic>ILSBRADRE</addr-mnemonic>
            </addr-element>

            <address-details>
              <p><xref
              href="perfmon_axi.xml#perfmon_client/table_ILSBRADRE_-_Scrubber_End_Address_5jyhx8m4d">ILSBRADRE</xref></p>
            </address-details>
          </register-reference>

          <register-reference>
            <address>0x2F0</address>

            <addr-element>
              <addr-mnemonic>DDRCTRL</addr-mnemonic>
            </addr-element>

            <address-details>
              <p><xref
              href="perfmon_axi.xml#perfmon_client/table_DDRCTRL_-_DDR_Controller_Control_0kgcppivb">DDRCTRL</xref></p>
            </address-details>
          </register-reference>

          <register-reference>
            <address>0x300</address>

            <addr-element>
              <addr-mnemonic>PERF_MON_DFI_SETTING</addr-mnemonic>
            </addr-element>

            <address-details>
              <p><xref
              href="perfmon_axi.xml#perfmon_client/table_PERF_MON_DFI_SETTING_-_DFI_Performance_M_15km6043cd">PERF_MON_DFI_SETTING</xref></p>
            </address-details>
          </register-reference>

          <register-reference>
            <address>0x304</address>

            <addr-element>
              <addr-mnemonic>PERF_MON_DFI_RANK_SELECT</addr-mnemonic>
            </addr-element>

            <address-details>
              <p><xref
              href="perfmon_axi.xml#perfmon_client/table_PERF_MON_DFI_RANK_SELECT_-_DFI_Performan_3kllq4ijz">PERF_MON_DFI_RANK_SELECT</xref></p>
            </address-details>
          </register-reference>

          <register-reference>
            <address>0x308</address>

            <addr-element>
              <addr-mnemonic>PERF_MON_DFI_RANK_VAL</addr-mnemonic>
            </addr-element>

            <address-details>
              <p><xref
              href="perfmon_axi.xml#perfmon_client/table_PERF_MON_DFI_RANK_VAL_-_DFI_Performance__6kllqvw1c">PERF_MON_DFI_RANK_VAL</xref></p>
            </address-details>
          </register-reference>

          <register-reference>
            <address>0x30C</address>

            <addr-element>
              <addr-mnemonic>PERF_MON_DFI_DDR5_RANK_SEL0</addr-mnemonic>
            </addr-element>

            <address-details>
              <p><xref
              href="perfmon_axi.xml#perfmon_client/table_PERF_MON_DFI_DDR5_RANK_SEL0_-_DFI_Perfor_5km0xm3v4">PERF_MON_DFI_DDR5_RANK_SEL0</xref></p>
            </address-details>
          </register-reference>

          <register-reference>
            <address>0x310</address>

            <addr-element>
              <addr-mnemonic>PERF_MON_DFI_DDR5_RANK_SEL1</addr-mnemonic>
            </addr-element>

            <address-details>
              <p><xref
              href="perfmon_axi.xml#perfmon_client/table_PERF_MON_DFI_DDR5_RANK_SEL1_-_DFI_Perfor_6km13fz3h">PERF_MON_DFI_DDR5_RANK_SEL1</xref></p>
            </address-details>
          </register-reference>

          <register-reference>
            <address>0x314</address>

            <addr-element>
              <addr-mnemonic>PERF_MON_DFI_DDR5_RANK_SEL2</addr-mnemonic>
            </addr-element>

            <address-details>
              <p><xref
              href="perfmon_axi.xml#perfmon_client/table_PERF_MON_DFI_DDR5_RANK_SEL2_-_DFI_Perfor_7km13g9rv">PERF_MON_DFI_DDR5_RANK_SEL2</xref></p>
            </address-details>
          </register-reference>

          <register-reference>
            <address>0x318</address>

            <addr-element>
              <addr-mnemonic>PERF_MON_DFI_COUNT_MODE_0</addr-mnemonic>
            </addr-element>

            <address-details>
              <p><xref
              href="perfmon_axi.xml#perfmon_client/table_PERF_MON_DFI_COUNT_MODE_0_-_DFI_Performa_xklm11dk6">PERF_MON_DFI_COUNT_MODE_0</xref></p>
            </address-details>
          </register-reference>

          <register-reference>
            <address>0x31C</address>

            <addr-element>
              <addr-mnemonic>PERF_MON_DFI_COUNT_MODE_1</addr-mnemonic>
            </addr-element>

            <address-details>
              <p><xref
              href="perfmon_axi.xml#perfmon_client/table_PERF_MON_DFI_COUNT_MODE_1_-_DFI_Performa_yklm13dpo">PERF_MON_DFI_COUNT_MODE_1</xref></p>
            </address-details>
          </register-reference>

          <register-reference>
            <address>0x320</address>

            <addr-element>
              <addr-mnemonic>PERF_MON_DFI_CMD_PRESET_EN</addr-mnemonic>
            </addr-element>

            <address-details>
              <p><xref
              href="perfmon_axi.xml#perfmon_client/table_PERF_MON_DFI_CMD_PRESET_EN_-_DFI_Perform_wklm0h3fv">PERF_MON_DFI_CMD_PRESET_EN</xref></p>
            </address-details>
          </register-reference>

          <register-reference>
            <address>0x330</address>

            <addr-element>
              <addr-mnemonic>PERF_MON_DFI_SPECIAL_REG_EN</addr-mnemonic>
            </addr-element>

            <address-details>
              <p><xref
              href="perfmon_axi.xml#perfmon_client/table_PERF_MON_DFI_SPECIAL_REG_EN_-_DFI_Perfor_5kllqjeza">PERF_MON_DFI_SPECIAL_REG_EN</xref></p>
            </address-details>
          </register-reference>

          <register-reference>
            <address>0x340</address>

            <addr-element>
              <addr-mnemonic>PERF_MON_DFI_PRESET_VALUE[x]</addr-mnemonic>

              <instances>
                <instance>
                  <instance-start>0</instance-start>

                  <instance-stop>22</instance-stop>
                </instance>
              </instances>
            </addr-element>

            <address-details>
              <p><xref
              href="perfmon_axi.xml#perfmon_client/table_PERF_MON_DFI_PRESET_VALUE_-_DFI_Performa_13klmno8rq">PERF_MON_DFI_PRESET_VALUE</xref></p>
            </address-details>
          </register-reference>

          <register-reference>
            <address>0x3C0</address>

            <addr-element>
              <addr-mnemonic>PERF_MON_DFI_CMD_EN_VALUE[x]</addr-mnemonic>

              <instances>
                <instance>
                  <instance-start>0</instance-start>

                  <instance-stop>15</instance-stop>
                </instance>
              </instances>
            </addr-element>

            <address-details>
              <p><xref
              href="perfmon_axi.xml#perfmon_client/table_PERF_MON_DFI_CMD_EN_VALUE_-_DFI_Performa_11klm2omyg">PERF_MON_DFI_CMD_EN_VALUE</xref></p>
            </address-details>
          </register-reference>

          <register-reference>
            <address>0x420</address>

            <addr-element>
              <addr-mnemonic>PERF_MON_DFI_CMD_COUNT[x]</addr-mnemonic>

              <instances>
                <instance>
                  <instance-start>0</instance-start>

                  <instance-stop>22</instance-stop>
                </instance>
              </instances>
            </addr-element>

            <address-details>
              <p><xref
              href="perfmon_axi.xml#perfmon_client/table_PERF_MON_DFI_CMD_COUNT_-_DFI_Performance_zklm1arj1">PERF_MON_DFI_CMD_COUNT</xref></p>
            </address-details>
          </register-reference>

          <register-reference>
            <address>0x4B0</address>

            <addr-element>
              <addr-mnemonic>PERF_MON_DFI_CMD_COUNT_CH1[x]</addr-mnemonic>

              <instances>
                <instance>
                  <instance-start>0</instance-start>

                  <instance-stop>22</instance-stop>
                </instance>
              </instances>
            </addr-element>

            <address-details>
              <p><xref
              href="perfmon_axi.xml#perfmon_client/table_PERF_MON_DFI_CMD_COUNT_CH1_-_DFI_Perform_10klm1fcwl">PPERF_MON_DFI_CMD_COUNT_CH1</xref></p>
            </address-details>
          </register-reference>

          <register-reference>
            <address>0x540</address>

            <addr-element>
              <addr-mnemonic>DFI_HIST_BUF_CONFIG</addr-mnemonic>
            </addr-element>

            <address-details>
              <p><xref
              href="perfmon_axi.xml#perfmon_client/table_DFI_HIST_BUF_CONFIG_-_DFI_Performance_Mo_0klmuoook">DFI_HIST_BUF_CONFIG</xref></p>
            </address-details>
          </register-reference>

          <register-reference>
            <address>0x550</address>

            <addr-element>
              <addr-mnemonic>DFI_HIST_BUF[x]</addr-mnemonic>

              <instances>
                <instance>
                  <instance-start>0</instance-start>

                  <instance-stop>31</instance-stop>
                </instance>
              </instances>
            </addr-element>

            <address-details>
              <p><xref
              href="perfmon_axi.xml#perfmon_client/table_DFI_HIST_BUF_-_DFI_Performance_Monitor_H_1klmuvnqz">DFI_HIST_BUF</xref></p>
            </address-details>
          </register-reference>

          <register-reference>
            <address>0x5D0</address>

            <addr-element>
              <addr-mnemonic>DFI_HIST_BUF_CH1[x]</addr-mnemonic>

              <instances>
                <instance>
                  <instance-start>0</instance-start>

                  <instance-stop>31</instance-stop>
                </instance>
              </instances>
            </addr-element>

            <address-details>
              <p><xref
              href="perfmon_axi.xml#perfmon_client/table_DFI_HIST_BUF_CH1_-_DFI_Performance_Monit_2klmvbcl6">DFI_HIST_BUF_CH1</xref></p>
            </address-details>
          </register-reference>

          <register-reference>
            <address>0x650</address>

            <addr-element>
              <addr-mnemonic>CTRL_PERF_MON_SETTING</addr-mnemonic>
            </addr-element>

            <address-details>
              <p><xref
              href="perfmon_axi.xml#perfmon_client/table_CTRL_PERF_MON_SETTING_-_Controller_Perfo_1akm619kqe">CTRL_PERF_MON_SETTING</xref></p>
            </address-details>
          </register-reference>

          <register-reference>
            <address>0x654</address>

            <addr-element>
              <addr-mnemonic>CTRL_MON_CONFIG0</addr-mnemonic>
            </addr-element>

            <address-details>
              <p><xref
              href="perfmon_axi.xml#perfmon_client/table_CTRL_MON_CONFIG0_-_Controller_Performanc_okm5x2gfl">CTRL_MON_CONFIG0</xref></p>
            </address-details>
          </register-reference>

          <register-reference>
            <address>0x658</address>

            <addr-element>
              <addr-mnemonic>CTRL_MON_CONFIG1</addr-mnemonic>
            </addr-element>

            <address-details>
              <p><xref
              href="perfmon_axi.xml#perfmon_client/table_CTRL_MON_CONFIG1_-_Controller_Performanc_pkm5x45a7">CTRL_MON_CONFIG1</xref></p>
            </address-details>
          </register-reference>

          <register-reference>
            <address>0x65C</address>

            <addr-element>
              <addr-mnemonic>CTRL_MON_MASK</addr-mnemonic>
            </addr-element>

            <address-details>
              <p><xref
              href="perfmon_axi.xml#perfmon_client/table_CTRL_MON_MASK_-_Controller_Monitor_Mask_0kmbap7wu">CTRL_MON_MASK</xref></p>
            </address-details>
          </register-reference>

          <register-reference>
            <address>0x660</address>

            <addr-element>
              <addr-mnemonic>CTRL_MON_PRESET</addr-mnemonic>
            </addr-element>

            <address-details>
              <p><xref
              href="perfmon_axi.xml#perfmon_client/table_CTRL_MON_PRESET_-_Controller_Monitor_Pre_qkm5x5uy7">CTRL_MON_PRESET</xref></p>
            </address-details>
          </register-reference>

          <register-reference>
            <address>0x664</address>

            <addr-element>
              <addr-mnemonic>CTRL_MON_0_STATUS</addr-mnemonic>
            </addr-element>

            <address-details>
              <p><xref
              href="perfmon_axi.xml#perfmon_client/table_CTRL_MON_0_STATUS_-_Controller_Monitor_0_rkm5x8ojh">CTRL_MON_0_STATUS</xref></p>
            </address-details>
          </register-reference>

          <register-reference>
            <address>0x668</address>

            <addr-element>
              <addr-mnemonic>CTRL_MON_1_STATUS</addr-mnemonic>
            </addr-element>

            <address-details>
              <p><xref
              href="perfmon_axi.xml#perfmon_client/table_CTRL_MON_1_STATUS_-_Controller_Monitor_1_skm5xaka9">CTRL_MON_1_STATUS</xref></p>
            </address-details>
          </register-reference>

          <register-reference>
            <address>0x66C</address>

            <addr-element>
              <addr-mnemonic>CTRL_MON_2_STATUS</addr-mnemonic>
            </addr-element>

            <address-details>
              <p><xref
              href="perfmon_axi.xml#perfmon_client/table_CTRL_MON_2_STATUS_-_Controller_Monitor_2_tkm5xe54s">CTRL_MON_2_STATUS</xref></p>
            </address-details>
          </register-reference>

          <register-reference>
            <address>0x670</address>

            <addr-element>
              <addr-mnemonic>CTRL_MON_3_STATUS</addr-mnemonic>
            </addr-element>

            <address-details>
              <p><xref
              href="perfmon_axi.xml#perfmon_client/table_CTRL_MON_3_STATUS_-_Controller_Monitor_3_ukm5xeqxh">CTRL_MON_3_STATUS</xref></p>
            </address-details>
          </register-reference>

          <register-reference>
            <address>0x674</address>

            <addr-element>
              <addr-mnemonic>CTRL_MON_4_STATUS</addr-mnemonic>
            </addr-element>

            <address-details>
              <p><xref
              href="perfmon_axi.xml#perfmon_client/table_CTRL_MON_4_STATUS_-_Controller_Monitor_4_vkm5xfg4o">CTRL_MON_4_STATUS</xref></p>
            </address-details>
          </register-reference>

          <register-reference>
            <address>0x678</address>

            <addr-element>
              <addr-mnemonic>CTRL_MON_5_STATUS</addr-mnemonic>
            </addr-element>

            <address-details>
              <p><xref
              href="perfmon_axi.xml#perfmon_client/table_CTRL_MON_5_STATUS_-_Controller_Monitor_0_18km60wv78">CTRL_MON_5_STATUS</xref></p>
            </address-details>
          </register-reference>

          <register-reference>
            <address>0x67C</address>

            <addr-element>
              <addr-mnemonic>CTRL_MON_6_STATUS</addr-mnemonic>
            </addr-element>

            <address-details>
              <p><xref
              href="perfmon_axi.xml#perfmon_client/table_CONTROLLER_MONITOR_6_STATUS_-_Controller_dkm5pyckl">CTRL_MON_6_STATUS</xref></p>
            </address-details>
          </register-reference>

          <register-reference>
            <address>0x680</address>

            <addr-element>
              <addr-mnemonic>CTRL_MON_7_STATUS</addr-mnemonic>
            </addr-element>

            <address-details>
              <p><xref
              href="perfmon_axi.xml#perfmon_client/table_CTRL_MON_7_STATUS_-_Controller_Monitor_7_1kmpl2mgx">CTRL_MON_7_STATUS</xref></p>
            </address-details>
          </register-reference>

          <register-reference>
            <address>0x684</address>

            <addr-element>
              <addr-mnemonic>BUS_UTIL_RESULT</addr-mnemonic>
            </addr-element>

            <address-details>
              <p><xref
              href="perfmon_axi.xml#perfmon_client/table_BUS_UTIL_RESULT_-_BUS_UTIL_RESULT_1kmpl2isl">BUS_UTIL_RESULT</xref></p>
            </address-details>
          </register-reference>

          <register-reference>
            <address>0x688</address>

            <addr-element>
              <addr-mnemonic>BUS_UTIL_WR_COUNT</addr-mnemonic>
            </addr-element>

            <address-details>
              <p><xref
              href="perfmon_axi.xml#perfmon_client/table_BUS_UTIL_WR_COUNT_-_BUS_UTIL_WR_COUNT_1umjl2tud">BUS_UTIL_WR_COUNT</xref></p>
            </address-details>
          </register-reference>

          <register-reference>
            <address>0x68C</address>

            <addr-element>
              <addr-mnemonic>BUS_UTIL_WR_COUNT_DCH1</addr-mnemonic>
            </addr-element>

            <address-details>
              <p><xref
              href="perfmon_axi.xml#perfmon_client/table_BUS_UTIL_WR_COUNT_DCH1_-_BUS_UTIL_WR_COUNT_DCH1_1uhjl2ird">BUS_UTIL_WR_COUNT_DCH1</xref></p>
            </address-details>
          </register-reference>

          <register-reference>
            <address>0x690</address>

            <addr-element>
              <addr-mnemonic>BUS_UTIL_RD_COUNT</addr-mnemonic>
            </addr-element>

            <address-details>
              <p><xref
              href="perfmon_axi.xml#perfmon_client/table_BUS_UTIL_RD_COUNT_-_BUS_UTIL_RD_COUNT_1imjy2trd">BUS_UTIL_RD_COUNT</xref></p>
            </address-details>
          </register-reference>

          <register-reference>
            <address>0x694</address>

            <addr-element>
              <addr-mnemonic>BUS_UTIL_RD_COUNT_DCH1</addr-mnemonic>
            </addr-element>

            <address-details>
              <p><xref
              href="perfmon_axi.xml#perfmon_client/table_BUS_UTIL_RD_COUNT_DCH1_-_BUS_UTIL_RD_COUNT_DCH1_1iljy2odd">BUS_UTIL_RD_COUNT_DCH1</xref></p>
            </address-details>
          </register-reference>

          <register-reference>
            <address>0x698</address>

            <addr-element>
              <addr-mnemonic>BUS_UTIL_SETTING</addr-mnemonic>
            </addr-element>

            <address-details>
              <p><xref
              href="perfmon_axi.xml#perfmon_client/table_BUS_UTIL_SETTING_-_BUS_UTIL_SETTING_1iroy2tpl">BUS_UTIL_SETTING</xref></p>
            </address-details>
          </register-reference>

          <register-reference>
            <address>0x69C</address>

            <addr-element>
              <addr-mnemonic>BUS_UTIL_TOTAL_CYCLE</addr-mnemonic>
            </addr-element>

            <address-details>
              <p><xref
              href="perfmon_axi.xml#perfmon_client/table_BUS_UTIL_TOTAL_CYCLE_-_BUS_UTIL_TOTAL_CYCLE_1prfy2tzu">BUS_UTIL_TOTAL_CYCLE</xref></p>
            </address-details>
          </register-reference>

          <register-reference>
            <address>0x6A0</address>

            <addr-element>
              <addr-mnemonic>BUS_UTIL_THRESHOLD</addr-mnemonic>
            </addr-element>

            <address-details>
              <p><xref
              href="perfmon_axi.xml#perfmon_client/table_BUS_UTIL_THRESHOLD_-_BUS_UTIL_THRESHOLD_1pwge2eml">BUS_UTIL_THRESHOLD</xref></p>
            </address-details>
          </register-reference>

          <register-reference>
            <address>0x6A4</address>

            <addr-element>
              <addr-mnemonic>BUS_UTIL_INT</addr-mnemonic>
            </addr-element>

            <address-details>
              <p><xref
              href="perfmon_axi.xml#perfmon_client/table_BUS_UTIL_INT_-_BUS_UTIL_INT_1powe2rml">BUS_UTIL_INT</xref></p>
            </address-details>
          </register-reference>

          <register-reference>
            <address>0x6A8</address>

            <addr-element>
              <addr-mnemonic>BANK_UTIL_RESULT</addr-mnemonic>
            </addr-element>

            <address-details>
              <p><xref
              href="perfmon_axi.xml#perfmon_client/table_BANK_UTIL_RESULT_-_BANK_UTIL_RESULT_1wput2eph">BANK_UTIL_RESULT</xref></p>
            </address-details>
          </register-reference>

          <register-reference>
            <address>0x6AC</address>

            <addr-element>
              <addr-mnemonic>BANK_UTIL_BANKNUM</addr-mnemonic>
            </addr-element>

            <address-details>
              <p><xref
              href="perfmon_axi.xml#perfmon_client/table_BANK_UTIL_BANKNUM_-_BANK_UTIL_BANKNUM_1dpdu2qoq">BANK_UTIL_BANKNUM</xref></p>
            </address-details>
          </register-reference>

          <register-reference>
            <address>0x6B0</address>

            <addr-element>
              <addr-mnemonic>BANK_UTIL_WR_RD_COUNT</addr-mnemonic>
            </addr-element>

            <address-details>
              <p><xref
              href="perfmon_axi.xml#perfmon_client/table_BANK_UTIL_WR_RD_COUNT_-_BANK_UTIL_WR_RD_COUNT_1qyvn2her">BANK_UTIL_WR_RD_COUNT</xref></p>
            </address-details>
          </register-reference>

          <register-reference>
            <address>0x6B4</address>

            <addr-element>
              <addr-mnemonic>BANK_UTIL_WR_RD_COUNT_DCH1</addr-mnemonic>
            </addr-element>

            <address-details>
              <p><xref
              href="perfmon_axi.xml#perfmon_client/table_BANK_UTIL_WR_RD_COUNT_DCH1_-_BANK_UTIL_WR_RD_COUNT_DCH1_1qngn2her">BANK_UTIL_WR_RD_COUNT_DCH1</xref></p>
            </address-details>
          </register-reference>

          <register-reference>
            <address>0x6B8</address>

            <addr-element>
              <addr-mnemonic>BANK_UTIL_SETTING</addr-mnemonic>
            </addr-element>

            <address-details>
              <p><xref
              href="perfmon_axi.xml#perfmon_client/table_BANK_UTIL_SETTING_-_BANK_UTIL_SETTING_1oigq2rek">BANK_UTIL_SETTING</xref></p>
            </address-details>
          </register-reference>

          <register-reference>
            <address>0x6BC</address>

            <addr-element>
              <addr-mnemonic>BANK_UTIL_TOTAL_CYCLE</addr-mnemonic>
            </addr-element>

            <address-details>
              <p><xref
              href="perfmon_axi.xml#perfmon_client/table_BANK_UTIL_TOTAL_CYCLE_-_BANK_UTIL_TOTAL_CYCLE_1lssq2mjh">BANK_UTIL_TOTAL_CYCLE</xref></p>
            </address-details>
          </register-reference>

          <register-reference>
            <address>0x6C0</address>

            <addr-element>
              <addr-mnemonic>BUS_UTIL_WR_COUNT_SETTINGS</addr-mnemonic>
            </addr-element>

            <address-details>
              <p><xref
              href="perfmon_axi.xml#perfmon_client/table_BUS_UTIL_WR_COUNT_SETTINGS_-_BUS_UTIL_WR_COUNT_SETTINGS_1qwkq2vhh">BUS_UTIL_WR_COUNT_SETTINGS</xref></p>
            </address-details>
          </register-reference>

          <register-reference>
            <address>0x6C4</address>

            <addr-element>
              <addr-mnemonic>BUS_UTIL_WR_COUNT_PRESET_VAL</addr-mnemonic>
            </addr-element>

            <address-details>
              <p><xref
              href="perfmon_axi.xml#perfmon_client/table_BUS_UTIL_WR_COUNT_PRESET_VAL_-_BUS_UTIL_WR_COUNT_PRESET_VAL_1ymdq2hwi">BUS_UTIL_WR_COUNT_PRESET_VAL</xref></p>
            </address-details>
          </register-reference>

          <register-reference>
            <address>0x6C8</address>

            <addr-element>
              <addr-mnemonic>BUS_UTIL_RD_COUNT_SETTINGS</addr-mnemonic>
            </addr-element>

            <address-details>
              <p><xref
              href="perfmon_axi.xml#perfmon_client/table_BUS_UTIL_RD_COUNT_SETTINGS_-_BUS_UTIL_RD_COUNT_SETTINGS_1ewqh2elh">BUS_UTIL_RD_COUNT_SETTINGS</xref></p>
            </address-details>
          </register-reference>

          <register-reference>
            <address>0x6CC</address>

            <addr-element>
              <addr-mnemonic>BUS_UTIL_RD_COUNT_PRESET_VAL</addr-mnemonic>
            </addr-element>

            <address-details>
              <p><xref
              href="perfmon_axi.xml#perfmon_client/table_BUS_UTIL_RD_COUNT_PRESET_VAL_-_BUS_UTIL_RD_COUNT_PRESET_VAL_1vusd2lsi">BUS_UTIL_RD_COUNT_PRESET_VAL</xref></p>
            </address-details>
          </register-reference>

          <register-reference>
            <address>0x6D0</address>

            <addr-element>
              <addr-mnemonic>BANK_UTIL_WR_RD_COUNT_SETTINGS</addr-mnemonic>
            </addr-element>

            <address-details>
              <p><xref
              href="perfmon_axi.xml#perfmon_client/table_BANK_UTIL_WR_RD_COUNT_SETTINGS_-_BANK_UTIL_WR_RD_COUNT_SETTINGS_1ueme2hrh">BANK_UTIL_WR_RD_COUNT_SETTINGS</xref></p>
            </address-details>
          </register-reference>

          <register-reference>
            <address>0x6D4</address>

            <addr-element>
              <addr-mnemonic>BANK_UTIL_WR_RD_COUNT_PRESET_VAL</addr-mnemonic>
            </addr-element>

            <address-details>
              <p><xref
              href="perfmon_axi.xml#perfmon_client/table_BANK_UTIL_WR_RD_COUNT_PRESET_VAL_-_BANK_UTIL_WR_RD_COUNT_PRESET_VAL_1xliq2wpo">BANK_UTIL_WR_RD_COUNT_PRESET_VAL</xref></p>
            </address-details>
          </register-reference>

        </address-map>
      </tgroup>
    </table>
  </body>
</topic>
