<?xml version="1.0" encoding="UTF-8"?>
<!-- Date Stamp: Thu Sep 22 11:48:54 PDT 2022 -->
<!DOCTYPE topic PUBLIC "-//OASIS//DTD DITA 1.2 Topic//EN" "topic.dtd">
<topic base="base" id="CW_addr">
<title>CW Register Map</title>
<body>
<p/>
<table id="CW_addr_table_00">
<title>CW Register Map Table</title>
<tgroup cols="3">
<colspec colwidth="148*"/>
<colspec colwidth="218*"/>
<colspec colwidth="634*"/>
<thead>
<row>
<entry><p>Offset Address</p></entry>
<entry><p>Register Mnemonic </p></entry>
<entry><p>Register Description </p></entry>
</row>
</thead>
<address-map>

<register-reference>
    <address>0x00000</address>
    <addr-element>
    <addr-mnemonic>DECERREN</addr-mnemonic>
    </addr-element>

    <address-details>
        <p><xref href="pm20_60_1027_reg_reg.xml#CW/table_DECERREN_CW">DECERREN</xref></p>
    </address-details>
</register-reference>

<register-reference>
    <address>0x00004</address>
    <addr-element>
    <addr-mnemonic>INTCONFIG</addr-mnemonic>
    </addr-element>

    <address-details>
        <p><xref href="pm20_60_1027_reg_reg.xml#CW/table_INTCONFIG_CW">INTCONFIG</xref></p>
    </address-details>
</register-reference>

<register-reference>
    <address>0x00010</address>
    <addr-element>
    <addr-mnemonic>MD5RESET</addr-mnemonic>
    </addr-element>

    <address-details>
        <p><xref href="pm20_60_1027_reg_reg.xml#CW/table_MD5RESET_CW">MD5RESET</xref></p>
    </address-details>
</register-reference>

<register-reference>
    <address>0x00014</address>
    <addr-element>
    <addr-mnemonic>MD5READCFG</addr-mnemonic>
    </addr-element>

    <address-details>
        <p><xref href="pm20_60_1027_reg_reg.xml#CW/table_MD5READCFG_CW">MD5READCFG</xref></p>
    </address-details>
</register-reference>

<register-reference>
    <address>0x00018</address>
    <addr-element>
    <addr-mnemonic>MD5RDINTEN</addr-mnemonic>
    </addr-element>

    <address-details>
        <p><xref href="pm20_60_1027_reg_reg.xml#CW/table_MD5RDINTEN_CW">MD5RDINTEN</xref></p>
    </address-details>
</register-reference>

<register-reference>
    <address>0x0001C</address>
    <addr-element>
    <addr-mnemonic>MD5CINTEN</addr-mnemonic>
    </addr-element>

    <address-details>
        <p><xref href="pm20_60_1027_reg_reg.xml#CW/table_MD5CINTEN_CW">MD5CINTEN</xref></p>
    </address-details>
</register-reference>

<register-reference>
    <address>0x00020</address>
    <addr-element>
    <addr-mnemonic>MD5RDINT</addr-mnemonic>
    </addr-element>

    <address-details>
        <p><xref href="pm20_60_1027_reg_reg.xml#CW/table_MD5RDINT_CW">MD5RDINT</xref></p>
    </address-details>
</register-reference>

<register-reference>
    <address>0x00024</address>
    <addr-element>
    <addr-mnemonic>COMPINT</addr-mnemonic>
    </addr-element>

    <address-details>
        <p><xref href="pm20_60_1027_reg_reg.xml#CW/table_COMPINT_CW">COMPINT</xref></p>
    </address-details>
</register-reference>

<register-reference>
    <address>0x00028</address>
    <addr-element>
    <addr-mnemonic>MD5RDACTIV</addr-mnemonic>
    </addr-element>

    <address-details>
        <p><xref href="pm20_60_1027_reg_reg.xml#CW/table_MD5RDACTIV_CW">MD5RDACTIV</xref></p>
    </address-details>
</register-reference>

<register-reference>
    <address>0x0002C</address>
    <addr-element>
    <addr-mnemonic>MD5CTL</addr-mnemonic>
    </addr-element>

    <address-details>
        <p><xref href="pm20_60_1027_reg_reg.xml#CW/table_MD5CTL_CW">MD5CTL</xref></p>
    </address-details>
</register-reference>

<register-reference>
    <address>0x00030</address>
    <addr-element>
    <addr-mnemonic>MD5LENGTHL</addr-mnemonic>
    </addr-element>

    <address-details>
        <p><xref href="pm20_60_1027_reg_reg.xml#CW/table_MD5LENGTHL_CW">MD5LENGTHL</xref></p>
    </address-details>
</register-reference>

<register-reference>
    <address>0x00034</address>
    <addr-element>
    <addr-mnemonic>MD5LENGTHH</addr-mnemonic>
    </addr-element>

    <address-details>
        <p><xref href="pm20_60_1027_reg_reg.xml#CW/table_MD5LENGTHH_CW">MD5LENGTHH</xref></p>
    </address-details>
</register-reference>

<register-reference>
    <address>0x00038</address>
    <addr-element>
    <addr-mnemonic>MD5MODE</addr-mnemonic>
    </addr-element>

    <address-details>
        <p><xref href="pm20_60_1027_reg_reg.xml#CW/table_MD5MODE_CW">MD5MODE</xref></p>
    </address-details>
</register-reference>

<register-reference>
    <address>0x00040</address>
    <addr-element>
    <addr-mnemonic>MD5BASEL</addr-mnemonic>
    </addr-element>

    <address-details>
        <p><xref href="pm20_60_1027_reg_reg.xml#CW/table_MD5BASEL_CW">MD5BASEL</xref></p>
    </address-details>
</register-reference>

<register-reference>
    <address>0x00044</address>
    <addr-element>
    <addr-mnemonic>MD5BASEH</addr-mnemonic>
    </addr-element>

    <address-details>
        <p><xref href="pm20_60_1027_reg_reg.xml#CW/table_MD5BASEH_CW">MD5BASEH</xref></p>
    </address-details>
</register-reference>

<register-reference>
    <address>0x00048</address>
    <addr-element>
    <addr-mnemonic>MD5BYTECNT</addr-mnemonic>
    </addr-element>

    <address-details>
        <p><xref href="pm20_60_1027_reg_reg.xml#CW/table_MD5BYTECNT_CW">MD5BYTECNT</xref></p>
    </address-details>
</register-reference>

<register-reference>
    <address>0x0004C</address>
    <addr-element>
    <addr-mnemonic>MD5CLKGATE</addr-mnemonic>
    </addr-element>

    <address-details>
        <p><xref href="pm20_60_1027_reg_reg.xml#CW/table_MD5CLKGATE_CW">MD5CLKGATE</xref></p>
    </address-details>
</register-reference>

<register-reference>
    <address>0x00050</address>
    <addr-element>
    <addr-mnemonic>MD5RSTSTAT</addr-mnemonic>
    </addr-element>

    <address-details>
        <p><xref href="pm20_60_1027_reg_reg.xml#CW/table_MD5RSTSTAT_CW">MD5RSTSTAT</xref></p>
    </address-details>
</register-reference>

<register-reference audience="MSCCInternal">
    <address>0x00054</address>
    <addr-element>
    <addr-mnemonic>MD5STAT</addr-mnemonic>
    </addr-element>

    <address-details>
        <p><xref href="pm20_60_1027_reg_reg.xml#CW/table_MD5STAT_CW">MD5STAT</xref></p>
    </address-details>
</register-reference>

<register-reference audience="MSCCInternal">
    <address>0x00058</address>
    <addr-element>
    <addr-mnemonic>SHASTATUS</addr-mnemonic>
    </addr-element>

    <address-details>
        <p><xref href="pm20_60_1027_reg_reg.xml#CW/table_SHASTATUS_CW">SHASTATUS</xref></p>
    </address-details>
</register-reference>

<register-reference>
    <address>0x0005C</address>
    <addr-element>
    <addr-mnemonic>MD5ERRADV</addr-mnemonic>
    </addr-element>

    <address-details>
        <p><xref href="pm20_60_1027_reg_reg.xml#CW/table_MD5ERRADV_CW">MD5ERRADV</xref></p>
    </address-details>
</register-reference>

<register-reference>
    <address>0x00060</address>
    <addr-element>
    <addr-mnemonic>MD5ERRCLR</addr-mnemonic>
    </addr-element>

    <address-details>
        <p><xref href="pm20_60_1027_reg_reg.xml#CW/table_MD5ERRCLR_CW">MD5ERRCLR</xref></p>
    </address-details>
</register-reference>

<register-reference>
    <address>0x00064</address>
    <addr-element>
    <addr-mnemonic>MD5ERRADDL</addr-mnemonic>
    </addr-element>

    <address-details>
        <p><xref href="pm20_60_1027_reg_reg.xml#CW/table_MD5ERRADDL_CW">MD5ERRADDL</xref></p>
    </address-details>
</register-reference>

<register-reference>
    <address>0x00068</address>
    <addr-element>
    <addr-mnemonic>MD5ERRADDH</addr-mnemonic>
    </addr-element>

    <address-details>
        <p><xref href="pm20_60_1027_reg_reg.xml#CW/table_MD5ERRADDH_CW">MD5ERRADDH</xref></p>
    </address-details>
</register-reference>

<register-reference>
    <address>0x00070</address>
    <addr-element>
    <addr-mnemonic>PKARESET</addr-mnemonic>
    </addr-element>

    <address-details>
        <p><xref href="pm20_60_1027_reg_reg.xml#CW/table_PKARESET_CW">PKARESET</xref></p>
    </address-details>
</register-reference>

<register-reference>
    <address>0x00074</address>
    <addr-element>
    <addr-mnemonic>PKAMEINTEN</addr-mnemonic>
    </addr-element>

    <address-details>
        <p><xref href="pm20_60_1027_reg_reg.xml#CW/table_PKAMEINTEN_CW">PKAMEINTEN</xref></p>
    </address-details>
</register-reference>

<register-reference>
    <address>0x00078</address>
    <addr-element>
    <addr-mnemonic>PKACINTEN</addr-mnemonic>
    </addr-element>

    <address-details>
        <p><xref href="pm20_60_1027_reg_reg.xml#CW/table_PKACINTEN_CW">PKACINTEN</xref></p>
    </address-details>
</register-reference>

<register-reference>
    <address>0x0007C</address>
    <addr-element>
    <addr-mnemonic>PKAMEINT</addr-mnemonic>
    </addr-element>

    <address-details>
        <p><xref href="pm20_60_1027_reg_reg.xml#CW/table_PKAMEINT_CW">PKAMEINT</xref></p>
    </address-details>
</register-reference>

<register-reference>
    <address>0x00080</address>
    <addr-element>
    <addr-mnemonic>PKACOMPINT</addr-mnemonic>
    </addr-element>

    <address-details>
        <p><xref href="pm20_60_1027_reg_reg.xml#CW/table_PKACOMPINT_CW">PKACOMPINT</xref></p>
    </address-details>
</register-reference>

<register-reference>
    <address>0x00084</address>
    <addr-element>
    <addr-mnemonic>PKACLKGATE</addr-mnemonic>
    </addr-element>

    <address-details>
        <p><xref href="pm20_60_1027_reg_reg.xml#CW/table_PKACLKGATE_CW">PKACLKGATE</xref></p>
    </address-details>
</register-reference>

<register-reference>
    <address>0x00088</address>
    <addr-element>
    <addr-mnemonic>PKARAMCTL</addr-mnemonic>
    </addr-element>

    <address-details>
        <p><xref href="pm20_60_1027_reg_reg.xml#CW/table_PKARAMCTL_CW">PKARAMCTL</xref></p>
    </address-details>
</register-reference>

<register-reference audience="MSCCInternal">
    <address>0x0008C</address>
    <addr-element>
    <addr-mnemonic>PKAECCCTL</addr-mnemonic>
    </addr-element>

    <address-details>
        <p><xref href="pm20_60_1027_reg_reg.xml#CW/table_PKAECCCTL_CW">PKAECCCTL</xref></p>
    </address-details>
</register-reference>

<register-reference>
    <address>0x00100</address>
    <addr-element>
    <addr-mnemonic>IDIGESTIN[x]</addr-mnemonic>
    <instances>
        <instance>
            <instance-start>0</instance-start>
            <instance-stop>15</instance-stop>
        </instance>
    </instances>
    </addr-element>

    <address-details>
        <p><xref href="pm20_60_1027_reg_reg.xml#CW/table_IDIGESTIN_CW">IDIGESTIN</xref></p>
    </address-details>
</register-reference>

<register-reference audience="MSCCInternal">
    <address>0x00140</address>
    <addr-element>
    <addr-mnemonic>ODIGESTIN[x]</addr-mnemonic>
    <instances>
        <instance>
            <instance-start>0</instance-start>
            <instance-stop>15</instance-stop>
        </instance>
    </instances>
    </addr-element>

    <address-details>
        <p><xref href="pm20_60_1027_reg_reg.xml#CW/table_ODIGESTIN_CW">ODIGESTIN</xref></p>
    </address-details>
</register-reference>

<register-reference>
    <address>0x00180</address>
    <addr-element>
    <addr-mnemonic>IDIGESTOUT[x]</addr-mnemonic>
    <instances>
        <instance>
            <instance-start>0</instance-start>
            <instance-stop>15</instance-stop>
        </instance>
    </instances>
    </addr-element>

    <address-details>
        <p><xref href="pm20_60_1027_reg_reg.xml#CW/table_IDIGESTOUT_CW">IDIGESTOUT</xref></p>
    </address-details>
</register-reference>

<register-reference audience="MSCCInternal">
    <address>0x001C0</address>
    <addr-element>
    <addr-mnemonic>ODIGESTOUT[x]</addr-mnemonic>
    <instances>
        <instance>
            <instance-start>0</instance-start>
            <instance-stop>15</instance-stop>
        </instance>
    </instances>
    </addr-element>

    <address-details>
        <p><xref href="pm20_60_1027_reg_reg.xml#CW/table_ODIGESTOUT_CW">ODIGESTOUT</xref></p>
    </address-details>
</register-reference>

<register-reference>
    <address>0x01000</address>
    <addr-element>
    <addr-mnemonic>PKPTR</addr-mnemonic>
    </addr-element>

    <address-details>
        <p><xref href="pm20_60_1027_reg_reg.xml#CW/table_PKPTR_CW">PKPTR</xref></p>
    </address-details>
</register-reference>

<register-reference>
    <address>0x01004</address>
    <addr-element>
    <addr-mnemonic>PKCMD</addr-mnemonic>
    </addr-element>

    <address-details>
        <p><xref href="pm20_60_1027_reg_reg.xml#CW/table_PKCMD_CW">PKCMD</xref></p>
    </address-details>
</register-reference>

<register-reference>
    <address>0x01008</address>
    <addr-element>
    <addr-mnemonic>PKCTRL</addr-mnemonic>
    </addr-element>

    <address-details>
        <p><xref href="pm20_60_1027_reg_reg.xml#CW/table_PKCTRL_CW">PKCTRL</xref></p>
    </address-details>
</register-reference>

<register-reference>
    <address>0x0100C</address>
    <addr-element>
    <addr-mnemonic>PKSTATUS</addr-mnemonic>
    </addr-element>

    <address-details>
        <p><xref href="pm20_60_1027_reg_reg.xml#CW/table_PKSTATUS_CW">PKSTATUS</xref></p>
    </address-details>
</register-reference>

<register-reference>
    <address>0x01014</address>
    <addr-element>
    <addr-mnemonic>PKTIMER</addr-mnemonic>
    </addr-element>

    <address-details>
        <p><xref href="pm20_60_1027_reg_reg.xml#CW/table_PKTIMER_CW">PKTIMER</xref></p>
    </address-details>
</register-reference>

<register-reference>
    <address>0x01018</address>
    <addr-element>
    <addr-mnemonic>PKHWCONFIG</addr-mnemonic>
    </addr-element>

    <address-details>
        <p><xref href="pm20_60_1027_reg_reg.xml#CW/table_PKHWCONFIG_CW">PKHWCONFIG</xref></p>
    </address-details>
</register-reference>

<register-reference audience="MSCCInternal">
    <address>0x01040</address>
    <addr-element>
    <addr-mnemonic>PKERINJECT</addr-mnemonic>
    </addr-element>

    <address-details>
        <p><xref href="pm20_60_1027_reg_reg.xml#CW/table_PKERINJECT_CW">PKERINJECT</xref></p>
    </address-details>
</register-reference>

<register-reference audience="MSCCInternal">
    <address>0x01044</address>
    <addr-element>
    <addr-mnemonic>PKERSTATUS</addr-mnemonic>
    </addr-element>

    <address-details>
        <p><xref href="pm20_60_1027_reg_reg.xml#CW/table_PKERSTATUS_CW">PKERSTATUS</xref></p>
    </address-details>
</register-reference>

</address-map>
</tgroup>
</table>
<p/>
</body>
</topic>