<?xml version="1.0" encoding="UTF-8"?>
<!-- Date Stamp: Wed Apr  5 13:16:50 MST 2023 -->
<!DOCTYPE topic PUBLIC "-//OASIS//DTD DITA 1.2 Topic//EN"
"/SysSchema/dita/dtd/technicalContent/dtd/topic.dtd">
<topic base="base" id="Flash_Phy_addr">
<title>Flash Phy Register Map</title>
<body>
<p />
<table id="Flash_Phy_addr_table_00">
<title>Flash Phy Register Map Table</title>
<tgroup cols="3">
<colspec colwidth="148*" />
<colspec colwidth="218*" />
<colspec colwidth="634*" />
<thead>
<row>
<entry><p>Offset Address</p></entry>
<entry><p>Register Mnemonic </p></entry>
<entry><p>Register Description </p></entry>
</row>
</thead>
<address-map>

<register-reference audience="MSCCInternal">
    <address>0x00000</address>
    <addr-element>
    <addr-mnemonic>GEN_CSR</addr-mnemonic>
    </addr-element>

    <address-details>
        <p><xref href="pm20_82_567_reg_reg.xml#Flash_Phy/table_GEN_CSR_Flash_Phy">GEN_CSR</xref></p>
    </address-details>
</register-reference>

<register-reference>
    <address>0x00004</address>
    <addr-element>
    <addr-mnemonic>PDCSR1</addr-mnemonic>
    </addr-element>

    <address-details>
        <p><xref href="pm20_82_567_reg_reg.xml#Flash_Phy/table_PDCSR1_Flash_Phy">PDCSR1</xref></p>
    </address-details>
</register-reference>

<register-reference>
    <address>0x00008</address>
    <addr-element>
    <addr-mnemonic>PDCSR2</addr-mnemonic>
    </addr-element>

    <address-details>
        <p><xref href="pm20_82_567_reg_reg.xml#Flash_Phy/table_PDCSR2_Flash_Phy">PDCSR2</xref></p>
    </address-details>
</register-reference>

<register-reference audience="MSCCInternal">
    <address>0x0000C</address>
    <addr-element>
    <addr-mnemonic>PDRDPTR</addr-mnemonic>
    </addr-element>

    <address-details>
        <p><xref href="pm20_82_567_reg_reg.xml#Flash_Phy/table_PDRDPTR_Flash_Phy">PDRDPTR</xref></p>
    </address-details>
</register-reference>

<register-reference audience="MSCCInternal">
    <address>0x00010</address>
    <addr-element>
    <addr-mnemonic>PDCLE</addr-mnemonic>
    </addr-element>

    <address-details>
        <p><xref href="pm20_82_567_reg_reg.xml#Flash_Phy/table_PDCLE_Flash_Phy">PDCLE</xref></p>
    </address-details>
</register-reference>

<register-reference audience="MSCCInternal">
    <address>0x00014</address>
    <addr-element>
    <addr-mnemonic>PDALE</addr-mnemonic>
    </addr-element>

    <address-details>
        <p><xref href="pm20_82_567_reg_reg.xml#Flash_Phy/table_PDALE_Flash_Phy">PDALE</xref></p>
    </address-details>
</register-reference>

<register-reference audience="MSCCInternal">
    <address>0x00018</address>
    <addr-element>
    <addr-mnemonic>PDWE_N</addr-mnemonic>
    </addr-element>

    <address-details>
        <p><xref href="pm20_82_567_reg_reg.xml#Flash_Phy/table_PDWE_N_Flash_Phy">PDWE_N</xref></p>
    </address-details>
</register-reference>

<register-reference audience="MSCCInternal">
    <address>0x0001C</address>
    <addr-element>
    <addr-mnemonic>PDODT_N</addr-mnemonic>
    </addr-element>

    <address-details>
        <p><xref href="pm20_82_567_reg_reg.xml#Flash_Phy/table_PDODT_N_Flash_Phy">PDODT_N</xref></p>
    </address-details>
</register-reference>

<register-reference audience="MSCCInternal">
    <address>0x00020</address>
    <addr-element>
    <addr-mnemonic>PDCE_N_0</addr-mnemonic>
    </addr-element>

    <address-details>
        <p><xref href="pm20_82_567_reg_reg.xml#Flash_Phy/table_PDCE_N_0_Flash_Phy">PDCE_N_0</xref></p>
    </address-details>
</register-reference>

<register-reference audience="MSCCInternal">
    <address>0x00024</address>
    <addr-element>
    <addr-mnemonic>PDCE_N_1</addr-mnemonic>
    </addr-element>

    <address-details>
        <p><xref href="pm20_82_567_reg_reg.xml#Flash_Phy/table_PDCE_N_1_Flash_Phy">PDCE_N_1</xref></p>
    </address-details>
</register-reference>

<register-reference audience="MSCCInternal">
    <address>0x00028</address>
    <addr-element>
    <addr-mnemonic>PDCE_N_2</addr-mnemonic>
    </addr-element>

    <address-details>
        <p><xref href="pm20_82_567_reg_reg.xml#Flash_Phy/table_PDCE_N_2_Flash_Phy">PDCE_N_2</xref></p>
    </address-details>
</register-reference>

<register-reference audience="MSCCInternal">
    <address>0x0002C</address>
    <addr-element>
    <addr-mnemonic>PDCE_N_3</addr-mnemonic>
    </addr-element>

    <address-details>
        <p><xref href="pm20_82_567_reg_reg.xml#Flash_Phy/table_PDCE_N_3_Flash_Phy">PDCE_N_3</xref></p>
    </address-details>
</register-reference>

<register-reference audience="MSCCInternal">
    <address>0x00030</address>
    <addr-element>
    <addr-mnemonic>PDCE_N_4</addr-mnemonic>
    </addr-element>

    <address-details>
        <p><xref href="pm20_82_567_reg_reg.xml#Flash_Phy/table_PDCE_N_4_Flash_Phy">PDCE_N_4</xref></p>
    </address-details>
</register-reference>

<register-reference audience="MSCCInternal">
    <address>0x00034</address>
    <addr-element>
    <addr-mnemonic>PDCE_N_5</addr-mnemonic>
    </addr-element>

    <address-details>
        <p><xref href="pm20_82_567_reg_reg.xml#Flash_Phy/table_PDCE_N_5_Flash_Phy">PDCE_N_5</xref></p>
    </address-details>
</register-reference>

<register-reference audience="MSCCInternal">
    <address>0x00038</address>
    <addr-element>
    <addr-mnemonic>PDDQS_0</addr-mnemonic>
    </addr-element>

    <address-details>
        <p><xref href="pm20_82_567_reg_reg.xml#Flash_Phy/table_PDDQS_0_Flash_Phy">PDDQS_0</xref></p>
    </address-details>
</register-reference>

<register-reference audience="MSCCInternal">
    <address>0x0003C</address>
    <addr-element>
    <addr-mnemonic>PDDQS_1</addr-mnemonic>
    </addr-element>

    <address-details>
        <p><xref href="pm20_82_567_reg_reg.xml#Flash_Phy/table_PDDQS_1_Flash_Phy">PDDQS_1</xref></p>
    </address-details>
</register-reference>

<register-reference audience="MSCCInternal">
    <address>0x00040</address>
    <addr-element>
    <addr-mnemonic>PDRE_0</addr-mnemonic>
    </addr-element>

    <address-details>
        <p><xref href="pm20_82_567_reg_reg.xml#Flash_Phy/table_PDRE_0_Flash_Phy">PDRE_0</xref></p>
    </address-details>
</register-reference>

<register-reference audience="MSCCInternal">
    <address>0x00044</address>
    <addr-element>
    <addr-mnemonic>PDRE_1</addr-mnemonic>
    </addr-element>

    <address-details>
        <p><xref href="pm20_82_567_reg_reg.xml#Flash_Phy/table_PDRE_1_Flash_Phy">PDRE_1</xref></p>
    </address-details>
</register-reference>

<register-reference audience="MSCCInternal">
    <address>0x00048</address>
    <addr-element>
    <addr-mnemonic>PDDQ_0</addr-mnemonic>
    </addr-element>

    <address-details>
        <p><xref href="pm20_82_567_reg_reg.xml#Flash_Phy/table_PDDQ_0_Flash_Phy">PDDQ_0</xref></p>
    </address-details>
</register-reference>

<register-reference audience="MSCCInternal">
    <address>0x0004C</address>
    <addr-element>
    <addr-mnemonic>PDDQ_1</addr-mnemonic>
    </addr-element>

    <address-details>
        <p><xref href="pm20_82_567_reg_reg.xml#Flash_Phy/table_PDDQ_1_Flash_Phy">PDDQ_1</xref></p>
    </address-details>
</register-reference>

<register-reference audience="MSCCInternal">
    <address>0x00050</address>
    <addr-element>
    <addr-mnemonic>PDDQ_2</addr-mnemonic>
    </addr-element>

    <address-details>
        <p><xref href="pm20_82_567_reg_reg.xml#Flash_Phy/table_PDDQ_2_Flash_Phy">PDDQ_2</xref></p>
    </address-details>
</register-reference>

<register-reference audience="MSCCInternal">
    <address>0x00054</address>
    <addr-element>
    <addr-mnemonic>PDDQ_3</addr-mnemonic>
    </addr-element>

    <address-details>
        <p><xref href="pm20_82_567_reg_reg.xml#Flash_Phy/table_PDDQ_3_Flash_Phy">PDDQ_3</xref></p>
    </address-details>
</register-reference>

<register-reference audience="MSCCInternal">
    <address>0x00058</address>
    <addr-element>
    <addr-mnemonic>PDDQ_4</addr-mnemonic>
    </addr-element>

    <address-details>
        <p><xref href="pm20_82_567_reg_reg.xml#Flash_Phy/table_PDDQ_4_Flash_Phy">PDDQ_4</xref></p>
    </address-details>
</register-reference>

<register-reference audience="MSCCInternal">
    <address>0x0005C</address>
    <addr-element>
    <addr-mnemonic>PDDQ_5</addr-mnemonic>
    </addr-element>

    <address-details>
        <p><xref href="pm20_82_567_reg_reg.xml#Flash_Phy/table_PDDQ_5_Flash_Phy">PDDQ_5</xref></p>
    </address-details>
</register-reference>

<register-reference audience="MSCCInternal">
    <address>0x00060</address>
    <addr-element>
    <addr-mnemonic>PDDQ_6</addr-mnemonic>
    </addr-element>

    <address-details>
        <p><xref href="pm20_82_567_reg_reg.xml#Flash_Phy/table_PDDQ_6_Flash_Phy">PDDQ_6</xref></p>
    </address-details>
</register-reference>

<register-reference audience="MSCCInternal">
    <address>0x00064</address>
    <addr-element>
    <addr-mnemonic>PDDQ_7</addr-mnemonic>
    </addr-element>

    <address-details>
        <p><xref href="pm20_82_567_reg_reg.xml#Flash_Phy/table_PDDQ_7_Flash_Phy">PDDQ_7</xref></p>
    </address-details>
</register-reference>

<register-reference audience="MSCCInternal">
    <address>0x00068</address>
    <addr-element>
    <addr-mnemonic>PDDBI</addr-mnemonic>
    </addr-element>

    <address-details>
        <p><xref href="pm20_82_567_reg_reg.xml#Flash_Phy/table_PDDBI_Flash_Phy">PDDBI</xref></p>
    </address-details>
</register-reference>

<register-reference audience="MSCCInternal">
    <address>0x0006C</address>
    <addr-element>
    <addr-mnemonic>TCCTRL</addr-mnemonic>
    </addr-element>

    <address-details>
        <p><xref href="pm20_82_567_reg_reg.xml#Flash_Phy/table_TCCTRL_Flash_Phy">TCCTRL</xref></p>
    </address-details>
</register-reference>

<register-reference>
    <address>0x00070</address>
    <addr-element>
    <addr-mnemonic>MDL_CTRL1</addr-mnemonic>
    </addr-element>

    <address-details>
        <p><xref href="pm20_82_567_reg_reg.xml#Flash_Phy/table_MDL_CTRL1_Flash_Phy">MDL_CTRL1</xref></p>
    </address-details>
</register-reference>

<register-reference audience="MSCCInternal">
    <address>0x00074</address>
    <addr-element>
    <addr-mnemonic>MDL_CTRL2</addr-mnemonic>
    </addr-element>

    <address-details>
        <p><xref href="pm20_82_567_reg_reg.xml#Flash_Phy/table_MDL_CTRL2_Flash_Phy">MDL_CTRL2</xref></p>
    </address-details>
</register-reference>

<register-reference>
    <address>0x00078</address>
    <addr-element>
    <addr-mnemonic>PHSDET_FILTER_CTRL</addr-mnemonic>
    </addr-element>

    <address-details>
        <p><xref href="pm20_82_567_reg_reg.xml#Flash_Phy/table_PHSDET_FILTER_CTRL_Flash_Phy">PHSDET_FILTER_CTRL</xref></p>
    </address-details>
</register-reference>

<register-reference audience="MSCCInternal">
    <address>0x0007C</address>
    <addr-element>
    <addr-mnemonic>WRPDL_CSR1</addr-mnemonic>
    </addr-element>

    <address-details>
        <p><xref href="pm20_82_567_reg_reg.xml#Flash_Phy/table_WRPDL_CSR1_Flash_Phy">WRPDL_CSR1</xref></p>
    </address-details>
</register-reference>

<register-reference audience="MSCCInternal">
    <address>0x00080</address>
    <addr-element>
    <addr-mnemonic>WRPDL_CSR2</addr-mnemonic>
    </addr-element>

    <address-details>
        <p><xref href="pm20_82_567_reg_reg.xml#Flash_Phy/table_WRPDL_CSR2_Flash_Phy">WRPDL_CSR2</xref></p>
    </address-details>
</register-reference>

<register-reference audience="MSCCInternal">
    <address>0x00084</address>
    <addr-element>
    <addr-mnemonic>WRPDL_DDR_CSR1</addr-mnemonic>
    </addr-element>

    <address-details>
        <p><xref href="pm20_82_567_reg_reg.xml#Flash_Phy/table_WRPDL_DDR_CSR1_Flash_Phy">WRPDL_DDR_CSR1</xref></p>
    </address-details>
</register-reference>

<register-reference audience="MSCCInternal">
    <address>0x00088</address>
    <addr-element>
    <addr-mnemonic>WRPDL_DDR_CSR2</addr-mnemonic>
    </addr-element>

    <address-details>
        <p><xref href="pm20_82_567_reg_reg.xml#Flash_Phy/table_WRPDL_DDR_CSR2_Flash_Phy">WRPDL_DDR_CSR2</xref></p>
    </address-details>
</register-reference>

<register-reference audience="MSCCInternal">
    <address>0x0008C</address>
    <addr-element>
    <addr-mnemonic>RDPDL_CSR1</addr-mnemonic>
    </addr-element>

    <address-details>
        <p><xref href="pm20_82_567_reg_reg.xml#Flash_Phy/table_RDPDL_CSR1_Flash_Phy">RDPDL_CSR1</xref></p>
    </address-details>
</register-reference>

<register-reference audience="MSCCInternal">
    <address>0x00090</address>
    <addr-element>
    <addr-mnemonic>RDPDL_CSR2</addr-mnemonic>
    </addr-element>

    <address-details>
        <p><xref href="pm20_82_567_reg_reg.xml#Flash_Phy/table_RDPDL_CSR2_Flash_Phy">RDPDL_CSR2</xref></p>
    </address-details>
</register-reference>

<register-reference audience="MSCCInternal">
    <address>0x00094</address>
    <addr-element>
    <addr-mnemonic>DQ0_WRBDL_CSR1</addr-mnemonic>
    </addr-element>

    <address-details>
        <p><xref href="pm20_82_567_reg_reg.xml#Flash_Phy/table_DQ0_WRBDL_CSR1_Flash_Phy">DQ0_WRBDL_CSR1</xref></p>
    </address-details>
</register-reference>

<register-reference audience="MSCCInternal">
    <address>0x00098</address>
    <addr-element>
    <addr-mnemonic>DQ0_WRBDL_CSR2</addr-mnemonic>
    </addr-element>

    <address-details>
        <p><xref href="pm20_82_567_reg_reg.xml#Flash_Phy/table_DQ0_WRBDL_CSR2_Flash_Phy">DQ0_WRBDL_CSR2</xref></p>
    </address-details>
</register-reference>

<register-reference audience="MSCCInternal">
    <address>0x0009C</address>
    <addr-element>
    <addr-mnemonic>DQ0_WRBDL_DDR_CSR1</addr-mnemonic>
    </addr-element>

    <address-details>
        <p><xref href="pm20_82_567_reg_reg.xml#Flash_Phy/table_DQ0_WRBDL_DDR_CSR1_Flash_Phy">DQ0_WRBDL_DDR_CSR1</xref></p>
    </address-details>
</register-reference>

<register-reference audience="MSCCInternal">
    <address>0x000A0</address>
    <addr-element>
    <addr-mnemonic>DQ0_WRBDL_DDR_CSR2</addr-mnemonic>
    </addr-element>

    <address-details>
        <p><xref href="pm20_82_567_reg_reg.xml#Flash_Phy/table_DQ0_WRBDL_DDR_CSR2_Flash_Phy">DQ0_WRBDL_DDR_CSR2</xref></p>
    </address-details>
</register-reference>

<register-reference>
    <address>0x000A4</address>
    <addr-element>
    <addr-mnemonic>DQ0_RDBDL_C_M_CSR1</addr-mnemonic>
    </addr-element>

    <address-details>
        <p><xref href="pm20_82_567_reg_reg.xml#Flash_Phy/table_DQ0_RDBDL_C_M_CSR1_Flash_Phy">DQ0_RDBDL_C_M_CSR1</xref></p>
    </address-details>
</register-reference>

<register-reference>
    <address>0x000A8</address>
    <addr-element>
    <addr-mnemonic>DQ0_RDBDL_C_M_CSR2</addr-mnemonic>
    </addr-element>

    <address-details>
        <p><xref href="pm20_82_567_reg_reg.xml#Flash_Phy/table_DQ0_RDBDL_C_M_CSR2_Flash_Phy">DQ0_RDBDL_C_M_CSR2</xref></p>
    </address-details>
</register-reference>

<register-reference>
    <address>0x000AC</address>
    <addr-element>
    <addr-mnemonic>DQ0_RDBDL_C_P_CSR1</addr-mnemonic>
    </addr-element>

    <address-details>
        <p><xref href="pm20_82_567_reg_reg.xml#Flash_Phy/table_DQ0_RDBDL_C_P_CSR1_Flash_Phy">DQ0_RDBDL_C_P_CSR1</xref></p>
    </address-details>
</register-reference>

<register-reference>
    <address>0x000B0</address>
    <addr-element>
    <addr-mnemonic>DQ0_RDBDL_C_P_CSR2</addr-mnemonic>
    </addr-element>

    <address-details>
        <p><xref href="pm20_82_567_reg_reg.xml#Flash_Phy/table_DQ0_RDBDL_C_P_CSR2_Flash_Phy">DQ0_RDBDL_C_P_CSR2</xref></p>
    </address-details>
</register-reference>

<register-reference audience="MSCCInternal">
    <address>0x000B4</address>
    <addr-element>
    <addr-mnemonic>DQ1_WRBDL_CSR1</addr-mnemonic>
    </addr-element>

    <address-details>
        <p><xref href="pm20_82_567_reg_reg.xml#Flash_Phy/table_DQ1_WRBDL_CSR1_Flash_Phy">DQ1_WRBDL_CSR1</xref></p>
    </address-details>
</register-reference>

<register-reference audience="MSCCInternal">
    <address>0x000B8</address>
    <addr-element>
    <addr-mnemonic>DQ1_WRBDL_CSR2</addr-mnemonic>
    </addr-element>

    <address-details>
        <p><xref href="pm20_82_567_reg_reg.xml#Flash_Phy/table_DQ1_WRBDL_CSR2_Flash_Phy">DQ1_WRBDL_CSR2</xref></p>
    </address-details>
</register-reference>

<register-reference audience="MSCCInternal">
    <address>0x000BC</address>
    <addr-element>
    <addr-mnemonic>DQ1_WRBDL_DDR_CSR1</addr-mnemonic>
    </addr-element>

    <address-details>
        <p><xref href="pm20_82_567_reg_reg.xml#Flash_Phy/table_DQ1_WRBDL_DDR_CSR1_Flash_Phy">DQ1_WRBDL_DDR_CSR1</xref></p>
    </address-details>
</register-reference>

<register-reference audience="MSCCInternal">
    <address>0x000C0</address>
    <addr-element>
    <addr-mnemonic>DQ1_WRBDL_DDR_CSR2</addr-mnemonic>
    </addr-element>

    <address-details>
        <p><xref href="pm20_82_567_reg_reg.xml#Flash_Phy/table_DQ1_WRBDL_DDR_CSR2_Flash_Phy">DQ1_WRBDL_DDR_CSR2</xref></p>
    </address-details>
</register-reference>

<register-reference>
    <address>0x000C4</address>
    <addr-element>
    <addr-mnemonic>DQ1_RDBDL_C_M_CSR1</addr-mnemonic>
    </addr-element>

    <address-details>
        <p><xref href="pm20_82_567_reg_reg.xml#Flash_Phy/table_DQ1_RDBDL_C_M_CSR1_Flash_Phy">DQ1_RDBDL_C_M_CSR1</xref></p>
    </address-details>
</register-reference>

<register-reference>
    <address>0x000C8</address>
    <addr-element>
    <addr-mnemonic>DQ1_RDBDL_C_M_CSR2</addr-mnemonic>
    </addr-element>

    <address-details>
        <p><xref href="pm20_82_567_reg_reg.xml#Flash_Phy/table_DQ1_RDBDL_C_M_CSR2_Flash_Phy">DQ1_RDBDL_C_M_CSR2</xref></p>
    </address-details>
</register-reference>

<register-reference>
    <address>0x000CC</address>
    <addr-element>
    <addr-mnemonic>DQ1_RDBDL_C_P_CSR1</addr-mnemonic>
    </addr-element>

    <address-details>
        <p><xref href="pm20_82_567_reg_reg.xml#Flash_Phy/table_DQ1_RDBDL_C_P_CSR1_Flash_Phy">DQ1_RDBDL_C_P_CSR1</xref></p>
    </address-details>
</register-reference>

<register-reference>
    <address>0x000D0</address>
    <addr-element>
    <addr-mnemonic>DQ1_RDBDL_C_P_CSR2</addr-mnemonic>
    </addr-element>

    <address-details>
        <p><xref href="pm20_82_567_reg_reg.xml#Flash_Phy/table_DQ1_RDBDL_C_P_CSR2_Flash_Phy">DQ1_RDBDL_C_P_CSR2</xref></p>
    </address-details>
</register-reference>

<register-reference audience="MSCCInternal">
    <address>0x000D4</address>
    <addr-element>
    <addr-mnemonic>DQ2_WRBDL_CSR1</addr-mnemonic>
    </addr-element>

    <address-details>
        <p><xref href="pm20_82_567_reg_reg.xml#Flash_Phy/table_DQ2_WRBDL_CSR1_Flash_Phy">DQ2_WRBDL_CSR1</xref></p>
    </address-details>
</register-reference>

<register-reference audience="MSCCInternal">
    <address>0x000D8</address>
    <addr-element>
    <addr-mnemonic>DQ2_WRBDL_CSR2</addr-mnemonic>
    </addr-element>

    <address-details>
        <p><xref href="pm20_82_567_reg_reg.xml#Flash_Phy/table_DQ2_WRBDL_CSR2_Flash_Phy">DQ2_WRBDL_CSR2</xref></p>
    </address-details>
</register-reference>

<register-reference audience="MSCCInternal">
    <address>0x000DC</address>
    <addr-element>
    <addr-mnemonic>DQ2_WRBDL_DDR_CSR1</addr-mnemonic>
    </addr-element>

    <address-details>
        <p><xref href="pm20_82_567_reg_reg.xml#Flash_Phy/table_DQ2_WRBDL_DDR_CSR1_Flash_Phy">DQ2_WRBDL_DDR_CSR1</xref></p>
    </address-details>
</register-reference>

<register-reference audience="MSCCInternal">
    <address>0x000E0</address>
    <addr-element>
    <addr-mnemonic>DQ2_WRBDL_DDR_CSR2</addr-mnemonic>
    </addr-element>

    <address-details>
        <p><xref href="pm20_82_567_reg_reg.xml#Flash_Phy/table_DQ2_WRBDL_DDR_CSR2_Flash_Phy">DQ2_WRBDL_DDR_CSR2</xref></p>
    </address-details>
</register-reference>

<register-reference>
    <address>0x000E4</address>
    <addr-element>
    <addr-mnemonic>DQ2_RDBDL_C_M_CSR1</addr-mnemonic>
    </addr-element>

    <address-details>
        <p><xref href="pm20_82_567_reg_reg.xml#Flash_Phy/table_DQ2_RDBDL_C_M_CSR1_Flash_Phy">DQ2_RDBDL_C_M_CSR1</xref></p>
    </address-details>
</register-reference>

<register-reference>
    <address>0x000E8</address>
    <addr-element>
    <addr-mnemonic>DQ2_RDBDL_C_M_CSR2</addr-mnemonic>
    </addr-element>

    <address-details>
        <p><xref href="pm20_82_567_reg_reg.xml#Flash_Phy/table_DQ2_RDBDL_C_M_CSR2_Flash_Phy">DQ2_RDBDL_C_M_CSR2</xref></p>
    </address-details>
</register-reference>

<register-reference>
    <address>0x000EC</address>
    <addr-element>
    <addr-mnemonic>DQ2_RDBDL_C_P_CSR1</addr-mnemonic>
    </addr-element>

    <address-details>
        <p><xref href="pm20_82_567_reg_reg.xml#Flash_Phy/table_DQ2_RDBDL_C_P_CSR1_Flash_Phy">DQ2_RDBDL_C_P_CSR1</xref></p>
    </address-details>
</register-reference>

<register-reference>
    <address>0x000F0</address>
    <addr-element>
    <addr-mnemonic>DQ2_RDBDL_C_P_CSR2</addr-mnemonic>
    </addr-element>

    <address-details>
        <p><xref href="pm20_82_567_reg_reg.xml#Flash_Phy/table_DQ2_RDBDL_C_P_CSR2_Flash_Phy">DQ2_RDBDL_C_P_CSR2</xref></p>
    </address-details>
</register-reference>

<register-reference audience="MSCCInternal">
    <address>0x000F4</address>
    <addr-element>
    <addr-mnemonic>DQ3_WRBDL_CSR1</addr-mnemonic>
    </addr-element>

    <address-details>
        <p><xref href="pm20_82_567_reg_reg.xml#Flash_Phy/table_DQ3_WRBDL_CSR1_Flash_Phy">DQ3_WRBDL_CSR1</xref></p>
    </address-details>
</register-reference>

<register-reference audience="MSCCInternal">
    <address>0x000F8</address>
    <addr-element>
    <addr-mnemonic>DQ3_WRBDL_CSR2</addr-mnemonic>
    </addr-element>

    <address-details>
        <p><xref href="pm20_82_567_reg_reg.xml#Flash_Phy/table_DQ3_WRBDL_CSR2_Flash_Phy">DQ3_WRBDL_CSR2</xref></p>
    </address-details>
</register-reference>

<register-reference audience="MSCCInternal">
    <address>0x000FC</address>
    <addr-element>
    <addr-mnemonic>DQ3_WRBDL_DDR_CSR1</addr-mnemonic>
    </addr-element>

    <address-details>
        <p><xref href="pm20_82_567_reg_reg.xml#Flash_Phy/table_DQ3_WRBDL_DDR_CSR1_Flash_Phy">DQ3_WRBDL_DDR_CSR1</xref></p>
    </address-details>
</register-reference>

<register-reference audience="MSCCInternal">
    <address>0x00100</address>
    <addr-element>
    <addr-mnemonic>DQ3_WRBDL_DDR_CSR2</addr-mnemonic>
    </addr-element>

    <address-details>
        <p><xref href="pm20_82_567_reg_reg.xml#Flash_Phy/table_DQ3_WRBDL_DDR_CSR2_Flash_Phy">DQ3_WRBDL_DDR_CSR2</xref></p>
    </address-details>
</register-reference>

<register-reference>
    <address>0x00104</address>
    <addr-element>
    <addr-mnemonic>DQ3_RDBDL_C_M_CSR1</addr-mnemonic>
    </addr-element>

    <address-details>
        <p><xref href="pm20_82_567_reg_reg.xml#Flash_Phy/table_DQ3_RDBDL_C_M_CSR1_Flash_Phy">DQ3_RDBDL_C_M_CSR1</xref></p>
    </address-details>
</register-reference>

<register-reference>
    <address>0x00108</address>
    <addr-element>
    <addr-mnemonic>DQ3_RDBDL_C_M_CSR2</addr-mnemonic>
    </addr-element>

    <address-details>
        <p><xref href="pm20_82_567_reg_reg.xml#Flash_Phy/table_DQ3_RDBDL_C_M_CSR2_Flash_Phy">DQ3_RDBDL_C_M_CSR2</xref></p>
    </address-details>
</register-reference>

<register-reference>
    <address>0x0010C</address>
    <addr-element>
    <addr-mnemonic>DQ3_RDBDL_C_P_CSR1</addr-mnemonic>
    </addr-element>

    <address-details>
        <p><xref href="pm20_82_567_reg_reg.xml#Flash_Phy/table_DQ3_RDBDL_C_P_CSR1_Flash_Phy">DQ3_RDBDL_C_P_CSR1</xref></p>
    </address-details>
</register-reference>

<register-reference>
    <address>0x00110</address>
    <addr-element>
    <addr-mnemonic>DQ3_RDBDL_C_P_CSR2</addr-mnemonic>
    </addr-element>

    <address-details>
        <p><xref href="pm20_82_567_reg_reg.xml#Flash_Phy/table_DQ3_RDBDL_C_P_CSR2_Flash_Phy">DQ3_RDBDL_C_P_CSR2</xref></p>
    </address-details>
</register-reference>

<register-reference audience="MSCCInternal">
    <address>0x00114</address>
    <addr-element>
    <addr-mnemonic>DQ4_WRBDL_CSR1</addr-mnemonic>
    </addr-element>

    <address-details>
        <p><xref href="pm20_82_567_reg_reg.xml#Flash_Phy/table_DQ4_WRBDL_CSR1_Flash_Phy">DQ4_WRBDL_CSR1</xref></p>
    </address-details>
</register-reference>

<register-reference audience="MSCCInternal">
    <address>0x00118</address>
    <addr-element>
    <addr-mnemonic>DQ4_WRBDL_CSR2</addr-mnemonic>
    </addr-element>

    <address-details>
        <p><xref href="pm20_82_567_reg_reg.xml#Flash_Phy/table_DQ4_WRBDL_CSR2_Flash_Phy">DQ4_WRBDL_CSR2</xref></p>
    </address-details>
</register-reference>

<register-reference audience="MSCCInternal">
    <address>0x0011C</address>
    <addr-element>
    <addr-mnemonic>DQ4_WRBDL_DDR_CSR1</addr-mnemonic>
    </addr-element>

    <address-details>
        <p><xref href="pm20_82_567_reg_reg.xml#Flash_Phy/table_DQ4_WRBDL_DDR_CSR1_Flash_Phy">DQ4_WRBDL_DDR_CSR1</xref></p>
    </address-details>
</register-reference>

<register-reference audience="MSCCInternal">
    <address>0x00120</address>
    <addr-element>
    <addr-mnemonic>DQ4_WRBDL_DDR_CSR2</addr-mnemonic>
    </addr-element>

    <address-details>
        <p><xref href="pm20_82_567_reg_reg.xml#Flash_Phy/table_DQ4_WRBDL_DDR_CSR2_Flash_Phy">DQ4_WRBDL_DDR_CSR2</xref></p>
    </address-details>
</register-reference>

<register-reference>
    <address>0x00124</address>
    <addr-element>
    <addr-mnemonic>DQ4_RDBDL_C_M_CSR1</addr-mnemonic>
    </addr-element>

    <address-details>
        <p><xref href="pm20_82_567_reg_reg.xml#Flash_Phy/table_DQ4_RDBDL_C_M_CSR1_Flash_Phy">DQ4_RDBDL_C_M_CSR1</xref></p>
    </address-details>
</register-reference>

<register-reference>
    <address>0x00128</address>
    <addr-element>
    <addr-mnemonic>DQ4_RDBDL_C_M_CSR2</addr-mnemonic>
    </addr-element>

    <address-details>
        <p><xref href="pm20_82_567_reg_reg.xml#Flash_Phy/table_DQ4_RDBDL_C_M_CSR2_Flash_Phy">DQ4_RDBDL_C_M_CSR2</xref></p>
    </address-details>
</register-reference>

<register-reference>
    <address>0x0012C</address>
    <addr-element>
    <addr-mnemonic>DQ4_RDBDL_C_P_CSR1</addr-mnemonic>
    </addr-element>

    <address-details>
        <p><xref href="pm20_82_567_reg_reg.xml#Flash_Phy/table_DQ4_RDBDL_C_P_CSR1_Flash_Phy">DQ4_RDBDL_C_P_CSR1</xref></p>
    </address-details>
</register-reference>

<register-reference>
    <address>0x00130</address>
    <addr-element>
    <addr-mnemonic>DQ4_RDBDL_C_P_CSR2</addr-mnemonic>
    </addr-element>

    <address-details>
        <p><xref href="pm20_82_567_reg_reg.xml#Flash_Phy/table_DQ4_RDBDL_C_P_CSR2_Flash_Phy">DQ4_RDBDL_C_P_CSR2</xref></p>
    </address-details>
</register-reference>

<register-reference audience="MSCCInternal">
    <address>0x00134</address>
    <addr-element>
    <addr-mnemonic>DQ5_WRBDL_CSR1</addr-mnemonic>
    </addr-element>

    <address-details>
        <p><xref href="pm20_82_567_reg_reg.xml#Flash_Phy/table_DQ5_WRBDL_CSR1_Flash_Phy">DQ5_WRBDL_CSR1</xref></p>
    </address-details>
</register-reference>

<register-reference audience="MSCCInternal">
    <address>0x00138</address>
    <addr-element>
    <addr-mnemonic>DQ5_WRBDL_CSR2</addr-mnemonic>
    </addr-element>

    <address-details>
        <p><xref href="pm20_82_567_reg_reg.xml#Flash_Phy/table_DQ5_WRBDL_CSR2_Flash_Phy">DQ5_WRBDL_CSR2</xref></p>
    </address-details>
</register-reference>

<register-reference audience="MSCCInternal">
    <address>0x0013C</address>
    <addr-element>
    <addr-mnemonic>DQ5_WRBDL_DDR_CSR1</addr-mnemonic>
    </addr-element>

    <address-details>
        <p><xref href="pm20_82_567_reg_reg.xml#Flash_Phy/table_DQ5_WRBDL_DDR_CSR1_Flash_Phy">DQ5_WRBDL_DDR_CSR1</xref></p>
    </address-details>
</register-reference>

<register-reference audience="MSCCInternal">
    <address>0x00140</address>
    <addr-element>
    <addr-mnemonic>DQ5_WRBDL_DDR_CSR2</addr-mnemonic>
    </addr-element>

    <address-details>
        <p><xref href="pm20_82_567_reg_reg.xml#Flash_Phy/table_DQ5_WRBDL_DDR_CSR2_Flash_Phy">DQ5_WRBDL_DDR_CSR2</xref></p>
    </address-details>
</register-reference>

<register-reference>
    <address>0x00144</address>
    <addr-element>
    <addr-mnemonic>DQ5_RDBDL_C_M_CSR1</addr-mnemonic>
    </addr-element>

    <address-details>
        <p><xref href="pm20_82_567_reg_reg.xml#Flash_Phy/table_DQ5_RDBDL_C_M_CSR1_Flash_Phy">DQ5_RDBDL_C_M_CSR1</xref></p>
    </address-details>
</register-reference>

<register-reference>
    <address>0x00148</address>
    <addr-element>
    <addr-mnemonic>DQ5_RDBDL_C_M_CSR2</addr-mnemonic>
    </addr-element>

    <address-details>
        <p><xref href="pm20_82_567_reg_reg.xml#Flash_Phy/table_DQ5_RDBDL_C_M_CSR2_Flash_Phy">DQ5_RDBDL_C_M_CSR2</xref></p>
    </address-details>
</register-reference>

<register-reference>
    <address>0x0014C</address>
    <addr-element>
    <addr-mnemonic>DQ5_RDBDL_C_P_CSR1</addr-mnemonic>
    </addr-element>

    <address-details>
        <p><xref href="pm20_82_567_reg_reg.xml#Flash_Phy/table_DQ5_RDBDL_C_P_CSR1_Flash_Phy">DQ5_RDBDL_C_P_CSR1</xref></p>
    </address-details>
</register-reference>

<register-reference>
    <address>0x00150</address>
    <addr-element>
    <addr-mnemonic>DQ5_RDBDL_C_P_CSR2</addr-mnemonic>
    </addr-element>

    <address-details>
        <p><xref href="pm20_82_567_reg_reg.xml#Flash_Phy/table_DQ5_RDBDL_C_P_CSR2_Flash_Phy">DQ5_RDBDL_C_P_CSR2</xref></p>
    </address-details>
</register-reference>

<register-reference audience="MSCCInternal">
    <address>0x00154</address>
    <addr-element>
    <addr-mnemonic>DQ6_WRBDL_CSR1</addr-mnemonic>
    </addr-element>

    <address-details>
        <p><xref href="pm20_82_567_reg_reg.xml#Flash_Phy/table_DQ6_WRBDL_CSR1_Flash_Phy">DQ6_WRBDL_CSR1</xref></p>
    </address-details>
</register-reference>

<register-reference audience="MSCCInternal">
    <address>0x00158</address>
    <addr-element>
    <addr-mnemonic>DQ6_WRBDL_CSR2</addr-mnemonic>
    </addr-element>

    <address-details>
        <p><xref href="pm20_82_567_reg_reg.xml#Flash_Phy/table_DQ6_WRBDL_CSR2_Flash_Phy">DQ6_WRBDL_CSR2</xref></p>
    </address-details>
</register-reference>

<register-reference audience="MSCCInternal">
    <address>0x0015C</address>
    <addr-element>
    <addr-mnemonic>DQ6_WRBDL_DDR_CSR1</addr-mnemonic>
    </addr-element>

    <address-details>
        <p><xref href="pm20_82_567_reg_reg.xml#Flash_Phy/table_DQ6_WRBDL_DDR_CSR1_Flash_Phy">DQ6_WRBDL_DDR_CSR1</xref></p>
    </address-details>
</register-reference>

<register-reference audience="MSCCInternal">
    <address>0x00160</address>
    <addr-element>
    <addr-mnemonic>DQ6_WRBDL_DDR_CSR2</addr-mnemonic>
    </addr-element>

    <address-details>
        <p><xref href="pm20_82_567_reg_reg.xml#Flash_Phy/table_DQ6_WRBDL_DDR_CSR2_Flash_Phy">DQ6_WRBDL_DDR_CSR2</xref></p>
    </address-details>
</register-reference>

<register-reference>
    <address>0x00164</address>
    <addr-element>
    <addr-mnemonic>DQ6_RDBDL_C_M_CSR1</addr-mnemonic>
    </addr-element>

    <address-details>
        <p><xref href="pm20_82_567_reg_reg.xml#Flash_Phy/table_DQ6_RDBDL_C_M_CSR1_Flash_Phy">DQ6_RDBDL_C_M_CSR1</xref></p>
    </address-details>
</register-reference>

<register-reference>
    <address>0x00168</address>
    <addr-element>
    <addr-mnemonic>DQ6_RDBDL_C_M_CSR2</addr-mnemonic>
    </addr-element>

    <address-details>
        <p><xref href="pm20_82_567_reg_reg.xml#Flash_Phy/table_DQ6_RDBDL_C_M_CSR2_Flash_Phy">DQ6_RDBDL_C_M_CSR2</xref></p>
    </address-details>
</register-reference>

<register-reference>
    <address>0x0016C</address>
    <addr-element>
    <addr-mnemonic>DQ6_RDBDL_C_P_CSR1</addr-mnemonic>
    </addr-element>

    <address-details>
        <p><xref href="pm20_82_567_reg_reg.xml#Flash_Phy/table_DQ6_RDBDL_C_P_CSR1_Flash_Phy">DQ6_RDBDL_C_P_CSR1</xref></p>
    </address-details>
</register-reference>

<register-reference>
    <address>0x00170</address>
    <addr-element>
    <addr-mnemonic>DQ6_RDBDL_C_P_CSR2</addr-mnemonic>
    </addr-element>

    <address-details>
        <p><xref href="pm20_82_567_reg_reg.xml#Flash_Phy/table_DQ6_RDBDL_C_P_CSR2_Flash_Phy">DQ6_RDBDL_C_P_CSR2</xref></p>
    </address-details>
</register-reference>

<register-reference audience="MSCCInternal">
    <address>0x00174</address>
    <addr-element>
    <addr-mnemonic>DQ7_WRBDL_CSR1</addr-mnemonic>
    </addr-element>

    <address-details>
        <p><xref href="pm20_82_567_reg_reg.xml#Flash_Phy/table_DQ7_WRBDL_CSR1_Flash_Phy">DQ7_WRBDL_CSR1</xref></p>
    </address-details>
</register-reference>

<register-reference audience="MSCCInternal">
    <address>0x00178</address>
    <addr-element>
    <addr-mnemonic>DQ7_WRBDL_CSR2</addr-mnemonic>
    </addr-element>

    <address-details>
        <p><xref href="pm20_82_567_reg_reg.xml#Flash_Phy/table_DQ7_WRBDL_CSR2_Flash_Phy">DQ7_WRBDL_CSR2</xref></p>
    </address-details>
</register-reference>

<register-reference audience="MSCCInternal">
    <address>0x0017C</address>
    <addr-element>
    <addr-mnemonic>DQ7_WRBDL_DDR_CSR1</addr-mnemonic>
    </addr-element>

    <address-details>
        <p><xref href="pm20_82_567_reg_reg.xml#Flash_Phy/table_DQ7_WRBDL_DDR_CSR1_Flash_Phy">DQ7_WRBDL_DDR_CSR1</xref></p>
    </address-details>
</register-reference>

<register-reference audience="MSCCInternal">
    <address>0x00180</address>
    <addr-element>
    <addr-mnemonic>DQ7_WRBDL_DDR_CSR2</addr-mnemonic>
    </addr-element>

    <address-details>
        <p><xref href="pm20_82_567_reg_reg.xml#Flash_Phy/table_DQ7_WRBDL_DDR_CSR2_Flash_Phy">DQ7_WRBDL_DDR_CSR2</xref></p>
    </address-details>
</register-reference>

<register-reference>
    <address>0x00184</address>
    <addr-element>
    <addr-mnemonic>DQ7_RDBDL_C_M_CSR1</addr-mnemonic>
    </addr-element>

    <address-details>
        <p><xref href="pm20_82_567_reg_reg.xml#Flash_Phy/table_DQ7_RDBDL_C_M_CSR1_Flash_Phy">DQ7_RDBDL_C_M_CSR1</xref></p>
    </address-details>
</register-reference>

<register-reference>
    <address>0x00188</address>
    <addr-element>
    <addr-mnemonic>DQ7_RDBDL_C_M_CSR2</addr-mnemonic>
    </addr-element>

    <address-details>
        <p><xref href="pm20_82_567_reg_reg.xml#Flash_Phy/table_DQ7_RDBDL_C_M_CSR2_Flash_Phy">DQ7_RDBDL_C_M_CSR2</xref></p>
    </address-details>
</register-reference>

<register-reference>
    <address>0x0018C</address>
    <addr-element>
    <addr-mnemonic>DQ7_RDBDL_C_P_CSR1</addr-mnemonic>
    </addr-element>

    <address-details>
        <p><xref href="pm20_82_567_reg_reg.xml#Flash_Phy/table_DQ7_RDBDL_C_P_CSR1_Flash_Phy">DQ7_RDBDL_C_P_CSR1</xref></p>
    </address-details>
</register-reference>

<register-reference>
    <address>0x00190</address>
    <addr-element>
    <addr-mnemonic>DQ7_RDBDL_C_P_CSR2</addr-mnemonic>
    </addr-element>

    <address-details>
        <p><xref href="pm20_82_567_reg_reg.xml#Flash_Phy/table_DQ7_RDBDL_C_P_CSR2_Flash_Phy">DQ7_RDBDL_C_P_CSR2</xref></p>
    </address-details>
</register-reference>

<register-reference audience="MSCCInternal">
    <address>0x00194</address>
    <addr-element>
    <addr-mnemonic>DBI_WRBDL_CSR1</addr-mnemonic>
    </addr-element>

    <address-details>
        <p><xref href="pm20_82_567_reg_reg.xml#Flash_Phy/table_DBI_WRBDL_CSR1_Flash_Phy">DBI_WRBDL_CSR1</xref></p>
    </address-details>
</register-reference>

<register-reference audience="MSCCInternal">
    <address>0x00198</address>
    <addr-element>
    <addr-mnemonic>DBI_WRBDL_CSR2</addr-mnemonic>
    </addr-element>

    <address-details>
        <p><xref href="pm20_82_567_reg_reg.xml#Flash_Phy/table_DBI_WRBDL_CSR2_Flash_Phy">DBI_WRBDL_CSR2</xref></p>
    </address-details>
</register-reference>

<register-reference audience="MSCCInternal">
    <address>0x0019C</address>
    <addr-element>
    <addr-mnemonic>DBI_WRBDL_DDR_CSR1</addr-mnemonic>
    </addr-element>

    <address-details>
        <p><xref href="pm20_82_567_reg_reg.xml#Flash_Phy/table_DBI_WRBDL_DDR_CSR1_Flash_Phy">DBI_WRBDL_DDR_CSR1</xref></p>
    </address-details>
</register-reference>

<register-reference audience="MSCCInternal">
    <address>0x001A0</address>
    <addr-element>
    <addr-mnemonic>DBI_WRBDL_DDR_CSR2</addr-mnemonic>
    </addr-element>

    <address-details>
        <p><xref href="pm20_82_567_reg_reg.xml#Flash_Phy/table_DBI_WRBDL_DDR_CSR2_Flash_Phy">DBI_WRBDL_DDR_CSR2</xref></p>
    </address-details>
</register-reference>

<register-reference>
    <address>0x001A4</address>
    <addr-element>
    <addr-mnemonic>DBI_RDBDL_C_M_CSR1</addr-mnemonic>
    </addr-element>

    <address-details>
        <p><xref href="pm20_82_567_reg_reg.xml#Flash_Phy/table_DBI_RDBDL_C_M_CSR1_Flash_Phy">DBI_RDBDL_C_M_CSR1</xref></p>
    </address-details>
</register-reference>

<register-reference>
    <address>0x001A8</address>
    <addr-element>
    <addr-mnemonic>DBI_RDBDL_C_M_CSR2</addr-mnemonic>
    </addr-element>

    <address-details>
        <p><xref href="pm20_82_567_reg_reg.xml#Flash_Phy/table_DBI_RDBDL_C_M_CSR2_Flash_Phy">DBI_RDBDL_C_M_CSR2</xref></p>
    </address-details>
</register-reference>

<register-reference>
    <address>0x001AC</address>
    <addr-element>
    <addr-mnemonic>DBI_RDBDL_C_P_CSR1</addr-mnemonic>
    </addr-element>

    <address-details>
        <p><xref href="pm20_82_567_reg_reg.xml#Flash_Phy/table_DBI_RDBDL_C_P_CSR1_Flash_Phy">DBI_RDBDL_C_P_CSR1</xref></p>
    </address-details>
</register-reference>

<register-reference>
    <address>0x001B0</address>
    <addr-element>
    <addr-mnemonic>DBI_RDBDL_C_P_CSR2</addr-mnemonic>
    </addr-element>

    <address-details>
        <p><xref href="pm20_82_567_reg_reg.xml#Flash_Phy/table_DBI_RDBDL_C_P_CSR2_Flash_Phy">DBI_RDBDL_C_P_CSR2</xref></p>
    </address-details>
</register-reference>

<register-reference audience="MSCCInternal">
    <address>0x001B4</address>
    <addr-element>
    <addr-mnemonic>IOCTL_0</addr-mnemonic>
    </addr-element>

    <address-details>
        <p><xref href="pm20_82_567_reg_reg.xml#Flash_Phy/table_IOCTL_0_Flash_Phy">IOCTL_0</xref></p>
    </address-details>
</register-reference>

<register-reference audience="MSCCInternal">
    <address>0x001B8</address>
    <addr-element>
    <addr-mnemonic>IOCTL_1</addr-mnemonic>
    </addr-element>

    <address-details>
        <p><xref href="pm20_82_567_reg_reg.xml#Flash_Phy/table_IOCTL_1_Flash_Phy">IOCTL_1</xref></p>
    </address-details>
</register-reference>

<register-reference audience="MSCCInternal">
    <address>0x001BC</address>
    <addr-element>
    <addr-mnemonic>IOCTL_2</addr-mnemonic>
    </addr-element>

    <address-details>
        <p><xref href="pm20_82_567_reg_reg.xml#Flash_Phy/table_IOCTL_2_Flash_Phy">IOCTL_2</xref></p>
    </address-details>
</register-reference>

<register-reference audience="MSCCInternal">
    <address>0x001C0</address>
    <addr-element>
    <addr-mnemonic>IOCTL_3</addr-mnemonic>
    </addr-element>

    <address-details>
        <p><xref href="pm20_82_567_reg_reg.xml#Flash_Phy/table_IOCTL_3_Flash_Phy">IOCTL_3</xref></p>
    </address-details>
</register-reference>

<register-reference audience="MSCCInternal">
    <address>0x001C4</address>
    <addr-element>
    <addr-mnemonic>IOCTL_4</addr-mnemonic>
    </addr-element>

    <address-details>
        <p><xref href="pm20_82_567_reg_reg.xml#Flash_Phy/table_IOCTL_4_Flash_Phy">IOCTL_4</xref></p>
    </address-details>
</register-reference>

<register-reference audience="MSCCInternal">
    <address>0x001C8</address>
    <addr-element>
    <addr-mnemonic>IOCTL_5</addr-mnemonic>
    </addr-element>

    <address-details>
        <p><xref href="pm20_82_567_reg_reg.xml#Flash_Phy/table_IOCTL_5_Flash_Phy">IOCTL_5</xref></p>
    </address-details>
</register-reference>

<register-reference audience="MSCCInternal">
    <address>0x001CC</address>
    <addr-element>
    <addr-mnemonic>ZQCR</addr-mnemonic>
    </addr-element>

    <address-details>
        <p><xref href="pm20_82_567_reg_reg.xml#Flash_Phy/table_ZQCR_Flash_Phy">ZQCR</xref></p>
    </address-details>
</register-reference>

<register-reference>
    <address>0x001D0</address>
    <addr-element>
    <addr-mnemonic>ZQCRS</addr-mnemonic>
    </addr-element>

    <address-details>
        <p><xref href="pm20_82_567_reg_reg.xml#Flash_Phy/table_ZQCRS_Flash_Phy">ZQCRS</xref></p>
    </address-details>
</register-reference>

<register-reference>
    <address>0x001D4</address>
    <addr-element>
    <addr-mnemonic>ZQOR</addr-mnemonic>
    </addr-element>

    <address-details>
        <p><xref href="pm20_82_567_reg_reg.xml#Flash_Phy/table_ZQOR_Flash_Phy">ZQOR</xref></p>
    </address-details>
</register-reference>

<register-reference audience="MSCCInternal">
    <address>0x001D8</address>
    <addr-element>
    <addr-mnemonic>ZQCALS</addr-mnemonic>
    </addr-element>

    <address-details>
        <p><xref href="pm20_82_567_reg_reg.xml#Flash_Phy/table_ZQCALS_Flash_Phy">ZQCALS</xref></p>
    </address-details>
</register-reference>

<register-reference audience="MSCCInternal">
    <address>0x001DC</address>
    <addr-element>
    <addr-mnemonic>TPGMSR_CLE</addr-mnemonic>
    </addr-element>

    <address-details>
        <p><xref href="pm20_82_567_reg_reg.xml#Flash_Phy/table_TPGMSR_CLE_Flash_Phy">TPGMSR_CLE</xref></p>
    </address-details>
</register-reference>

<register-reference audience="MSCCInternal">
    <address>0x001E0</address>
    <addr-element>
    <addr-mnemonic>TPGMECR_CLE</addr-mnemonic>
    </addr-element>

    <address-details>
        <p><xref href="pm20_82_567_reg_reg.xml#Flash_Phy/table_TPGMECR_CLE_Flash_Phy">TPGMECR_CLE</xref></p>
    </address-details>
</register-reference>

<register-reference audience="MSCCInternal">
    <address>0x001E4</address>
    <addr-element>
    <addr-mnemonic>TPGMDOR_CLE</addr-mnemonic>
    </addr-element>

    <address-details>
        <p><xref href="pm20_82_567_reg_reg.xml#Flash_Phy/table_TPGMDOR_CLE_Flash_Phy">TPGMDOR_CLE</xref></p>
    </address-details>
</register-reference>

<register-reference audience="MSCCInternal">
    <address>0x001E8</address>
    <addr-element>
    <addr-mnemonic>TPGMSR_ALE</addr-mnemonic>
    </addr-element>

    <address-details>
        <p><xref href="pm20_82_567_reg_reg.xml#Flash_Phy/table_TPGMSR_ALE_Flash_Phy">TPGMSR_ALE</xref></p>
    </address-details>
</register-reference>

<register-reference audience="MSCCInternal">
    <address>0x001EC</address>
    <addr-element>
    <addr-mnemonic>TPGMECR_ALE</addr-mnemonic>
    </addr-element>

    <address-details>
        <p><xref href="pm20_82_567_reg_reg.xml#Flash_Phy/table_TPGMECR_ALE_Flash_Phy">TPGMECR_ALE</xref></p>
    </address-details>
</register-reference>

<register-reference audience="MSCCInternal">
    <address>0x001F0</address>
    <addr-element>
    <addr-mnemonic>TPGMDOR_ALE</addr-mnemonic>
    </addr-element>

    <address-details>
        <p><xref href="pm20_82_567_reg_reg.xml#Flash_Phy/table_TPGMDOR_ALE_Flash_Phy">TPGMDOR_ALE</xref></p>
    </address-details>
</register-reference>

<register-reference audience="MSCCInternal">
    <address>0x001F4</address>
    <addr-element>
    <addr-mnemonic>TPGMSR_WE_N</addr-mnemonic>
    </addr-element>

    <address-details>
        <p><xref href="pm20_82_567_reg_reg.xml#Flash_Phy/table_TPGMSR_WE_N_Flash_Phy">TPGMSR_WE_N</xref></p>
    </address-details>
</register-reference>

<register-reference audience="MSCCInternal">
    <address>0x001F8</address>
    <addr-element>
    <addr-mnemonic>TPGMECR_WE_N</addr-mnemonic>
    </addr-element>

    <address-details>
        <p><xref href="pm20_82_567_reg_reg.xml#Flash_Phy/table_TPGMECR_WE_N_Flash_Phy">TPGMECR_WE_N</xref></p>
    </address-details>
</register-reference>

<register-reference audience="MSCCInternal">
    <address>0x001FC</address>
    <addr-element>
    <addr-mnemonic>TPGMDOR_WE_N</addr-mnemonic>
    </addr-element>

    <address-details>
        <p><xref href="pm20_82_567_reg_reg.xml#Flash_Phy/table_TPGMDOR_WE_N_Flash_Phy">TPGMDOR_WE_N</xref></p>
    </address-details>
</register-reference>

<register-reference audience="MSCCInternal">
    <address>0x00200</address>
    <addr-element>
    <addr-mnemonic>TPGMSR_ODT_N</addr-mnemonic>
    </addr-element>

    <address-details>
        <p><xref href="pm20_82_567_reg_reg.xml#Flash_Phy/table_TPGMSR_ODT_N_Flash_Phy">TPGMSR_ODT_N</xref></p>
    </address-details>
</register-reference>

<register-reference audience="MSCCInternal">
    <address>0x00204</address>
    <addr-element>
    <addr-mnemonic>TPGMECR_ODT_N</addr-mnemonic>
    </addr-element>

    <address-details>
        <p><xref href="pm20_82_567_reg_reg.xml#Flash_Phy/table_TPGMECR_ODT_N_Flash_Phy">TPGMECR_ODT_N</xref></p>
    </address-details>
</register-reference>

<register-reference audience="MSCCInternal">
    <address>0x00208</address>
    <addr-element>
    <addr-mnemonic>TPGMDOR_ODT_N</addr-mnemonic>
    </addr-element>

    <address-details>
        <p><xref href="pm20_82_567_reg_reg.xml#Flash_Phy/table_TPGMDOR_ODT_N_Flash_Phy">TPGMDOR_ODT_N</xref></p>
    </address-details>
</register-reference>

<register-reference audience="MSCCInternal">
    <address>0x0020C</address>
    <addr-element>
    <addr-mnemonic>TPGMSR_CE_N_0</addr-mnemonic>
    </addr-element>

    <address-details>
        <p><xref href="pm20_82_567_reg_reg.xml#Flash_Phy/table_TPGMSR_CE_N_0_Flash_Phy">TPGMSR_CE_N_0</xref></p>
    </address-details>
</register-reference>

<register-reference audience="MSCCInternal">
    <address>0x00210</address>
    <addr-element>
    <addr-mnemonic>TPGMECR_CE_N_0</addr-mnemonic>
    </addr-element>

    <address-details>
        <p><xref href="pm20_82_567_reg_reg.xml#Flash_Phy/table_TPGMECR_CE_N_0_Flash_Phy">TPGMECR_CE_N_0</xref></p>
    </address-details>
</register-reference>

<register-reference audience="MSCCInternal">
    <address>0x00214</address>
    <addr-element>
    <addr-mnemonic>TPGMDOR_CE_N_0</addr-mnemonic>
    </addr-element>

    <address-details>
        <p><xref href="pm20_82_567_reg_reg.xml#Flash_Phy/table_TPGMDOR_CE_N_0_Flash_Phy">TPGMDOR_CE_N_0</xref></p>
    </address-details>
</register-reference>

<register-reference audience="MSCCInternal">
    <address>0x00218</address>
    <addr-element>
    <addr-mnemonic>TPGMSR_CE_N_1</addr-mnemonic>
    </addr-element>

    <address-details>
        <p><xref href="pm20_82_567_reg_reg.xml#Flash_Phy/table_TPGMSR_CE_N_1_Flash_Phy">TPGMSR_CE_N_1</xref></p>
    </address-details>
</register-reference>

<register-reference audience="MSCCInternal">
    <address>0x0021C</address>
    <addr-element>
    <addr-mnemonic>TPGMECR_CE_N_1</addr-mnemonic>
    </addr-element>

    <address-details>
        <p><xref href="pm20_82_567_reg_reg.xml#Flash_Phy/table_TPGMECR_CE_N_1_Flash_Phy">TPGMECR_CE_N_1</xref></p>
    </address-details>
</register-reference>

<register-reference audience="MSCCInternal">
    <address>0x00220</address>
    <addr-element>
    <addr-mnemonic>TPGMDOR_CE_N_1</addr-mnemonic>
    </addr-element>

    <address-details>
        <p><xref href="pm20_82_567_reg_reg.xml#Flash_Phy/table_TPGMDOR_CE_N_1_Flash_Phy">TPGMDOR_CE_N_1</xref></p>
    </address-details>
</register-reference>

<register-reference audience="MSCCInternal">
    <address>0x00224</address>
    <addr-element>
    <addr-mnemonic>TPGMSR_CE_N_2</addr-mnemonic>
    </addr-element>

    <address-details>
        <p><xref href="pm20_82_567_reg_reg.xml#Flash_Phy/table_TPGMSR_CE_N_2_Flash_Phy">TPGMSR_CE_N_2</xref></p>
    </address-details>
</register-reference>

<register-reference audience="MSCCInternal">
    <address>0x00228</address>
    <addr-element>
    <addr-mnemonic>TPGMECR_CE_N_2</addr-mnemonic>
    </addr-element>

    <address-details>
        <p><xref href="pm20_82_567_reg_reg.xml#Flash_Phy/table_TPGMECR_CE_N_2_Flash_Phy">TPGMECR_CE_N_2</xref></p>
    </address-details>
</register-reference>

<register-reference audience="MSCCInternal">
    <address>0x0022C</address>
    <addr-element>
    <addr-mnemonic>TPGMDOR_CE_N_2</addr-mnemonic>
    </addr-element>

    <address-details>
        <p><xref href="pm20_82_567_reg_reg.xml#Flash_Phy/table_TPGMDOR_CE_N_2_Flash_Phy">TPGMDOR_CE_N_2</xref></p>
    </address-details>
</register-reference>

<register-reference audience="MSCCInternal">
    <address>0x00230</address>
    <addr-element>
    <addr-mnemonic>TPGMSR_CE_N_3</addr-mnemonic>
    </addr-element>

    <address-details>
        <p><xref href="pm20_82_567_reg_reg.xml#Flash_Phy/table_TPGMSR_CE_N_3_Flash_Phy">TPGMSR_CE_N_3</xref></p>
    </address-details>
</register-reference>

<register-reference audience="MSCCInternal">
    <address>0x00234</address>
    <addr-element>
    <addr-mnemonic>TPGMECR_CE_N_3</addr-mnemonic>
    </addr-element>

    <address-details>
        <p><xref href="pm20_82_567_reg_reg.xml#Flash_Phy/table_TPGMECR_CE_N_3_Flash_Phy">TPGMECR_CE_N_3</xref></p>
    </address-details>
</register-reference>

<register-reference audience="MSCCInternal">
    <address>0x00238</address>
    <addr-element>
    <addr-mnemonic>TPGMDOR_CE_N_3</addr-mnemonic>
    </addr-element>

    <address-details>
        <p><xref href="pm20_82_567_reg_reg.xml#Flash_Phy/table_TPGMDOR_CE_N_3_Flash_Phy">TPGMDOR_CE_N_3</xref></p>
    </address-details>
</register-reference>

<register-reference audience="MSCCInternal">
    <address>0x0023C</address>
    <addr-element>
    <addr-mnemonic>TPGMSR_CE_N_4</addr-mnemonic>
    </addr-element>

    <address-details>
        <p><xref href="pm20_82_567_reg_reg.xml#Flash_Phy/table_TPGMSR_CE_N_4_Flash_Phy">TPGMSR_CE_N_4</xref></p>
    </address-details>
</register-reference>

<register-reference audience="MSCCInternal">
    <address>0x00240</address>
    <addr-element>
    <addr-mnemonic>TPGMECR_CE_N_4</addr-mnemonic>
    </addr-element>

    <address-details>
        <p><xref href="pm20_82_567_reg_reg.xml#Flash_Phy/table_TPGMECR_CE_N_4_Flash_Phy">TPGMECR_CE_N_4</xref></p>
    </address-details>
</register-reference>

<register-reference audience="MSCCInternal">
    <address>0x00244</address>
    <addr-element>
    <addr-mnemonic>TPGMDOR_CE_N_4</addr-mnemonic>
    </addr-element>

    <address-details>
        <p><xref href="pm20_82_567_reg_reg.xml#Flash_Phy/table_TPGMDOR_CE_N_4_Flash_Phy">TPGMDOR_CE_N_4</xref></p>
    </address-details>
</register-reference>

<register-reference audience="MSCCInternal">
    <address>0x00248</address>
    <addr-element>
    <addr-mnemonic>TPGMSR_CE_N_5</addr-mnemonic>
    </addr-element>

    <address-details>
        <p><xref href="pm20_82_567_reg_reg.xml#Flash_Phy/table_TPGMSR_CE_N_5_Flash_Phy">TPGMSR_CE_N_5</xref></p>
    </address-details>
</register-reference>

<register-reference audience="MSCCInternal">
    <address>0x0024C</address>
    <addr-element>
    <addr-mnemonic>TPGMECR_CE_N_5</addr-mnemonic>
    </addr-element>

    <address-details>
        <p><xref href="pm20_82_567_reg_reg.xml#Flash_Phy/table_TPGMECR_CE_N_5_Flash_Phy">TPGMECR_CE_N_5</xref></p>
    </address-details>
</register-reference>

<register-reference audience="MSCCInternal">
    <address>0x00250</address>
    <addr-element>
    <addr-mnemonic>TPGMDOR_CE_N_5</addr-mnemonic>
    </addr-element>

    <address-details>
        <p><xref href="pm20_82_567_reg_reg.xml#Flash_Phy/table_TPGMDOR_CE_N_5_Flash_Phy">TPGMDOR_CE_N_5</xref></p>
    </address-details>
</register-reference>

<register-reference audience="MSCCInternal">
    <address>0x00254</address>
    <addr-element>
    <addr-mnemonic>TPGMSR_DQ_0</addr-mnemonic>
    </addr-element>

    <address-details>
        <p><xref href="pm20_82_567_reg_reg.xml#Flash_Phy/table_TPGMSR_DQ_0_Flash_Phy">TPGMSR_DQ_0</xref></p>
    </address-details>
</register-reference>

<register-reference audience="MSCCInternal">
    <address>0x00258</address>
    <addr-element>
    <addr-mnemonic>TPGMECR_DQ_0</addr-mnemonic>
    </addr-element>

    <address-details>
        <p><xref href="pm20_82_567_reg_reg.xml#Flash_Phy/table_TPGMECR_DQ_0_Flash_Phy">TPGMECR_DQ_0</xref></p>
    </address-details>
</register-reference>

<register-reference audience="MSCCInternal">
    <address>0x0025C</address>
    <addr-element>
    <addr-mnemonic>TPGMDOR_DQ_0</addr-mnemonic>
    </addr-element>

    <address-details>
        <p><xref href="pm20_82_567_reg_reg.xml#Flash_Phy/table_TPGMDOR_DQ_0_Flash_Phy">TPGMDOR_DQ_0</xref></p>
    </address-details>
</register-reference>

<register-reference audience="MSCCInternal">
    <address>0x00260</address>
    <addr-element>
    <addr-mnemonic>TPGMSR_DQ_1</addr-mnemonic>
    </addr-element>

    <address-details>
        <p><xref href="pm20_82_567_reg_reg.xml#Flash_Phy/table_TPGMSR_DQ_1_Flash_Phy">TPGMSR_DQ_1</xref></p>
    </address-details>
</register-reference>

<register-reference audience="MSCCInternal">
    <address>0x00264</address>
    <addr-element>
    <addr-mnemonic>TPGMECR_DQ_1</addr-mnemonic>
    </addr-element>

    <address-details>
        <p><xref href="pm20_82_567_reg_reg.xml#Flash_Phy/table_TPGMECR_DQ_1_Flash_Phy">TPGMECR_DQ_1</xref></p>
    </address-details>
</register-reference>

<register-reference audience="MSCCInternal">
    <address>0x00268</address>
    <addr-element>
    <addr-mnemonic>TPGMDOR_DQ_1</addr-mnemonic>
    </addr-element>

    <address-details>
        <p><xref href="pm20_82_567_reg_reg.xml#Flash_Phy/table_TPGMDOR_DQ_1_Flash_Phy">TPGMDOR_DQ_1</xref></p>
    </address-details>
</register-reference>

<register-reference audience="MSCCInternal">
    <address>0x0026C</address>
    <addr-element>
    <addr-mnemonic>TPGMSR_DQ_2</addr-mnemonic>
    </addr-element>

    <address-details>
        <p><xref href="pm20_82_567_reg_reg.xml#Flash_Phy/table_TPGMSR_DQ_2_Flash_Phy">TPGMSR_DQ_2</xref></p>
    </address-details>
</register-reference>

<register-reference audience="MSCCInternal">
    <address>0x00270</address>
    <addr-element>
    <addr-mnemonic>TPGMECR_DQ_2</addr-mnemonic>
    </addr-element>

    <address-details>
        <p><xref href="pm20_82_567_reg_reg.xml#Flash_Phy/table_TPGMECR_DQ_2_Flash_Phy">TPGMECR_DQ_2</xref></p>
    </address-details>
</register-reference>

<register-reference audience="MSCCInternal">
    <address>0x00274</address>
    <addr-element>
    <addr-mnemonic>TPGMDOR_DQ_2</addr-mnemonic>
    </addr-element>

    <address-details>
        <p><xref href="pm20_82_567_reg_reg.xml#Flash_Phy/table_TPGMDOR_DQ_2_Flash_Phy">TPGMDOR_DQ_2</xref></p>
    </address-details>
</register-reference>

<register-reference audience="MSCCInternal">
    <address>0x00278</address>
    <addr-element>
    <addr-mnemonic>TPGMSR_DQ_3</addr-mnemonic>
    </addr-element>

    <address-details>
        <p><xref href="pm20_82_567_reg_reg.xml#Flash_Phy/table_TPGMSR_DQ_3_Flash_Phy">TPGMSR_DQ_3</xref></p>
    </address-details>
</register-reference>

<register-reference audience="MSCCInternal">
    <address>0x0027C</address>
    <addr-element>
    <addr-mnemonic>TPGMECR_DQ_3</addr-mnemonic>
    </addr-element>

    <address-details>
        <p><xref href="pm20_82_567_reg_reg.xml#Flash_Phy/table_TPGMECR_DQ_3_Flash_Phy">TPGMECR_DQ_3</xref></p>
    </address-details>
</register-reference>

<register-reference audience="MSCCInternal">
    <address>0x00280</address>
    <addr-element>
    <addr-mnemonic>TPGMDOR_DQ_3</addr-mnemonic>
    </addr-element>

    <address-details>
        <p><xref href="pm20_82_567_reg_reg.xml#Flash_Phy/table_TPGMDOR_DQ_3_Flash_Phy">TPGMDOR_DQ_3</xref></p>
    </address-details>
</register-reference>

<register-reference audience="MSCCInternal">
    <address>0x00284</address>
    <addr-element>
    <addr-mnemonic>TPGMSR_DQ_4</addr-mnemonic>
    </addr-element>

    <address-details>
        <p><xref href="pm20_82_567_reg_reg.xml#Flash_Phy/table_TPGMSR_DQ_4_Flash_Phy">TPGMSR_DQ_4</xref></p>
    </address-details>
</register-reference>

<register-reference audience="MSCCInternal">
    <address>0x00288</address>
    <addr-element>
    <addr-mnemonic>TPGMECR_DQ_4</addr-mnemonic>
    </addr-element>

    <address-details>
        <p><xref href="pm20_82_567_reg_reg.xml#Flash_Phy/table_TPGMECR_DQ_4_Flash_Phy">TPGMECR_DQ_4</xref></p>
    </address-details>
</register-reference>

<register-reference audience="MSCCInternal">
    <address>0x0028C</address>
    <addr-element>
    <addr-mnemonic>TPGMDOR_DQ_4</addr-mnemonic>
    </addr-element>

    <address-details>
        <p><xref href="pm20_82_567_reg_reg.xml#Flash_Phy/table_TPGMDOR_DQ_4_Flash_Phy">TPGMDOR_DQ_4</xref></p>
    </address-details>
</register-reference>

<register-reference audience="MSCCInternal">
    <address>0x00290</address>
    <addr-element>
    <addr-mnemonic>TPGMSR_DQ_5</addr-mnemonic>
    </addr-element>

    <address-details>
        <p><xref href="pm20_82_567_reg_reg.xml#Flash_Phy/table_TPGMSR_DQ_5_Flash_Phy">TPGMSR_DQ_5</xref></p>
    </address-details>
</register-reference>

<register-reference audience="MSCCInternal">
    <address>0x00294</address>
    <addr-element>
    <addr-mnemonic>TPGMECR_DQ_5</addr-mnemonic>
    </addr-element>

    <address-details>
        <p><xref href="pm20_82_567_reg_reg.xml#Flash_Phy/table_TPGMECR_DQ_5_Flash_Phy">TPGMECR_DQ_5</xref></p>
    </address-details>
</register-reference>

<register-reference audience="MSCCInternal">
    <address>0x00298</address>
    <addr-element>
    <addr-mnemonic>TPGMDOR_DQ_5</addr-mnemonic>
    </addr-element>

    <address-details>
        <p><xref href="pm20_82_567_reg_reg.xml#Flash_Phy/table_TPGMDOR_DQ_5_Flash_Phy">TPGMDOR_DQ_5</xref></p>
    </address-details>
</register-reference>

<register-reference audience="MSCCInternal">
    <address>0x0029C</address>
    <addr-element>
    <addr-mnemonic>TPGMSR_DQ_6</addr-mnemonic>
    </addr-element>

    <address-details>
        <p><xref href="pm20_82_567_reg_reg.xml#Flash_Phy/table_TPGMSR_DQ_6_Flash_Phy">TPGMSR_DQ_6</xref></p>
    </address-details>
</register-reference>

<register-reference audience="MSCCInternal">
    <address>0x002A0</address>
    <addr-element>
    <addr-mnemonic>TPGMECR_DQ_6</addr-mnemonic>
    </addr-element>

    <address-details>
        <p><xref href="pm20_82_567_reg_reg.xml#Flash_Phy/table_TPGMECR_DQ_6_Flash_Phy">TPGMECR_DQ_6</xref></p>
    </address-details>
</register-reference>

<register-reference audience="MSCCInternal">
    <address>0x002A4</address>
    <addr-element>
    <addr-mnemonic>TPGMDOR_DQ_6</addr-mnemonic>
    </addr-element>

    <address-details>
        <p><xref href="pm20_82_567_reg_reg.xml#Flash_Phy/table_TPGMDOR_DQ_6_Flash_Phy">TPGMDOR_DQ_6</xref></p>
    </address-details>
</register-reference>

<register-reference audience="MSCCInternal">
    <address>0x002A8</address>
    <addr-element>
    <addr-mnemonic>TPGMSR_DQ_7</addr-mnemonic>
    </addr-element>

    <address-details>
        <p><xref href="pm20_82_567_reg_reg.xml#Flash_Phy/table_TPGMSR_DQ_7_Flash_Phy">TPGMSR_DQ_7</xref></p>
    </address-details>
</register-reference>

<register-reference audience="MSCCInternal">
    <address>0x002AC</address>
    <addr-element>
    <addr-mnemonic>TPGMECR_DQ_7</addr-mnemonic>
    </addr-element>

    <address-details>
        <p><xref href="pm20_82_567_reg_reg.xml#Flash_Phy/table_TPGMECR_DQ_7_Flash_Phy">TPGMECR_DQ_7</xref></p>
    </address-details>
</register-reference>

<register-reference audience="MSCCInternal">
    <address>0x002B0</address>
    <addr-element>
    <addr-mnemonic>TPGMDOR_DQ_7</addr-mnemonic>
    </addr-element>

    <address-details>
        <p><xref href="pm20_82_567_reg_reg.xml#Flash_Phy/table_TPGMDOR_DQ_7_Flash_Phy">TPGMDOR_DQ_7</xref></p>
    </address-details>
</register-reference>

<register-reference audience="MSCCInternal">
    <address>0x002B4</address>
    <addr-element>
    <addr-mnemonic>TPGMSR_DBI</addr-mnemonic>
    </addr-element>

    <address-details>
        <p><xref href="pm20_82_567_reg_reg.xml#Flash_Phy/table_TPGMSR_DBI_Flash_Phy">TPGMSR_DBI</xref></p>
    </address-details>
</register-reference>

<register-reference audience="MSCCInternal">
    <address>0x002B8</address>
    <addr-element>
    <addr-mnemonic>TPGMECR_DBI</addr-mnemonic>
    </addr-element>

    <address-details>
        <p><xref href="pm20_82_567_reg_reg.xml#Flash_Phy/table_TPGMECR_DBI_Flash_Phy">TPGMECR_DBI</xref></p>
    </address-details>
</register-reference>

<register-reference audience="MSCCInternal">
    <address>0x002BC</address>
    <addr-element>
    <addr-mnemonic>TPGMDOR_DBI</addr-mnemonic>
    </addr-element>

    <address-details>
        <p><xref href="pm20_82_567_reg_reg.xml#Flash_Phy/table_TPGMDOR_DBI_Flash_Phy">TPGMDOR_DBI</xref></p>
    </address-details>
</register-reference>

<register-reference audience="MSCCInternal">
    <address>0x002C0</address>
    <addr-element>
    <addr-mnemonic>COMP_ID_REG</addr-mnemonic>
    </addr-element>

    <address-details>
        <p><xref href="pm20_82_567_reg_reg.xml#Flash_Phy/table_COMP_ID_REG_Flash_Phy">COMP_ID_REG</xref></p>
    </address-details>
</register-reference>

<register-reference>
    <address>0x002C4</address>
    <addr-element>
    <addr-mnemonic>LNRVS_MODE_REG</addr-mnemonic>
    </addr-element>

    <address-details>
        <p><xref href="pm20_82_567_reg_reg.xml#Flash_Phy/table_LNRVS_MODE_REG_Flash_Phy">LNRVS_MODE_REG</xref></p>
    </address-details>
</register-reference>

</address-map>
</tgroup>
</table>
<p />
</body>
</topic>