<?xml version="1.0" encoding="UTF-8"?>
<!-- Date Stamp: Fri Mar 17 14:54:01 MST 2023 -->
<!DOCTYPE topic PUBLIC "-//OASIS//DTD DITA 1.2 Topic//EN" "/SysSchema/dita/dtd/technicalContent/dtd/topic.dtd">
<topic base="base" id="MOORTEC_PVT_REGS_addr">
<title>Temperature Sensor Address Map</title>
<body>
<p/>
<table id="MOORTEC_PVT_REGS_addr_table_00">
<title>Temperature Sensor Address Map Table</title>
<tgroup cols="3">
<colspec colwidth="148*"/>
<colspec colwidth="218*"/>
<colspec colwidth="634*"/>
<thead>
<row>
<entry><p>Offset Address</p></entry>
<entry><p>Register Mnemonic </p></entry>
<entry><p>Register Description </p></entry>
</row>
</thead>
<address-map>

<register-reference>
    <address>0x00000</address>
    <addr-element>
    <addr-mnemonic>COMPID</addr-mnemonic>
    </addr-element>

    <address-details>
        <p><xref href="./pm20_60_1038_reg_reg.xml#MOORTEC_PVT_REGS/table_COMPID_MOORTEC_PVT_REGS">COMPID</xref></p>
    </address-details>
</register-reference>

<register-reference>
    <address>0x00004</address>
    <addr-element>
    <addr-mnemonic>IPCFG</addr-mnemonic>
    </addr-element>

    <address-details>
        <p><xref href="./pm20_60_1038_reg_reg.xml#MOORTEC_PVT_REGS/table_IPCFG_MOORTEC_PVT_REGS">IPCFG</xref></p>
    </address-details>
</register-reference>

<register-reference>
    <address>0x00008</address>
    <addr-element>
    <addr-mnemonic>IDNUM</addr-mnemonic>
    </addr-element>

    <address-details>
        <p><xref href="./pm20_60_1038_reg_reg.xml#MOORTEC_PVT_REGS/table_IDNUM_MOORTEC_PVT_REGS">IDNUM</xref></p>
    </address-details>
</register-reference>

<register-reference>
    <address>0x0000C</address>
    <addr-element>
    <addr-mnemonic>TMSCRATCH</addr-mnemonic>
    </addr-element>

    <address-details>
        <p><xref href="./pm20_60_1038_reg_reg.xml#MOORTEC_PVT_REGS/table_TMSCRATCH_MOORTEC_PVT_REGS">TMSCRATCH</xref></p>
    </address-details>
</register-reference>

<register-reference>
    <address>0x00010</address>
    <addr-element>
    <addr-mnemonic>REGLOCK</addr-mnemonic>
    </addr-element>

    <address-details>
        <p><xref href="./pm20_60_1038_reg_reg.xml#MOORTEC_PVT_REGS/table_REGLOCK_MOORTEC_PVT_REGS">REGLOCK</xref></p>
    </address-details>
</register-reference>

<register-reference>
    <address>0x00014</address>
    <addr-element>
    <addr-mnemonic>LOCKSTAT</addr-mnemonic>
    </addr-element>

    <address-details>
        <p><xref href="./pm20_60_1038_reg_reg.xml#MOORTEC_PVT_REGS/table_LOCKSTAT_MOORTEC_PVT_REGS">LOCKSTAT</xref></p>
    </address-details>
</register-reference>

<register-reference>
    <address>0x00018</address>
    <addr-element>
    <addr-mnemonic>TAMSTAT</addr-mnemonic>
    </addr-element>

    <address-details>
        <p><xref href="./pm20_60_1038_reg_reg.xml#MOORTEC_PVT_REGS/table_TAMSTAT_MOORTEC_PVT_REGS">TAMSTAT</xref></p>
    </address-details>
</register-reference>

<register-reference>
    <address>0x0001C</address>
    <addr-element>
    <addr-mnemonic>TAMCLEAR</addr-mnemonic>
    </addr-element>

    <address-details>
        <p><xref href="./pm20_60_1038_reg_reg.xml#MOORTEC_PVT_REGS/table_TAMCLEAR_MOORTEC_PVT_REGS">TAMCLEAR</xref></p>
    </address-details>
</register-reference>

<register-reference>
    <address>0x00020</address>
    <addr-element>
    <addr-mnemonic>TMRCTRL</addr-mnemonic>
    </addr-element>

    <address-details>
        <p><xref href="./pm20_60_1038_reg_reg.xml#MOORTEC_PVT_REGS/table_TMRCTRL_MOORTEC_PVT_REGS">TMRCTRL</xref></p>
    </address-details>
</register-reference>

<register-reference>
    <address>0x00024</address>
    <addr-element>
    <addr-mnemonic>TMRSTAT</addr-mnemonic>
    </addr-element>

    <address-details>
        <p><xref href="./pm20_60_1038_reg_reg.xml#MOORTEC_PVT_REGS/table_TMRSTAT_MOORTEC_PVT_REGS">TMRSTAT</xref></p>
    </address-details>
</register-reference>

<register-reference>
    <address>0x00028</address>
    <addr-element>
    <addr-mnemonic>TMRIRQCLEAR</addr-mnemonic>
    </addr-element>

    <address-details>
        <p><xref href="./pm20_60_1038_reg_reg.xml#MOORTEC_PVT_REGS/table_TMRIRQCLEAR_MOORTEC_PVT_REGS">TMRIRQCLEAR</xref></p>
    </address-details>
</register-reference>

<register-reference>
    <address>0x0002C</address>
    <addr-element>
    <addr-mnemonic>TMRIRQTEST</addr-mnemonic>
    </addr-element>

    <address-details>
        <p><xref href="./pm20_60_1038_reg_reg.xml#MOORTEC_PVT_REGS/table_TMRIRQTEST_MOORTEC_PVT_REGS">TMRIRQTEST</xref></p>
    </address-details>
</register-reference>

<register-reference>
    <address>0x00040</address>
    <addr-element>
    <addr-mnemonic>IRQEN</addr-mnemonic>
    </addr-element>

    <address-details>
        <p><xref href="./pm20_60_1038_reg_reg.xml#MOORTEC_PVT_REGS/table_IRQEN_MOORTEC_PVT_REGS">IRQEN</xref></p>
    </address-details>
</register-reference>

<register-reference>
    <address>0x00044</address>
    <addr-element>
    <addr-mnemonic>IRQRES0</addr-mnemonic>
    </addr-element>

    <address-details>
        <p><xref href="./pm20_60_1038_reg_reg.xml#MOORTEC_PVT_REGS/table_IRQRES0_MOORTEC_PVT_REGS">IRQRES0</xref></p>
    </address-details>
</register-reference>

<register-reference>
    <address>0x00048</address>
    <addr-element>
    <addr-mnemonic>IRQRES1</addr-mnemonic>
    </addr-element>

    <address-details>
        <p><xref href="./pm20_60_1038_reg_reg.xml#MOORTEC_PVT_REGS/table_IRQRES1_MOORTEC_PVT_REGS">IRQRES1</xref></p>
    </address-details>
</register-reference>

<register-reference>
    <address>0x0004C</address>
    <addr-element>
    <addr-mnemonic>IRQRES2</addr-mnemonic>
    </addr-element>

    <address-details>
        <p><xref href="./pm20_60_1038_reg_reg.xml#MOORTEC_PVT_REGS/table_IRQRES2_MOORTEC_PVT_REGS">IRQRES2</xref></p>
    </address-details>
</register-reference>

<register-reference>
    <address>0x00050</address>
    <addr-element>
    <addr-mnemonic>IRQTMRMASK</addr-mnemonic>
    </addr-element>

    <address-details>
        <p><xref href="./pm20_60_1038_reg_reg.xml#MOORTEC_PVT_REGS/table_IRQTMRMASK_MOORTEC_PVT_REGS">IRQTMRMASK</xref></p>
    </address-details>
</register-reference>

<register-reference>
    <address>0x00054</address>
    <addr-element>
    <addr-mnemonic>IRQTSMASK</addr-mnemonic>
    </addr-element>

    <address-details>
        <p><xref href="./pm20_60_1038_reg_reg.xml#MOORTEC_PVT_REGS/table_IRQTSMASK_MOORTEC_PVT_REGS">IRQTSMASK</xref></p>
    </address-details>
</register-reference>

<register-reference>
    <address>0x00058</address>
    <addr-element>
    <addr-mnemonic>IRQRES3</addr-mnemonic>
    </addr-element>

    <address-details>
        <p><xref href="./pm20_60_1038_reg_reg.xml#MOORTEC_PVT_REGS/table_IRQRES3_MOORTEC_PVT_REGS">IRQRES3</xref></p>
    </address-details>
</register-reference>

<register-reference>
    <address>0x0005C</address>
    <addr-element>
    <addr-mnemonic>IRQRES4</addr-mnemonic>
    </addr-element>

    <address-details>
        <p><xref href="./pm20_60_1038_reg_reg.xml#MOORTEC_PVT_REGS/table_IRQRES4_MOORTEC_PVT_REGS">IRQRES4</xref></p>
    </address-details>
</register-reference>

<register-reference>
    <address>0x00060</address>
    <addr-element>
    <addr-mnemonic>IRQTMRSTAT</addr-mnemonic>
    </addr-element>

    <address-details>
        <p><xref href="./pm20_60_1038_reg_reg.xml#MOORTEC_PVT_REGS/table_IRQTMRSTAT_MOORTEC_PVT_REGS">IRQTMRSTAT</xref></p>
    </address-details>
</register-reference>

<register-reference>
    <address>0x00064</address>
    <addr-element>
    <addr-mnemonic>IRQTSSTAT</addr-mnemonic>
    </addr-element>

    <address-details>
        <p><xref href="./pm20_60_1038_reg_reg.xml#MOORTEC_PVT_REGS/table_IRQTSSTAT_MOORTEC_PVT_REGS">IRQTSSTAT</xref></p>
    </address-details>
</register-reference>

<register-reference>
    <address>0x00068</address>
    <addr-element>
    <addr-mnemonic>IRQRES5</addr-mnemonic>
    </addr-element>

    <address-details>
        <p><xref href="./pm20_60_1038_reg_reg.xml#MOORTEC_PVT_REGS/table_IRQRES5_MOORTEC_PVT_REGS">IRQRES5</xref></p>
    </address-details>
</register-reference>

<register-reference>
    <address>0x0006C</address>
    <addr-element>
    <addr-mnemonic>IRQRES6</addr-mnemonic>
    </addr-element>

    <address-details>
        <p><xref href="./pm20_60_1038_reg_reg.xml#MOORTEC_PVT_REGS/table_IRQRES6_MOORTEC_PVT_REGS">IRQRES6</xref></p>
    </address-details>
</register-reference>

<register-reference>
    <address>0x00070</address>
    <addr-element>
    <addr-mnemonic>IRQTMRRAW</addr-mnemonic>
    </addr-element>

    <address-details>
        <p><xref href="./pm20_60_1038_reg_reg.xml#MOORTEC_PVT_REGS/table_IRQTMRRAW_MOORTEC_PVT_REGS">IRQTMRRAW</xref></p>
    </address-details>
</register-reference>

<register-reference>
    <address>0x00074</address>
    <addr-element>
    <addr-mnemonic>IRQTSRAW</addr-mnemonic>
    </addr-element>

    <address-details>
        <p><xref href="./pm20_60_1038_reg_reg.xml#MOORTEC_PVT_REGS/table_IRQTSRAW_MOORTEC_PVT_REGS">IRQTSRAW</xref></p>
    </address-details>
</register-reference>

<register-reference>
    <address>0x00078</address>
    <addr-element>
    <addr-mnemonic>IRQRES7</addr-mnemonic>
    </addr-element>

    <address-details>
        <p><xref href="./pm20_60_1038_reg_reg.xml#MOORTEC_PVT_REGS/table_IRQRES7_MOORTEC_PVT_REGS">IRQRES7</xref></p>
    </address-details>
</register-reference>

<register-reference>
    <address>0x0007C</address>
    <addr-element>
    <addr-mnemonic>IRQRES8</addr-mnemonic>
    </addr-element>

    <address-details>
        <p><xref href="./pm20_60_1038_reg_reg.xml#MOORTEC_PVT_REGS/table_IRQRES8_MOORTEC_PVT_REGS">IRQRES8</xref></p>
    </address-details>
</register-reference>

<register-reference>
    <address>0x00080</address>
    <addr-element>
    <addr-mnemonic>CLKSYNTH</addr-mnemonic>
    </addr-element>

    <address-details>
        <p><xref href="./pm20_60_1038_reg_reg.xml#MOORTEC_PVT_REGS/table_CLKSYNTH_MOORTEC_PVT_REGS">CLKSYNTH</xref></p>
    </address-details>
</register-reference>

<register-reference>
    <address>0x00084</address>
    <addr-element>
    <addr-mnemonic>SDIFDISABLE</addr-mnemonic>
    </addr-element>

    <address-details>
        <p><xref href="./pm20_60_1038_reg_reg.xml#MOORTEC_PVT_REGS/table_SDIFDISABLE_MOORTEC_PVT_REGS">SDIFDISABLE</xref></p>
    </address-details>
</register-reference>

<register-reference>
    <address>0x00088</address>
    <addr-element>
    <addr-mnemonic>SDIFSTAT</addr-mnemonic>
    </addr-element>

    <address-details>
        <p><xref href="./pm20_60_1038_reg_reg.xml#MOORTEC_PVT_REGS/table_SDIFSTAT_MOORTEC_PVT_REGS">SDIFSTAT</xref></p>
    </address-details>
</register-reference>

<register-reference>
    <address>0x0008C</address>
    <addr-element>
    <addr-mnemonic>SDIF</addr-mnemonic>
    </addr-element>

    <address-details>
        <p><xref href="./pm20_60_1038_reg_reg.xml#MOORTEC_PVT_REGS/table_SDIF_MOORTEC_PVT_REGS">SDIF</xref></p>
    </address-details>
</register-reference>

<register-reference>
    <address>0x00090</address>
    <addr-element>
    <addr-mnemonic>SDIFHALT</addr-mnemonic>
    </addr-element>

    <address-details>
        <p><xref href="./pm20_60_1038_reg_reg.xml#MOORTEC_PVT_REGS/table_SDIFHALT_MOORTEC_PVT_REGS">SDIFHALT</xref></p>
    </address-details>
</register-reference>

<register-reference>
    <address>0x00094</address>
    <addr-element>
    <addr-mnemonic>SDIFCTRL</addr-mnemonic>
    </addr-element>

    <address-details>
        <p><xref href="./pm20_60_1038_reg_reg.xml#MOORTEC_PVT_REGS/table_SDIFCTRL_MOORTEC_PVT_REGS">SDIFCTRL</xref></p>
    </address-details>
</register-reference>

<register-reference>
    <address>0x000A0</address>
    <addr-element>
    <addr-mnemonic>SMPLCTRL</addr-mnemonic>
    </addr-element>

    <address-details>
        <p><xref href="./pm20_60_1038_reg_reg.xml#MOORTEC_PVT_REGS/table_SMPLCTRL_MOORTEC_PVT_REGS">SMPLCTRL</xref></p>
    </address-details>
</register-reference>

<register-reference>
    <address>0x000A4</address>
    <addr-element>
    <addr-mnemonic>SMPLCLR</addr-mnemonic>
    </addr-element>

    <address-details>
        <p><xref href="./pm20_60_1038_reg_reg.xml#MOORTEC_PVT_REGS/table_SMPLCLR_MOORTEC_PVT_REGS">SMPLCLR</xref></p>
    </address-details>
</register-reference>

<register-reference>
    <address>0x000A8</address>
    <addr-element>
    <addr-mnemonic>SMPLCNT</addr-mnemonic>
    </addr-element>

    <address-details>
        <p><xref href="./pm20_60_1038_reg_reg.xml#MOORTEC_PVT_REGS/table_SMPLCNT_MOORTEC_PVT_REGS">SMPLCNT</xref></p>
    </address-details>
</register-reference>

<register-reference>
    <address>0x000C0</address>
    <addr-element>
    <addr-mnemonic>TSIRQEN</addr-mnemonic>
    </addr-element>

    <address-details>
        <p><xref href="./pm20_60_1038_reg_reg.xml#MOORTEC_PVT_REGS/table_TSIRQEN_MOORTEC_PVT_REGS">TSIRQEN</xref></p>
    </address-details>
</register-reference>

<register-reference>
    <address>0x000C4</address>
    <addr-element>
    <addr-mnemonic>IRQSTAT</addr-mnemonic>
    </addr-element>

    <address-details>
        <p><xref href="./pm20_60_1038_reg_reg.xml#MOORTEC_PVT_REGS/table_IRQSTAT_MOORTEC_PVT_REGS">IRQSTAT</xref></p>
    </address-details>
</register-reference>

<register-reference>
    <address>0x000C8</address>
    <addr-element>
    <addr-mnemonic>IRQCLEAR</addr-mnemonic>
    </addr-element>

    <address-details>
        <p><xref href="./pm20_60_1038_reg_reg.xml#MOORTEC_PVT_REGS/table_IRQCLEAR_MOORTEC_PVT_REGS">IRQCLEAR</xref></p>
    </address-details>
</register-reference>

<register-reference>
    <address>0x000CC</address>
    <addr-element>
    <addr-mnemonic>IRQTEST</addr-mnemonic>
    </addr-element>

    <address-details>
        <p><xref href="./pm20_60_1038_reg_reg.xml#MOORTEC_PVT_REGS/table_IRQTEST_MOORTEC_PVT_REGS">IRQTEST</xref></p>
    </address-details>
</register-reference>

<register-reference>
    <address>0x000D0</address>
    <addr-element>
    <addr-mnemonic>SDIFRDATA</addr-mnemonic>
    </addr-element>

    <address-details>
        <p><xref href="./pm20_60_1038_reg_reg.xml#MOORTEC_PVT_REGS/table_SDIFRDATA_MOORTEC_PVT_REGS">SDIFRDATA</xref></p>
    </address-details>
</register-reference>

<register-reference>
    <address>0x000D4</address>
    <addr-element>
    <addr-mnemonic>SDIFDONE</addr-mnemonic>
    </addr-element>

    <address-details>
        <p><xref href="./pm20_60_1038_reg_reg.xml#MOORTEC_PVT_REGS/table_SDIFDONE_MOORTEC_PVT_REGS">SDIFDONE</xref></p>
    </address-details>
</register-reference>

<register-reference>
    <address>0x000D8</address>
    <addr-element>
    <addr-mnemonic>SDIFDATA</addr-mnemonic>
    </addr-element>

    <address-details>
        <p><xref href="./pm20_60_1038_reg_reg.xml#MOORTEC_PVT_REGS/table_SDIFDATA_MOORTEC_PVT_REGS">SDIFDATA</xref></p>
    </address-details>
</register-reference>

<register-reference>
    <address>0x000DC</address>
    <addr-element>
    <addr-mnemonic>RES0</addr-mnemonic>
    </addr-element>

    <address-details>
        <p><xref href="./pm20_60_1038_reg_reg.xml#MOORTEC_PVT_REGS/table_RES0_MOORTEC_PVT_REGS">RES0</xref></p>
    </address-details>
</register-reference>

<register-reference>
    <address>0x000E0</address>
    <addr-element>
    <addr-mnemonic>ALARMACFG</addr-mnemonic>
    </addr-element>

    <address-details>
        <p><xref href="./pm20_60_1038_reg_reg.xml#MOORTEC_PVT_REGS/table_ALARMACFG_MOORTEC_PVT_REGS">ALARMACFG</xref></p>
    </address-details>
</register-reference>

<register-reference>
    <address>0x000E4</address>
    <addr-element>
    <addr-mnemonic>ALARMBCFG</addr-mnemonic>
    </addr-element>

    <address-details>
        <p><xref href="./pm20_60_1038_reg_reg.xml#MOORTEC_PVT_REGS/table_ALARMBCFG_MOORTEC_PVT_REGS">ALARMBCFG</xref></p>
    </address-details>
</register-reference>

<register-reference>
    <address>0x000E8</address>
    <addr-element>
    <addr-mnemonic>SMPLHILO</addr-mnemonic>
    </addr-element>

    <address-details>
        <p><xref href="./pm20_60_1038_reg_reg.xml#MOORTEC_PVT_REGS/table_SMPLHILO_MOORTEC_PVT_REGS">SMPLHILO</xref></p>
    </address-details>
</register-reference>

<register-reference>
    <address>0x000EC</address>
    <addr-element>
    <addr-mnemonic>HILORESET</addr-mnemonic>
    </addr-element>

    <address-details>
        <p><xref href="./pm20_60_1038_reg_reg.xml#MOORTEC_PVT_REGS/table_HILORESET_MOORTEC_PVT_REGS">HILORESET</xref></p>
    </address-details>
</register-reference>

</address-map>
</tgroup>
</table>
<p/>
</body>
</topic>