<?xml version="1.0" encoding="UTF-8"?>
<!DOCTYPE topic PUBLIC "-//OASIS//DTD DITA 1.2 Topic//EN" "/SysSchema/dita/dtd/technicalContent/dtd/topic.dtd">
<topic base="base" id="MOORTEC_PVT_REGS">
<title>6n Moortec Temp Sensor Register Document</title>

<body>
<p>Temperature Sensor General Registers</p>
<table id="table_COMPID_MOORTEC_PVT_REGS">
<title><reg-name-main verilog="COMPID">COMPID</reg-name-main> - <reg-desc>COMPID</reg-desc></title>
<tgroup cols="5">
<colspec colname="A" colwidth="111*"/>
<colspec colname="B" colwidth="144*"/>
<colspec colname="C" colwidth="101*"/>
<colspec colname="D" colwidth="87*"/>
<colspec colname="E" colwidth="557*"/>
<thead>
<row>
<entry><p>Bit Field</p></entry>
<entry><p>Field Name</p></entry>
<entry><p>Type</p></entry>
<entry><p>Default Value</p></entry>
<entry><p>Description</p></entry>
</row>
</thead>

<reg-def>
<field>
<field-bits>
<double>
<msb>31</msb>
<lsb>18</lsb>
</double>
</field-bits>
<field-name verilog="MOORTECID">MOORTECID</field-name>
<field-type>RO</field-type>
<field-default>0x26D2</field-default>
<field-desc>
<p><b>Moortec ID.</b></p>
</field-desc>
</field>

<field>
<field-bits>
<double>
<msb>17</msb>
<lsb>12</lsb>
</double>
</field-bits>
<field-name verilog="COMPID">COMPID</field-name>
<field-type>RO</field-type>
<field-default>0x8</field-default>
<field-desc>
<p><b>Component ID.</b></p>
</field-desc>
</field>

<field>
<field-bits>
<double>
<msb>11</msb>
<lsb>10</lsb>
</double>
</field-bits>
<field-name verilog="RESERVED">RESERVED</field-name>
<field-type>RO</field-type>
<field-default>0x0</field-default>
<field-desc>
<p><b>Reserved</b></p>
</field-desc>
</field>

<field>
<field-bits>
<double>
<msb>9</msb>
<lsb>5</lsb>
</double>
</field-bits>
<field-name verilog="REVMAJOR">REVMAJOR</field-name>
<field-type>RO</field-type>
<field-default>0x1</field-default>
<field-desc>
<p><b>Major Component revision ID.</b></p>
</field-desc>
</field>

<field>
<field-bits>
<double>
<msb>4</msb>
<lsb>0</lsb>
</double>
</field-bits>
<field-name verilog="REVMINOR">REVMINOR</field-name>
<field-type>RO</field-type>
<field-default>0x0</field-default>
<field-desc>
<p><b>Minor Component revision ID.</b></p>
</field-desc>
</field>

</reg-def>
</tgroup>
</table>

<table id="table_IPCFG_MOORTEC_PVT_REGS">
<title><reg-name-main verilog="IPCFG">IPCFG</reg-name-main> - <reg-desc>IPCFG</reg-desc></title>
<tgroup cols="5">
<colspec colname="A" colwidth="111*"/>
<colspec colname="B" colwidth="144*"/>
<colspec colname="C" colwidth="101*"/>
<colspec colname="D" colwidth="87*"/>
<colspec colname="E" colwidth="557*"/>
<thead>
<row>
<entry><p>Bit Field</p></entry>
<entry><p>Field Name</p></entry>
<entry><p>Type</p></entry>
<entry><p>Default Value</p></entry>
<entry><p>Description</p></entry>
</row>
</thead>

<reg-def>
<field>
<field-bits>
<double>
<msb>31</msb>
<lsb>0</lsb>
</double>
</field-bits>
<field-name verilog="TSNUM">TSNUM</field-name>
<field-type>RO</field-type>
<field-default>0x1</field-default>
<field-desc>
<p><b>The number of Temp Sensor macros connected to the Controller.</b></p>
</field-desc>
</field>

</reg-def>
</tgroup>
</table>

<table id="table_IDNUM_MOORTEC_PVT_REGS">
<title><reg-name-main verilog="IDNUM">IDNUM</reg-name-main> - <reg-desc>IDNUM</reg-desc></title>
<tgroup cols="5">
<colspec colname="A" colwidth="111*"/>
<colspec colname="B" colwidth="144*"/>
<colspec colname="C" colwidth="101*"/>
<colspec colname="D" colwidth="87*"/>
<colspec colname="E" colwidth="557*"/>
<thead>
<row>
<entry><p>Bit Field</p></entry>
<entry><p>Field Name</p></entry>
<entry><p>Type</p></entry>
<entry><p>Default Value</p></entry>
<entry><p>Description</p></entry>
</row>
</thead>

<reg-def>
<field>
<field-bits>
<double>
<msb>31</msb>
<lsb>0</lsb>
</double>
</field-bits>
<field-name verilog="CUSTOMID">CUSTOMID</field-name>
<field-type>RO</field-type>
<field-default>0x0</field-default>
<field-desc>
<p><b>Custom ID. Always zero.</b></p>
</field-desc>
</field>

</reg-def>
</tgroup>
</table>

<table id="table_TMSCRATCH_MOORTEC_PVT_REGS">
<title><reg-name-main verilog="TMSCRATCH">TMSCRATCH</reg-name-main> - <reg-desc>TMSCRATCH</reg-desc></title>
<tgroup cols="5">
<colspec colname="A" colwidth="111*"/>
<colspec colname="B" colwidth="144*"/>
<colspec colname="C" colwidth="101*"/>
<colspec colname="D" colwidth="87*"/>
<colspec colname="E" colwidth="557*"/>
<thead>
<row>
<entry><p>Bit Field</p></entry>
<entry><p>Field Name</p></entry>
<entry><p>Type</p></entry>
<entry><p>Default Value</p></entry>
<entry><p>Description</p></entry>
</row>
</thead>

<reg-def>
<field>
<field-bits>
<double>
<msb>31</msb>
<lsb>0</lsb>
</double>
</field-bits>
<field-name verilog="SCRATCH">SCRATCH</field-name>
<field-type>RW</field-type>
<field-default>0x0</field-default>
<field-desc>
<p><b>Read / Writable Scratch Register</b></p>
</field-desc>
</field>

</reg-def>
</tgroup>
</table>

<table id="table_REGLOCK_MOORTEC_PVT_REGS">
<title><reg-name-main verilog="REGLOCK">REGLOCK</reg-name-main> - <reg-desc>REGLOCK</reg-desc></title>
<tgroup cols="5">
<colspec colname="A" colwidth="111*"/>
<colspec colname="B" colwidth="144*"/>
<colspec colname="C" colwidth="101*"/>
<colspec colname="D" colwidth="87*"/>
<colspec colname="E" colwidth="557*"/>
<thead>
<row>
<entry><p>Bit Field</p></entry>
<entry><p>Field Name</p></entry>
<entry><p>Type</p></entry>
<entry><p>Default Value</p></entry>
<entry><p>Description</p></entry>
</row>
</thead>

<reg-def>
<field>
<field-bits>
<double>
<msb>31</msb>
<lsb>0</lsb>
</double>
</field-bits>
<field-name verilog="LOCK">LOCK</field-name>
<field-type>RW</field-type>
<field-default>0x0</field-default>
<field-desc>
<p><b>PVT Soft lock register. Any write to register locks IP macro registers. Software lock can be removed by writing  0x1ACCE551.</b></p>
</field-desc>
</field>

</reg-def>
</tgroup>
</table>

<table id="table_LOCKSTAT_MOORTEC_PVT_REGS">
<title><reg-name-main verilog="LOCKSTAT">LOCKSTAT</reg-name-main> - <reg-desc>LOCKSTAT</reg-desc></title>
<tgroup cols="5">
<colspec colname="A" colwidth="111*"/>
<colspec colname="B" colwidth="144*"/>
<colspec colname="C" colwidth="101*"/>
<colspec colname="D" colwidth="87*"/>
<colspec colname="E" colwidth="557*"/>
<thead>
<row>
<entry><p>Bit Field</p></entry>
<entry><p>Field Name</p></entry>
<entry><p>Type</p></entry>
<entry><p>Default Value</p></entry>
<entry><p>Description</p></entry>
</row>
</thead>

<reg-def>
<field>
<field-bits>
<double>
<msb>31</msb>
<lsb>2</lsb>
</double>
</field-bits>
<field-name verilog="RESERVED">RESERVED</field-name>
<field-type>RO</field-type>
<field-default>0x0</field-default>
<field-desc>
<p><b>Reserved</b></p>
</field-desc>
</field>

<field>
<field-bits>
<single>1</single>
</field-bits>
<field-name verilog="HWLOCK">HWLOCK</field-name>
<field-type>RO</field-type>
<field-default>0x0</field-default>
<field-desc>
<p><b>Indicates the status of the HW lock input to the PVT controller.</b></p>
</field-desc>
</field>

<field>
<field-bits>
<single>0</single>
</field-bits>
<field-name verilog="SWLOCK">SWLOCK</field-name>
<field-type>RO</field-type>
<field-default>0x0</field-default>
<field-desc>
<p><b>Indicates the current state of the lock register.</b></p>
</field-desc>
</field>

</reg-def>
</tgroup>
</table>

<table id="table_TAMSTAT_MOORTEC_PVT_REGS">
<title><reg-name-main verilog="TAMSTAT">TAMSTAT</reg-name-main> - <reg-desc>TAMSTAT</reg-desc></title>
<tgroup cols="5">
<colspec colname="A" colwidth="111*"/>
<colspec colname="B" colwidth="144*"/>
<colspec colname="C" colwidth="101*"/>
<colspec colname="D" colwidth="87*"/>
<colspec colname="E" colwidth="557*"/>
<thead>
<row>
<entry><p>Bit Field</p></entry>
<entry><p>Field Name</p></entry>
<entry><p>Type</p></entry>
<entry><p>Default Value</p></entry>
<entry><p>Description</p></entry>
</row>
</thead>

<reg-def>
<field>
<field-bits>
<double>
<msb>31</msb>
<lsb>1</lsb>
</double>
</field-bits>
<field-name verilog="RESERVED">RESERVED</field-name>
<field-type>RO</field-type>
<field-default>0x0</field-default>
<field-desc>
<p><b>Reserved</b></p>
</field-desc>
</field>

<field>
<field-bits>
<single>0</single>
</field-bits>
<field-name verilog="TAMSTAT">TAMSTAT</field-name>
<field-type>RO</field-type>
<field-default>0x0</field-default>
<field-desc>
<p><b>Indicates that TAM has been active.</b></p>
</field-desc>
</field>

</reg-def>
</tgroup>
</table>

<table id="table_TAMCLEAR_MOORTEC_PVT_REGS">
<title><reg-name-main verilog="TAMCLEAR">TAMCLEAR</reg-name-main> - <reg-desc>TAMCLEAR</reg-desc></title>
<tgroup cols="5">
<colspec colname="A" colwidth="111*"/>
<colspec colname="B" colwidth="144*"/>
<colspec colname="C" colwidth="101*"/>
<colspec colname="D" colwidth="87*"/>
<colspec colname="E" colwidth="557*"/>
<thead>
<row>
<entry><p>Bit Field</p></entry>
<entry><p>Field Name</p></entry>
<entry><p>Type</p></entry>
<entry><p>Default Value</p></entry>
<entry><p>Description</p></entry>
</row>
</thead>

<reg-def>
<field>
<field-bits>
<double>
<msb>31</msb>
<lsb>1</lsb>
</double>
</field-bits>
<field-name verilog="RESERVED">RESERVED</field-name>
<field-type>RO</field-type>
<field-default>0x0</field-default>
<field-desc>
<p><b>Reserved</b></p>
</field-desc>
</field>

<field>
<field-bits>
<single>0</single>
</field-bits>
<field-name verilog="TAMCLEAR">TAMCLEAR</field-name>
<field-type>RW</field-type>
<field-default>0x0</field-default>
<field-desc>
<p><b>Writing 1 to this self-clearing bit clears the TAM status register.</b></p>
</field-desc>
</field>

</reg-def>
</tgroup>
</table>

<table id="table_TMRCTRL_MOORTEC_PVT_REGS">
<title><reg-name-main verilog="TMRCTRL">TMRCTRL</reg-name-main> - <reg-desc>TMRCTRL</reg-desc></title>
<tgroup cols="5">
<colspec colname="A" colwidth="111*"/>
<colspec colname="B" colwidth="144*"/>
<colspec colname="C" colwidth="101*"/>
<colspec colname="D" colwidth="87*"/>
<colspec colname="E" colwidth="557*"/>
<thead>
<row>
<entry><p>Bit Field</p></entry>
<entry><p>Field Name</p></entry>
<entry><p>Type</p></entry>
<entry><p>Default Value</p></entry>
<entry><p>Description</p></entry>
</row>
</thead>

<reg-def>
<field>
<field-bits>
<double>
<msb>31</msb>
<lsb>17</lsb>
</double>
</field-bits>
<field-name verilog="RESERVED">RESERVED</field-name>
<field-type>RO</field-type>
<field-default>0x0</field-default>
<field-desc>
<p><b>Reserved</b></p>
</field-desc>
</field>

<field>
<field-bits>
<single>16</single>
</field-bits>
<field-name verilog="TMRRUN">TMRRUN</field-name>
<field-type>RW</field-type>
<field-default>0x0</field-default>
<field-desc>
<p><b>Enables the timer count function (Active High).</b></p>
</field-desc>
</field>

<field>
<field-bits>
<double>
<msb>15</msb>
<lsb>0</lsb>
</double>
</field-bits>
<field-name verilog="TMRDELAY">TMRDELAY</field-name>
<field-type>RW</field-type>
<field-default>0x0</field-default>
<field-desc>
<p><b>Timer Delay Value (units of clk cycles)</b></p>
<p>Setting the time delay to zero disables the timer and clears the TMRDONE and TMRBUSY status flags.</p>
<p>When enabled the timer will start when tmr_run is asserted. The timer is re-initialised when TMRRUN is  de-asserted.</p>
</field-desc>
</field>

</reg-def>
</tgroup>
</table>

<table id="table_TMRSTAT_MOORTEC_PVT_REGS">
<title><reg-name-main verilog="TMRSTAT">TMRSTAT</reg-name-main> - <reg-desc>TMRSTAT</reg-desc></title>
<tgroup cols="5">
<colspec colname="A" colwidth="111*"/>
<colspec colname="B" colwidth="144*"/>
<colspec colname="C" colwidth="101*"/>
<colspec colname="D" colwidth="87*"/>
<colspec colname="E" colwidth="557*"/>
<thead>
<row>
<entry><p>Bit Field</p></entry>
<entry><p>Field Name</p></entry>
<entry><p>Type</p></entry>
<entry><p>Default Value</p></entry>
<entry><p>Description</p></entry>
</row>
</thead>

<reg-def>
<field>
<field-bits>
<double>
<msb>31</msb>
<lsb>2</lsb>
</double>
</field-bits>
<field-name verilog="RESERVED">RESERVED</field-name>
<field-type>RO</field-type>
<field-default>0x0</field-default>
<field-desc>
<p><b>Reserved</b></p>
</field-desc>
</field>

<field>
<field-bits>
<single>1</single>
</field-bits>
<field-name verilog="TMRDONE">TMRDONE</field-name>
<field-type>RO</field-type>
<field-default>0x0</field-default>
<field-desc>
<p><b>Timer Done (Active High)</b></p>
<p>The timer done flag will be asserted if the timer is enabled and the timer counter value equals the programmed  TMRDELAY value.</p>
<p>The timer done flag is automatically cleared when the timer is disabled or re-initialised.</p>
</field-desc>
</field>

<field>
<field-bits>
<single>0</single>
</field-bits>
<field-name verilog="TMRBUSY">TMRBUSY</field-name>
<field-type>RO</field-type>
<field-default>0x0</field-default>
<field-desc>
<p><b>Timer Busy (Active High)</b></p>
<p>The timer busy flag will be asserted if the timer is active and the timer counter value is less than the programmed  TMRDELAY value.</p>
</field-desc>
</field>

</reg-def>
</tgroup>
</table>

<table id="table_TMRIRQCLEAR_MOORTEC_PVT_REGS">
<title><reg-name-main verilog="TMRIRQCLEAR">TMRIRQCLEAR</reg-name-main> - <reg-desc>TMRIRQCLEAR</reg-desc></title>
<tgroup cols="5">
<colspec colname="A" colwidth="111*"/>
<colspec colname="B" colwidth="144*"/>
<colspec colname="C" colwidth="101*"/>
<colspec colname="D" colwidth="87*"/>
<colspec colname="E" colwidth="557*"/>
<thead>
<row>
<entry><p>Bit Field</p></entry>
<entry><p>Field Name</p></entry>
<entry><p>Type</p></entry>
<entry><p>Default Value</p></entry>
<entry><p>Description</p></entry>
</row>
</thead>

<reg-def>
<field>
<field-bits>
<double>
<msb>31</msb>
<lsb>1</lsb>
</double>
</field-bits>
<field-name verilog="RESERVED">RESERVED</field-name>
<field-type>RO</field-type>
<field-default>0x0</field-default>
<field-desc>
<p><b>Reserved</b></p>
</field-desc>
</field>

<field>
<field-bits>
<single>0</single>
</field-bits>
<field-name verilog="TMRIRQCLR">TMRIRQCLR</field-name>
<field-type>RW</field-type>
<field-default>0x0</field-default>
<field-desc>
<p><b>Writing 1 to this self-clearing bit clears the Timer IRQ.</b></p>
</field-desc>
</field>

</reg-def>
</tgroup>
</table>

<table id="table_TMRIRQTEST_MOORTEC_PVT_REGS">
<title><reg-name-main verilog="TMRIRQTEST">TMRIRQTEST</reg-name-main> - <reg-desc>TMRIRQTEST</reg-desc></title>
<tgroup cols="5">
<colspec colname="A" colwidth="111*"/>
<colspec colname="B" colwidth="144*"/>
<colspec colname="C" colwidth="101*"/>
<colspec colname="D" colwidth="87*"/>
<colspec colname="E" colwidth="557*"/>
<thead>
<row>
<entry><p>Bit Field</p></entry>
<entry><p>Field Name</p></entry>
<entry><p>Type</p></entry>
<entry><p>Default Value</p></entry>
<entry><p>Description</p></entry>
</row>
</thead>

<reg-def>
<field>
<field-bits>
<double>
<msb>31</msb>
<lsb>1</lsb>
</double>
</field-bits>
<field-name verilog="RESERVED">RESERVED</field-name>
<field-type>RO</field-type>
<field-default>0x0</field-default>
<field-desc>
<p><b>Reserved</b></p>
</field-desc>
</field>

<field>
<field-bits>
<single>0</single>
</field-bits>
<field-name verilog="TMRIRQTEST">TMRIRQTEST</field-name>
<field-type>RW</field-type>
<field-default>0x0</field-default>
<field-desc>
<p><b>Writing 1 to this self-clearing bit triggers the Timer IRQ.</b></p>
</field-desc>
</field>

</reg-def>
</tgroup>
</table>

<table id="table_IRQEN_MOORTEC_PVT_REGS">
<title><reg-name-main verilog="IRQEN">IRQEN</reg-name-main> - <reg-desc>IRQEN</reg-desc></title>
<tgroup cols="5">
<colspec colname="A" colwidth="111*"/>
<colspec colname="B" colwidth="144*"/>
<colspec colname="C" colwidth="101*"/>
<colspec colname="D" colwidth="87*"/>
<colspec colname="E" colwidth="557*"/>
<thead>
<row>
<entry><p>Bit Field</p></entry>
<entry><p>Field Name</p></entry>
<entry><p>Type</p></entry>
<entry><p>Default Value</p></entry>
<entry><p>Description</p></entry>
</row>
</thead>

<reg-def>
<field>
<field-bits>
<double>
<msb>31</msb>
<lsb>2</lsb>
</double>
</field-bits>
<field-name verilog="RESERVED">RESERVED</field-name>
<field-type>RO</field-type>
<field-default>0x0</field-default>
<field-desc>
<p><b>Reserved</b></p>
</field-desc>
</field>

<field>
<field-bits>
<single>1</single>
</field-bits>
<field-name verilog="TSIRQEN">TSIRQEN</field-name>
<field-type>RW</field-type>
<field-default>0x0</field-default>
<field-desc>
<p><b>Temperature Sensor IRQ Enable.</b></p>
</field-desc>
</field>

<field>
<field-bits>
<single>0</single>
</field-bits>
<field-name verilog="TMRIRQEN">TMRIRQEN</field-name>
<field-type>RW</field-type>
<field-default>0x0</field-default>
<field-desc>
<p><b>Timer IRQ Enable.</b></p>
</field-desc>
</field>

</reg-def>
</tgroup>
</table>

<table id="table_IRQRES0_MOORTEC_PVT_REGS">
<title><reg-name-main verilog="IRQRES0">IRQRES0</reg-name-main> - <reg-desc>IRQRES0</reg-desc></title>
<tgroup cols="5">
<colspec colname="A" colwidth="111*"/>
<colspec colname="B" colwidth="144*"/>
<colspec colname="C" colwidth="101*"/>
<colspec colname="D" colwidth="87*"/>
<colspec colname="E" colwidth="557*"/>
<thead>
<row>
<entry><p>Bit Field</p></entry>
<entry><p>Field Name</p></entry>
<entry><p>Type</p></entry>
<entry><p>Default Value</p></entry>
<entry><p>Description</p></entry>
</row>
</thead>

<reg-def>
<field>
<field-bits>
<double>
<msb>31</msb>
<lsb>0</lsb>
</double>
</field-bits>
<field-name verilog="RESERVED">RESERVED</field-name>
<field-type>RO</field-type>
<field-default>0x0</field-default>
<field-desc>
<p><b>Reserved</b></p>
</field-desc>
</field>

</reg-def>
</tgroup>
</table>

<table id="table_IRQRES1_MOORTEC_PVT_REGS">
<title><reg-name-main verilog="IRQRES1">IRQRES1</reg-name-main> - <reg-desc>IRQRES1</reg-desc></title>
<tgroup cols="5">
<colspec colname="A" colwidth="111*"/>
<colspec colname="B" colwidth="144*"/>
<colspec colname="C" colwidth="101*"/>
<colspec colname="D" colwidth="87*"/>
<colspec colname="E" colwidth="557*"/>
<thead>
<row>
<entry><p>Bit Field</p></entry>
<entry><p>Field Name</p></entry>
<entry><p>Type</p></entry>
<entry><p>Default Value</p></entry>
<entry><p>Description</p></entry>
</row>
</thead>

<reg-def>
<field>
<field-bits>
<double>
<msb>31</msb>
<lsb>0</lsb>
</double>
</field-bits>
<field-name verilog="RESERVED">RESERVED</field-name>
<field-type>RO</field-type>
<field-default>0x0</field-default>
<field-desc>
<p><b>Reserved</b></p>
</field-desc>
</field>

</reg-def>
</tgroup>
</table>

<table id="table_IRQRES2_MOORTEC_PVT_REGS">
<title><reg-name-main verilog="IRQRES2">IRQRES2</reg-name-main> - <reg-desc>IRQRES2</reg-desc></title>
<tgroup cols="5">
<colspec colname="A" colwidth="111*"/>
<colspec colname="B" colwidth="144*"/>
<colspec colname="C" colwidth="101*"/>
<colspec colname="D" colwidth="87*"/>
<colspec colname="E" colwidth="557*"/>
<thead>
<row>
<entry><p>Bit Field</p></entry>
<entry><p>Field Name</p></entry>
<entry><p>Type</p></entry>
<entry><p>Default Value</p></entry>
<entry><p>Description</p></entry>
</row>
</thead>

<reg-def>
<field>
<field-bits>
<double>
<msb>31</msb>
<lsb>0</lsb>
</double>
</field-bits>
<field-name verilog="RESERVED">RESERVED</field-name>
<field-type>RO</field-type>
<field-default>0x0</field-default>
<field-desc>
<p><b>Reserved</b></p>
</field-desc>
</field>

</reg-def>
</tgroup>
</table>

<table id="table_IRQTMRMASK_MOORTEC_PVT_REGS">
<title><reg-name-main verilog="IRQTMRMASK">IRQTMRMASK</reg-name-main> - <reg-desc>IRQTMRMASK</reg-desc></title>
<tgroup cols="5">
<colspec colname="A" colwidth="111*"/>
<colspec colname="B" colwidth="144*"/>
<colspec colname="C" colwidth="101*"/>
<colspec colname="D" colwidth="87*"/>
<colspec colname="E" colwidth="557*"/>
<thead>
<row>
<entry><p>Bit Field</p></entry>
<entry><p>Field Name</p></entry>
<entry><p>Type</p></entry>
<entry><p>Default Value</p></entry>
<entry><p>Description</p></entry>
</row>
</thead>

<reg-def>
<field>
<field-bits>
<double>
<msb>31</msb>
<lsb>1</lsb>
</double>
</field-bits>
<field-name verilog="RESERVED">RESERVED</field-name>
<field-type>RO</field-type>
<field-default>0x0</field-default>
<field-desc>
<p><b>Reserved</b></p>
</field-desc>
</field>

<field>
<field-bits>
<single>0</single>
</field-bits>
<field-name verilog="TMRIRQMASK">TMRIRQMASK</field-name>
<field-type>RW</field-type>
<field-default>0x0</field-default>
<field-desc>
<p><b>Mask Timer IRQ source.</b></p>
</field-desc>
</field>

</reg-def>
</tgroup>
</table>

<table id="table_IRQTSMASK_MOORTEC_PVT_REGS">
<title><reg-name-main verilog="IRQTSMASK">IRQTSMASK</reg-name-main> - <reg-desc>IRQTSMASK</reg-desc></title>
<tgroup cols="5">
<colspec colname="A" colwidth="111*"/>
<colspec colname="B" colwidth="144*"/>
<colspec colname="C" colwidth="101*"/>
<colspec colname="D" colwidth="87*"/>
<colspec colname="E" colwidth="557*"/>
<thead>
<row>
<entry><p>Bit Field</p></entry>
<entry><p>Field Name</p></entry>
<entry><p>Type</p></entry>
<entry><p>Default Value</p></entry>
<entry><p>Description</p></entry>
</row>
</thead>

<reg-def>
<field>
<field-bits>
<double>
<msb>31</msb>
<lsb>1</lsb>
</double>
</field-bits>
<field-name verilog="RESERVED">RESERVED</field-name>
<field-type>RO</field-type>
<field-default>0x0</field-default>
<field-desc>
<p><b>Reserved</b></p>
</field-desc>
</field>

<field>
<field-bits>
<single>0</single>
</field-bits>
<field-name verilog="TSIRQMASK">TSIRQMASK</field-name>
<field-type>RW</field-type>
<field-default>0x0</field-default>
<field-desc>
<p><b>Mask Temp Sensor IRQ source.</b></p>
</field-desc>
</field>

</reg-def>
</tgroup>
</table>

<table id="table_IRQRES3_MOORTEC_PVT_REGS">
<title><reg-name-main verilog="IRQRES3">IRQRES3</reg-name-main> - <reg-desc>IRQRES3</reg-desc></title>
<tgroup cols="5">
<colspec colname="A" colwidth="111*"/>
<colspec colname="B" colwidth="144*"/>
<colspec colname="C" colwidth="101*"/>
<colspec colname="D" colwidth="87*"/>
<colspec colname="E" colwidth="557*"/>
<thead>
<row>
<entry><p>Bit Field</p></entry>
<entry><p>Field Name</p></entry>
<entry><p>Type</p></entry>
<entry><p>Default Value</p></entry>
<entry><p>Description</p></entry>
</row>
</thead>

<reg-def>
<field>
<field-bits>
<double>
<msb>31</msb>
<lsb>0</lsb>
</double>
</field-bits>
<field-name verilog="RESERVED">RESERVED</field-name>
<field-type>RO</field-type>
<field-default>0x0</field-default>
<field-desc>
<p><b>Reserved</b></p>
</field-desc>
</field>

</reg-def>
</tgroup>
</table>

<table id="table_IRQRES4_MOORTEC_PVT_REGS">
<title><reg-name-main verilog="IRQRES4">IRQRES4</reg-name-main> - <reg-desc>IRQRES4</reg-desc></title>
<tgroup cols="5">
<colspec colname="A" colwidth="111*"/>
<colspec colname="B" colwidth="144*"/>
<colspec colname="C" colwidth="101*"/>
<colspec colname="D" colwidth="87*"/>
<colspec colname="E" colwidth="557*"/>
<thead>
<row>
<entry><p>Bit Field</p></entry>
<entry><p>Field Name</p></entry>
<entry><p>Type</p></entry>
<entry><p>Default Value</p></entry>
<entry><p>Description</p></entry>
</row>
</thead>

<reg-def>
<field>
<field-bits>
<double>
<msb>31</msb>
<lsb>0</lsb>
</double>
</field-bits>
<field-name verilog="RESERVED">RESERVED</field-name>
<field-type>RO</field-type>
<field-default>0x0</field-default>
<field-desc>
<p><b>Reserved</b></p>
</field-desc>
</field>

</reg-def>
</tgroup>
</table>

<table id="table_IRQTMRSTAT_MOORTEC_PVT_REGS">
<title><reg-name-main verilog="IRQTMRSTAT">IRQTMRSTAT</reg-name-main> - <reg-desc>IRQTMRSTAT</reg-desc></title>
<tgroup cols="5">
<colspec colname="A" colwidth="111*"/>
<colspec colname="B" colwidth="144*"/>
<colspec colname="C" colwidth="101*"/>
<colspec colname="D" colwidth="87*"/>
<colspec colname="E" colwidth="557*"/>
<thead>
<row>
<entry><p>Bit Field</p></entry>
<entry><p>Field Name</p></entry>
<entry><p>Type</p></entry>
<entry><p>Default Value</p></entry>
<entry><p>Description</p></entry>
</row>
</thead>

<reg-def>
<field>
<field-bits>
<double>
<msb>31</msb>
<lsb>1</lsb>
</double>
</field-bits>
<field-name verilog="RESERVED">RESERVED</field-name>
<field-type>RO</field-type>
<field-default>0x0</field-default>
<field-desc>
<p><b>Reserved</b></p>
</field-desc>
</field>

<field>
<field-bits>
<single>0</single>
</field-bits>
<field-name verilog="TMRIRQ">TMRIRQ</field-name>
<field-type>RO</field-type>
<field-default>0x0</field-default>
<field-desc>
<p><b>Timer IRQ status, after the mask has been applied.</b></p>
</field-desc>
</field>

</reg-def>
</tgroup>
</table>

<table id="table_IRQTSSTAT_MOORTEC_PVT_REGS">
<title><reg-name-main verilog="IRQTSSTAT">IRQTSSTAT</reg-name-main> - <reg-desc>IRQTSSTAT</reg-desc></title>
<tgroup cols="5">
<colspec colname="A" colwidth="111*"/>
<colspec colname="B" colwidth="144*"/>
<colspec colname="C" colwidth="101*"/>
<colspec colname="D" colwidth="87*"/>
<colspec colname="E" colwidth="557*"/>
<thead>
<row>
<entry><p>Bit Field</p></entry>
<entry><p>Field Name</p></entry>
<entry><p>Type</p></entry>
<entry><p>Default Value</p></entry>
<entry><p>Description</p></entry>
</row>
</thead>

<reg-def>
<field>
<field-bits>
<double>
<msb>31</msb>
<lsb>1</lsb>
</double>
</field-bits>
<field-name verilog="RESERVED">RESERVED</field-name>
<field-type>RO</field-type>
<field-default>0x0</field-default>
<field-desc>
<p><b>Reserved</b></p>
</field-desc>
</field>

<field>
<field-bits>
<single>0</single>
</field-bits>
<field-name verilog="TSIRQ">TSIRQ</field-name>
<field-type>RO</field-type>
<field-default>0x0</field-default>
<field-desc>
<p><b>Temp Sensor IRQ status, after the mask has been applied.</b></p>
</field-desc>
</field>

</reg-def>
</tgroup>
</table>

<table id="table_IRQRES5_MOORTEC_PVT_REGS">
<title><reg-name-main verilog="IRQRES5">IRQRES5</reg-name-main> - <reg-desc>IRQRES5</reg-desc></title>
<tgroup cols="5">
<colspec colname="A" colwidth="111*"/>
<colspec colname="B" colwidth="144*"/>
<colspec colname="C" colwidth="101*"/>
<colspec colname="D" colwidth="87*"/>
<colspec colname="E" colwidth="557*"/>
<thead>
<row>
<entry><p>Bit Field</p></entry>
<entry><p>Field Name</p></entry>
<entry><p>Type</p></entry>
<entry><p>Default Value</p></entry>
<entry><p>Description</p></entry>
</row>
</thead>

<reg-def>
<field>
<field-bits>
<double>
<msb>31</msb>
<lsb>0</lsb>
</double>
</field-bits>
<field-name verilog="RESERVED">RESERVED</field-name>
<field-type>RO</field-type>
<field-default>0x0</field-default>
<field-desc>
<p><b>Reserved</b></p>
</field-desc>
</field>

</reg-def>
</tgroup>
</table>

<table id="table_IRQRES6_MOORTEC_PVT_REGS">
<title><reg-name-main verilog="IRQRES6">IRQRES6</reg-name-main> - <reg-desc>IRQRES6</reg-desc></title>
<tgroup cols="5">
<colspec colname="A" colwidth="111*"/>
<colspec colname="B" colwidth="144*"/>
<colspec colname="C" colwidth="101*"/>
<colspec colname="D" colwidth="87*"/>
<colspec colname="E" colwidth="557*"/>
<thead>
<row>
<entry><p>Bit Field</p></entry>
<entry><p>Field Name</p></entry>
<entry><p>Type</p></entry>
<entry><p>Default Value</p></entry>
<entry><p>Description</p></entry>
</row>
</thead>

<reg-def>
<field>
<field-bits>
<double>
<msb>31</msb>
<lsb>0</lsb>
</double>
</field-bits>
<field-name verilog="RESERVED">RESERVED</field-name>
<field-type>RO</field-type>
<field-default>0x0</field-default>
<field-desc>
<p><b>Reserved</b></p>
</field-desc>
</field>

</reg-def>
</tgroup>
</table>

<table id="table_IRQTMRRAW_MOORTEC_PVT_REGS">
<title><reg-name-main verilog="IRQTMRRAW">IRQTMRRAW</reg-name-main> - <reg-desc>IRQTMRRAW</reg-desc></title>
<tgroup cols="5">
<colspec colname="A" colwidth="111*"/>
<colspec colname="B" colwidth="144*"/>
<colspec colname="C" colwidth="101*"/>
<colspec colname="D" colwidth="87*"/>
<colspec colname="E" colwidth="557*"/>
<thead>
<row>
<entry><p>Bit Field</p></entry>
<entry><p>Field Name</p></entry>
<entry><p>Type</p></entry>
<entry><p>Default Value</p></entry>
<entry><p>Description</p></entry>
</row>
</thead>

<reg-def>
<field>
<field-bits>
<double>
<msb>31</msb>
<lsb>1</lsb>
</double>
</field-bits>
<field-name verilog="RESERVED">RESERVED</field-name>
<field-type>RO</field-type>
<field-default>0x0</field-default>
<field-desc>
<p><b>Reserved</b></p>
</field-desc>
</field>

<field>
<field-bits>
<single>0</single>
</field-bits>
<field-name verilog="TMRIRQ">TMRIRQ</field-name>
<field-type>RO</field-type>
<field-default>0x0</field-default>
<field-desc>
<p><b>Timer IRQ status, before the mask has been applied.</b></p>
</field-desc>
</field>

</reg-def>
</tgroup>
</table>

<table id="table_IRQTSRAW_MOORTEC_PVT_REGS">
<title><reg-name-main verilog="IRQTSRAW">IRQTSRAW</reg-name-main> - <reg-desc>IRQTSRAW</reg-desc></title>
<tgroup cols="5">
<colspec colname="A" colwidth="111*"/>
<colspec colname="B" colwidth="144*"/>
<colspec colname="C" colwidth="101*"/>
<colspec colname="D" colwidth="87*"/>
<colspec colname="E" colwidth="557*"/>
<thead>
<row>
<entry><p>Bit Field</p></entry>
<entry><p>Field Name</p></entry>
<entry><p>Type</p></entry>
<entry><p>Default Value</p></entry>
<entry><p>Description</p></entry>
</row>
</thead>

<reg-def>
<field>
<field-bits>
<double>
<msb>31</msb>
<lsb>1</lsb>
</double>
</field-bits>
<field-name verilog="RESERVED">RESERVED</field-name>
<field-type>RO</field-type>
<field-default>0x0</field-default>
<field-desc>
<p><b>Reserved</b></p>
</field-desc>
</field>

<field>
<field-bits>
<single>0</single>
</field-bits>
<field-name verilog="TSIRQ">TSIRQ</field-name>
<field-type>RO</field-type>
<field-default>0x0</field-default>
<field-desc>
<p><b>Temp Sensor IRQ status, before the mask has been applied.</b></p>
</field-desc>
</field>

</reg-def>
</tgroup>
</table>

<table id="table_IRQRES7_MOORTEC_PVT_REGS">
<title><reg-name-main verilog="IRQRES7">IRQRES7</reg-name-main> - <reg-desc>IRQRES7</reg-desc></title>
<tgroup cols="5">
<colspec colname="A" colwidth="111*"/>
<colspec colname="B" colwidth="144*"/>
<colspec colname="C" colwidth="101*"/>
<colspec colname="D" colwidth="87*"/>
<colspec colname="E" colwidth="557*"/>
<thead>
<row>
<entry><p>Bit Field</p></entry>
<entry><p>Field Name</p></entry>
<entry><p>Type</p></entry>
<entry><p>Default Value</p></entry>
<entry><p>Description</p></entry>
</row>
</thead>

<reg-def>
<field>
<field-bits>
<double>
<msb>31</msb>
<lsb>0</lsb>
</double>
</field-bits>
<field-name verilog="RESERVED">RESERVED</field-name>
<field-type>RO</field-type>
<field-default>0x0</field-default>
<field-desc>
<p><b>Reserved</b></p>
</field-desc>
</field>

</reg-def>
</tgroup>
</table>

<table id="table_IRQRES8_MOORTEC_PVT_REGS">
<title><reg-name-main verilog="IRQRES8">IRQRES8</reg-name-main> - <reg-desc>IRQRES8</reg-desc></title>
<tgroup cols="5">
<colspec colname="A" colwidth="111*"/>
<colspec colname="B" colwidth="144*"/>
<colspec colname="C" colwidth="101*"/>
<colspec colname="D" colwidth="87*"/>
<colspec colname="E" colwidth="557*"/>
<thead>
<row>
<entry><p>Bit Field</p></entry>
<entry><p>Field Name</p></entry>
<entry><p>Type</p></entry>
<entry><p>Default Value</p></entry>
<entry><p>Description</p></entry>
</row>
</thead>

<reg-def>
<field>
<field-bits>
<double>
<msb>31</msb>
<lsb>0</lsb>
</double>
</field-bits>
<field-name verilog="RESERVED">RESERVED</field-name>
<field-type>RO</field-type>
<field-default>0x0</field-default>
<field-desc>
<p><b>Reserved</b></p>
</field-desc>
</field>

</reg-def>
</tgroup>
</table>

<table id="table_CLKSYNTH_MOORTEC_PVT_REGS">
<title><reg-name-main verilog="CLKSYNTH">CLKSYNTH</reg-name-main> - <reg-desc>CLKSYNTH</reg-desc></title>
<tgroup cols="5">
<colspec colname="A" colwidth="111*"/>
<colspec colname="B" colwidth="144*"/>
<colspec colname="C" colwidth="101*"/>
<colspec colname="D" colwidth="87*"/>
<colspec colname="E" colwidth="557*"/>
<thead>
<row>
<entry><p>Bit Field</p></entry>
<entry><p>Field Name</p></entry>
<entry><p>Type</p></entry>
<entry><p>Default Value</p></entry>
<entry><p>Description</p></entry>
</row>
</thead>

<reg-def>
<field>
<field-bits>
<double>
<msb>31</msb>
<lsb>25</lsb>
</double>
</field-bits>
<field-name verilog="RESERVED">RESERVED</field-name>
<field-type>RO</field-type>
<field-default>0x0</field-default>
<field-desc>
<p><b>Reserved</b></p>
</field-desc>
</field>

<field>
<field-bits>
<single>24</single>
</field-bits>
<field-name verilog="SYNTHENA">SYNTHENA</field-name>
<field-type>RW</field-type>
<field-default>0x0</field-default>
<field-desc>
<p><b>Synthesized 'clk_ip' Active High Enable</b></p>
</field-desc>
</field>

<field>
<field-bits>
<double>
<msb>23</msb>
<lsb>20</lsb>
</double>
</field-bits>
<field-name verilog="RESERVED">RESERVED</field-name>
<field-type>RO</field-type>
<field-default>0x0</field-default>
<field-desc>
<p><b>Reserved</b></p>
</field-desc>
</field>

<field>
<field-bits>
<double>
<msb>19</msb>
<lsb>16</lsb>
</double>
</field-bits>
<field-name verilog="SYNTHHOLD">SYNTHHOLD</field-name>
<field-type>RW</field-type>
<field-default>0x1</field-default>
<field-desc>
<p><b>SDA master to SDA slave output hold delay from posedge clk_ip and SDA slave to SDA master input setup delay  from posedge 'clk_ip'.</b></p>
<p>Expressed in units of 'clk_sys' cycles the SYNTHHOLD value must NOT exceed the synthesised clock period i.e.  SYNTHHOLD &lt;= SYNTHHI + SYNTHLO + 1.</p>
</field-desc>
</field>

<field>
<field-bits>
<double>
<msb>15</msb>
<lsb>8</lsb>
</double>
</field-bits>
<field-name verilog="SYNTHHI">SYNTHHI</field-name>
<field-type>RW</field-type>
<field-default>0x0</field-default>
<field-desc>
<p><b>Synthesized 'clk_ip' High Period</b></p>
<p>Zero Indexed expressed in units of 'clk_sys' cycles.</p>
</field-desc>
</field>

<field>
<field-bits>
<double>
<msb>7</msb>
<lsb>0</lsb>
</double>
</field-bits>
<field-name verilog="SYNTHLO">SYNTHLO</field-name>
<field-type>RW</field-type>
<field-default>0x0</field-default>
<field-desc>
<p><b>Synthesized 'clk_ip' Low Period</b></p>
<p>Zero Indexed expressed in units of 'clk_sys' cycles.</p>
</field-desc>
</field>

</reg-def>
</tgroup>
</table>

<table id="table_SDIFDISABLE_MOORTEC_PVT_REGS">
<title><reg-name-main verilog="SDIFDISABLE">SDIFDISABLE</reg-name-main> - <reg-desc>SDIFDISABLE</reg-desc></title>
<tgroup cols="5">
<colspec colname="A" colwidth="111*"/>
<colspec colname="B" colwidth="144*"/>
<colspec colname="C" colwidth="101*"/>
<colspec colname="D" colwidth="87*"/>
<colspec colname="E" colwidth="557*"/>
<thead>
<row>
<entry><p>Bit Field</p></entry>
<entry><p>Field Name</p></entry>
<entry><p>Type</p></entry>
<entry><p>Default Value</p></entry>
<entry><p>Description</p></entry>
</row>
</thead>

<reg-def>
<field>
<field-bits>
<double>
<msb>31</msb>
<lsb>1</lsb>
</double>
</field-bits>
<field-name verilog="RESERVED">RESERVED</field-name>
<field-type>RO</field-type>
<field-default>0x0</field-default>
<field-desc>
<p><b>Reserved</b></p>
</field-desc>
</field>

<field>
<field-bits>
<single>0</single>
</field-bits>
<field-name verilog="SDIFDIS">SDIFDIS</field-name>
<field-type>RW</field-type>
<field-default>0x0</field-default>
<field-desc>
<p><b>Serial data interface (SDIF) disable (Active High).</b></p>
<p>When asserted, completely disables the Temp Sensor by forcing the IP macro clock and reset low.</p>
<p>Any disable should be applied before SDIF programming begins.</p>
</field-desc>
</field>

</reg-def>
</tgroup>
</table>

<table id="table_SDIFSTAT_MOORTEC_PVT_REGS">
<title><reg-name-main verilog="SDIFSTAT">SDIFSTAT</reg-name-main> - <reg-desc>SDIFSTAT</reg-desc></title>
<tgroup cols="5">
<colspec colname="A" colwidth="111*"/>
<colspec colname="B" colwidth="144*"/>
<colspec colname="C" colwidth="101*"/>
<colspec colname="D" colwidth="87*"/>
<colspec colname="E" colwidth="557*"/>
<thead>
<row>
<entry><p>Bit Field</p></entry>
<entry><p>Field Name</p></entry>
<entry><p>Type</p></entry>
<entry><p>Default Value</p></entry>
<entry><p>Description</p></entry>
</row>
</thead>

<reg-def>
<field>
<field-bits>
<double>
<msb>31</msb>
<lsb>2</lsb>
</double>
</field-bits>
<field-name verilog="RESERVED">RESERVED</field-name>
<field-type>RO</field-type>
<field-default>0x0</field-default>
<field-desc>
<p><b>Reserved</b></p>
</field-desc>
</field>

<field>
<field-bits>
<single>1</single>
</field-bits>
<field-name verilog="SDIFLOCK">SDIFLOCK</field-name>
<field-type>RO</field-type>
<field-default>0x0</field-default>
<field-desc>
<p><b>SDIF Locked (Active High)</b></p>
<p>Set when slave auto mode is requested to indicate the serial data interface (SDIF) is now a write only  interface.</p>
</field-desc>
</field>

<field>
<field-bits>
<single>0</single>
</field-bits>
<field-name verilog="SDIFBUSY">SDIFBUSY</field-name>
<field-type>RO</field-type>
<field-default>0x0</field-default>
<field-desc>
<p><b>SDIF Busy (Active High)</b></p>
<p>When asserted indicates the serial data interface (SDIF) is busy so any SDIF programming requests will be  ignored.</p>
</field-desc>
</field>

</reg-def>
</tgroup>
</table>

<table id="table_SDIF_MOORTEC_PVT_REGS">
<title><reg-name-main verilog="SDIF">SDIF</reg-name-main> - <reg-desc>SDIF</reg-desc></title>
<tgroup cols="5">
<colspec colname="A" colwidth="111*"/>
<colspec colname="B" colwidth="144*"/>
<colspec colname="C" colwidth="101*"/>
<colspec colname="D" colwidth="87*"/>
<colspec colname="E" colwidth="557*"/>
<thead>
<row>
<entry><p>Bit Field</p></entry>
<entry><p>Field Name</p></entry>
<entry><p>Type</p></entry>
<entry><p>Default Value</p></entry>
<entry><p>Description</p></entry>
</row>
</thead>

<reg-def>
<field>
<field-bits>
<single>31</single>
</field-bits>
<field-name verilog="SDIFPROG">SDIFPROG</field-name>
<field-type>RW</field-type>
<field-default>0x0</field-default>
<field-desc>
<p><b>Serial Data I/F Program Request (Active High)</b></p>
<p>Writing 1 to this self-clearing bit starts an operation on the Serial Data Interface.  Writing to this bit will be ignored if the  SDIFBUSY flag is set or if the SDIFLOCK flag is set and the  request is a read request (SDIFWRN = 0).</p>
</field-desc>
</field>

<field>
<field-bits>
<double>
<msb>30</msb>
<lsb>28</lsb>
</double>
</field-bits>
<field-name verilog="RESERVED">RESERVED</field-name>
<field-type>RO</field-type>
<field-default>0x0</field-default>
<field-desc>
<p><b>Reserved</b></p>
</field-desc>
</field>

<field>
<field-bits>
<single>27</single>
</field-bits>
<field-name verilog="SDIFWRN">SDIFWRN</field-name>
<field-type>RW</field-type>
<field-default>0x0</field-default>
<field-desc>
<p><b>Serial I/F Write NOT Read control bit</b></p>
<p>1 - Write</p>
<p>0 - Read</p>
</field-desc>
</field>

<field>
<field-bits>
<double>
<msb>26</msb>
<lsb>24</lsb>
</double>
</field-bits>
<field-name verilog="SDIFADDR">SDIFADDR</field-name>
<field-type>RW</field-type>
<field-default>0x0</field-default>
<field-desc>
<p><b>Serial I/F register address</b></p>
</field-desc>
</field>

<field>
<field-bits>
<double>
<msb>23</msb>
<lsb>0</lsb>
</double>
</field-bits>
<field-name verilog="SDIFWDATA">SDIFWDATA</field-name>
<field-type>RW</field-type>
<field-default>0x0</field-default>
<field-desc>
<p><b>Serial I/F Write data</b></p>
</field-desc>
</field>

</reg-def>
</tgroup>
</table>

<table id="table_SDIFHALT_MOORTEC_PVT_REGS">
<title><reg-name-main verilog="SDIFHALT">SDIFHALT</reg-name-main> - <reg-desc>SDIFHALT</reg-desc></title>
<tgroup cols="5">
<colspec colname="A" colwidth="111*"/>
<colspec colname="B" colwidth="144*"/>
<colspec colname="C" colwidth="101*"/>
<colspec colname="D" colwidth="87*"/>
<colspec colname="E" colwidth="557*"/>
<thead>
<row>
<entry><p>Bit Field</p></entry>
<entry><p>Field Name</p></entry>
<entry><p>Type</p></entry>
<entry><p>Default Value</p></entry>
<entry><p>Description</p></entry>
</row>
</thead>

<reg-def>
<field>
<field-bits>
<double>
<msb>31</msb>
<lsb>1</lsb>
</double>
</field-bits>
<field-name verilog="RESERVED">RESERVED</field-name>
<field-type>RO</field-type>
<field-default>0x0</field-default>
<field-desc>
<p><b>Reserved</b></p>
</field-desc>
</field>

<field>
<field-bits>
<single>0</single>
</field-bits>
<field-name verilog="SDIFSTOP">SDIFSTOP</field-name>
<field-type>RW</field-type>
<field-default>0x0</field-default>
<field-desc>
<p><b>Serial data interface (SDIF) stop (Active High)</b></p>
<p>This self-clearing bit immediately stops all SDIF programming activity. The feature provides a means to terminate  serial data interface activity in the unlikely event of it  becoming locked; it should not be required during normal  operation.</p>
</field-desc>
</field>

</reg-def>
</tgroup>
</table>

<table id="table_SDIFCTRL_MOORTEC_PVT_REGS">
<title><reg-name-main verilog="SDIFCTRL">SDIFCTRL</reg-name-main> - <reg-desc>SDIFCTRL</reg-desc></title>
<tgroup cols="5">
<colspec colname="A" colwidth="111*"/>
<colspec colname="B" colwidth="144*"/>
<colspec colname="C" colwidth="101*"/>
<colspec colname="D" colwidth="87*"/>
<colspec colname="E" colwidth="557*"/>
<thead>
<row>
<entry><p>Bit Field</p></entry>
<entry><p>Field Name</p></entry>
<entry><p>Type</p></entry>
<entry><p>Default Value</p></entry>
<entry><p>Description</p></entry>
</row>
</thead>

<reg-def>
<field>
<field-bits>
<double>
<msb>31</msb>
<lsb>1</lsb>
</double>
</field-bits>
<field-name verilog="RESERVED">RESERVED</field-name>
<field-type>RO</field-type>
<field-default>0x0</field-default>
<field-desc>
<p><b>Reserved</b></p>
</field-desc>
</field>

<field>
<field-bits>
<single>0</single>
</field-bits>
<field-name verilog="INHIBIT">INHIBIT</field-name>
<field-type>RW</field-type>
<field-default>0x0</field-default>
<field-desc>
<p><b>Serial data interface (SDIF) programming inhibit (Active High).</b></p>
<p>When asserted, inhibits serial programming of the Temp Sensor.</p>
<p>Inhibit should be applied before SDIF programming begins.</p>
</field-desc>
</field>

</reg-def>
</tgroup>
</table>

<table id="table_SMPLCTRL_MOORTEC_PVT_REGS">
<title><reg-name-main verilog="SMPLCTRL">SMPLCTRL</reg-name-main> - <reg-desc>SMPLCTRL</reg-desc></title>
<tgroup cols="5">
<colspec colname="A" colwidth="111*"/>
<colspec colname="B" colwidth="144*"/>
<colspec colname="C" colwidth="101*"/>
<colspec colname="D" colwidth="87*"/>
<colspec colname="E" colwidth="557*"/>
<thead>
<row>
<entry><p>Bit Field</p></entry>
<entry><p>Field Name</p></entry>
<entry><p>Type</p></entry>
<entry><p>Default Value</p></entry>
<entry><p>Description</p></entry>
</row>
</thead>

<reg-def>
<field>
<field-bits>
<double>
<msb>31</msb>
<lsb>3</lsb>
</double>
</field-bits>
<field-name verilog="RESERVED">RESERVED</field-name>
<field-type>RO</field-type>
<field-default>0x0</field-default>
<field-desc>
<p><b>Reserved</b></p>
</field-desc>
</field>

<field>
<field-bits>
<single>2</single>
</field-bits>
<field-name verilog="DISCARD">DISCARD</field-name>
<field-type>RW</field-type>
<field-default>0x0</field-default>
<field-desc>
<p><b>Sample Discard (Active High)</b></p>
<p>This feature can be used to temporarily discard received data samples. When this bit is set data recovery is  disabled but the external IP may continue to run.</p>
</field-desc>
</field>

<field>
<field-bits>
<single>1</single>
</field-bits>
<field-name verilog="HOLD">HOLD</field-name>
<field-type>RW</field-type>
<field-default>0x0</field-default>
<field-desc>
<p><b>Sample Counter Hold (Active High)</b></p>
<p>When asserted the sample counter is prevented from rolling over when the maximum sample count is  reached.</p>
</field-desc>
</field>

<field>
<field-bits>
<single>0</single>
</field-bits>
<field-name verilog="DISABLE">DISABLE</field-name>
<field-type>RW</field-type>
<field-default>0x0</field-default>
<field-desc>
<p><b>Sample Counter Disable (Active High)</b></p>
<p>0x0 - Sample counter enabled.</p>
<p>0x1 - Sample counter disabled.</p>
</field-desc>
</field>

</reg-def>
</tgroup>
</table>

<table id="table_SMPLCLR_MOORTEC_PVT_REGS">
<title><reg-name-main verilog="SMPLCLR">SMPLCLR</reg-name-main> - <reg-desc>SMPLCLR</reg-desc></title>
<tgroup cols="5">
<colspec colname="A" colwidth="111*"/>
<colspec colname="B" colwidth="144*"/>
<colspec colname="C" colwidth="101*"/>
<colspec colname="D" colwidth="87*"/>
<colspec colname="E" colwidth="557*"/>
<thead>
<row>
<entry><p>Bit Field</p></entry>
<entry><p>Field Name</p></entry>
<entry><p>Type</p></entry>
<entry><p>Default Value</p></entry>
<entry><p>Description</p></entry>
</row>
</thead>

<reg-def>
<field>
<field-bits>
<double>
<msb>31</msb>
<lsb>1</lsb>
</double>
</field-bits>
<field-name verilog="RESERVED">RESERVED</field-name>
<field-type>RO</field-type>
<field-default>0x0</field-default>
<field-desc>
<p><b>Reserved</b></p>
</field-desc>
</field>

<field>
<field-bits>
<single>0</single>
</field-bits>
<field-name verilog="CLEAR">CLEAR</field-name>
<field-type>RW</field-type>
<field-default>0x0</field-default>
<field-desc>
<p><b>Sample Counter Clear (Active High Write)</b></p>
<p>Writing 1 to this self-clearing bit clears the sample counter value to zero.</p>
</field-desc>
</field>

</reg-def>
</tgroup>
</table>

<table id="table_SMPLCNT_MOORTEC_PVT_REGS">
<title><reg-name-main verilog="SMPLCNT">SMPLCNT</reg-name-main> - <reg-desc>SMPLCNT</reg-desc></title>
<tgroup cols="5">
<colspec colname="A" colwidth="111*"/>
<colspec colname="B" colwidth="144*"/>
<colspec colname="C" colwidth="101*"/>
<colspec colname="D" colwidth="87*"/>
<colspec colname="E" colwidth="557*"/>
<thead>
<row>
<entry><p>Bit Field</p></entry>
<entry><p>Field Name</p></entry>
<entry><p>Type</p></entry>
<entry><p>Default Value</p></entry>
<entry><p>Description</p></entry>
</row>
</thead>

<reg-def>
<field>
<field-bits>
<double>
<msb>31</msb>
<lsb>16</lsb>
</double>
</field-bits>
<field-name verilog="RESERVED">RESERVED</field-name>
<field-type>RO</field-type>
<field-default>0x0</field-default>
<field-desc>
<p><b>Reserved</b></p>
</field-desc>
</field>

<field>
<field-bits>
<double>
<msb>15</msb>
<lsb>0</lsb>
</double>
</field-bits>
<field-name verilog="SMPLCOUNT">SMPLCOUNT</field-name>
<field-type>RO</field-type>
<field-default>0x0</field-default>
<field-desc>
<p><b>Sample Counter</b></p>
<p>The 16-bit counter increments each time a new data sample is made available.</p>
<p>The counter is cleared by writing '1' to SMPLCLR.CLEAR.</p>
<p>The sample counter over-flow operation is determined by SMPLCTRL.HOLD</p>
</field-desc>
</field>

</reg-def>
</tgroup>
</table>

<table id="table_TSIRQEN_MOORTEC_PVT_REGS">
<title><reg-name-main verilog="TSIRQEN">TSIRQEN</reg-name-main> - <reg-desc>TSIRQEN</reg-desc></title>
<tgroup cols="5">
<colspec colname="A" colwidth="111*"/>
<colspec colname="B" colwidth="144*"/>
<colspec colname="C" colwidth="101*"/>
<colspec colname="D" colwidth="87*"/>
<colspec colname="E" colwidth="557*"/>
<thead>
<row>
<entry><p>Bit Field</p></entry>
<entry><p>Field Name</p></entry>
<entry><p>Type</p></entry>
<entry><p>Default Value</p></entry>
<entry><p>Description</p></entry>
</row>
</thead>

<reg-def>
<field>
<field-bits>
<double>
<msb>31</msb>
<lsb>5</lsb>
</double>
</field-bits>
<field-name verilog="RESERVED">RESERVED</field-name>
<field-type>RO</field-type>
<field-default>0x0</field-default>
<field-desc>
<p><b>Reserved</b></p>
</field-desc>
</field>

<field>
<field-bits>
<single>4</single>
</field-bits>
<field-name verilog="ALARMB">ALARMB</field-name>
<field-type>RW</field-type>
<field-default>0x0</field-default>
<field-desc>
<p><b>Alarm B IRQ Enable (Active High)</b></p>
</field-desc>
</field>

<field>
<field-bits>
<single>3</single>
</field-bits>
<field-name verilog="ALARMA">ALARMA</field-name>
<field-type>RW</field-type>
<field-default>0x0</field-default>
<field-desc>
<p><b>Alarm A IRQ Enable (Active High)</b></p>
</field-desc>
</field>

<field>
<field-bits>
<single>2</single>
</field-bits>
<field-name verilog="RESERVED">RESERVED</field-name>
<field-type>RW</field-type>
<field-default>0x0</field-default>
<field-desc>
<p><b>Reserved.</b></p>
</field-desc>
</field>

<field>
<field-bits>
<single>1</single>
</field-bits>
<field-name verilog="DONE">DONE</field-name>
<field-type>RW</field-type>
<field-default>0x0</field-default>
<field-desc>
<p><b>Sample Done IRQ Enable (Active High)</b></p>
</field-desc>
</field>

<field>
<field-bits>
<single>0</single>
</field-bits>
<field-name verilog="FAULT">FAULT</field-name>
<field-type>RW</field-type>
<field-default>0x0</field-default>
<field-desc>
<p><b>Fault IRQ Enable (Active High)</b></p>
</field-desc>
</field>

</reg-def>
</tgroup>
</table>

<table id="table_IRQSTAT_MOORTEC_PVT_REGS">
<title><reg-name-main verilog="IRQSTAT">IRQSTAT</reg-name-main> - <reg-desc>IRQSTAT</reg-desc></title>
<tgroup cols="5">
<colspec colname="A" colwidth="111*"/>
<colspec colname="B" colwidth="144*"/>
<colspec colname="C" colwidth="101*"/>
<colspec colname="D" colwidth="87*"/>
<colspec colname="E" colwidth="557*"/>
<thead>
<row>
<entry><p>Bit Field</p></entry>
<entry><p>Field Name</p></entry>
<entry><p>Type</p></entry>
<entry><p>Default Value</p></entry>
<entry><p>Description</p></entry>
</row>
</thead>

<reg-def>
<field>
<field-bits>
<double>
<msb>31</msb>
<lsb>5</lsb>
</double>
</field-bits>
<field-name verilog="RESERVED">RESERVED</field-name>
<field-type>RO</field-type>
<field-default>0x0</field-default>
<field-desc>
<p><b>Reserved</b></p>
</field-desc>
</field>

<field>
<field-bits>
<single>4</single>
</field-bits>
<field-name verilog="ALARMB">ALARMB</field-name>
<field-type>RO</field-type>
<field-default>0x0</field-default>
<field-desc>
<p><b>Alarm B IRQ Status</b></p>
</field-desc>
</field>

<field>
<field-bits>
<single>3</single>
</field-bits>
<field-name verilog="ALARMA">ALARMA</field-name>
<field-type>RO</field-type>
<field-default>0x0</field-default>
<field-desc>
<p><b>Alarm A IRQ Status</b></p>
</field-desc>
</field>

<field>
<field-bits>
<single>2</single>
</field-bits>
<field-name verilog="RESERVED">RESERVED</field-name>
<field-type>RO</field-type>
<field-default>0x0</field-default>
<field-desc>
<p><b>Reserved.</b></p>
</field-desc>
</field>

<field>
<field-bits>
<single>1</single>
</field-bits>
<field-name verilog="DONE">DONE</field-name>
<field-type>RO</field-type>
<field-default>0x0</field-default>
<field-desc>
<p><b>Sample Done IRQ Status</b></p>
</field-desc>
</field>

<field>
<field-bits>
<single>0</single>
</field-bits>
<field-name verilog="FAULT">FAULT</field-name>
<field-type>RO</field-type>
<field-default>0x0</field-default>
<field-desc>
<p><b>Fault IRQ Status</b></p>
</field-desc>
</field>

</reg-def>
</tgroup>
</table>

<table id="table_IRQCLEAR_MOORTEC_PVT_REGS">
<title><reg-name-main verilog="IRQCLEAR">IRQCLEAR</reg-name-main> - <reg-desc>IRQCLEAR</reg-desc></title>
<tgroup cols="5">
<colspec colname="A" colwidth="111*"/>
<colspec colname="B" colwidth="144*"/>
<colspec colname="C" colwidth="101*"/>
<colspec colname="D" colwidth="87*"/>
<colspec colname="E" colwidth="557*"/>
<thead>
<row>
<entry><p>Bit Field</p></entry>
<entry><p>Field Name</p></entry>
<entry><p>Type</p></entry>
<entry><p>Default Value</p></entry>
<entry><p>Description</p></entry>
</row>
</thead>

<reg-def>
<field>
<field-bits>
<double>
<msb>31</msb>
<lsb>5</lsb>
</double>
</field-bits>
<field-name verilog="RESERVED">RESERVED</field-name>
<field-type>RO</field-type>
<field-default>0x0</field-default>
<field-desc>
<p><b>Reserved</b></p>
</field-desc>
</field>

<field>
<field-bits>
<single>4</single>
</field-bits>
<field-name verilog="ALARMB">ALARMB</field-name>
<field-type>RW</field-type>
<field-default>0x0</field-default>
<field-desc>
<p><b>Alarm B IRQ clear</b></p>
</field-desc>
</field>

<field>
<field-bits>
<single>3</single>
</field-bits>
<field-name verilog="ALARMA">ALARMA</field-name>
<field-type>RW</field-type>
<field-default>0x0</field-default>
<field-desc>
<p><b>Alarm A IRQ clear</b></p>
</field-desc>
</field>

<field>
<field-bits>
<single>2</single>
</field-bits>
<field-name verilog="RESERVED">RESERVED</field-name>
<field-type>RO</field-type>
<field-default>0x0</field-default>
<field-desc>
<p><b>Reserved.</b></p>
</field-desc>
</field>

<field>
<field-bits>
<single>1</single>
</field-bits>
<field-name verilog="DONE">DONE</field-name>
<field-type>RW</field-type>
<field-default>0x0</field-default>
<field-desc>
<p><b>Sample Done IRQ clear</b></p>
</field-desc>
</field>

<field>
<field-bits>
<single>0</single>
</field-bits>
<field-name verilog="FAULT">FAULT</field-name>
<field-type>RW</field-type>
<field-default>0x0</field-default>
<field-desc>
<p><b>Fault IRQ clear</b></p>
</field-desc>
</field>

</reg-def>
</tgroup>
</table>

<table id="table_IRQTEST_MOORTEC_PVT_REGS">
<title><reg-name-main verilog="IRQTEST">IRQTEST</reg-name-main> - <reg-desc>IRQTEST</reg-desc></title>
<tgroup cols="5">
<colspec colname="A" colwidth="111*"/>
<colspec colname="B" colwidth="144*"/>
<colspec colname="C" colwidth="101*"/>
<colspec colname="D" colwidth="87*"/>
<colspec colname="E" colwidth="557*"/>
<thead>
<row>
<entry><p>Bit Field</p></entry>
<entry><p>Field Name</p></entry>
<entry><p>Type</p></entry>
<entry><p>Default Value</p></entry>
<entry><p>Description</p></entry>
</row>
</thead>

<reg-def>
<field>
<field-bits>
<double>
<msb>31</msb>
<lsb>5</lsb>
</double>
</field-bits>
<field-name verilog="RESERVED">RESERVED</field-name>
<field-type>RO</field-type>
<field-default>0x0</field-default>
<field-desc>
<p><b>Reserved</b></p>
</field-desc>
</field>

<field>
<field-bits>
<single>4</single>
</field-bits>
<field-name verilog="ALARMB">ALARMB</field-name>
<field-type>RW</field-type>
<field-default>0x0</field-default>
<field-desc>
<p><b>Alarm B IRQ test.</b></p>
</field-desc>
</field>

<field>
<field-bits>
<single>3</single>
</field-bits>
<field-name verilog="ALARMA">ALARMA</field-name>
<field-type>RW</field-type>
<field-default>0x0</field-default>
<field-desc>
<p><b>Alarm A IRQ test.</b></p>
</field-desc>
</field>

<field>
<field-bits>
<single>2</single>
</field-bits>
<field-name verilog="RESERVED">RESERVED</field-name>
<field-type>RW</field-type>
<field-default>0x0</field-default>
<field-desc>
<p><b>Reserved.</b></p>
</field-desc>
</field>

<field>
<field-bits>
<single>1</single>
</field-bits>
<field-name verilog="DONE">DONE</field-name>
<field-type>RW</field-type>
<field-default>0x0</field-default>
<field-desc>
<p><b>Sample Done IRQ test.</b></p>
</field-desc>
</field>

<field>
<field-bits>
<single>0</single>
</field-bits>
<field-name verilog="FAULT">FAULT</field-name>
<field-type>RW</field-type>
<field-default>0x0</field-default>
<field-desc>
<p><b>Fault IRQ test.</b></p>
</field-desc>
</field>

</reg-def>
</tgroup>
</table>

<table id="table_SDIFRDATA_MOORTEC_PVT_REGS">
<title><reg-name-main verilog="SDIFRDATA">SDIFRDATA</reg-name-main> - <reg-desc>SDIFRDATA</reg-desc></title>
<tgroup cols="5">
<colspec colname="A" colwidth="111*"/>
<colspec colname="B" colwidth="144*"/>
<colspec colname="C" colwidth="101*"/>
<colspec colname="D" colwidth="87*"/>
<colspec colname="E" colwidth="557*"/>
<thead>
<row>
<entry><p>Bit Field</p></entry>
<entry><p>Field Name</p></entry>
<entry><p>Type</p></entry>
<entry><p>Default Value</p></entry>
<entry><p>Description</p></entry>
</row>
</thead>

<reg-def>
<field>
<field-bits>
<double>
<msb>31</msb>
<lsb>24</lsb>
</double>
</field-bits>
<field-name verilog="RESERVED">RESERVED</field-name>
<field-type>RO</field-type>
<field-default>0x0</field-default>
<field-desc>
<p><b>Reserved</b></p>
</field-desc>
</field>

<field>
<field-bits>
<double>
<msb>23</msb>
<lsb>0</lsb>
</double>
</field-bits>
<field-name verilog="RDATA">RDATA</field-name>
<field-type>RO</field-type>
<field-default>0x0</field-default>
<field-desc>
<p><b>Read data</b></p>
</field-desc>
</field>

</reg-def>
</tgroup>
</table>

<table id="table_SDIFDONE_MOORTEC_PVT_REGS">
<title><reg-name-main verilog="SDIFDONE">SDIFDONE</reg-name-main> - <reg-desc>SDIFDONE</reg-desc></title>
<tgroup cols="5">
<colspec colname="A" colwidth="111*"/>
<colspec colname="B" colwidth="144*"/>
<colspec colname="C" colwidth="101*"/>
<colspec colname="D" colwidth="87*"/>
<colspec colname="E" colwidth="557*"/>
<thead>
<row>
<entry><p>Bit Field</p></entry>
<entry><p>Field Name</p></entry>
<entry><p>Type</p></entry>
<entry><p>Default Value</p></entry>
<entry><p>Description</p></entry>
</row>
</thead>

<reg-def>
<field>
<field-bits>
<double>
<msb>31</msb>
<lsb>1</lsb>
</double>
</field-bits>
<field-name verilog="RESERVED">RESERVED</field-name>
<field-type>RO</field-type>
<field-default>0x0</field-default>
<field-desc>
<p><b>Reserved</b></p>
</field-desc>
</field>

<field>
<field-bits>
<single>0</single>
</field-bits>
<field-name verilog="SMPLDONE">SMPLDONE</field-name>
<field-type>RO</field-type>
<field-default>0x0</field-default>
<field-desc>
<p><b>TS Sample Done Flag (Active High)</b></p>
<p>The sample done flag is asserted when a new data sample is made available.</p>
<p>The sample done flag is automatically cleared when the SDIFDATA register is read.</p>
</field-desc>
</field>

</reg-def>
</tgroup>
</table>

<table id="table_SDIFDATA_MOORTEC_PVT_REGS">
<title><reg-name-main verilog="SDIFDATA">SDIFDATA</reg-name-main> - <reg-desc>SDIFDATA</reg-desc></title>
<tgroup cols="5">
<colspec colname="A" colwidth="111*"/>
<colspec colname="B" colwidth="144*"/>
<colspec colname="C" colwidth="101*"/>
<colspec colname="D" colwidth="87*"/>
<colspec colname="E" colwidth="557*"/>
<thead>
<row>
<entry><p>Bit Field</p></entry>
<entry><p>Field Name</p></entry>
<entry><p>Type</p></entry>
<entry><p>Default Value</p></entry>
<entry><p>Description</p></entry>
</row>
</thead>

<reg-def>
<field>
<field-bits>
<double>
<msb>31</msb>
<lsb>18</lsb>
</double>
</field-bits>
<field-name verilog="RESERVED">RESERVED</field-name>
<field-type>RO</field-type>
<field-default>0x0</field-default>
<field-desc>
<p><b>Reserved</b></p>
</field-desc>
</field>

<field>
<field-bits>
<single>17</single>
</field-bits>
<field-name verilog="SAMPLEFALT">SAMPLEFALT</field-name>
<field-type>RO</field-type>
<field-default>0x0</field-default>
<field-desc>
<p><b>Sample fault.</b></p>
<p>When set indicates that the IP has signalled a fault, the sample data should be discarded.</p>
</field-desc>
</field>

<field>
<field-bits>
<single>16</single>
</field-bits>
<field-name verilog="SAMPLETYPE">SAMPLETYPE</field-name>
<field-type>RO</field-type>
<field-default>0x0</field-default>
<field-desc>
<p><b>IP Sample Type.</b></p>
<p>0x0 Indicates valid data.</p>
<p>0x1 Indicates either analogue access, signature select or fault debug mode.</p>
</field-desc>
</field>

<field>
<field-bits>
<double>
<msb>15</msb>
<lsb>0</lsb>
</double>
</field-bits>
<field-name verilog="SAMPLEDATA">SAMPLEDATA</field-name>
<field-type>RO</field-type>
<field-default>0x0</field-default>
<field-desc>
<p><b>Sample Data</b></p>
<p>Reading this register clears the state of the SMPLDONE flag in the SDIFDONE register.</p>
</field-desc>
</field>

</reg-def>
</tgroup>
</table>

<table id="table_RES0_MOORTEC_PVT_REGS">
<title><reg-name-main verilog="RES0">RES0</reg-name-main> - <reg-desc>RES0</reg-desc></title>
<tgroup cols="5">
<colspec colname="A" colwidth="111*"/>
<colspec colname="B" colwidth="144*"/>
<colspec colname="C" colwidth="101*"/>
<colspec colname="D" colwidth="87*"/>
<colspec colname="E" colwidth="557*"/>
<thead>
<row>
<entry><p>Bit Field</p></entry>
<entry><p>Field Name</p></entry>
<entry><p>Type</p></entry>
<entry><p>Default Value</p></entry>
<entry><p>Description</p></entry>
</row>
</thead>

<reg-def>
<field>
<field-bits>
<double>
<msb>31</msb>
<lsb>0</lsb>
</double>
</field-bits>
<field-name verilog="RESERVED">RESERVED</field-name>
<field-type>RO</field-type>
<field-default>0x0</field-default>
<field-desc>
<p><b>Reserved</b></p>
</field-desc>
</field>

</reg-def>
</tgroup>
</table>

<table id="table_ALARMACFG_MOORTEC_PVT_REGS">
<title><reg-name-main verilog="ALARMACFG">ALARMACFG</reg-name-main> - <reg-desc>ALARMACFG</reg-desc></title>
<tgroup cols="5">
<colspec colname="A" colwidth="111*"/>
<colspec colname="B" colwidth="144*"/>
<colspec colname="C" colwidth="101*"/>
<colspec colname="D" colwidth="87*"/>
<colspec colname="E" colwidth="557*"/>
<thead>
<row>
<entry><p>Bit Field</p></entry>
<entry><p>Field Name</p></entry>
<entry><p>Type</p></entry>
<entry><p>Default Value</p></entry>
<entry><p>Description</p></entry>
</row>
</thead>

<reg-def>
<field>
<field-bits>
<double>
<msb>31</msb>
<lsb>16</lsb>
</double>
</field-bits>
<field-name verilog="ALRMTHRESH">ALRMTHRESH</field-name>
<field-type>RW</field-type>
<field-default>0x0</field-default>
<field-desc>
<p><b>Alarm Threshold</b></p>
<p>Setting the hysteresis threshold &gt; alarm threshold creates a falling alarm. Once armed (see hysteresis threshold)  the falling alarm will trigger if the recovered data sample  value &lt;= the alarm threshold value.</p>
<p>Setting the hysteresis threshold &lt; alarm threshold creates a rising alarm. Once armed (see hysteresis threshold)  the rising alarm will trigger if the recovered data sample value  &gt;= the alarm threshold value.</p>
</field-desc>
</field>

<field>
<field-bits>
<double>
<msb>15</msb>
<lsb>0</lsb>
</double>
</field-bits>
<field-name verilog="HYSTTHRESH">HYSTTHRESH</field-name>
<field-type>RW</field-type>
<field-default>0x0</field-default>
<field-desc>
<p><b>Hysteresis Threshold</b></p>
<p>The alarm is disabled when the hysteresis threshold equals the alarm threshold.</p>
<p>When configured as a falling alarm (see alarm threshold), the alarm is armed when the recovered data sample  value &gt;= the hysteresis threshold value.</p>
<p>The falling alarm is automatically disarmed when the alarm is triggered and will not rearm until the recovered data  sample value &gt;= the hysteresis threshold value.</p>
<p>The falling alarm will also be disarmed if an invalid data sample is received.</p>
<p>When configured as a rising alarm (see alarm threshold), the alarm is armed when</p>
<p>1) The associated clock synthesiser is first enabled.</p>
<p>2) The recovered data sample value &lt;= the hysteresis threshold value.</p>
<p>3) An invalid data sample is received.</p>
<p>The alarm is automatically disarmed when the alarm is triggered and will not rearm until the recovered data sample  value &lt;= the hysteresis threshold value.</p>
</field-desc>
</field>

</reg-def>
</tgroup>
</table>

<table id="table_ALARMBCFG_MOORTEC_PVT_REGS">
<title><reg-name-main verilog="ALARMBCFG">ALARMBCFG</reg-name-main> - <reg-desc>ALARMBCFG</reg-desc></title>
<tgroup cols="5">
<colspec colname="A" colwidth="111*"/>
<colspec colname="B" colwidth="144*"/>
<colspec colname="C" colwidth="101*"/>
<colspec colname="D" colwidth="87*"/>
<colspec colname="E" colwidth="557*"/>
<thead>
<row>
<entry><p>Bit Field</p></entry>
<entry><p>Field Name</p></entry>
<entry><p>Type</p></entry>
<entry><p>Default Value</p></entry>
<entry><p>Description</p></entry>
</row>
</thead>

<reg-def>
<field>
<field-bits>
<double>
<msb>31</msb>
<lsb>16</lsb>
</double>
</field-bits>
<field-name verilog="ALRMTHRESH">ALRMTHRESH</field-name>
<field-type>RW</field-type>
<field-default>0x0</field-default>
<field-desc>
<p><b>Alarm Threshold</b></p>
<p>Setting the hysteresis threshold &gt; alarm threshold creates a falling alarm. Once armed (see hysteresis threshold)  the falling alarm will trigger if the recovered data sample  value &lt;= the alarm threshold value.</p>
<p>Setting the hysteresis threshold &lt; alarm threshold creates a rising alarm. Once armed (see hysteresis threshold)  the rising alarm will trigger if the recovered data sample value  &gt;= the alarm threshold value.</p>
</field-desc>
</field>

<field>
<field-bits>
<double>
<msb>15</msb>
<lsb>0</lsb>
</double>
</field-bits>
<field-name verilog="HYSTTHRESH">HYSTTHRESH</field-name>
<field-type>RW</field-type>
<field-default>0x0</field-default>
<field-desc>
<p><b>Hysteresis Threshold</b></p>
<p>The alarm is disabled when the hysteresis threshold equals the alarm threshold.</p>
<p>When configured as a falling alarm (see alarm threshold), the alarm is armed when the recovered data sample  value &gt;= the hysteresis threshold value.</p>
<p>The falling alarm is automatically disarmed when the alarm is triggered and will not rearm until the recovered data  sample value &gt;= the hysteresis threshold value.</p>
<p>The falling alarm will also be disarmed if an invalid data sample is received.</p>
<p>When configured as a rising alarm (see alarm threshold), the alarm is armed when</p>
<p>1) The associated clock synthesiser is first enabled.</p>
<p>2) The recovered data sample value &lt;= the hysteresis threshold value.</p>
<p>3) An invalid data sample is received.</p>
<p>The alarm is automatically disarmed when the alarm is triggered and will not rearm until the recovered data sample  value &lt;= the hysteresis threshold value.</p>
</field-desc>
</field>

</reg-def>
</tgroup>
</table>

<table id="table_SMPLHILO_MOORTEC_PVT_REGS">
<title><reg-name-main verilog="SMPLHILO">SMPLHILO</reg-name-main> - <reg-desc>SMPLHILO</reg-desc></title>
<tgroup cols="5">
<colspec colname="A" colwidth="111*"/>
<colspec colname="B" colwidth="144*"/>
<colspec colname="C" colwidth="101*"/>
<colspec colname="D" colwidth="87*"/>
<colspec colname="E" colwidth="557*"/>
<thead>
<row>
<entry><p>Bit Field</p></entry>
<entry><p>Field Name</p></entry>
<entry><p>Type</p></entry>
<entry><p>Default Value</p></entry>
<entry><p>Description</p></entry>
</row>
</thead>

<reg-def>
<field>
<field-bits>
<double>
<msb>31</msb>
<lsb>16</lsb>
</double>
</field-bits>
<field-name verilog="SMPLHI">SMPLHI</field-name>
<field-type>RO</field-type>
<field-default>0x0</field-default>
<field-desc>
<p><b>Highest valid data sample value received.</b></p>
<p>The stored value can be re-initialised by writing '1' to HILORESET.HICLR.</p>
<p>Note: "valid" implies the corresponding SAMPLETYPE and SAMPLEFALT values are both 0.</p>
</field-desc>
</field>

<field>
<field-bits>
<double>
<msb>15</msb>
<lsb>0</lsb>
</double>
</field-bits>
<field-name verilog="SMPLLO">SMPLLO</field-name>
<field-type>RO</field-type>
<field-default>0xFFFF</field-default>
<field-desc>
<p><b>Lowest valid data sample value received.</b></p>
<p>The stored value can be re-initialised by writing '1' to HILORESET.LOSET.</p>
<p>Note: "valid" implies the corresponding SAMPLETYPE and SAMPLEFALT values are both 0.</p>
</field-desc>
</field>

</reg-def>
</tgroup>
</table>

<table id="table_HILORESET_MOORTEC_PVT_REGS">
<title><reg-name-main verilog="HILORESET">HILORESET</reg-name-main> - <reg-desc>HILORESET</reg-desc></title>
<tgroup cols="5">
<colspec colname="A" colwidth="111*"/>
<colspec colname="B" colwidth="144*"/>
<colspec colname="C" colwidth="101*"/>
<colspec colname="D" colwidth="87*"/>
<colspec colname="E" colwidth="557*"/>
<thead>
<row>
<entry><p>Bit Field</p></entry>
<entry><p>Field Name</p></entry>
<entry><p>Type</p></entry>
<entry><p>Default Value</p></entry>
<entry><p>Description</p></entry>
</row>
</thead>

<reg-def>
<field>
<field-bits>
<double>
<msb>31</msb>
<lsb>2</lsb>
</double>
</field-bits>
<field-name verilog="RESERVED">RESERVED</field-name>
<field-type>RO</field-type>
<field-default>0x0</field-default>
<field-desc>
<p><b>Reserved</b></p>
</field-desc>
</field>

<field>
<field-bits>
<single>1</single>
</field-bits>
<field-name verilog="HICLR">HICLR</field-name>
<field-type>RW</field-type>
<field-default>0x0</field-default>
<field-desc>
<p><b>Sample Hi Reset (Active High Write) The stored sample high value is initialised to all zeros when written.</b></p>
</field-desc>
</field>

<field>
<field-bits>
<single>0</single>
</field-bits>
<field-name verilog="LOSET">LOSET</field-name>
<field-type>RW</field-type>
<field-default>0x0</field-default>
<field-desc>
<p><b>Sample Low Reset (Active High Write) The stored sample low value is initialised to all ones when  written.</b></p>
</field-desc>
</field>

</reg-def>
</tgroup>
</table>

<p/>
</body>
</topic>