<?xml version="1.0" encoding="UTF-8"?>
<!-- Date Stamp: Tue Oct 24 14:40:52 IST 2023 -->
<!DOCTYPE topic PUBLIC "-//OASIS//DTD DITA 1.2 Topic//EN"
"/SysSchema/dita/dtd/technicalContent/dtd/topic.dtd">
<topic base="base" id="TI_addr">
<title>TI Register Map</title>
<body>
<p />
<table id="TI_addr_table_00">
<title>TI Register Map Table</title>
<tgroup cols="3">
<colspec colwidth="148*" />
<colspec colwidth="218*" />
<colspec colwidth="634*" />
<thead>
<row>
<entry><p>Offset Address</p></entry>
<entry><p>Register Mnemonic </p></entry>
<entry><p>Register Description </p></entry>
</row>
</thead>
<address-map>

<register-reference audience="MSCCInternal">
    <address>0x00000</address>
    <addr-element>
    <addr-mnemonic>OBSCLKATBPMNCTRL</addr-mnemonic>
    </addr-element>

    <address-details>
        <p><xref href="pm35160_fltc_ti_reg_reg.xml#TI/table_OBS_CLK_ATB_PMON_CTRL_TI">OBS_CLK_ATB_PMON_CTRL</xref></p>
    </address-details>
</register-reference>

<register-reference audience="MSCCInternal">
    <address>0x00004</address>
    <addr-element>
    <addr-mnemonic>LVDSRXPADSCTRL</addr-mnemonic>
    </addr-element>

    <address-details>
        <p><xref href="pm35160_fltc_ti_reg_reg.xml#TI/table_LVDS_RX_PADS_CTRL_TI">LVDS_RX_PADS_CTRL</xref></p>
    </address-details>
</register-reference>

<register-reference audience="MSCCInternal">
    <address>0x00008</address>
    <addr-element>
    <addr-mnemonic>LVDS_RX_PADS_CTRL1</addr-mnemonic>
    </addr-element>

    <address-details>
        <p><xref href="pm35160_fltc_ti_reg_reg.xml#TI/table_LVDS_RX_PADS_CTRL1_TI">LVDS_RX_PADS_CTRL1</xref></p>
    </address-details>
</register-reference>

</address-map>
</tgroup>
</table>
<p />
</body>
</topic>