<?xml version="1.0" encoding="UTF-8"?>
<!DOCTYPE topic PUBLIC "-//OASIS//DTD DITA 1.2 Topic//EN"
"topic.dtd">
<topic base="base" id="pwr_cntl">
  <title>Local Power Control</title>

  <body>
    <p/>

    <table audience="MSCCInternal"
           id="table_LPWROVR_-_Local_Power_Control_Override_0ivcpxz1o">
      <title><reg-name-main verilog="LPWROVR">LPWROVR</reg-name-main> -
      <reg-desc>Local Power Control Override</reg-desc></title>

      <tgroup cols="5">
        <colspec colname="A" colwidth="111*"/>

        <colspec colname="B" colwidth="144*"/>

        <colspec colname="C" colwidth="101*"/>

        <colspec colname="D" colwidth="87*"/>

        <colspec colname="E" colwidth="557*"/>

        <thead>
          <row>
            <entry><p>Bit Field</p></entry>

            <entry><p>Field Name</p></entry>

            <entry><p>Type</p></entry>

            <entry><p>Default Value</p></entry>

            <entry><p>Description</p></entry>
          </row>
        </thead>

        <reg-def>
          <field>
            <field-bits>
              <double>
                <msb>31</msb>

                <lsb>17</lsb>
              </double>
            </field-bits>

            <field-name verilog="RESERVED">RESERVED</field-name>

            <field-type>RO</field-type>

            <field-default>0x0</field-default>

            <field-desc>
              <p/>
            </field-desc>
          </field>

          <field>
            <field-bits>
              <single>16</single>
            </field-bits>

            <field-name verilog="CLK_GATE">CLK_GATE</field-name>

            <field-type>RW</field-type>

            <field-default>0x0</field-default>

            <field-desc>
              <desc-title>Clock Gate</desc-title>

              <p>Asserting this when PWRLCL is set will result in the target
              power region to be clock gated</p>
            </field-desc>
          </field>

          <field>
            <field-bits>
              <single>15</single>
            </field-bits>

            <field-name verilog="RST">RST</field-name>

            <field-type>RW</field-type>

            <field-default>0x0</field-default>

            <field-desc>
              <desc-title>Reset</desc-title>

              <p>Asserting this when PWRLCL is set will result in a reset
              being generated to the power down region.</p>
            </field-desc>
          </field>

          <field>
            <field-bits>
              <single>14</single>
            </field-bits>

            <field-name verilog="SCNISO">SCNISO</field-name>

            <field-type>RW</field-type>

            <field-default>0x0</field-default>

            <field-desc>
              <desc-title>Scan Isolation enabl</desc-title>

              <p>Asserting this when the PRWRLCL is set forces the isolation
              cells for the scan to be active.</p>
            </field-desc>
          </field>

          <field>
            <field-bits>
              <single>13</single>
            </field-bits>

            <field-name verilog="FUNCISO">FUNCISO</field-name>

            <field-type>RW</field-type>

            <field-default>0x0</field-default>

            <field-desc>
              <desc-title>Functional Isolation enable</desc-title>

              <p>Asserting this when the PRWRLCL is set forces the isolation
              cells to be active.</p>
            </field-desc>
          </field>

          <field>
            <field-bits>
              <single>12</single>
            </field-bits>

            <field-name verilog="PWRFRCON">PWRFRCON</field-name>

            <field-type>RW</field-type>

            <field-default>0x0</field-default>

            <field-desc>
              <desc-title>Force Header cells on</desc-title>

              <p>Override to force power on to target</p>
            </field-desc>
          </field>

          <field>
            <field-bits>
              <double>
                <msb>11</msb>

                <lsb>10</lsb>
              </double>
            </field-bits>

            <field-name verilog="PWRDSPD">PWRDSPD</field-name>

            <field-type>RW</field-type>

            <field-default>0x3</field-default>

            <field-desc>
              <desc-title>Power down speed setting</desc-title>

              <p>A higher number is a faster setting, but has a higher inrush
              current. A lower number is a slower setting, but has a lower
              inrush current.</p>
            </field-desc>
          </field>

          <field>
            <field-bits>
              <double>
                <msb>9</msb>

                <lsb>8</lsb>
              </double>
            </field-bits>

            <field-name verilog="PWRUSPD">PWRUSPD</field-name>

            <field-type>RW</field-type>

            <field-default>0x3</field-default>

            <field-desc>
              <desc-title>Power up speed setting</desc-title>

              <p>A higher number is a faster setting, but has a higher inrush
              current. A lower number is a slower setting, but has a lower
              inrush current.</p>
            </field-desc>
          </field>

          <field>
            <field-bits>
              <double>
                <msb>7</msb>

                <lsb>6</lsb>
              </double>
            </field-bits>

            <field-name verilog="VLVL">VLVL</field-name>

            <field-type>RW</field-type>

            <field-default>0x3</field-default>

            <field-desc>
              <desc-title>Voltage Sense Level</desc-title>

              <p>This places the threshold for the voltage sense logic</p>
            </field-desc>
          </field>

          <field>
            <field-bits>
              <single>5</single>
            </field-bits>

            <field-name verilog="VSENSE">VSENSE</field-name>

            <field-type>RW</field-type>

            <field-default>0x1</field-default>

            <field-desc>
              <desc-title>Voltage Sense enable</desc-title>

              <p>Enable logic to sense the feedback voltage</p>
            </field-desc>
          </field>

          <field>
            <field-bits>
              <single>4</single>
            </field-bits>

            <field-name verilog="PWRAUTO">PWRAUTO</field-name>

            <field-type>RW</field-type>

            <field-default>0x1</field-default>

            <field-desc>
              <desc-title>Auto sequence</desc-title>

              <p>When set, the power control sequence will be self timed in
              single stage mode. If the auto sequence is not used, then the
              PWRLCL must be set to give this register enough control to
              sequence the power down the region.</p>
            </field-desc>
          </field>

          <field>
            <field-bits>
              <single>3</single>
            </field-bits>

            <field-name verilog="RESERVED">RESERVED</field-name>

            <field-type>RO</field-type>

            <field-default>0x0</field-default>

            <field-desc>
              <p/>
            </field-desc>
          </field>

          <field>
            <field-bits>
              <double>
                <msb>2</msb>

                <lsb>1</lsb>
              </double>
            </field-bits>

            <field-name verilog="PWREN">PWREN</field-name>

            <field-type>RW</field-type>

            <field-default>0x0</field-default>

            <field-desc>
              <desc-title>Local Power Enable</desc-title>

              <p>In single-stage mode, only [0] is used and mother header
              cells are implicitly turned on/off when [0] is toggled. This
              field is only active when PWRLCL is set.</p>

              <field-enum-list>
                <field-enum>
                  <field-enum-value>0</field-enum-value>

                  <field-enum-def>
                    <field-enum-name>daughter</field-enum-name>

                    <field-enum-desc>Bit 0 controls the daughter cell
                    power</field-enum-desc>
                  </field-enum-def>
                </field-enum>

                <field-enum>
                  <field-enum-value>1</field-enum-value>

                  <field-enum-def>
                    <field-enum-name>mother</field-enum-name>

                    <field-enum-desc>Bit 1 controls the mother cell
                    power</field-enum-desc>
                  </field-enum-def>
                </field-enum>
              </field-enum-list>
            </field-desc>
          </field>

          <field>
            <field-bits>
              <single>0</single>
            </field-bits>

            <field-name verilog="PWRLCL">PWRLCL</field-name>

            <field-type>RW</field-type>

            <field-default>0x0</field-default>

            <field-desc>
              <desc-title>Local Power Control</desc-title>

              <p>If set uses local power controls. If clear uses global power
              controls.</p>
            </field-desc>
          </field>
        </reg-def>
      </tgroup>
    </table>

    <table audience="MSCCInternal"
           id="table_LPWRSTS_-_Low_Power_Status_0j1cnwqid">
      <title><reg-name-main verilog="LPWRSTS">LPWRSTS</reg-name-main> -
      <reg-desc>Low Power Status</reg-desc></title>

      <tgroup cols="5">
        <colspec colname="A" colwidth="111*"/>

        <colspec colname="B" colwidth="144*"/>

        <colspec colname="C" colwidth="101*"/>

        <colspec colname="D" colwidth="87*"/>

        <colspec colname="E" colwidth="557*"/>

        <thead>
          <row>
            <entry><p>Bit Field</p></entry>

            <entry><p>Field Name</p></entry>

            <entry><p>Type</p></entry>

            <entry><p>Default Value</p></entry>

            <entry><p>Description</p></entry>
          </row>
        </thead>

        <reg-def>
          <field>
            <field-bits>
              <double>
                <msb>31</msb>

                <lsb>3</lsb>
              </double>
            </field-bits>

            <field-name verilog="RESERVED">RESERVED</field-name>

            <field-type>RO</field-type>

            <field-default>0x0</field-default>

            <field-desc>
              <p/>
            </field-desc>
          </field>

          <field>
            <field-bits>
              <single>2</single>
            </field-bits>

            <field-name verilog="VOK">VOK</field-name>

            <field-type>RO</field-type>

            <field-default>HWINIT</field-default>

            <field-desc>
              <desc-title>Voltage OK</desc-title>

              <p>When set indicates the voltage sense is high.</p>
            </field-desc>
          </field>

          <field>
            <field-bits>
              <double>
                <msb>1</msb>

                <lsb>0</lsb>
              </double>
            </field-bits>

            <field-name verilog="PWRACK">PWRACK</field-name>

            <field-type>RO</field-type>

            <field-default>HWINIT</field-default>

            <field-desc>
              <desc-title>Local Power Ack</desc-title>

              <p/>

              <field-enum-list>
                <field-enum>
                  <field-enum-value>0</field-enum-value>

                  <field-enum-def>
                    <field-enum-name>daughter</field-enum-name>

                    <field-enum-desc>Bit 0 indicates daughter cells
                    powered</field-enum-desc>
                  </field-enum-def>
                </field-enum>

                <field-enum>
                  <field-enum-value>1</field-enum-value>

                  <field-enum-def>
                    <field-enum-name>mother</field-enum-name>

                    <field-enum-desc>Bit 1 indicates mother cells
                    powered</field-enum-desc>
                  </field-enum-def>
                </field-enum>
              </field-enum-list>
            </field-desc>
          </field>
        </reg-def>
      </tgroup>
    </table>

    <p/>
  </body>
</topic>
