<?xml version="1.0" encoding="UTF-8"?>
<!-- Date Stamp: Fri Mar 11 11:22:05 PST 2022 -->
<!DOCTYPE topic PUBLIC "-//OASIS//DTD DITA 1.2 Topic//EN"
"topic.dtd">
<topic base="base" id="sc_regs">
  <title>Switch Core Register Address Map</title>

  <body>
    <p/>

    <table id="table_Switch_Core_Register_Address_0jk8snnqm">
      <?guidance Define the location (address-major) and offset (address-minor) first. Define the mnemonic and link to the register in the Mnemonic column. 
In the Description column add a second link to the register table and add any extra detail. ?>

      <title>Switch Core Register Address Map</title>

      <tgroup cols="3">
        <colspec colwidth="148*"/>

        <colspec colwidth="218*"/>

        <colspec colwidth="634*"/>

        <thead>
          <row>
            <entry><p>Offset Address</p></entry>

            <entry><p>Register Mnemonic </p></entry>

            <entry><p>Register Description </p></entry>
          </row>
        </thead>

        <address-map>
          <register-reference>
            <address>0x100</address>

            <addr-element>
              <addr-mnemonic>CTL</addr-mnemonic>
            </addr-element>

            <address-details>
              <p><xref
              href="sc_regs_desc.xml#sc_regs_desc/table_SCCTL_-_Switch_Core_Control_0iy22sjot"/></p>
            </address-details>
          </register-reference>

          <register-reference>
            <address>0x104</address>

            <addr-element>
              <addr-mnemonic>TSCTL</addr-mnemonic>
            </addr-element>

            <address-details>
              <p><xref
              href="sc_regs_desc.xml#sc_regs_desc/table_SCTSCTL_-_Time_Stamp_Timer_Control_2jf3890su"/></p>
            </address-details>
          </register-reference>

          <register-reference audience="MSCCInternal">
            <address>0x108</address>

            <addr-element>
              <addr-mnemonic>TSDBG</addr-mnemonic>
            </addr-element>

            <address-details>
              <p><xref
              href="sc_regs_desc.xml#sc_regs_desc/table_SCTSDBG_-_Time_Stamp_Timer_Debug_0jf37zs98"/></p>
            </address-details>
          </register-reference>

          <register-reference audience="MSCCInternal">
            <address>0x10C</address>

            <addr-element>
              <addr-mnemonic>TSPRE</addr-mnemonic>
            </addr-element>

            <address-details>
              <p><xref
              href="sc_regs_desc.xml#sc_regs_desc/table_SCTSPRE_-_Time_Stamp_TImer_Preset_Value_1jf37zs98"/></p>
            </address-details>
          </register-reference>

          <register-reference audience="MSCCInternal">
            <address>0x110</address>

            <addr-element>
              <addr-mnemonic>CERRSTS</addr-mnemonic>
            </addr-element>

            <address-details>
              <p><xref
              href="sc_regs_desc.xml#sc_regs_desc/table_SCCERRSTS_-_Switch_CoreCorrected_Error_S_0j4t45buf"/></p>
            </address-details>
          </register-reference>

          <register-reference audience="MSCCInternal">
            <address>0x114</address>

            <addr-element>
              <addr-mnemonic>CERRMSK</addr-mnemonic>
            </addr-element>

            <address-details>
              <p><xref
              href="sc_regs_desc.xml#sc_regs_desc/table_SCCERRMSK_-_Switch_CoreCorrected_Error_M_1j4t6f51e"/></p>
            </address-details>
          </register-reference>

          <register-reference audience="MSCCInternal">
            <address>0x118</address>

            <addr-element>
              <addr-mnemonic>CERRSWTGR</addr-mnemonic>
            </addr-element>

            <address-details>
              <p><xref
              href="sc_regs_desc.xml#sc_regs_desc/table_SCCERRSWTGR_-_Switch_Core_Corrected_Erro_2j4t6hxiq"/></p>
            </address-details>
          </register-reference>

          <register-reference>
            <address>0x11C</address>

            <addr-element>
              <addr-mnemonic>UCERRSTS</addr-mnemonic>
            </addr-element>

            <address-details>
              <p><xref
              href="sc_regs_desc.xml#sc_regs_desc/table_SCUCERRSTS_-_Switch_Core_Uncorrected_Err_0j1fm61x6"/></p>
            </address-details>
          </register-reference>

          <register-reference>
            <address>0x120</address>

            <addr-element>
              <addr-mnemonic>UCERRMSK</addr-mnemonic>
            </addr-element>

            <address-details>
              <p><xref
              href="sc_regs_desc.xml#sc_regs_desc/table_SCUCERRMSK_-_Switch_Core_Uncorrected_Err_1j1fm79jy"/></p>
            </address-details>
          </register-reference>

          <register-reference>
            <address>0x124</address>

            <addr-element>
              <addr-mnemonic>UCERRSWTGR</addr-mnemonic>
            </addr-element>

            <address-details>
              <p><xref
              href="sc_regs_desc.xml#sc_regs_desc/table_SCUCERRSWTGR_-_Switch_Core_Uncorrected_E_2j1fm9k3x"/></p>
            </address-details>
          </register-reference>

          <register-reference>
            <address>0x128</address>

            <addr-element>
              <addr-mnemonic>IFBSTS0[x]</addr-mnemonic>

              <instances>
                <instance>
                  <instance-start>0</instance-start>

                  <instance-stop>3</instance-stop>
                </instance>
              </instances>
            </addr-element>

            <address-details>
              <p><xref
              href="sc_regs_desc.xml#sc_regs_desc/table_SCIFBSTS0_5_0_-_Switch_Core_IFB_Status_0_3jf3890su"/></p>
            </address-details>
          </register-reference>

          <register-reference audience="MSCCInternal">
            <address>0x140</address>

            <addr-element>
              <addr-mnemonic>IFBSTS1[x]</addr-mnemonic>

              <instances>
                <instance>
                  <instance-start>0</instance-start>

                  <instance-stop>3</instance-stop>
                </instance>
              </instances>
            </addr-element>

            <address-details>
              <p><xref
              href="sc_regs_desc.xml#sc_regs_desc/table_SCIFBSTS1_5_0_-_Switch_Core_IFB_Status_1_4jf3890su"/></p>
            </address-details>
          </register-reference>

          <register-reference audience="MSCCInternal">
            <address>0x158</address>

            <addr-element>
              <addr-mnemonic>RAMECTL[x]</addr-mnemonic>

              <instances>
                <instance>
                  <instance-start>0</instance-start>

                  <instance-stop>3</instance-stop>
                </instance>
              </instances>
            </addr-element>

            <address-details>
              <p><xref
              href="sc_regs_desc.xml#sc_regs_desc/table_SCRAMECTL_5_0_-_Switch_Core_RAM_Error_Co_5jf3890su"/></p>
            </address-details>
          </register-reference>

          <register-reference audience="MSCCInternal">
            <address>0x170</address>

            <addr-element>
              <addr-mnemonic>DBGCTL[x]</addr-mnemonic>

              <instances>
                <instance>
                  <instance-start>0</instance-start>

                  <instance-stop>3</instance-stop>
                </instance>
              </instances>
            </addr-element>

            <address-details>
              <p><xref
              href="sc_regs_desc.xml#sc_regs_desc/table_SCDBGCTL_5_0_-_Switch_Core_Debug_Control_0jhl9hwnn"/></p>
            </address-details>
          </register-reference>
        </address-map>
      </tgroup>
    </table>

    <p/>
  </body>
</topic>
