<?xml version="1.0" encoding="UTF-8"?>
<!DOCTYPE topic PUBLIC "-//OASIS//DTD DITA 1.2 Topic//EN"
"topic.dtd">
<topic base="base" id="sdinfo">
  <title>SDINFO</title>

  <body>
    <p>Address Seed Information</p>

    <table id="table_SDINFO_kkon5lrir">
      <title>SDINFO</title>

      <tgroup cols="3">
        <colspec colwidth="148*"/>

        <colspec colwidth="218*"/>

        <colspec colwidth="634*"/>

        <thead>
          <row>
            <entry><p>Offset Address</p></entry>

            <entry><p>Register Mnemonic </p></entry>

            <entry><p>Register Description </p></entry>
          </row>
        </thead>

        <address-map>
          <register-reference>
            <address>0x0</address>

            <addr-element>
              <addr-mnemonic>DCEXPL</addr-mnemonic>
            </addr-element>

            <address-details>
              <p><xref
              href="Decode_regs.xml#Decode_regs/table_DCEXPL_-_Decode_Expected_Embedded_Addres_bkon5ld9f">DCEXPL</xref>

              </p>
            </address-details>
          </register-reference>

          <register-reference>
            <address>0x4</address>

            <addr-element>
              <addr-mnemonic>DCEXPU</addr-mnemonic>
            </addr-element>

            <address-details>
              <p><xref
              href="Decode_regs.xml#Decode_regs/table_DCEXPU_-_Decode_Expected_Embedded_Addres_ckon5ld9f">DCEXPU</xref>

              </p>
            </address-details>
          </register-reference>

          <register-reference>
            <address>0x8</address>

            <addr-element>
              <addr-mnemonic>DCRCVL</addr-mnemonic>
            </addr-element>

            <address-details>
              <p><xref
              href="Decode_regs.xml#Decode_regs/table_DCRCVL_-_Decode_Recovered_Embedded_Addre_dkon5ld9f">DCRCVL</xref>

              </p>
            </address-details>
          </register-reference>

          <register-reference>
            <address>0xC</address>

            <addr-element>
              <addr-mnemonic>DCRCVU</addr-mnemonic>
            </addr-element>

            <address-details>
              <p><xref
              href="Decode_regs.xml#Decode_regs/table_DCRCVU_-_Decode_Recovered_Embedded_Addre_ekon5ld9f">DCRCVU</xref>

              </p>
            </address-details>
          </register-reference>

          <register-reference>
            <address>0x10</address>

            <addr-element>
              <addr-mnemonic>DCEMBED</addr-mnemonic>
            </addr-element>

            <address-details>
              <p><xref
              href="Decode_regs.xml#Decode_regs/table_DCEMBED_-_Decode_Embedded_Seed_fkon5ld9f">DCEMBED</xref>

              </p>
            </address-details>
          </register-reference>
        </address-map>
      </tgroup>
    </table>

    <p/>
  </body>
</topic>
