<?xml version="1.0" encoding="UTF-8"?>
<!-- Date Stamp: Wed Apr 15 12:18:41 PDT 2020 -->
<!DOCTYPE topic PUBLIC "-//OASIS//DTD DITA 1.2 Topic//EN"
"topic.dtd">
<topic base="base" id="lw20_60_1031_I3C_Vendor_addr">
  <title>SMBUS Controller Register Address Space</title>

  <body>
    <p/>

    <table id="table_I3C_Vendor_Register_Address_Space">
      <title>I3C Vendor Register Address Space</title>

      <tgroup cols="3">
        <colspec colwidth="148*"/>

        <colspec colwidth="218*"/>

        <colspec colwidth="634*"/>

        <thead>
          <row>
            <entry><p>Offset Address</p></entry>

            <entry><p>Register Mnemonic </p></entry>

            <entry><p>Register Description </p></entry>
          </row>
        </thead>

        <address-map>
          <register-reference>
            <address>0x00000</address>

            <addr-element>
              <address-prefix>I3C0_</address-prefix>
            </addr-element>

            <address-details>
              <p><xref
              href="sdvt_mipi_i3c_smaster_core_addr.xml#lw20_60_1031_I3C_Vendor_addr/lw20_60_1031_addr_table_I3C_Vendor_00">I3C instance 0 registers. See Table: I3C Vendor Register Map Table</xref></p>
            </address-details>
          </register-reference>

          <register-reference>
            <address>0x01000</address>

            <addr-element>
              <address-prefix>I3C1_</address-prefix>
            </addr-element>

            <address-details>
              <p><xref
              href="sdvt_mipi_i3c_smaster_core_addr.xml#lw20_60_1031_I3C_Vendor_addr/lw20_60_1031_addr_table_I3C_Vendor_00">I3C instance 1 registers. See Table: I3C Vendor Register Map Table</xref></p>
            </address-details>
          </register-reference>

        </address-map>
      </tgroup>
    </table>
  </body>
</topic>
