<?xml version="1.0" encoding="UTF-8"?>
<!-- Date Stamp: Wed Apr 15 10:34:43 PDT 2020 -->
<!DOCTYPE topic PUBLIC "-//OASIS//DTD DITA 1.2 Topic//EN"
"topic.dtd">
<topic base="base" id="testaddr">
  <title>SMBus Controller Register Address Map</title>

  <body>
    <p/>

    <table id="table_SMBUS_Controller_Register_Address_Map">
      <title>SMBUS Controller Register Address Map</title>

      <tgroup cols="3">
        <colspec colwidth="148*"/>

        <colspec colwidth="218*"/>

        <colspec colwidth="634*"/>

        <thead>
          <row>
            <entry><p>Offset Address</p></entry>

            <entry><p>Register Mnemonic </p></entry>

            <entry><p>Register Description </p></entry>
          </row>
        </thead>

        <address-map>
          <register-reference>
            <address>0x00000</address>

            <addr-element>
              <addr-mnemonic>CTL</addr-mnemonic>
            </addr-element>

            <address-details>
              <p><xref
              href="smb_csr_reg.xml#smb_csr/table_SCCTL">CTL</xref></p>
            </address-details>
          </register-reference>

          <register-reference>
            <address>0x00004</address>

            <addr-element>
              <addr-mnemonic>TAR</addr-mnemonic>
            </addr-element>

            <address-details>
              <p><xref
              href="smb_csr_reg.xml#smb_csr/table_SCTAR">TAR</xref></p>
            </address-details>
          </register-reference>

          <register-reference>
            <address>0x00008</address>

            <addr-element>
              <addr-mnemonic>SAR</addr-mnemonic>
            </addr-element>

            <address-details>
              <p><xref
              href="smb_csr_reg.xml#smb_csr/table_SCSAR">SAR</xref></p>
            </address-details>
          </register-reference>

          <register-reference>
            <address>0x0000c</address>

            <addr-element>
              <addr-mnemonic>HSMMC</addr-mnemonic>
            </addr-element>

            <address-details>
              <p><xref
              href="smb_csr_reg.xml#smb_csr/table_SCHSMMC">HSMMC</xref></p>
            </address-details>
          </register-reference>

          <register-reference>
            <address>0x00010</address>

            <addr-element>
              <addr-mnemonic>DATCMD</addr-mnemonic>
            </addr-element>

            <address-details>
              <p><xref
              href="smb_csr_reg.xml#smb_csr/table_SCDATCMD">DATCMD</xref></p>
            </address-details>
          </register-reference>

          <register-reference>
            <address>0x00014</address>

            <addr-element>
              <addr-mnemonic>SSCHCNT</addr-mnemonic>
            </addr-element>

            <address-details>
              <p><xref
              href="smb_csr_reg.xml#smb_csr/table_SCSSCHCNT">SSCHCNT</xref></p>
            </address-details>
          </register-reference>

          <register-reference>
            <address>0x00018</address>

            <addr-element>
              <addr-mnemonic>SSCLCNT</addr-mnemonic>
            </addr-element>

            <address-details>
              <p><xref
              href="smb_csr_reg.xml#smb_csr/table_SCSSCLCNT">SSCLCNT</xref></p>
            </address-details>
          </register-reference>

          <register-reference>
            <address>0x0001c</address>

            <addr-element>
              <addr-mnemonic>FSCHCNT</addr-mnemonic>
            </addr-element>

            <address-details>
              <p><xref
              href="smb_csr_reg.xml#smb_csr/table_SCFSCHCNT">FSCHCNT</xref></p>
            </address-details>
          </register-reference>

          <register-reference>
            <address>0x00020</address>

            <addr-element>
              <addr-mnemonic>FSCLCNT</addr-mnemonic>
            </addr-element>

            <address-details>
              <p><xref
              href="smb_csr_reg.xml#smb_csr/table_SCFSCLCNT">FSCLCNT</xref></p>
            </address-details>
          </register-reference>

          <register-reference>
            <address>0x00024</address>

            <addr-element>
              <addr-mnemonic>HSCHCNT</addr-mnemonic>
            </addr-element>

            <address-details>
              <p><xref
              href="smb_csr_reg.xml#smb_csr/table_SCHSCHCNT">HSCHCNT</xref></p>
            </address-details>
          </register-reference>

          <register-reference>
            <address>0x00028</address>

            <addr-element>
              <addr-mnemonic>HSCLCNT</addr-mnemonic>
            </addr-element>

            <address-details>
              <p><xref
              href="smb_csr_reg.xml#smb_csr/table_SCHSCLCNT">HSCLCNT</xref></p>
            </address-details>
          </register-reference>

          <register-reference>
            <address>0x0002c</address>

            <addr-element>
              <addr-mnemonic>INTS</addr-mnemonic>
            </addr-element>

            <address-details>
              <p><xref
              href="smb_csr_reg.xml#smb_csr/table_SCINTS">INTS</xref></p>
            </address-details>
          </register-reference>

          <register-reference>
            <address>0x00030</address>

            <addr-element>
              <addr-mnemonic>INTM</addr-mnemonic>
            </addr-element>

            <address-details>
              <p><xref
              href="smb_csr_reg.xml#smb_csr/table_SCINTM">INTM</xref></p>
            </address-details>
          </register-reference>

          <register-reference>
            <address>0x00034</address>

            <addr-element>
              <addr-mnemonic>RINTS</addr-mnemonic>
            </addr-element>

            <address-details>
              <p><xref
              href="smb_csr_reg.xml#smb_csr/table_SCRINTS">RINTS</xref></p>
            </address-details>
          </register-reference>

          <register-reference>
            <address>0x00038</address>

            <addr-element>
              <addr-mnemonic>RXTL</addr-mnemonic>
            </addr-element>

            <address-details>
              <p><xref
              href="smb_csr_reg.xml#smb_csr/table_SCRXTL">RXTL</xref></p>
            </address-details>
          </register-reference>

          <register-reference>
            <address>0x0003c</address>

            <addr-element>
              <addr-mnemonic>TXTL</addr-mnemonic>
            </addr-element>

            <address-details>
              <p><xref
              href="smb_csr_reg.xml#smb_csr/table_SCTXTL">TXTL</xref></p>
            </address-details>
          </register-reference>

          <register-reference>
            <address>0x00040</address>

            <addr-element>
              <addr-mnemonic>CLRINTR</addr-mnemonic>
            </addr-element>

            <address-details>
              <p><xref
              href="smb_csr_reg.xml#smb_csr/table_SCCLRINTR">CLRINTR</xref></p>
            </address-details>
          </register-reference>

          <register-reference>
            <address>0x00044</address>

            <addr-element>
              <addr-mnemonic>CRXUND</addr-mnemonic>
            </addr-element>

            <address-details>
              <p><xref
              href="smb_csr_reg.xml#smb_csr/table_SCCRXUND">CRXUND</xref></p>
            </address-details>
          </register-reference>

          <register-reference>
            <address>0x00048</address>

            <addr-element>
              <addr-mnemonic>CRXOVR</addr-mnemonic>
            </addr-element>

            <address-details>
              <p><xref
              href="smb_csr_reg.xml#smb_csr/table_SCCRXOVR">CRXOVR</xref></p>
            </address-details>
          </register-reference>

          <register-reference>
            <address>0x0004c</address>

            <addr-element>
              <addr-mnemonic>CTXOVR</addr-mnemonic>
            </addr-element>

            <address-details>
              <p><xref
              href="smb_csr_reg.xml#smb_csr/table_SCCTXOVR">CTXOVR</xref></p>
            </address-details>
          </register-reference>

          <register-reference>
            <address>0x00050</address>

            <addr-element>
              <addr-mnemonic>CRDREQ</addr-mnemonic>
            </addr-element>

            <address-details>
              <p><xref
              href="smb_csr_reg.xml#smb_csr/table_SCCRDREQ">CRDREQ</xref></p>
            </address-details>
          </register-reference>

          <register-reference>
            <address>0x00054</address>

            <addr-element>
              <addr-mnemonic>CTXABRT</addr-mnemonic>
            </addr-element>

            <address-details>
              <p><xref
              href="smb_csr_reg.xml#smb_csr/table_SCCTXABRT">CTXABRT</xref></p>
            </address-details>
          </register-reference>

          <register-reference>
            <address>0x00058</address>

            <addr-element>
              <addr-mnemonic>CRXDONE</addr-mnemonic>
            </addr-element>

            <address-details>
              <p><xref
              href="smb_csr_reg.xml#smb_csr/table_SCCRXDONE">CRXDONE</xref></p>
            </address-details>
          </register-reference>

          <register-reference>
            <address>0x0005c</address>

            <addr-element>
              <addr-mnemonic>CACTIVITY</addr-mnemonic>
            </addr-element>

            <address-details>
              <p><xref
              href="smb_csr_reg.xml#smb_csr/table_SCCACTIVITY">CACTIVITY</xref></p>
            </address-details>
          </register-reference>

          <register-reference>
            <address>0x00060</address>

            <addr-element>
              <addr-mnemonic>CSTOPDET</addr-mnemonic>
            </addr-element>

            <address-details>
              <p><xref
              href="smb_csr_reg.xml#smb_csr/table_SCCSTOPDET">CSTOPDET</xref></p>
            </address-details>
          </register-reference>

          <register-reference>
            <address>0x00064</address>

            <addr-element>
              <addr-mnemonic>CSTARTDET</addr-mnemonic>
            </addr-element>

            <address-details>
              <p><xref
              href="smb_csr_reg.xml#smb_csr/table_SCCSTARTDET">CSTARTDET</xref></p>
            </address-details>
          </register-reference>

          <register-reference>
            <address>0x00068</address>

            <addr-element>
              <addr-mnemonic>CGENCALL</addr-mnemonic>
            </addr-element>

            <address-details>
              <p><xref
              href="smb_csr_reg.xml#smb_csr/table_SCCGENCALL">CGENCALL</xref></p>
            </address-details>
          </register-reference>

          <register-reference>
            <address>0x0006c</address>

            <addr-element>
              <addr-mnemonic>ENABLE</addr-mnemonic>
            </addr-element>

            <address-details>
              <p><xref
              href="smb_csr_reg.xml#smb_csr/table_SCENABLE">ENABLE</xref></p>
            </address-details>
          </register-reference>

          <register-reference>
            <address>0x00070</address>

            <addr-element>
              <addr-mnemonic>STS</addr-mnemonic>
            </addr-element>

            <address-details>
              <p><xref
              href="smb_csr_reg.xml#smb_csr/table_SCSTS">STS</xref></p>
            </address-details>
          </register-reference>

          <register-reference>
            <address>0x00074</address>

            <addr-element>
              <addr-mnemonic>TXBL</addr-mnemonic>
            </addr-element>

            <address-details>
              <p><xref
              href="smb_csr_reg.xml#smb_csr/table_SCTXBL">TXBL</xref></p>
            </address-details>
          </register-reference>

          <register-reference>
            <address>0x00078</address>

            <addr-element>
              <addr-mnemonic>RXBL</addr-mnemonic>
            </addr-element>

            <address-details>
              <p><xref
              href="smb_csr_reg.xml#smb_csr/table_SCRXBL">RXBL</xref></p>
            </address-details>
          </register-reference>

          <register-reference>
            <address>0x0007c</address>

            <addr-element>
              <addr-mnemonic>DATH</addr-mnemonic>
            </addr-element>

            <address-details>
              <p><xref
              href="smb_csr_reg.xml#smb_csr/table_SCDATH">DATH</xref></p>
            </address-details>
          </register-reference>

          <register-reference>
            <address>0x00080</address>

            <addr-element>
              <addr-mnemonic>ABORTS</addr-mnemonic>
            </addr-element>

            <address-details>
              <p><xref
              href="smb_csr_reg.xml#smb_csr/table_SCABORTS">ABORTS</xref></p>
            </address-details>
          </register-reference>

          <register-reference>
            <address>0x00084</address>

            <addr-element>
              <addr-mnemonic>SLVDNACK</addr-mnemonic>
            </addr-element>

            <address-details>
              <p><xref
              href="smb_csr_reg.xml#smb_csr/table_SCSLVDNACK">SLVDNACK</xref></p>
            </address-details>
          </register-reference>

          <register-reference>
            <address>0x00094</address>

            <addr-element>
              <addr-mnemonic>DATS</addr-mnemonic>
            </addr-element>

            <address-details>
              <p><xref
              href="smb_csr_reg.xml#smb_csr/table_SCDATS">DATS</xref></p>
            </address-details>
          </register-reference>

          <register-reference>
            <address>0x00098</address>

            <addr-element>
              <addr-mnemonic>GENCALL</addr-mnemonic>
            </addr-element>

            <address-details>
              <p><xref
              href="smb_csr_reg.xml#smb_csr/table_SCGENCALL">GENCALL</xref></p>
            </address-details>
          </register-reference>

          <register-reference>
            <address>0x0009c</address>

            <addr-element>
              <addr-mnemonic>ENSTS</addr-mnemonic>
            </addr-element>

            <address-details>
              <p><xref
              href="smb_csr_reg.xml#smb_csr/table_SCENSTS">ENSTS</xref></p>
            </address-details>
          </register-reference>

          <register-reference>
            <address>0x000a0</address>

            <addr-element>
              <addr-mnemonic>SL</addr-mnemonic>
            </addr-element>

            <address-details>
              <p><xref
              href="smb_csr_reg.xml#smb_csr/table_SCSL">SL</xref></p>
            </address-details>
          </register-reference>

          <register-reference>
            <address>0x000a4</address>

            <addr-element>
              <addr-mnemonic>HSSL</addr-mnemonic>
            </addr-element>

            <address-details>
              <p><xref
              href="smb_csr_reg.xml#smb_csr/table_SCHSSL">HSSL</xref></p>
            </address-details>
          </register-reference>

          <register-reference>
            <address>0x000a8</address>

            <addr-element>
              <addr-mnemonic>CRESTART</addr-mnemonic>
            </addr-element>

            <address-details>
              <p><xref
              href="smb_csr_reg.xml#smb_csr/table_SCCRESTART">CRESTART</xref></p>
            </address-details>
          </register-reference>

          <register-reference>
            <address>0x000c0</address>

            <addr-element>
              <addr-mnemonic>CLKLTO</addr-mnemonic>
            </addr-element>

            <address-details>
              <p><xref
              href="smb_csr_reg.xml#smb_csr/table_SCCLKLTO">CLKLTO</xref></p>
            </address-details>
          </register-reference>

          <register-reference>
            <address>0x000c4</address>

            <addr-element>
              <addr-mnemonic>ECTL</addr-mnemonic>
            </addr-element>

            <address-details>
              <p><xref
              href="smb_csr_reg.xml#smb_csr/table_SCECTL">ECTL</xref></p>
            </address-details>
          </register-reference>

          <register-reference>
            <address>0x000c8</address>

            <addr-element>
              <addr-mnemonic>SBAN</addr-mnemonic>
            </addr-element>

            <address-details>
              <p><xref
              href="smb_csr_reg.xml#smb_csr/table_SCSBAN">SBAN</xref></p>
            </address-details>
          </register-reference>

          <register-reference>
            <address>0x000cc</address>

            <addr-element>
              <addr-mnemonic>IDLET</addr-mnemonic>
            </addr-element>

            <address-details>
              <p><xref
              href="smb_csr_reg.xml#smb_csr/table_SCIDLET">IDLET</xref></p>
            </address-details>
          </register-reference>

          <register-reference>
            <address>0x000d0</address>

            <addr-element>
              <addr-mnemonic>IDLETO</addr-mnemonic>
            </addr-element>

            <address-details>
              <p><xref
              href="smb_csr_reg.xml#smb_csr/table_SCIDLETO">IDLETO</xref></p>
            </address-details>
          </register-reference>

          <register-reference>
            <address>0x000f4</address>

            <addr-element>
              <addr-mnemonic>CFG</addr-mnemonic>
            </addr-element>

            <address-details>
              <p><xref
              href="smb_csr_reg.xml#smb_csr/table_SCCFG">CFG</xref></p>
            </address-details>
          </register-reference>

          <register-reference>
            <address>0x000f8</address>

            <addr-element>
              <addr-mnemonic>VER</addr-mnemonic>
            </addr-element>

            <address-details>
              <p><xref
              href="smb_csr_reg.xml#smb_csr/table_SCVER">VER</xref></p>
            </address-details>
          </register-reference>

          <register-reference>
            <address>0x000fc</address>

            <addr-element>
              <addr-mnemonic>IPTYPE</addr-mnemonic>
            </addr-element>

            <address-details>
              <p><xref
              href="smb_csr_reg.xml#smb_csr/table_SCIPTYPE">IPTYPE</xref></p>
            </address-details>
          </register-reference>
        </address-map>
      </tgroup>
    </table>

    <p/>
  </body>
</topic>
