<?xml version="1.0" encoding="UTF-8"?>
<!DOCTYPE topic PUBLIC "-//OASIS//DTD DITA 1.2 Topic//EN"
"topic.dtd">
<topic base="base" id="sqm_csrs">
  <title>Submission Queue Manager</title>
  <body>
    <p>The following describes Submission Queue Manager registers.</p>

    <table id="table_SQMCTL">
      <title><reg-name-main verilog="SQMCTL">SQMCTL</reg-name-main> - <reg-desc>Submission
      Queue Manager Control</reg-desc></title>
      <tgroup cols="5">
        <colspec colname="A" colwidth="111*"/>
        <colspec colname="B" colwidth="144*"/>
        <colspec colname="C" colwidth="101*"/>
        <colspec colname="D" colwidth="87*"/>
        <colspec colname="E" colwidth="557*"/>
        <thead>
          <row>
            <entry><p>Bit Field</p></entry>
            <entry><p>Field Name</p></entry>
            <entry><p>Type</p></entry>
            <entry><p>Default Value</p></entry>
            <entry><p>Description</p></entry>
          </row>
        </thead>

        <reg-def>
          <field>
            <field-bits>
              <double>
                <msb>31</msb>
                <lsb>27</lsb>
              </double>
            </field-bits>
            <field-name verilog="MTIMEOUT">MTIMEOUT</field-name>
            <field-type>RW</field-type>
            <field-default>0x0</field-default>
            <field-desc>
              <p><b>Queue Manager Operational State Timeout Period</b></p>
              <p>If the operational state transition exceeds (2 ^ MTIMEOUT) time_signal cycles, 
              the queue manager is autodisabled.</p>
              <p>Valid range is 1 to 20. Other values disable timeouts.</p>
              <p>This field should only be modified with the queue manager
              disabled. Otherwise, the results are undefined.</p>
            </field-desc>
          </field>

          <field>
            <field-bits>
              <double>
                <msb>26</msb>
                <lsb>22</lsb>
              </double>
            </field-bits>
            <field-name verilog="ETIMEOUT">ETIMEOUT</field-name>
            <field-type>RW</field-type>
            <field-default>0x0</field-default>
            <field-desc>
              <p><b>Queue Engine Operational State Timeout Period</b></p>
              <p>If the operational state transition exceeds (2 ^ ETIMEOUT) time_signal cycles, 
              the queue engine is autodisabled.</p>
              <p>Valid range is 1 to 20. Other values disable timeouts.</p>
              <p>This field should only be modified with the queue manager
              disabled. Otherwise, the results are undefined.</p>
            </field-desc>
          </field>

          <field>
            <field-bits>
              <single>21</single>
            </field-bits>
            <field-name verilog="ENFUSE">ENFUSE</field-name>
            <field-type>RW</field-type>
            <field-default>0x0</field-default>
            <field-desc>
              <p><b>Enable Fused </b></p>
              <p>This bit is set to enable support for Fused CMDs.</p>
              <p>This field should only be modified with the Submission Queue Manager
              disabled. Otherwise, the results are undefined.</p>
            </field-desc>
          </field>

          <field>
            <field-bits>
              <single>20</single>
            </field-bits>
            <field-name verilog="QUEUES">QUEUES</field-name>
            <field-type>RW</field-type>
            <field-default>0x1</field-default>
            <field-desc>
              <p><b>Queues</b></p>
              <p>This field indicates the number of submission queues included in the
              SQ arbiter search.  The shorter search range results in higher throughput,
              and less queues supported.</p>
              <p>1 1025 search range is i=0 to 1024: SQE[i]</p>
              <p>0 258  search range is i=0 to 6: SQE[(i*128):(i*128+31)] and i=7 SQE[(i*128):(i*128+33)]</p>
              <p>This field should only be modified with the submission queue manager
              disabled. Otherwise, the results are undefined.</p>
            </field-desc>
          </field>

          <field audience="MSCCInternal">
            <field-bits>
              <single>19</single>
            </field-bits>
            <field-name verilog="IFIFOTHR">IFIFOTHR</field-name>
            <field-type>RW</field-type>
            <field-default>0x1</field-default>
            <field-desc>
              <p><b>Input FIFO Threshold</b></p>
              <p>This field configures the almost full threshold of the Inbound Message Handle FIFOs.</p>
              <p>0 8</p>
              <p>1 16</p>
              <p>This field should only be modified with the Submission Queue Manager
              disabled. Otherwise, the results are undefined.</p>
            </field-desc>
          </field>

          <field>
            <field-bits>
              <double>
                <msb>18</msb>
                <lsb>5</lsb>
              </double>
            </field-bits>
            <field-name verilog="RESERVED">RESERVED</field-name>
            <field-type>RO</field-type>
            <field-default>0x0</field-default>
            <field-desc>
              <p/>
            </field-desc>
          </field>

          <field audience="MSCCInternal">
            <field-bits>
              <single>4</single>
            </field-bits>
            <field-name verilog="FCEN">FCEN</field-name>
            <field-type>RW</field-type>
            <field-default>0x0</field-default>
            <field-desc>
              <p><b>Force Clock Enable</b></p>
              <p>When set to 1, this field overrides dynamic course clock gating in the completion queue manager,
              causing the clock to run continuously.</p>
            </field-desc>
          </field>

          <field>
            <field-bits>
              <double>
                <msb>3</msb>
                <lsb>2</lsb>
              </double>
            </field-bits>
            <field-name verilog="RESERVED">RESERVED</field-name>
            <field-type>RO</field-type>
            <field-default>0x0</field-default>
            <field-desc>
              <p/>
            </field-desc>
          </field>

          <field>
            <field-bits>
              <double>
                <msb>1</msb>
                <lsb>0</lsb>
              </double>
            </field-bits>
            <field-name verilog="EN">EN</field-name>
            <field-type>RW</field-type>
            <field-default>0x0</field-default>
            <field-desc>
              <p><b>Enable</b></p>
              <p>This field allows firmware to control the operational state
              of the submission queue manager. Modifying the value of this
              field causes the submission queue manager to transition to the
              specified operational state. A transition does not complete
              until the new operational state is reflected in the State
              (STATE) field in the corresponding Submission Queue Manager
              Status (SQMSTS) register.</p>
              <p>Firmware must comprehend the possibility of an autonomous
              state transition to disabled due to an error.</p>
              <p>Only permitted transitions are allowed. Others result in undefined operation.</p>
              <p>See section Operational State Control and Status.</p>
              <p>0 Disabled</p>
              <p>1 Enabled</p>
              <p>2 Quiesced</p>
              <p>3 Paused</p>
            </field-desc>
          </field>
        </reg-def>
      </tgroup>
    </table>

    <table id="table_SQMSTS">
      <title><reg-name-main verilog="SQMSTS">SQMSTS</reg-name-main> - <reg-desc>Submission
      Queue Manager Status</reg-desc></title>
      <tgroup cols="5">
        <colspec colname="A" colwidth="111*"/>
        <colspec colname="B" colwidth="144*"/>
        <colspec colname="C" colwidth="101*"/>
        <colspec colname="D" colwidth="87*"/>
        <colspec colname="E" colwidth="557*"/>
        <thead>
          <row>
            <entry><p>Bit Field</p></entry>
            <entry><p>Field Name</p></entry>
            <entry><p>Type</p></entry>
            <entry><p>Default Value</p></entry>
            <entry><p>Description</p></entry>
          </row>
        </thead>

        <reg-def>
          <field>
            <field-bits>
              <double>
                <msb>31</msb>
                <lsb>3</lsb>
              </double>
            </field-bits>
            <field-name verilog="RESERVED">RESERVED</field-name>
            <field-type>RO</field-type>
            <field-default>0x0</field-default>
            <field-desc>
              <p/>
            </field-desc>
          </field>

          <field>
            <field-bits>
              <single>2</single>
            </field-bits>
            <field-name verilog="AUTDIS">AUTDIS</field-name>
            <field-type>RW1C</field-type>
            <field-default>0x0</field-default>
            <field-desc>
              <p><b>Autonomous Disable</b></p>
              <p>This bit is set by hardware when the submission queue manager
              is disabled due to an error. Refer to register SQMUCERRSTS for the reason.</p>
              <p>See section Operational State Control and Status.</p>
            </field-desc>
          </field>

          <field>
            <field-bits>
              <double>
                <msb>1</msb>
                <lsb>0</lsb>
              </double>
            </field-bits>
            <field-name verilog="STATE">STATE</field-name>
            <field-type>RO</field-type>
            <field-default>0x0</field-default>
            <field-desc>
              <p><b>State</b></p>
              <p>This field contains the current operational state of the
              submission queue manager.</p>
              <p>See section Operational State Control and Status.</p>
              <p>0 Disabled</p>
              <p>1 Enabled</p>
              <p>2 Quiesced</p>
              <p>3 Paused</p>
            </field-desc>
          </field>
        </reg-def>
      </tgroup>
    </table>

    <table id="table_SQMUCERRSTS">
      <title><reg-name-main verilog="SQMUERRSTS">SQMUCERRSTS</reg-name-main> - <reg-desc>Submission
      Queue Manager Uncorrected Error Status</reg-desc></title>
      <tgroup cols="5">
        <colspec colname="A" colwidth="111*"/>
        <colspec colname="B" colwidth="144*"/>
        <colspec colname="C" colwidth="101*"/>
        <colspec colname="D" colwidth="87*"/>
        <colspec colname="E" colwidth="557*"/>
        <thead>
          <row>
            <entry><p>Bit Field</p></entry>
            <entry><p>Field Name</p></entry>
            <entry><p>Type</p></entry>
            <entry><p>Default Value</p></entry>
            <entry><p>Description</p></entry>
          </row>
        </thead>

        <reg-def>
          <field>
            <field-bits>
              <double>
                <msb>31</msb>
                <lsb>0</lsb>
              </double>
            </field-bits>
            <field-name verilog="BITS">BITS</field-name>
            <field-type>RW1C</field-type>
            <field-default>0x0</field-default>
            <field-desc>
              <p><b>Bits</b></p>
              <p>Each bit is set when its corresponding error is detected.</p>
              <p audience="MSCCInternal">31 A valid context has no associated handle in the HFIFOs.</p>
              <p audience="MSCCInternal">30 A Handles counter has under/overflowed.</p>
              <p audience="MSCCInternal">29 Tag manager has issued a tag already in use.</p>
              <p audience="MSCCInternal">28 Outbound queue arbiter has selected an unavailable CMD.</p>
              <p>11 SQE Autodisabled due to operational state transition timeout. Refer to registers SQESTS.</p>
              <p>10 SQE Autodisabled due to doorbell error. Refer to registers SQESTS.</p>
              <p>9 SQE Completion Timeout. Refer to registers SQMCTOSTS.</p>
              <p>8 SQM Autodisabled due to operational state transition timeout.</p>
              <p>5 SQMM MIF is autodisabled. Refer to MIF registers.</p>
              <p>4 SQM  MIF is autodisabled. Refer to MIF registers.</p>
              <p>3 SQM told to Autodisable by CQM because CQM went autodisabled.</p>
              <p>2 SQM told to Autodisable due to AI global autodisable.</p>
              <p>1 RAM double bit error.</p>
              <p>All other bits are Reserved.</p>
            </field-desc>
          </field>
        </reg-def>
      </tgroup>
    </table>

    <table id="table_SQMAUTDISMSK">
      <title><reg-name-main verilog="SQMADCTL">SQMAUTDISMSK</reg-name-main> - <reg-desc>Submission
      Queue Manager Autonomous Disable Control</reg-desc></title>
      <tgroup cols="5">
        <colspec colname="A" colwidth="111*"/>
        <colspec colname="B" colwidth="144*"/>
        <colspec colname="C" colwidth="101*"/>
        <colspec colname="D" colwidth="87*"/>
        <colspec colname="E" colwidth="557*"/>
        <thead>
          <row>
            <entry><p>Bit Field</p></entry>
            <entry><p>Field Name</p></entry>
            <entry><p>Type</p></entry>
            <entry><p>Default Value</p></entry>
            <entry><p>Description</p></entry>
          </row>
        </thead>

        <reg-def>
          <field>
            <field-bits>
              <double>
                <msb>31</msb>
                <lsb>0</lsb>
              </double>
            </field-bits>
            <field-name verilog="BITS">BITS</field-name>
            <field-type>RW</field-type>
            <field-default>0xfffffec1</field-default>
            <field-desc>
              <p><b>Bits</b></p>
              <p>When a bit is written to 1, the corresponding error in the SQMUCERRSTS register is masked from
              causing autonomous disable.</p>
            </field-desc>
          </field>
        </reg-def>
      </tgroup>
    </table>

    <table audience="MSCCInternal" id="table_SQMTOPAUTDISMSK">
      <title><reg-name-main verilog="SQMTOPADCTL">SQMTOPAUTDISMSK</reg-name-main> - <reg-desc>Submission
      Queue Manager Top Autonomous Disable Control</reg-desc></title>
      <tgroup cols="5">
        <colspec colname="A" colwidth="111*"/>
        <colspec colname="B" colwidth="144*"/>
        <colspec colname="C" colwidth="101*"/>
        <colspec colname="D" colwidth="87*"/>
        <colspec colname="E" colwidth="557*"/>
        <thead>
          <row>
            <entry><p>Bit Field</p></entry>
            <entry><p>Field Name</p></entry>
            <entry><p>Type</p></entry>
            <entry><p>Default Value</p></entry>
            <entry><p>Description</p></entry>
          </row>
        </thead>

        <reg-def>
          <field>
            <field-bits>
              <double>
                <msb>31</msb>
                <lsb>0</lsb>
              </double>
            </field-bits>
            <field-name verilog="BITS">BITS</field-name>
            <field-type>RW</field-type>
            <field-default>0xffffffff</field-default>
            <field-desc>
              <p><b>Bits</b></p>
              <p>When a bit is written to 1, the corresponding error in the SQMUCERRSTS register is masked from
              causing the whole AI to go to autonomous disable.</p>
              <p>To clear a whole AI autonomous disable:</p>
              <p>1. For each manager (also known as engine), set all bits of AI*TOPAUTDISMSK.</p>
              <p>2. For each manager, cleanup and clear all bits of AI*UCERRSTS.</p>
              <p>3. For each manager, clear bits of AI*TOPAUTDISMSK as desired.</p>
              <p>4. Return to normal operation.</p>
            </field-desc>
          </field>
        </reg-def>
      </tgroup>
    </table>

    <table id="table_SQMUCERRMSK">
      <title><reg-name-main verilog="SQMUERRMSK">SQMUCERRMSK</reg-name-main> - <reg-desc>Submission
      Queue Manager Uncorrected Error Mask</reg-desc></title>
      <tgroup cols="5">
        <colspec colname="A" colwidth="111*"/>
        <colspec colname="B" colwidth="144*"/>
        <colspec colname="C" colwidth="101*"/>
        <colspec colname="D" colwidth="87*"/>
        <colspec colname="E" colwidth="557*"/>
        <thead>
          <row>
            <entry><p>Bit Field</p></entry>
            <entry><p>Field Name</p></entry>
            <entry><p>Type</p></entry>
            <entry><p>Default Value</p></entry>
            <entry><p>Description</p></entry>
          </row>
        </thead>

        <reg-def>
          <field>
            <field-bits>
              <double>
                <msb>31</msb>
                <lsb>0</lsb>
              </double>
            </field-bits>
            <field-name verilog="BITS">BITS</field-name>
            <field-type>RW</field-type>
            <field-default>0xfffff0c1</field-default>
            <field-desc>
              <p><b>Bits</b></p>
              <p>When a bit is written to 1, the corresponding error in the SQMUCERRSTS register is masked from
              causing an interrupt.</p>
            </field-desc>
          </field>
        </reg-def>
      </tgroup>
    </table>

    <table id="table_SQMUCERRSWTGR">
      <title><reg-name-main verilog="SQMUERRSWTGR">SQMUCERRSWTGR</reg-name-main> - <reg-desc>Submission
      Queue Manager Uncorrected Error Software Trigger</reg-desc></title>
      <tgroup cols="5">
        <colspec colname="A" colwidth="111*"/>
        <colspec colname="B" colwidth="144*"/>
        <colspec colname="C" colwidth="101*"/>
        <colspec colname="D" colwidth="87*"/>
        <colspec colname="E" colwidth="557*"/>
        <thead>
          <row>
            <entry><p>Bit Field</p></entry>
            <entry><p>Field Name</p></entry>
            <entry><p>Type</p></entry>
            <entry><p>Default Value</p></entry>
            <entry><p>Description</p></entry>
          </row>
        </thead>

        <reg-def>
          <field>
            <field-bits>
              <double>
                <msb>31</msb>
                <lsb>0</lsb>
              </double>
            </field-bits>
            <field-name verilog="BITS">BITS</field-name>
            <field-type>RW</field-type>
            <field-default>0x0</field-default>
            <field-desc>
              <p><b>Bits</b></p>
              <p>When a bit is written to 1, the corresponding bit is set in the SQMUCERRSTS register.</p>
              <p>This bit must be written to 0 before clearing the corresponding SQMUCERRSTS bit.</p>
            </field-desc>
          </field>
        </reg-def>
      </tgroup>
    </table>

    <table id="table_SQMCERRSTS">
      <title><reg-name-main verilog="SQMCERRSTS">SQMCERRSTS</reg-name-main> - <reg-desc>Submission
      Queue Manager Corrected Error Status</reg-desc></title>
      <tgroup cols="5">
        <colspec colname="A" colwidth="111*"/>
        <colspec colname="B" colwidth="144*"/>
        <colspec colname="C" colwidth="101*"/>
        <colspec colname="D" colwidth="87*"/>
        <colspec colname="E" colwidth="557*"/>
        <thead>
          <row>
            <entry><p>Bit Field</p></entry>
            <entry><p>Field Name</p></entry>
            <entry><p>Type</p></entry>
            <entry><p>Default Value</p></entry>
            <entry><p>Description</p></entry>
          </row>
        </thead>

        <reg-def>
          <field>
            <field-bits>
              <double>
                <msb>31</msb>
                <lsb>0</lsb>
              </double>
            </field-bits>
            <field-name verilog="BITS">BITS</field-name>
            <field-type>RW1C</field-type>
            <field-default>0x0</field-default>
            <field-desc>
              <p><b>Bits</b></p>
              <p>Each bit is set when its corresponding error is detected.</p>
              <p>12 MemRd TLP Address overflowed 64 bits, indicative of faulty configuration.</p>
              <p>7 SQMM MIF correctable error. Refer to MIF registers.</p>
              <p>6 SQM  MIF correctable error. Refer to MIF registers.</p>
              <p>0 RAM single bit error.</p>
              <p>All other bits are Reserved.</p>
            </field-desc>
          </field>
        </reg-def>
      </tgroup>
    </table>

    <table id="table_SQMCERRMSK">
      <title><reg-name-main verilog="SQMCERRMSK">SQMCERRMSK</reg-name-main> - <reg-desc>Submission
      Queue Manager Corrected Error Mask</reg-desc></title>
      <tgroup cols="5">
        <colspec colname="A" colwidth="111*"/>
        <colspec colname="B" colwidth="144*"/>
        <colspec colname="C" colwidth="101*"/>
        <colspec colname="D" colwidth="87*"/>
        <colspec colname="E" colwidth="557*"/>
        <thead>
          <row>
            <entry><p>Bit Field</p></entry>
            <entry><p>Field Name</p></entry>
            <entry><p>Type</p></entry>
            <entry><p>Default Value</p></entry>
            <entry><p>Description</p></entry>
          </row>
        </thead>

        <reg-def>
          <field>
            <field-bits>
              <double>
                <msb>31</msb>
                <lsb>0</lsb>
              </double>
            </field-bits>
            <field-name verilog="BITS">BITS</field-name>
            <field-type>RW</field-type>
            <field-default>0xffffffff</field-default>
            <field-desc>
              <p><b>Bits</b></p>
              <p>When a bit is written to 1, the corresponding error in the SQMCERRSTS register is masked from
              causing an interrupt.</p>
            </field-desc>
          </field>
        </reg-def>
      </tgroup>
    </table>

    <table id="table_SQMCERRSWTGR">
      <title><reg-name-main verilog="SQMCERRSWTGR">SQMCERRSWTGR</reg-name-main> - <reg-desc>Submission
      Queue Manager Corrected Error Software Trigger</reg-desc></title>
      <tgroup cols="5">
        <colspec colname="A" colwidth="111*"/>
        <colspec colname="B" colwidth="144*"/>
        <colspec colname="C" colwidth="101*"/>
        <colspec colname="D" colwidth="87*"/>
        <colspec colname="E" colwidth="557*"/>
        <thead>
          <row>
            <entry><p>Bit Field</p></entry>
            <entry><p>Field Name</p></entry>
            <entry><p>Type</p></entry>
            <entry><p>Default Value</p></entry>
            <entry><p>Description</p></entry>
          </row>
        </thead>

        <reg-def>
          <field>
            <field-bits>
              <double>
                <msb>31</msb>
                <lsb>0</lsb>
              </double>
            </field-bits>
            <field-name verilog="BITS">BITS</field-name>
            <field-type>RW</field-type>
            <field-default>0x0</field-default>
            <field-desc>
              <p><b>Bits</b></p>
              <p>When a bit is written to 1, the corresponding bit is set in the SQMCERRSTS register.</p>
              <p>This bit must be written to 0 before clearing the corresponding SQMCERRSTS bit.</p>
              <p>12 MemRd TLP Address overflowed 64 bits, indicative of faulty configuration.</p>
              <p>7 SQMM MIF correctable error. Refer to MIF registers.</p>
              <p>6 SQM  MIF correctable error. Refer to MIF registers.</p>
              <p audience="MSCCInternal">0 RAM single bit error.</p>
              <p>All other bits are Reserved.</p>
            </field-desc>
          </field>
        </reg-def>
      </tgroup>
    </table>

    <table audience="MSCCInternal" id="table_SQMRAMECTL">
      <title><reg-name-main verilog="SQMRAMECTL">SQMRAMECTL</reg-name-main> -
      <reg-desc>SQM Embedded RAM Error Control</reg-desc></title>
      <tgroup cols="5">
        <colspec colname="A" colwidth="111*"/>
        <colspec colname="B" colwidth="144*"/>
        <colspec colname="C" colwidth="101*"/>
        <colspec colname="D" colwidth="87*"/>
        <colspec colname="E" colwidth="557*"/>
        <thead>
          <row>
            <entry><p>Bit Field</p></entry>
            <entry><p>Field Name</p></entry>
            <entry><p>Type</p></entry>
            <entry><p>Default Value</p></entry>
            <entry><p>Description</p></entry>
          </row>
        </thead>

        <reg-def>
          <field>
            <field-bits>
              <double>
                <msb>31</msb>
                <lsb>16</lsb>
              </double>
            </field-bits>
            <field-name verilog="RESERVED">RESERVED</field-name>
            <field-type>RO</field-type>
            <field-default>0x0</field-default>
            <field-desc>
              <p/>
            </field-desc>
          </field>

          <field>
            <field-bits>
              <double>
                <msb>15</msb>
                <lsb>8</lsb>
              </double>
            </field-bits>
            <field-name verilog="INDEX">INDEX</field-name>
            <field-type>RW</field-type>
            <field-default>0x0</field-default>
            <field-desc>
              <p><b>RAM Index </b></p>
              <p>This field contains the index of the embedded RAM on which
              the command written to the CMD field is performed.</p>
              <p> 0     SQECTL</p>
              <p> 1     SQESQH</p>
              <p> 2     SQEPCIEPRE</p>
              <p> 3     SQEPCIECTL</p>
              <p> 4     SQEUBASE</p>
              <p> 5     SQELBASE</p>
              <p> 6     SQETIME</p>
              <p> 7     SQEDBSIC</p>
              <p> 8:15  SQEDBELL    [0:7]</p>
              <p> 16:23 SQERPTR     [0:7]</p>
              <p> 24:31 SQEARBCTL   [0:7]</p>
              <p> 32:47 Handle FIFO [0:15]</p>
            </field-desc>
          </field>

          <field>
            <field-bits>
              <double>
                <msb>7</msb>
                <lsb>3</lsb>
              </double>
            </field-bits>
            <field-name verilog="RESERVED">RESERVED</field-name>
            <field-type>RO</field-type>
            <field-default>0x0</field-default>
            <field-desc>
              <p/>
            </field-desc>
          </field>

          <field>
            <field-bits>
              <double>
                <msb>2</msb>
                <lsb>0</lsb>
              </double>
            </field-bits>
            <field-name verilog="CMD">CMD</field-name>
            <field-type>RW</field-type>
            <field-default>0x0</field-default>
            <field-desc>
              <p><b>RAM Command </b></p>
              <p>When a value is written to this field, the corresponding
              operation is performed on the embedded RAM selected in the INDEX
              field. Selecting an unimplemented RAM index or command causes a
              NOP to be executed.</p>
              <p>0 (NOP) No Operation</p>
              <p>1 (SBE) Set corresponding single bit error status bit</p>
              <p>2 (DBE) Set corresponding double bit error status bit</p>
              <p>3 (ISBE) Inject true single bit error in the next value read
              from RAM</p>
              <p>4 (IDBE) Inject true double bit error in the next value read
              from RAM</p>
              <p>Others Reserved</p>
            </field-desc>
          </field>
        </reg-def>
      </tgroup>
    </table>

    <table audience="MSCCInternal" id="table_SQMRAMSBESTS0">
      <title><reg-name-main verilog="SQMRAMSBESTS0">SQMRAMSBESTS0</reg-name-main>
      - <reg-desc>SQM Embedded RAM Single Bit Error Status Set 0</reg-desc></title>
      <tgroup cols="5">
        <colspec colname="A" colwidth="111*"/>
        <colspec colname="B" colwidth="144*"/>
        <colspec colname="C" colwidth="101*"/>
        <colspec colname="D" colwidth="87*"/>
        <colspec colname="E" colwidth="557*"/>
        <thead>
          <row>
            <entry><p>Bit Field</p></entry>
            <entry><p>Field Name</p></entry>
            <entry><p>Type</p></entry>
            <entry><p>Default Value</p></entry>
            <entry><p>Description</p></entry>
          </row>
        </thead>

        <reg-def>
          <field>
            <field-bits>
              <double>
                <msb>31</msb>
                <lsb>8</lsb>
              </double>
            </field-bits>
            <field-name verilog="RESERVED">RESERVED</field-name>
            <field-type>RO</field-type>
            <field-default>0x0</field-default>
            <field-desc>
              <p/>
            </field-desc>
          </field>

          <field>
            <field-bits>
              <double>
                <msb>7</msb>
                <lsb>0</lsb>
              </double>
            </field-bits>
            <field-name verilog="STS">STS</field-name>
            <field-type>RW1C</field-type>
            <field-default>0x0</field-default>
            <field-desc>
              <p><b>RAM Single Bit Error Status </b></p>
              <p>Associated with each embedded RAM is a status bit. A status
              bit is set whenever a single bit error is detected in that RAM.</p>
              <p> 0 SQECTL</p>
              <p> 1 SQESQH</p>
              <p> 2 SQEPCIEPRE</p>
              <p> 3 SQEPCIECTL</p>
              <p> 4 SQEUBASE</p>
              <p> 5 SQELBASE</p>
              <p> 6 SQETIMESTAMP</p>
              <p> 7 SQEDBSIC</p>
            </field-desc>
          </field>
        </reg-def>
      </tgroup>
    </table>

    <table audience="MSCCInternal" id="table_SQMRAMSBESTS1">
      <title><reg-name-main verilog="SQMRAMSBESTS1">SQMRAMSBESTS1</reg-name-main>
      - <reg-desc>SQM Embedded RAM Single Bit Error Status Set 1</reg-desc></title>
      <tgroup cols="5">
        <colspec colname="A" colwidth="111*"/>
        <colspec colname="B" colwidth="144*"/>
        <colspec colname="C" colwidth="101*"/>
        <colspec colname="D" colwidth="87*"/>
        <colspec colname="E" colwidth="557*"/>
        <thead>
          <row>
            <entry><p>Bit Field</p></entry>
            <entry><p>Field Name</p></entry>
            <entry><p>Type</p></entry>
            <entry><p>Default Value</p></entry>
            <entry><p>Description</p></entry>
          </row>
        </thead>

        <reg-def>
          <field>
            <field-bits>
              <double>
                <msb>31</msb>
                <lsb>24</lsb>
              </double>
            </field-bits>
            <field-name verilog="RESERVED">RESERVED</field-name>
            <field-type>RO</field-type>
            <field-default>0x0</field-default>
            <field-desc>
              <p/>
            </field-desc>
          </field>

          <field>
            <field-bits>
              <double>
                <msb>23</msb>
                <lsb>0</lsb>
              </double>
            </field-bits>
            <field-name verilog="STS">STS</field-name>
            <field-type>RW1C</field-type>
            <field-default>0x0</field-default>
            <field-desc>
              <p><b>RAM Single Bit Error Status </b></p>
              <p>Associated with each embedded RAM is a status bit. A status
              bit is set whenever a single bit error is detected in that RAM.</p>
              <p> 0:7   SQEDBELL  [0:7]</p>
              <p> 8:15  SQERPTR   [0:7]</p>
              <p> 16:23 SQEARBCTL [0:7]</p>
            </field-desc>
          </field>
        </reg-def>
      </tgroup>
    </table>

    <table audience="MSCCInternal" id="table_SQMRAMSBESTS2">
      <title><reg-name-main verilog="SQMRAMSBESTS2">SQMRAMSBESTS2</reg-name-main>
      - <reg-desc>SQM Embedded RAM Single Bit Error Status Set 2</reg-desc></title>
      <tgroup cols="5">
        <colspec colname="A" colwidth="111*"/>
        <colspec colname="B" colwidth="144*"/>
        <colspec colname="C" colwidth="101*"/>
        <colspec colname="D" colwidth="87*"/>
        <colspec colname="E" colwidth="557*"/>
        <thead>
          <row>
            <entry><p>Bit Field</p></entry>
            <entry><p>Field Name</p></entry>
            <entry><p>Type</p></entry>
            <entry><p>Default Value</p></entry>
            <entry><p>Description</p></entry>
          </row>
        </thead>

        <reg-def>
          <field>
            <field-bits>
              <double>
                <msb>31</msb>
                <lsb>20</lsb>
              </double>
            </field-bits>
            <field-name verilog="RESERVED">RESERVED</field-name>
            <field-type>RO</field-type>
            <field-default>0x0</field-default>
            <field-desc>
              <p/>
            </field-desc>
          </field>

          <field>
            <field-bits>
              <double>
                <msb>19</msb>
                <lsb>0</lsb>
              </double>
            </field-bits>
            <field-name verilog="STS">STS</field-name>
            <field-type>RW1C</field-type>
            <field-default>0x0</field-default>
            <field-desc>
              <p><b>RAM Single Bit Error Status </b></p>
              <p>Associated with each embedded RAM is a status bit. A status
              bit is set whenever a single bit error is detected in that RAM.</p>
              <p> 0:15 Handle FIFO [0:15]</p>
            </field-desc>
          </field>
        </reg-def>
      </tgroup>
    </table>

    <table audience="MSCCInternal" id="table_SQMRAMDBESTS0">
      <title><reg-name-main verilog="SQMRAMDBESTS0">SQMRAMDBESTS0</reg-name-main>
      - <reg-desc>SQM Embedded RAM Double Bit Error Status Set 0</reg-desc></title>
      <tgroup cols="5">
        <colspec colname="A" colwidth="111*"/>
        <colspec colname="B" colwidth="144*"/>
        <colspec colname="C" colwidth="101*"/>
        <colspec colname="D" colwidth="87*"/>
        <colspec colname="E" colwidth="557*"/>
        <thead>
          <row>
            <entry><p>Bit Field</p></entry>
            <entry><p>Field Name</p></entry>
            <entry><p>Type</p></entry>
            <entry><p>Default Value</p></entry>
            <entry><p>Description</p></entry>
          </row>
        </thead>

        <reg-def>
          <field>
            <field-bits>
              <double>
                <msb>31</msb>
                <lsb>8</lsb>
              </double>
            </field-bits>
            <field-name verilog="RESERVED">RESERVED</field-name>
            <field-type>RO</field-type>
            <field-default>0x0</field-default>
            <field-desc>
              <p/>
            </field-desc>
          </field>

          <field>
            <field-bits>
              <double>
                <msb>7</msb>
                <lsb>0</lsb>
              </double>
            </field-bits>
            <field-name verilog="STS">STS</field-name>
            <field-type>RW1C</field-type>
            <field-default>0x0</field-default>
            <field-desc>
              <p><b>RAM Double Bit Error Status </b></p>
              <p>Associated with each embedded RAM is a status bit. A status
              bit is set whenever a double bit error is detected in that RAM.</p>
              <p>See SQMRAMSBESTS0 for embedded RAM indices.</p>
            </field-desc>
          </field>
        </reg-def>
      </tgroup>
    </table>

    <table audience="MSCCInternal" id="table_SQMRAMDBESTS1">
      <title><reg-name-main verilog="SQMRAMDBESTS1">SQMRAMDBESTS1</reg-name-main>
      - <reg-desc>SQM Embedded RAM Double Bit Error Status Set 1</reg-desc></title>
      <tgroup cols="5">
        <colspec colname="A" colwidth="111*"/>
        <colspec colname="B" colwidth="144*"/>
        <colspec colname="C" colwidth="101*"/>
        <colspec colname="D" colwidth="87*"/>
        <colspec colname="E" colwidth="557*"/>
        <thead>
          <row>
            <entry><p>Bit Field</p></entry>
            <entry><p>Field Name</p></entry>
            <entry><p>Type</p></entry>
            <entry><p>Default Value</p></entry>
            <entry><p>Description</p></entry>
          </row>
        </thead>

        <reg-def>
          <field>
            <field-bits>
              <double>
                <msb>31</msb>
                <lsb>24</lsb>
              </double>
            </field-bits>
            <field-name verilog="RESERVED">RESERVED</field-name>
            <field-type>RO</field-type>
            <field-default>0x0</field-default>
            <field-desc>
              <p/>
            </field-desc>
          </field>

          <field>
            <field-bits>
              <double>
                <msb>23</msb>
                <lsb>0</lsb>
              </double>
            </field-bits>
            <field-name verilog="STS">STS</field-name>
            <field-type>RW1C</field-type>
            <field-default>0x0</field-default>
            <field-desc>
              <p><b>RAM Double Bit Error Status </b></p>
              <p>Associated with each embedded RAM is a status bit. A status
              bit is set whenever a double bit error is detected in that RAM.</p>
              <p>See SQMRAMSBESTS1 for embedded RAM indices.</p>
            </field-desc>
          </field>
        </reg-def>
      </tgroup>
    </table>

    <table audience="MSCCInternal" id="table_SQMRAMDBESTS2">
      <title><reg-name-main verilog="SQMRAMDBESTS2">SQMRAMDBESTS2</reg-name-main>
      - <reg-desc>SQM Embedded RAM Double Bit Error Status Set 2</reg-desc></title>
      <tgroup cols="5">
        <colspec colname="A" colwidth="111*"/>
        <colspec colname="B" colwidth="144*"/>
        <colspec colname="C" colwidth="101*"/>
        <colspec colname="D" colwidth="87*"/>
        <colspec colname="E" colwidth="557*"/>
        <thead>
          <row>
            <entry><p>Bit Field</p></entry>
            <entry><p>Field Name</p></entry>
            <entry><p>Type</p></entry>
            <entry><p>Default Value</p></entry>
            <entry><p>Description</p></entry>
          </row>
        </thead>

        <reg-def>
          <field>
            <field-bits>
              <double>
                <msb>31</msb>
                <lsb>20</lsb>
              </double>
            </field-bits>
            <field-name verilog="RESERVED">RESERVED</field-name>
            <field-type>RO</field-type>
            <field-default>0x0</field-default>
            <field-desc>
              <p/>
            </field-desc>
          </field>

          <field>
            <field-bits>
              <double>
                <msb>19</msb>
                <lsb>0</lsb>
              </double>
            </field-bits>
            <field-name verilog="STS">STS</field-name>
            <field-type>RW1C</field-type>
            <field-default>0x0</field-default>
            <field-desc>
              <p><b>RAM Double Bit Error Status </b></p>
              <p>Associated with each embedded RAM is a status bit. A status
              bit is set whenever a double bit error is detected in that RAM.</p>
              <p>See SQMRAMSBESTS2 for embedded RAM indices.</p>
            </field-desc>
          </field>
        </reg-def>
      </tgroup>
    </table>

    <table audience="MSCCInternal" id="table_SQMLPRAMCTL">
      <title><reg-name-main verilog="SQMLPRAMCTL">SQMLPRAMCTL</reg-name-main> -
      <reg-desc>SQM Low-Power RAM Control</reg-desc></title>
      <tgroup cols="5">
        <colspec colname="A" colwidth="111*"/>
        <colspec colname="B" colwidth="144*"/>
        <colspec colname="C" colwidth="101*"/>
        <colspec colname="D" colwidth="87*"/>
        <colspec colname="E" colwidth="557*"/>
        <thead>
          <row>
            <entry><p>Bit Field</p></entry>
            <entry><p>Field Name</p></entry>
            <entry><p>Type</p></entry>
            <entry><p>Default Value</p></entry>
            <entry><p>Description</p></entry>
          </row>
        </thead>

        <reg-def>
          <field>
            <field-bits>
              <double>
                <msb>31</msb>
                <lsb>21</lsb>
              </double>
            </field-bits>
            <field-name verilog="RESERVED">RESERVED</field-name>
            <field-type>RO</field-type>
            <field-default>0x0</field-default>
            <field-desc>
              <p/>
            </field-desc>
          </field>

          <field>
            <field-bits>
              <double>
                <msb>20</msb>
                <lsb>19</lsb>
              </double>
            </field-bits>
            <field-name verilog="ACTCNTCLKS">ACTCNTCLKS</field-name>
            <field-type>RW</field-type>
            <field-default>0x1</field-default>
            <field-desc>
              <p><b>LP RAM Activity Counter Clocks</b></p>
              <p>Number of cycles to count before putting RAMs into sleep mode (0:127, 1:255 (default), 2:511 or 3:1023 clocks).</p>
            </field-desc>
          </field>

          <field>
            <field-bits>
              <double>
                <msb>18</msb>
                <lsb>17</lsb>
              </double>
            </field-bits>
            <field-name verilog="RESERVED">RESERVED</field-name>
            <field-type>RO</field-type>
            <field-default>0x0</field-default>
            <field-desc>
              <p/>
            </field-desc>
          </field>

          <field>
            <field-bits>
              <double>
                <msb>16</msb>
                <lsb>15</lsb>
              </double>
            </field-bits>
            <field-name verilog="LPMODE">LPMODE</field-name>
            <field-type>RW</field-type>
            <field-default>0x2</field-default>
            <field-desc>
              <p><b>LP Mode</b></p>
              <p>0:none, 1:Light Sleep, 2:Deep Sleep (default) or 3:Shut Down.</p>
            </field-desc>
          </field>

          <field>
            <field-bits>
              <double>
                <msb>14</msb>
                <lsb>13</lsb>
              </double>
            </field-bits>
            <field-name verilog="RESERVED">RESERVED</field-name>
            <field-type>RO</field-type>
            <field-default>0x0</field-default>
            <field-desc>
              <p/>
            </field-desc>
          </field>

          <field>
            <field-bits>
              <double>
                <msb>12</msb>
                <lsb>9</lsb>
              </double>
            </field-bits>
            <field-name verilog="PWRUPCLKS">PWRUPCLKS</field-name>
            <field-type>RW</field-type>
            <field-default>0x5</field-default>
            <field-desc>
              <p><b>LP RAM Power Up Clocks</b></p>
              <p>Minimum number of clocks from wake up signal to RAM ready (powered up and ready).</p>
            </field-desc>
          </field>

          <field>
            <field-bits>
              <double>
                <msb>8</msb>
                <lsb>7</lsb>
              </double>
            </field-bits>
            <field-name verilog="RESERVED">RESERVED</field-name>
            <field-type>RO</field-type>
            <field-default>0x0</field-default>
            <field-desc>
              <p/>
            </field-desc>
          </field>

          <field>
            <field-bits>
              <double>
                <msb>6</msb>
                <lsb>3</lsb>
              </double>
            </field-bits>
            <field-name verilog="PWRDWNCLKS">PWRDWNCLKS</field-name>
            <field-type>RW</field-type>
            <field-default>0x3</field-default>
            <field-desc>
              <p><b>LP RAM Power Down Clocks</b></p>
              <p>Minimum number of clocks RAM LP mode is asserted (powered down).</p>
            </field-desc>
          </field>

          <field>
            <field-bits>
              <double>
                <msb>2</msb>
                <lsb>1</lsb>
              </double>
            </field-bits>
            <field-name verilog="RESERVED">RESERVED</field-name>
            <field-type>RO</field-type>
            <field-default>0x0</field-default>
            <field-desc>
              <p/>
            </field-desc>
          </field>

          <field>
            <field-bits>
              <single>0</single>
            </field-bits>
            <field-name verilog="PGOVERRIDE">PGOVERRIDE</field-name>
            <field-type>RW</field-type>
            <field-default>0x0</field-default>
            <field-desc>
              <p><b>LP RAM Power Gating Override</b></p>
              <p>This field enables/disables all LP RAM functionality in the SQM.</p>
              <p>1 : LP RAM functionality disabled.</p>
              <p>0 : LP RAM functionality enabled (default).</p>
            </field-desc>
          </field>
        </reg-def>
      </tgroup>
    </table>

    <table id="table_SQMOSGRP">
      <title><reg-name-main verilog="SQMOSGRP">SQMOSGRP[0:19]</reg-name-main> -
      <reg-desc>Submission Queue Manager Outbound Queue Subgroup</reg-desc></title>
      <tgroup cols="5">
        <colspec colname="A" colwidth="111*"/>
        <colspec colname="B" colwidth="144*"/>
        <colspec colname="C" colwidth="101*"/>
        <colspec colname="D" colwidth="87*"/>
        <colspec colname="E" colwidth="557*"/>
        <thead>
          <row>
            <entry><p>Bit Field</p></entry>
            <entry><p>Field Name</p></entry>
            <entry><p>Type</p></entry>
            <entry><p>Default Value</p></entry>
            <entry><p>Description</p></entry>
          </row>
        </thead>

        <reg-def>
          <field>
            <field-bits>
              <double>
                <msb>31</msb>
                <lsb>5</lsb>
              </double>
            </field-bits>
            <field-name verilog="RESERVED">RESERVED</field-name>
            <field-type>RO</field-type>
            <field-default>0x0</field-default>
            <field-desc>
              <p/>
            </field-desc>
          </field>

          <field>
            <field-bits>
              <double>
                <msb>4</msb>
                <lsb>0</lsb>
              </double>
            </field-bits>
            <field-name verilog="SUBGROUP">SUBGROUP</field-name>
            <field-type>RW</field-type>
            <field-default>0x0</field-default>
            <field-desc>
              <p><b>Submission Queue Manager Outbound Queue Subgroup</b></p>
              <p>SQMOSGRP[i] indicates the subgroup to which outbound queue [i] belongs.
	      Register SQEARBCTL[x] field OSGRP is used to assign submission queue x to SQMOSGRP[i].</p>
              <p>This field should only be modified with the Submission Queue Manager
              disabled. Otherwise, operation is undefined.</p>
            </field-desc>
          </field>
        </reg-def>
      </tgroup>
    </table>

    <table id="table_SQMCTOSTS">
      <title><reg-name-main verilog="SQMCTOSTS">SQMCTOSTS[0:32]</reg-name-main> -
      <reg-desc>Submission Queue Manager Completion Timeout Status</reg-desc></title>
      <tgroup cols="5">
        <colspec colname="A" colwidth="111*"/>
        <colspec colname="B" colwidth="144*"/>
        <colspec colname="C" colwidth="101*"/>
        <colspec colname="D" colwidth="87*"/>
        <colspec colname="E" colwidth="557*"/>
        <thead>
          <row>
            <entry><p>Bit Field</p></entry>
            <entry><p>Field Name</p></entry>
            <entry><p>Type</p></entry>
            <entry><p>Default Value</p></entry>
            <entry><p>Description</p></entry>
          </row>
        </thead>

        <reg-def>
          <field>
            <field-bits>
              <double>
                <msb>31</msb>
                <lsb>0</lsb>
              </double>
            </field-bits>
            <field-name verilog="CTO">CTO</field-name>
            <field-type>RW1C</field-type>
            <field-default>0x0</field-default>
            <field-desc>
              <p><b>Submission Queue Engine Completion Timeout Status</b></p>
              <p>Each bit in this register represents a submission queue
              engine. A bit in this field is set if the corresponding
              submission queue engine experienced a completion timeout.</p>
              <p>Bit x in SQMCTOSTS[y] represents submission queue engine
              32*y + x.</p>
              <p>Bits 31:1 in SQMCTOSTS[32] are reserved.</p>
            </field-desc>
          </field>
        </reg-def>
      </tgroup>
    </table>

    <p/>
  </body>
</topic>
