<?xml version="1.0" encoding="UTF-8"?>
<!-- Date Stamp: Wed Mar  1 02:51:20 MST 2023 -->
<!DOCTYPE topic PUBLIC "-//OASIS//DTD DITA 1.2 Topic//EN"
"topic.dtd">
<topic base="base" id="stk_ctl_addr">
  <title>PCIe Switch Port Stack Register Address Map</title>

  <body>
    <table id="table_Device_Table_0jddxcn8q">
      <?guidance Define the location (address-major) and offset (address-minor) first. Define the mnemonic and link to the register in the Mnemonic column. 
In the Description column add a second link to the register table and add any extra detail. ?>

      <title>PCIe Switch Port Stack Register Address Map</title>

      <tgroup cols="3">
        <colspec colwidth="148*"/>

        <colspec colwidth="218*"/>

        <colspec colwidth="634*"/>

        <thead>
          <row>
            <entry><p>Offset Address</p></entry>

            <entry><p>Register Mnemonic </p></entry>

            <entry><p>Register Description </p></entry>
          </row>
        </thead>

        <address-map>
          <register-reference>
            <address>0x0</address>

            <addr-element>
              <addr-mnemonic>PCTL</addr-mnemonic>
            </addr-element>

            <address-details>
              <p><xref
              href="stk_ctl_reg.xml#stk_ctl_reg/table_PCIEPCTL_-_PCIe_Port_Control_Register_1jcra1s2t">PCIEPCTL</xref></p>
            </address-details>
          </register-reference>

          <register-reference>
            <address>0x4</address>

            <addr-element>
              <addr-mnemonic>PSTS</addr-mnemonic>
            </addr-element>

            <address-details>
              <p><xref
              href="stk_ctl_reg.xml#stk_ctl_reg/table_PCIEPSTS_-_PCIe_Port_Status_Register_2jcrd9qpo">PCIEPSTS</xref></p>
            </address-details>
          </register-reference>

          <register-reference>
            <address>0x8</address>

            <addr-element>
              <addr-mnemonic>LRST</addr-mnemonic>
            </addr-element>

            <address-details>
              <p><xref
              href="stk_ctl_reg.xml#stk_ctl_reg/table_PCIELRST_-_PCIe_Link_Reset_Register_0jcvirkei">PCIELRST</xref></p>
            </address-details>
          </register-reference>

          <register-reference>
            <address>0xC</address>

            <addr-element>
              <addr-mnemonic>CRDSTS</addr-mnemonic>
            </addr-element>

            <address-details>
              <p><xref
              href="stk_ctl_reg.xml#stk_ctl_reg/table_PCIECRDSTS_-_PCIe_Credits_Status_6jei8fi9m">PCIECRDSTS</xref></p>
            </address-details>
          </register-reference>

          <register-reference audience="MSCCInternal">
            <address>0x10</address>

            <addr-element>
              <addr-mnemonic>LNKUPSTS</addr-mnemonic>
            </addr-element>

            <address-details>
              <p><xref
              href="stk_ctl_reg.xml#stk_ctl_reg/table_PCIELNKUPSTS_-_PCIe_Link_Up_Status_Regis_8jei9e38w">PCIELNKUPSTS</xref></p>
            </address-details>
          </register-reference>

          <register-reference>
            <address>0x14</address>

            <addr-element>
              <addr-mnemonic>FRSTFILCNT</addr-mnemonic>
            </addr-element>

            <address-details>
              <p><xref
              href="stk_ctl_reg.xml#stk_ctl_reg/table_FRSTFILCNT_-_Fundamental_Reset_Filer_Counter">PCIELNKUPSTS</xref></p>
            </address-details>
          </register-reference>


          <register-reference>
            <address>0x100</address>

            <addr-element>
              <addr-mnemonic>LCFG</addr-mnemonic>
            </addr-element>

            <address-details>
              <p><xref
              href="stk_ctl_reg.xml#stk_ctl_reg/table_PCIELCFG_-_PCIe_Link_Configuration_Regis_0jbpsh5gy">PCIELCFG</xref></p>
            </address-details>
          </register-reference>

          <register-reference>
            <address>0x104</address>

            <addr-element>
              <addr-mnemonic>LSTS</addr-mnemonic>
            </addr-element>

            <address-details>
              <p><xref
              href="stk_ctl_reg.xml#stk_ctl_reg/table_PCIELSTS_-_PCIe_Link_Status_Register_1jbpsh5gy">PCIELSTS</xref></p>
            </address-details>
          </register-reference>

          <register-reference>
            <address>0x108</address>

            <addr-element>
              <addr-mnemonic>LCTL</addr-mnemonic>
            </addr-element>

            <address-details>
              <p><xref
              href="stk_ctl_reg.xml#stk_ctl_reg/table_PCIELCTL_-_PCIe_Link_Control_Register_2jbpsh5gz">PCIELCTL</xref></p>
            </address-details>
          </register-reference>

          <register-reference audience="MSCCInternal">
            <address>0x10C</address>

            <addr-element>
              <addr-mnemonic>LESTS</addr-mnemonic>
            </addr-element>

            <address-details>
              <p><xref
              href="stk_ctl_reg.xml#stk_ctl_reg/table_PCIELESTS_-_PCIe_Lane_Error_Status_Regis_3jbpsh5gz">PCIELESTS</xref></p>
            </address-details>
          </register-reference>

          <register-reference>
            <address>0x110</address>

            <addr-element>
              <addr-mnemonic>L[x]EQSTS</addr-mnemonic>

              <instances>
                <instance>
                  <instance-start>0</instance-start>

                  <instance-stop>3</instance-stop>
                </instance>
              </instances>
            </addr-element>

            <address-details>
              <p><xref
              href="stk_ctl_reg.xml#stk_ctl_reg/table_PCIELEQCTL_-_PCIe_Lane_Equalization_Cont_0jcqzniv7">PCIELEQSTS</xref></p>
            </address-details>
          </register-reference>

          <register-reference>
            <address>0x130</address>

            <addr-element>
              <addr-mnemonic>PMC</addr-mnemonic>
            </addr-element>

            <address-details>
              <p><xref
              href="stk_ctl_reg.xml#stk_ctl_reg/table_PCIEPMC_-_PCIe_Power_Management_Control__5jbpsh5gz">PCIEPMC</xref></p>
            </address-details>
          </register-reference>

          <register-reference audience="MSCCInternal">
            <address>0x134</address>

            <addr-element>
              <addr-mnemonic>LPMC</addr-mnemonic>
            </addr-element>

            <address-details>
              <p><xref
              href="stk_ctl_reg.xml#stk_ctl_reg/table_PCIELPMC_-_PCIe_Link_Power_Management_Co_6jbpsh5gz">PCIELPMC</xref></p>
            </address-details>
          </register-reference>

          <register-reference>
            <address>0x138</address>

            <addr-element>
              <addr-mnemonic>LCFG2</addr-mnemonic>
            </addr-element>

            <address-details>
              <p><xref
              href="stk_ctl_reg.xml#stk_ctl_reg/table_PCIELCFG2_-_PCIe_Link_Configuration_2_Re_7jbpsh5gz">PCIELCFG2</xref></p>
            </address-details>
          </register-reference>

          <register-reference>
            <address>0x13C</address>

            <addr-element>
              <addr-mnemonic>LCFG3</addr-mnemonic>
            </addr-element>

            <address-details>
              <p><xref
              href="stk_ctl_reg.xml#stk_ctl_reg/table_PCIELCFG3_-_PCIe_Link_Configuration_3_Re_8jbpsh5gz">PCIELCFG3</xref></p>
            </address-details>
          </register-reference>

          <register-reference>
            <address>0x140</address>

            <addr-element>
              <addr-mnemonic>DCFG</addr-mnemonic>
            </addr-element>

            <address-details>
              <p><xref
              href="stk_ctl_reg.xml#stk_ctl_reg/table_PCIEDCFG_-_PCIe_Device_Configuration_Reg_9jbpsh5gz">PCIEDCFG</xref></p>
            </address-details>
          </register-reference>

          <register-reference>
            <address>0x144</address>

            <addr-element>
              <addr-mnemonic>LXCFG1</addr-mnemonic>
            </addr-element>

            <address-details>
              <p><xref
              href="stk_ctl_reg.xml#stk_ctl_reg/table_PCIELXCFG1_-_PCIe_Link_Exchang_ajbpsh5gz">PCIELXCFG1</xref></p>
            </address-details>
          </register-reference>

          <register-reference>
            <address>0x148</address>

            <addr-element>
              <addr-mnemonic>LXCFG2</addr-mnemonic>
            </addr-element>

            <address-details>
              <p><xref
              href="stk_ctl_reg.xml#stk_ctl_reg/table_PCIELXCFG2_-_PCIe_Link_Exchang_bjbpsh5gz">PCIELXCFG2</xref></p>
            </address-details>
          </register-reference>

          <register-reference>
            <address>0x14C</address>

            <addr-element>
              <addr-mnemonic>LSTS2</addr-mnemonic>
            </addr-element>

            <address-details>
              <p><xref
              href="stk_ctl_reg.xml#stk_ctl_reg/table_PCIELSTS2_-_PCIe_Link_Status_2_Register_cjbpsh5gz">PCIELSTS2</xref></p>
            </address-details>
          </register-reference>

          <register-reference>
            <address>0x150</address>

            <addr-element>
              <addr-mnemonic>16GLSTS</addr-mnemonic>
            </addr-element>

            <address-details>
              <p><xref
              href="stk_ctl_reg.xml#stk_ctl_reg/table_PCIE16GLSTS_-_PCIe_16GT_s_Link_Status_Re_djbpsh5h0">PCIE16GLSTS</xref></p>
            </address-details>
          </register-reference>


	  <register-reference>
            <address>0x154</address>

            <addr-element>
              <addr-mnemonic>LDPSTS[x]</addr-mnemonic>

              <instances>
                <instance>
                  <instance-start>0</instance-start>

                  <instance-stop>3</instance-stop>
                </instance>
              </instances>
            </addr-element>

            <address-details>
              <p><xref
              href="stk_ctl_reg.xml#stk_ctl_reg/table_PCIELDPSTS_-_PCIe_16_32GT_s_Lane_Data_Pa_ejbpsh5h0">PCIE16GLDPSTS</xref></p>
            </address-details>
          </register-reference>

          <register-reference>
            <address>0x174</address>

            <addr-element>
              <addr-mnemonic>16GL[x]EQSTS</addr-mnemonic>

              <instances>
                <instance>
                  <instance-start>0</instance-start>

                  <instance-stop>3</instance-stop>
                </instance>
              </instances>
            </addr-element>

            <address-details>
              <p><xref
              href="stk_ctl_reg.xml#stk_ctl_reg/table_PCIE16GLEQSTS_-_PCIe_16GT_s_Lane_Equaliz_fjbpsh5h0">PCIE16GLEQSTS</xref></p>
            </address-details>
          </register-reference>

	  <register-reference>
            <address>0x194</address>

            <addr-element>
              <addr-mnemonic>ML[x]STS</addr-mnemonic>

              <instances>
                <instance>
                  <instance-start>0</instance-start>

                  <instance-stop>3</instance-stop>
                </instance>
              </instances>
            </addr-element>

            <address-details>
              <p><xref
              href="stk_ctl_reg.xml#stk_ctl_reg/table_PCIEMLSTS_-_PCIe_Margining_Lane_Status_R_0jqx7mlbf">PCIEMLSTS</xref></p>
            </address-details>
          </register-reference>

          <register-reference>
            <address>0x1B4</address>

            <addr-element>
              <addr-mnemonic>ML[x]CTL</addr-mnemonic>

              <instances>
                <instance>
                  <instance-start>0</instance-start>

                  <instance-stop>3</instance-stop>
                </instance>
              </instances>
            </addr-element>

            <address-details>
              <p><xref
              href="stk_ctl_reg.xml#stk_ctl_reg/table_PCIEMLCTL_-_PCIe_Margining_Lane_Control__1jqx7mlbf">PCIEMLCTL</xref></p>
            </address-details>
          </register-reference>

          <register-reference>
            <address>0x1F8</address>

            <addr-element>
              <addr-mnemonic>L[x]MCDBCTL</addr-mnemonic>

              <instances>
                <instance>
                  <instance-start>0</instance-start>

                  <instance-stop>3</instance-stop>
                </instance>
              </instances>
            </addr-element>

            <address-details>
              <p><xref
              href="stk_ctl_reg.xml#stk_ctl_reg/table_PCIELMCDBCTL_-_PCIe_Lane_Margining_Contr_kjbpsh5h0">PCIELMCDBCTL</xref></p>
            </address-details>
          </register-reference>

          <register-reference>
            <address>0x218</address>

            <addr-element>
              <addr-mnemonic>L1PMSSCFG1</addr-mnemonic>
            </addr-element>

            <address-details>
              <p><xref
              href="stk_ctl_reg.xml#stk_ctl_reg/table_PCIEL1PMSSCFG1_-_PCIe_L1_PM_Substates_Co_ljbpsh5h0">PCIEL1PMSSCFG1</xref></p>
            </address-details>
          </register-reference>

          <register-reference>
            <address>0x21C</address>

            <addr-element>
              <addr-mnemonic>L1PMSSCFG2</addr-mnemonic>
            </addr-element>

            <address-details>
              <p><xref
              href="stk_ctl_reg.xml#stk_ctl_reg/table_PCIEL1PMSSCFG2_-_PCIe_L1_PM_Substates_Co_mjbpsh5h0">PCIEL1PMSSCFG2</xref></p>
            </address-details>
          </register-reference>

          <register-reference audience="MSCCInternal">
            <address>0x220</address>

            <addr-element>
              <addr-mnemonic>LPMC2</addr-mnemonic>
            </addr-element>

            <address-details>
              <p><xref
              href="stk_ctl_reg.xml#stk_ctl_reg/table_PCIELPMC2_-_PCIe_Link_Power_Management_C_njbpsh5h0">PCIELPMC2</xref></p>
            </address-details>
          </register-reference>

          <register-reference>
            <address>0x250</address>

            <addr-element>
              <addr-mnemonic>32GLSTS</addr-mnemonic>
            </addr-element>

            <address-details>
              <p><xref
              href="stk_ctl_reg.xml#stk_ctl_reg/table_PCIE32GLSTS_-_PCIe_32GT_s_Link_Status_Re_djbpsh5h1">PCIE32GLSTS</xref></p>
            </address-details>
          </register-reference>

          <register-reference>
            <address>0x254</address>

            <addr-element>
              <addr-mnemonic>32GLCTL</addr-mnemonic>
            </addr-element>

            <address-details>
              <p><xref
              href="stk_ctl_reg.xml#stk_ctl_reg/table_PCIE32GLCTL_-_PCIe_32GT_s_Link_Control_Re_djbpsh5h1">PCIE32GLCTL</xref></p>
            </address-details>
          </register-reference>

          <register-reference>
            <address>0x274</address>

            <addr-element>
              <addr-mnemonic>32GL[x]EQSTS</addr-mnemonic>

              <instances>
                <instance>
                  <instance-start>0</instance-start>

                  <instance-stop>3</instance-stop>
                </instance>
              </instances>
            </addr-element>

            <address-details>
              <p><xref
              href="stk_ctl_reg.xml#stk_ctl_reg/table_PCIE32GLEQSTS_-_PCIe_32GT_s_Lane_Equaliz_fjbpsh5h1">PCIE32GLEQSTS</xref></p>
            </address-details>
          </register-reference>

          <register-reference audience="MSCCInternal">
            <address>0x300</address>

            <addr-element>
              <addr-mnemonic>PCGC</addr-mnemonic>
            </addr-element>

            <address-details>
              <p><xref
              href="stk_ctl_reg.xml#stk_ctl_reg/table_PCIEPCGC_-_PCIe_Port_Clock_Gate_Control__2jcpxx3za">PCIEPCGC</xref></p>
            </address-details>
          </register-reference>

          <register-reference audience="MSCCInternal">
            <address>0x308</address>

            <addr-element>
              <addr-mnemonic>LTSSMTSTS</addr-mnemonic>
            </addr-element>

            <address-details>
              <p><xref
              href="stk_ctl_reg.xml#stk_ctl_reg/table_PCIELTSSMTSTS_-_PCIe_LTSSM_Transition_St_1jddxu1l6">PCIELTSSMTSTS</xref></p>
            </address-details>
          </register-reference>

          <register-reference audience="MSCCInternal">
            <address>0x30C</address>

            <addr-element>
              <addr-mnemonic>LTSSMSTS0</addr-mnemonic>
            </addr-element>

            <address-details>
              <p><xref
              href="stk_ctl_reg.xml#stk_ctl_reg/table_PCIELTSSMSTS0_-_PCIe_LTSSM_Status_0_Regi_2jddxu1l6">PCIELTSSMSTS0</xref></p>
            </address-details>
          </register-reference>

          <register-reference audience="MSCCInternal">
            <address>0x310</address>

            <addr-element>
              <addr-mnemonic>LTSSMSTS1</addr-mnemonic>
            </addr-element>

            <address-details>
              <p><xref
              href="stk_ctl_reg.xml#stk_ctl_reg/table_PCIELTSSMSTS1_-_PCIe_LTSSM_Status_1_Regi_3jddxu1l7">PCIELTSSMSTS1</xref></p>
            </address-details>
          </register-reference>

          <register-reference audience="MSCCInternal">
            <address>0x314</address>

            <addr-element>
              <addr-mnemonic>PMPC1</addr-mnemonic>
            </addr-element>

            <address-details>
              <p><xref
              href="stk_ctl_reg.xml#stk_ctl_reg/table_PCIEPMPC1_-_PCIe_Power_Management_Propri_7jei8fi9m">PCIEPMPC1</xref></p>
            </address-details>
          </register-reference>

          <register-reference audience="MSCCInternal">
            <address>0x318</address>

            <addr-element>
              <addr-mnemonic>RSTDBG</addr-mnemonic>
            </addr-element>

            <address-details>
              <p><xref
              href="stk_ctl_reg.xml#stk_ctl_reg/table_PCIERSTDBG_-_PCIe_Reset_Debug_Register_0jez2m7s2">PCIERSTDBG</xref></p>
            </address-details>
          </register-reference>

          <register-reference audience="MSCCInternal">
            <address>0x31C</address>

            <addr-element>
              <addr-mnemonic>LTRCTL</addr-mnemonic>
            </addr-element>

            <address-details>
              <p><xref
              href="stk_ctl_reg.xml#stk_ctl_reg/table_PCIELTRCTL_-_PCIe_Latency_Tolerance_Repo_1jf12qltc">PCIELTRCTL</xref></p>
            </address-details>
          </register-reference>
        </address-map>
      </tgroup>
    </table>

    <p/>
  </body>
</topic>
