<?xml version="1.0" encoding="UTF-8"?>
<!-- Date Stamp: Wed Mar  1 02:51:22 MST 2023 -->
<!DOCTYPE topic PUBLIC "-//OASIS//DTD DITA 1.2 Topic//EN"
"topic.dtd">
<topic base="base" id="stk_cmn_addr">
  <title>PCIe Port Common Register Address</title>

  <body>
    <p/>

    <table id="table_PCIe_Port_Common_addr">
      <title>PCIe Switch Port Common Register Address Map</title>

      <tgroup cols="3">
        <colspec colwidth="148*"/>

        <colspec colwidth="218*"/>

        <colspec colwidth="634*"/>

        <thead>
          <row>
            <entry><p>Offset Address</p></entry>

            <entry><p>Register Mnemonic </p></entry>

            <entry><p>Register Description </p></entry>
          </row>
        </thead>

        <address-map>
          <register-reference>
            <address>0x0</address>

            <addr-element>
              <addr-mnemonic>ICTL</addr-mnemonic>
            </addr-element>

            <address-details>
              <p><xref
              href="stk_cmn_reg.xml#stk_cmn_reg/table_PCIEICTL_-_PCIe_Interface_Control_Regist_8jb5vmban">ICTL</xref></p>
            </address-details>
          </register-reference>

          <register-reference>
            <address>0x4</address>

            <addr-element>
              <addr-mnemonic>ICTL2</addr-mnemonic>
            </addr-element>

            <address-details>
              <p><xref
              href="stk_cmn_reg.xml#stk_cmn_reg/table_PCIEICTL2_-_PCIe_Interface_Control_Regist_8jb5vmban">ICTL2</xref></p>
            </address-details>
          </register-reference>

	  <register-reference>
            <address>0x8</address>

            <addr-element>
              <addr-mnemonic>LDB</addr-mnemonic>
            </addr-element>

            <address-details>
              <p><xref
              href="stk_cmn_reg.xml#stk_cmn_reg/table_PCIELDB_-_PCIe_Link_Down_Behavior_Regist_qjbq5vh2e">LDB</xref></p>
            </address-details>
          </register-reference>

          <register-reference>
            <address>0xC</address>

            <addr-element>
              <addr-mnemonic>RCTL</addr-mnemonic>
            </addr-element>

            <address-details>
              <p><xref
              href="stk_cmn_reg.xml#stk_cmn_reg/table_PCIERCTL_-_PCIe_Reset_Control_Register_ojbq5vh2e">RCTL</xref></p>
            </address-details>
          </register-reference>

          <register-reference>
            <address>0x10</address>

            <addr-element>
              <addr-mnemonic>STKCTL</addr-mnemonic>
            </addr-element>

            <address-details>
              <p><xref
              href="stk_cmn_reg.xml#stk_cmn_reg/table_PCIESTKCTL_-_PCIe_STK_Control_Register_1jc78t3sq">PCIESTKCTL</xref></p>
            </address-details>
          </register-reference>

          <register-reference audience="MSCCInternal">
            <address>0x14</address>

            <addr-element>
              <addr-mnemonic>PPHYCTL</addr-mnemonic>
            </addr-element>

            <address-details>
              <p><xref
              href="stk_cmn_reg.xml#stk_cmn_reg/table_PCIEPHYCTL_-_PCIe_PHY_Control_Register_4je6p2rfd">PPHYCTL</xref></p>
            </address-details>
          </register-reference>

          <register-reference>
            <address>0x20</address>

            <addr-element>
              <addr-mnemonic>PCIEPHY0CLKGATE</addr-mnemonic>
            </addr-element>

            <address-details>
              <p><xref
              href="stk_cmn_reg.xml#stk_cmn_reg/table_PCIEPHY0CLKGATE_-_PCIe_PHY0_CLKGATE_CONTROL_1jcra1s2t">PCIEPHY0CLKGATE</xref></p>
            </address-details>
          </register-reference>

          <register-reference>
            <address>0x24</address>

            <addr-element>
              <addr-mnemonic>PCIEPHYPWRCTRL</addr-mnemonic>
            </addr-element>

            <address-details>
              <p><xref
              href="stk_cmn_reg.xml#stk_cmn_reg/table_PCIEPHYPWRCTRL_-_PCIe_PHY_PWR_CONTROL_1jcra1s2t">PCIEPHYPWRCTRL</xref></p>
            </address-details>
          </register-reference>

          <register-reference>
            <address>0x28</address>

            <addr-element>
              <addr-mnemonic>PCIEPHYRESTUNE</addr-mnemonic>
            </addr-element>

            <address-details>
              <p><xref
              href="stk_cmn_reg.xml#stk_cmn_reg/table_PCIEPHYRESTUNE_-_PCIe_PMA_RESISTOR_TUNE_CTRL_2jcra1s2t">PCIEPHYRESTUNE</xref></p>
            </address-details>
          </register-reference>

          <register-reference>
            <address>0x30</address>

            <addr-element>
              <addr-mnemonic>PCIEPHYMISCCTRL</addr-mnemonic>
            </addr-element>

            <address-details>
              <p><xref
              href="stk_cmn_reg.xml#stk_cmn_reg/table_PCIEPHYMISCCTRL_-_PCIe_PMA_MISC_CTRL_2jcra1s2t">PCIEPHYMISCCTRL</xref></p>
            </address-details>
          </register-reference>

          <register-reference>
            <address>0x40</address>

            <addr-element>
              <addr-mnemonic>PCIEOVRDCTRL</addr-mnemonic>
            </addr-element>

            <address-details>
              <p><xref
              href="stk_cmn_reg.xml#stk_cmn_reg/table_PCIEOVRDCTRL_-_PCIe_PCIE_OVRD_CTRL_2jcra1s2t">PCIEOVRDCTRL</xref></p>
            </address-details>
          </register-reference>

          <register-reference>
            <address>0x44</address>

            <addr-element>
              <addr-mnemonic>PCIEOVRDREGS0</addr-mnemonic>
            </addr-element>

            <address-details>
              <p><xref
              href="stk_cmn_reg.xml#stk_cmn_reg/table_PCIEOVRDREGS0_-_PCIe_PCIE_OVRD_REGS0_2jcra1s2t">PCIEOVRDREGS0</xref></p>
            </address-details>
          </register-reference>

          <register-reference>
            <address>0x48</address>

            <addr-element>
              <addr-mnemonic>PCIEOVRDREGS1</addr-mnemonic>
            </addr-element>

            <address-details>
              <p><xref
              href="stk_cmn_reg.xml#stk_cmn_reg/table_PCIEOVRDREGS1_-_PCIe_PCIE_OVRD_REGS1_2jcra1s2t">PCIEOVRDREGS1</xref></p>
            </address-details>
          </register-reference>

        </address-map>
      </tgroup>
    </table>

    <p/>
  </body>
</topic>
