<?xml version="1.0" encoding="UTF-8"?>
<!-- Date Stamp: Wed Jan 25 01:22:41 PST 2023 -->
<!DOCTYPE topic PUBLIC "-//OASIS//DTD DITA 1.2 Topic//EN"
"topic.dtd">
<topic base="base" id="stk_cmn_reg">
  <title>PCIe Switch Port Common Register Description</title>

  <body>
    <table id="table_PCIEICTL_-_PCIe_Interface_Control_Regist_8jb5vmban">
      <title><reg-name-main verilog="PCIEICTL">ICTL</reg-name-main> -
      <reg-desc>PCIe Switch Ports Interface Control
      Register</reg-desc></title>

      <tgroup cols="5">
        <colspec colname="A" colwidth="111*"/>

        <colspec colname="B" colwidth="144*"/>

        <colspec colname="C" colwidth="101*"/>

        <colspec colname="D" colwidth="87*"/>

        <colspec colname="E" colwidth="557*"/>

        <thead>
          <row>
            <entry><p>Bit Field</p></entry>

            <entry><p>Field Name</p></entry>

            <entry><p>Type</p></entry>

            <entry><p>Default Value</p></entry>

            <entry><p>Description</p></entry>
          </row>
        </thead>

        <reg-def>
          <field>
            <field-bits>
              <double>
                <msb>31</msb>

                <lsb>16</lsb>
              </double>
            </field-bits>

            <field-name verilog="RESERVED">RESERVED</field-name>

            <field-type>RO</field-type>

            <field-default>0x0</field-default>

            <field-desc>
              <desc-title>RESERVED</desc-title>
            </field-desc>
          </field>

          <field>
            <field-bits>
              <double>
                <msb>15</msb>

                <lsb>8</lsb>
              </double>
            </field-bits>

            <field-name verilog="PHYWRBRCST">PHYWRBRCST</field-name>

            <field-type>RW</field-type>

            <field-default>0x0</field-default>

            <field-desc>
              <desc-title>Phy Configuration Register Write
              Broadcast</desc-title>

              <p>This field allows for broadcast of register writes to the
              phys. Each bit represents a physical phy lane. Broadcasting to
              the phys allows for simultaneous programming of the
              configuration registers and boot code.</p>
            </field-desc>
          </field>

          <field>
            <field-bits>
              <double>
                <msb>7</msb>

                <lsb>2</lsb>
              </double>
            </field-bits>

            <field-name verilog="RESERVED">RESERVED</field-name>

            <field-type>RO</field-type>

            <field-default>0x0</field-default>

            <field-desc>
              <desc-title>RESERVED</desc-title>
            </field-desc>
          </field>

          <field>
            <field-bits>
              <single>1</single>
            </field-bits>

            <field-name verilog="BP_SEL">BP_SEL</field-name>

            <field-type>RW</field-type>

            <field-default>0x0</field-default>

            <field-desc>
              <desc-title>Bifurcation Port Selection</desc-title>

              <p>Selects how the switch ports are configured, either as a
              single port or a dual port.</p>

              <field-enum-list>
                <field-enum>
                  <field-enum-value>0</field-enum-value>

                  <field-enum-def>
                    <field-enum-name>Single PCIe Port</field-enum-name>

                    <field-enum-desc>Single PCIe Port up to x8
                    lanes</field-enum-desc>
                  </field-enum-def>
                </field-enum>

                <field-enum>
                  <field-enum-value>1</field-enum-value>

                  <field-enum-def>
                    <field-enum-name>Dual PCIe Ports</field-enum-name>

                    <field-enum-desc>Dual PCIe Ports, up to x4 lanes
                    each</field-enum-desc>
                  </field-enum-def>
                </field-enum>
              </field-enum-list>
            </field-desc>
          </field>

          <field>
            <field-bits>
              <single>0</single>
            </field-bits>

            <field-name verilog="MODE">MODE</field-name>

            <field-type>RW</field-type>

            <field-default>0x0</field-default>

            <field-desc>
              <desc-title>PCIe Switch Ports 0/1 Mode</desc-title>

              <field-enum-list>
                <field-enum>
                  <field-enum-value>0</field-enum-value>

                  <field-enum-def>
                    <field-enum-name>Disabled</field-enum-name>

                    <field-enum-desc>PCIe Switch Ports 0/1
                    Disabled</field-enum-desc>
                  </field-enum-def>
                </field-enum>

                <field-enum>
                  <field-enum-value>1</field-enum-value>

                  <field-enum-def>
                    <field-enum-name>Enabled</field-enum-name>

                    <field-enum-desc>PCIe Switch Ports 0/1
                    Enabled</field-enum-desc>
                  </field-enum-def>
                </field-enum>
              </field-enum-list>
            </field-desc>
          </field>
        </reg-def>
      </tgroup>
    </table>

    <table id="table_PCIEICTL2_-_PCIe_Interface_Control_Regist_8jb5vmban">
      <title><reg-name-main verilog="PCIEICTL2">ICTL2</reg-name-main> -
      <reg-desc>PCIe Switch Ports Interface Control 2
      Register</reg-desc></title>

      <tgroup cols="5">
        <colspec colname="A" colwidth="111*"/>

        <colspec colname="B" colwidth="144*"/>

        <colspec colname="C" colwidth="101*"/>

        <colspec colname="D" colwidth="87*"/>

        <colspec colname="E" colwidth="557*"/>

        <thead>
          <row>
            <entry><p>Bit Field</p></entry>

            <entry><p>Field Name</p></entry>

            <entry><p>Type</p></entry>

            <entry><p>Default Value</p></entry>

            <entry><p>Description</p></entry>
          </row>
        </thead>

        <reg-def>
          <field>
            <field-bits>
              <double>
                <msb>31</msb>

                <lsb>0</lsb>
              </double>
            </field-bits>

            <field-name verilog="LANE_SEL">LANE_SEL</field-name>

            <field-type>RW</field-type>

            <field-default>0x76543210</field-default>

            <field-desc>
              <desc-title>PCIe Link Logical Lane to Physical Phy Lane
              Mapping</desc-title>

              <p>This field controls the PCIe link logical lane to physical
              phy lane mapping. Every 4 bits of the field represents a logical
              lane to physical lane mapping. If bifurcation mode is disabled,
              the entire field is dedicated to a single port. If bifurcation
              is supported and enabled, the lower half of the field is
              associated with the first link and the upper half with the
              second link. For example, if the device has 8 physical lanes,
              bifurcation mode is enabled, and 0x32107654 is written to this
              field, the first link will be associated with physical lanes 4-7
              as logical lane numbers 0-3 and the second link will be
              associated with physical lanes 0-3 as logical lanes 0-3. The
              PCIe controller employs any-lane to any-lane mapping, so any
              combination may be written to this register to rearrange the
              ports, eg. 0x75136420. The only stipulation is that a physical
              lane number may not duplicated anywhere else in the field.</p>
            </field-desc>
          </field>
        </reg-def>
      </tgroup>
    </table>

    <table id="table_PCIERCTL_-_PCIe_Reset_Control_Register_ojbq5vh2e">
      <title><reg-name-main verilog="PCIERCTL">RCTL</reg-name-main> -
      <reg-desc>PCIe Switch Ports Reset Control Register</reg-desc></title>

      <tgroup cols="5">
        <colspec colname="A" colwidth="111*"/>

        <colspec colname="B" colwidth="144*"/>

        <colspec colname="C" colwidth="101*"/>

        <colspec colname="D" colwidth="87*"/>

        <colspec colname="E" colwidth="557*"/>

        <thead>
          <row>
            <entry><p>Bit Field</p></entry>

            <entry><p>Field Name</p></entry>

            <entry><p>Type</p></entry>

            <entry><p>Default Value</p></entry>

            <entry><p>Description</p></entry>
          </row>
        </thead>

        <reg-def>
          <field>
            <field-bits>
              <double>
                <msb>31</msb>

                <lsb>10</lsb>
              </double>
            </field-bits>

            <field-name verilog="RESERVED">RESERVED</field-name>

            <field-type>RO</field-type>

            <field-default>0x0</field-default>

            <field-desc>
              <desc-title>RESERVED</desc-title>
            </field-desc>
          </field>

          <field>
            <field-bits>
              <single>9</single>
            </field-bits>

            <field-name verilog="CSR_PHY_REGS_RST">CSR_PHY_REGS_RST</field-name>

            <field-type>RW</field-type>

            <field-default>0x1</field-default>

            <field-desc>
              <desc-title>Reset Control PCIe PHY Register Reset</desc-title>

              <p>Reset Control PCIe PHY Register Reset</p>

              <field-enum-list>
                <field-enum>
                  <field-enum-value>0</field-enum-value>

                  <field-enum-def>
                    <field-enum-name>Deasserted</field-enum-name>

                    <field-enum-desc/>
                  </field-enum-def>
                </field-enum>

                <field-enum>
                  <field-enum-value>1</field-enum-value>

                  <field-enum-def>
                    <field-enum-name>Asserted</field-enum-name>

                    <field-enum-desc/>
                  </field-enum-def>
                </field-enum>
              </field-enum-list>
            </field-desc>
          </field>

          <field>
            <field-bits>
              <single>8</single>
            </field-bits>

            <field-name verilog="RCTL_PHY_RESET">RCTL_PHY_RESET</field-name>

            <field-type>RW</field-type>

            <field-default>0x1</field-default>

            <field-desc>
              <desc-title>Reset Control PCIe PHY Reset</desc-title>

              <p>Reset Control PCIe PHY Reset</p>

              <field-enum-list>
                <field-enum>
                  <field-enum-value>0</field-enum-value>

                  <field-enum-def>
                    <field-enum-name>Deasserted</field-enum-name>

                    <field-enum-desc/>
                  </field-enum-def>
                </field-enum>

                <field-enum>
                  <field-enum-value>1</field-enum-value>

                  <field-enum-def>
                    <field-enum-name>Asserted</field-enum-name>

                    <field-enum-desc/>
                  </field-enum-def>
                </field-enum>
              </field-enum-list>
            </field-desc>
          </field>

          <field>
            <field-bits>
              <single>7</single>
            </field-bits>

            <field-name verilog="CSR_PHY_RESET">CSR_PHY_RESET</field-name>

            <field-type>RW</field-type>

            <field-default>0x1</field-default>

            <field-desc>
              <desc-title>PCIe PHY Main Reset</desc-title>

              <p>PCIe PHY reset control</p>

              <field-enum-list>
                <field-enum>
                  <field-enum-value>0</field-enum-value>

                  <field-enum-def>
                    <field-enum-name>Deasserted</field-enum-name>

                    <field-enum-desc/>
                  </field-enum-def>
                </field-enum>

                <field-enum>
                  <field-enum-value>1</field-enum-value>

                  <field-enum-def>
                    <field-enum-name>Asserted</field-enum-name>

                    <field-enum-desc/>
                  </field-enum-def>
                </field-enum>
              </field-enum-list>
            </field-desc>
          </field>

          <field>
            <field-bits>
              <single>6</single>
            </field-bits>

            <field-name verilog="FRSTFSMGTCTL">FRSTFSMGTCTL</field-name>

            <field-type>RW </field-type>

            <field-default>0x1</field-default>

            <field-desc>
              <desc-title>Fundamental Reset FSM Gating Control</desc-title>

              <p>Controls whether the fundamental reset interrupt is gated by
              the PCIe reset finite state machine.</p>

              <p>The PCIe reset FSM will only react to a fundamental reset
              trigger when it is sitting in NORMAL state. However, the
              fundamental reset interrupt in rev. A could occur in any state
              of the reset FSM. FW action is only required when the reset FSM
              is triggered, so controllable gating was added in rev. B that
              only allows the interrupt to trigger in the reset FSM NORMAL
              state as FRST interrupts in other states are
              inconsequential.</p>

              <field-enum-list>
                <field-enum>
                  <field-enum-value>0</field-enum-value>

                  <field-enum-def>
                    <field-enum-name>No Gating</field-enum-name>

                    <field-enum-desc>FRST assertion/deassertion interrupt will
                    trigger regardless of PCIe reset FSM state (rev. A
                    behavior)</field-enum-desc>
                  </field-enum-def>
                </field-enum>

                <field-enum>
                  <field-enum-value>1</field-enum-value>

                  <field-enum-def>
                    <field-enum-name>FSM Gated</field-enum-name>

                    <field-enum-desc>FRST assertion/deassertion interrupt will
                    only trigger when the PCIe reset FSM is in the NORMAL
                    state</field-enum-desc>
                  </field-enum-def>
                </field-enum>
              </field-enum-list>
            </field-desc>
          </field>

          <field>
            <field-bits>
              <single>5</single>
            </field-bits>

            <field-name verilog="PHYRGFWCTL">PHYRGFWCTL</field-name>

            <field-type>RW</field-type>

            <field-default>0x1</field-default>

            <field-desc>
              <desc-title>Phy, PCS, Pipe Reset Gating FW control</desc-title>

              <p>By default, FW has full control of the resets associated with
              lanes that are unused with either link. If this bit is swapped
              to a value of 0, HW will place the unused Phy lane's and the
              associated lane's PCS/PIPE logic in the controller in reset. The
              factors for the HW control are the any-lane to any-lane mux
              register (LANE_SEL), bi-furcation enabled (BP_SEL), and max link
              width (MAXLNKWDTH).</p>

              <field-enum-list>
                <field-enum>
                  <field-enum-value>0</field-enum-value>

                  <field-enum-def>
                    <field-enum-name>HW Control</field-enum-name>

                    <field-enum-desc>Hardware places phy lanes, PCS/PIPE logic
                    in reset if those lanes are unused by any
                    link</field-enum-desc>
                  </field-enum-def>
                </field-enum>

                <field-enum>
                  <field-enum-value>1</field-enum-value>

                  <field-enum-def>
                    <field-enum-name>FW Control</field-enum-name>

                    <field-enum-desc>FW must control the resets for the phy
                    lanes and PCS/PIPE logic if those lanes are unused in the
                    link</field-enum-desc>
                  </field-enum-def>
                </field-enum>
              </field-enum-list>
            </field-desc>
          </field>

          <field>
            <field-bits>
              <single>4</single>
            </field-bits>

            <field-name verilog="PHY_RST">PHY_RST</field-name>

            <field-type>RW</field-type>

            <field-default>0x0</field-default>

            <field-desc>
              <desc-title>PCIe SerDes All Lanes Core &amp; Control Register
              Reset</desc-title>

              <p>Writing 1 followed by writing 0 resets all PCIe SerDes
              functional cores and internal registers from offset address
              0x20000 to 0x9FFFF.</p>

              <p>A minimum 1us wait is recommended after changing value of
              this field to ensure propagation.</p>

              <field-enum-list>
                <field-enum>
                  <field-enum-value>0</field-enum-value>

                  <field-enum-def>
                    <field-enum-name>Deasserted</field-enum-name>

                    <field-enum-desc/>
                  </field-enum-def>
                </field-enum>

                <field-enum>
                  <field-enum-value>1</field-enum-value>

                  <field-enum-def>
                    <field-enum-name>Asserted</field-enum-name>

                    <field-enum-desc/>
                  </field-enum-def>
                </field-enum>
              </field-enum-list>
            </field-desc>
          </field>

          <field>
            <field-bits>
              <single>3</single>
            </field-bits>

            <field-name verilog="PHY_CTL_CSR_RST">PHYREGRST</field-name>

            <field-type>RW</field-type>

            <field-default>0x0</field-default>

            <field-desc>
              <desc-title>PCIe SerDes All Lanes Control Register
              Reset</desc-title>

              <p>Writing 1 followed by writing 0 resets all PCIe SerDes
              internal registers from offset address 0x00000 to 0x 0FFFF.</p>

              <p>A minimum 1us wait is recommended after changing value of
              this field to ensure propagation.</p>

              <field-enum-list>
                <field-enum>
                  <field-enum-value>0</field-enum-value>

                  <field-enum-def>
                    <field-enum-name>Deasserted</field-enum-name>

                    <field-enum-desc/>
                  </field-enum-def>
                </field-enum>

                <field-enum>
                  <field-enum-value>1</field-enum-value>

                  <field-enum-def>
                    <field-enum-name>Asserted</field-enum-name>

                    <field-enum-desc/>
                  </field-enum-def>
                </field-enum>
              </field-enum-list>
            </field-desc>
          </field>

          <field>
            <field-bits>
              <single>2</single>
            </field-bits>

            <field-name verilog="STK_INT_REG_RST">STKREG2RST</field-name>

            <field-type>RW</field-type>

            <field-default>0x0</field-default>

            <field-desc>
              <desc-title>PCIe Stack Control Register Reset, Link
              1</desc-title>

              <p>Writing 1 followed by writing 0 resets all of the PCIe Switch
              Ports' Link 1 Stack Registers between offset address 0x40000 to
              0x4FFFF.</p>

              <p>A minimum 1us wait is recommended after changing value of
              this field to ensure propagation.</p>

              <field-enum-list>
                <field-enum>
                  <field-enum-value>0</field-enum-value>

                  <field-enum-def>
                    <field-enum-name>Deasserted</field-enum-name>

                    <field-enum-desc/>
                  </field-enum-def>
                </field-enum>

                <field-enum>
                  <field-enum-value>1</field-enum-value>

                  <field-enum-def>
                    <field-enum-name>Asserted</field-enum-name>

                    <field-enum-desc/>
                  </field-enum-def>
                </field-enum>
              </field-enum-list>
            </field-desc>
          </field>

          <field>
            <field-bits>
              <single>1</single>
            </field-bits>

            <field-name verilog="STK_CTL_CSR_RST">STKREG1RST</field-name>

            <field-type>RW</field-type>

            <field-default>0x0</field-default>

            <field-desc>
              <desc-title>PCIe Stack Control Register Reset, Link
              0</desc-title>

              <p>Writing 1 followed by writing 0 resets both PCIe Switch
              Ports' Link 0 Stack Registers between PCIe Offset Addresses
              0x20000 to 0x3FFFF.</p>

              <p>A minimum 1us wait is recommended after changing value of
              this field to ensure propagation.</p>

              <field-enum-list>
                <field-enum>
                  <field-enum-value>0</field-enum-value>

                  <field-enum-def>
                    <field-enum-name>Deasserted</field-enum-name>

                    <field-enum-desc/>
                  </field-enum-def>
                </field-enum>

                <field-enum>
                  <field-enum-value>1</field-enum-value>

                  <field-enum-def>
                    <field-enum-name>Asserted</field-enum-name>

                    <field-enum-desc/>
                  </field-enum-def>
                </field-enum>
              </field-enum-list>
            </field-desc>
          </field>

          <field>
            <field-bits>
              <single>0</single>
            </field-bits>

            <field-name verilog="STK_CORE_RST">STKCORERST</field-name>

            <field-type>RW</field-type>

            <field-default>0x0</field-default>

            <field-desc>
              <desc-title>PCIe Controller Core Reset</desc-title>

              <p>Asserting to 1 resets the PCIe controller's core functional
              block, with the exception of each link's internal registers.</p>

              <p>A minimum 1us wait is recommended after changing value of
              this field to ensure propagation.</p>

              <field-enum-list>
                <field-enum>
                  <field-enum-value>0</field-enum-value>

                  <field-enum-def>
                    <field-enum-name>Deasserted</field-enum-name>

                    <field-enum-desc/>
                  </field-enum-def>
                </field-enum>

                <field-enum>
                  <field-enum-value>1</field-enum-value>

                  <field-enum-def>
                    <field-enum-name>Asserted</field-enum-name>

                    <field-enum-desc/>
                  </field-enum-def>
                </field-enum>
              </field-enum-list>
            </field-desc>
          </field>
        </reg-def>
      </tgroup>
    </table>

    <table id="table_PCIELDB_-_PCIe_Link_Down_Behavior_Regist_qjbq5vh2e">
      <title><reg-name-main verilog="PCIELDB">LDB</reg-name-main> -
      <reg-desc>PCIe Switch Ports Link Down Behavior
      Register</reg-desc></title>

      <tgroup cols="5">
        <colspec colname="A" colwidth="111*"/>

        <colspec colname="B" colwidth="144*"/>

        <colspec colname="C" colwidth="101*"/>

        <colspec colname="D" colwidth="87*"/>

        <colspec colname="E" colwidth="557*"/>

        <thead>
          <row>
            <entry><p>Bit Field</p></entry>

            <entry><p>Field Name</p></entry>

            <entry><p>Type</p></entry>

            <entry><p>Default Value</p></entry>

            <entry><p>Description</p></entry>
          </row>
        </thead>

        <reg-def>
          <field>
            <field-bits>
              <double>
                <msb>31</msb>

                <lsb>1</lsb>
              </double>
            </field-bits>

            <field-name verilog="RESERVED">RESERVED</field-name>

            <field-type>RO</field-type>

            <field-default>0x0</field-default>

            <field-desc>
              <desc-title>RESERVED</desc-title>
            </field-desc>
          </field>

          <field>
            <field-bits>
              <single>0</single>
            </field-bits>

            <field-name verilog="DPLDEN">DPLDEN</field-name>

            <field-type>RW</field-type>

            <field-default>0x0</field-default>

            <field-desc>
              <desc-title>Downstream Ports Link Down Enable</desc-title>

              <p>If any of the programmed upstream ports are in link down
              status, all other programmed downstream ports are brought to
              Link Down state automatically</p>

              <field-enum-list>
                <field-enum>
                  <field-enum-value>0</field-enum-value>

                  <field-enum-def>
                    <field-enum-name>Disable</field-enum-name>

                    <field-enum-desc/>
                  </field-enum-def>
                </field-enum>

                <field-enum>
                  <field-enum-value>1</field-enum-value>

                  <field-enum-def>
                    <field-enum-name>Enable</field-enum-name>

                    <field-enum-desc/>
                  </field-enum-def>
                </field-enum>
              </field-enum-list>
            </field-desc>
          </field>
        </reg-def>
      </tgroup>
    </table>

    <table id="table_PCIESTKCTL_-_PCIe_STK_Control_Register_1jc78t3sq">
      <title><reg-name-main verilog="PCIESTKCTL">STKCTL</reg-name-main> -
      <reg-desc>PCIe Switch Ports Stack Control Register</reg-desc></title>

      <tgroup cols="5">
        <colspec colname="A" colwidth="111*"/>

        <colspec colname="B" colwidth="144*"/>

        <colspec colname="C" colwidth="101*"/>

        <colspec colname="D" colwidth="87*"/>

        <colspec colname="E" colwidth="557*"/>

        <thead>
          <row>
            <entry><p>Bit Field</p></entry>

            <entry><p>Field Name</p></entry>

            <entry><p>Type</p></entry>

            <entry><p>Default Value</p></entry>

            <entry><p>Description</p></entry>
          </row>
        </thead>

        <reg-def>
          <field>
            <field-bits>
              <double>
                <msb>31</msb>

                <lsb>27</lsb>
              </double>
            </field-bits>

            <field-name verilog="RESERVED">RESERVED</field-name>

            <field-type>RO</field-type>

            <field-default>0x0</field-default>

            <field-desc>
              <desc-title>RESERVED</desc-title>
            </field-desc>
          </field>

          <field audience="MSCCInternal">
            <field-bits>
              <single>26</single>
            </field-bits>

            <field-name verilog="RAMPGOVRD">RAMPGOVRD</field-name>

            <field-type>RW</field-type>

            <field-default>0x0</field-default>

            <field-desc>
              <desc-title>RAM Power Gating Override</desc-title>

              <p>This bit overrides all deep sleep and power gating setting
              and disables deep sleep and power gating.</p>

              <p>This field controls ATL's PFM RAMs as well.</p>
            </field-desc>
          </field>

          <field audience="MSCCInternal">
            <field-bits>
              <single>25</single>
            </field-bits>

            <field-name verilog="RAMPGFD">RAMPGFD</field-name>

            <field-type>RW</field-type>

            <field-default>0x0</field-default>

            <field-desc>
              <desc-title>RAM Power Gating Force Disable</desc-title>

              <p>This bit forces disable the gating on PCIe Stack RAM Power
              regardless of the hardware power gating</p>
            </field-desc>
          </field>

          <field audience="MSCCInternal">
            <field-bits>
              <single>24</single>
            </field-bits>

            <field-name verilog="RAMPGFE">RAMPGFE</field-name>

            <field-type>RW</field-type>

            <field-default>0x0</field-default>

            <field-desc>
              <desc-title>RAM Power Gating Force Enable</desc-title>

              <p>This bit forces enable the gating on PCIe Stack RAM Power
              regardless of the hardware power gating</p>
            </field-desc>
          </field>

          <field audience="MSCCInternal">
            <field-bits>
              <single>23</single>
            </field-bits>

            <field-name verilog="RAMDSFD">RAMDSFD</field-name>

            <field-type>RW</field-type>

            <field-default>0x0</field-default>

            <field-desc>
              <desc-title>RAM Deep Sleep Force Disable</desc-title>

              <p>This bit forces disable Deep Sleep on PCIe Stack RAM
              regardless of the hardware deep sleep logic</p>
            </field-desc>
          </field>

          <field audience="MSCCInternal">
            <field-bits>
              <single>22</single>
            </field-bits>

            <field-name verilog="RAMDSFE">RAMDSFE</field-name>

            <field-type>RW</field-type>

            <field-default>0x0</field-default>

            <field-desc>
              <desc-title>RAM Deep Sleep Force Enable</desc-title>

              <p>This bit forces enable the gating on PCIe Stack RAM clock
              regardless of the hardware deep sleep logic</p>
            </field-desc>
          </field>

          <field>
            <field-bits>
              <double>
                <msb>21</msb>

                <lsb>20</lsb>
              </double>
            </field-bits>

            <field-name verilog="RESERVED">RESERVED</field-name>

            <field-type>RO</field-type>

            <field-default>0x0</field-default>

            <field-desc>
              <desc-title>RESERVED</desc-title>
            </field-desc>
          </field>

          <field audience="MSCCInternal">
            <field-bits>
              <single>19</single>
            </field-bits>

            <field-name verilog="RSTSEQDIS">RSTSEQDIS</field-name>

            <field-type>RW</field-type>

            <field-default>0x0</field-default>

            <field-desc>
              <desc-title>Stack Reset Sequence Disable</desc-title>

              <p>Suppress Stack reset sequence, firmware should handle the
              reset sequence if this bit is enable</p>
            </field-desc>
          </field>

          <field audience="MSCCInternal">
            <field-bits>
              <single>18</single>
            </field-bits>

            <field-name verilog="CGFD">CGFD</field-name>

            <field-type>RW</field-type>

            <field-default>0x0</field-default>

            <field-desc>
              <desc-title>Clock Gating Force Disable</desc-title>

              <p>This bit forces disable the gating on PCIe core clock
              regardless of the hardware clock gating</p>
            </field-desc>
          </field>

          <field audience="MSCCInternal">
            <field-bits>
              <single>17</single>
            </field-bits>

            <field-name verilog="CGFE">CGFE</field-name>

            <field-type>RW</field-type>

            <field-default>0x0</field-default>

            <field-desc>
              <desc-title>Clock Gating Force Enable</desc-title>

              <p>This bit forces enable the gating on PCIe core clock
              regardless of the hardware clock gating</p>
            </field-desc>
          </field>

          <field>
            <field-bits>
              <single>16</single>
            </field-bits>

            <field-name verilog="RESERVED">RESERVED</field-name>

            <field-type>RW</field-type>

            <field-default>0x0</field-default>

            <field-desc>
              <desc-title>RESERVED</desc-title>
            </field-desc>
          </field>

          <field>
            <field-bits>
              <double>
                <msb>15</msb>

                <lsb>0</lsb>
              </double>
            </field-bits>

            <field-name verilog="PS">PS</field-name>

            <field-type>RW</field-type>

            <field-default>0x3E2</field-default>

            <field-desc>
              <desc-title>PCIe PIPE Clock Period In Picoseconds</desc-title>

              <p>This field configures current clock period of PCIe PIPE
              clock.</p>

              <p>It's used to count off fixed time events as required by the
              PCIe Specification (primarily LTSSM timeouts).</p>

              <p>By default, it's 994ps for 1006MHz clock period</p>
            </field-desc>
          </field>
        </reg-def>
      </tgroup>
    </table>

    <table audience="MSCCInternal"
           id="table_PCIEPHYCTL_-_PCIe_PHY_Control_Register_4je6p2rfd">
      <title><reg-name-main verilog="PCIEPHYCTL">PPHYCTL</reg-name-main> -
      <reg-desc>PCIe Physical Layer Control Register</reg-desc></title>

      <tgroup cols="5">
        <colspec colname="A" colwidth="111*"/>

        <colspec colname="B" colwidth="144*"/>

        <colspec colname="C" colwidth="101*"/>

        <colspec colname="D" colwidth="87*"/>

        <colspec colname="E" colwidth="557*"/>

        <thead>
          <row>
            <entry><p>Bit Field</p></entry>

            <entry><p>Field Name</p></entry>

            <entry><p>Type</p></entry>

            <entry><p>Default Value</p></entry>

            <entry><p>Description</p></entry>
          </row>
        </thead>

        <reg-def>
          <field>
            <field-bits>
              <double>
                <msb>31</msb>

                <lsb>1</lsb>
              </double>
            </field-bits>

            <field-name verilog="RESERVED">RESERVED</field-name>

            <field-type>RO</field-type>

            <field-default>0x0</field-default>

            <field-desc>
              <desc-title>RESERVED</desc-title>
            </field-desc>
          </field>

          <field>
            <field-bits>
              <single>0</single>
            </field-bits>

            <field-name verilog="FASTINIT">FASTINIT</field-name>

            <field-type>RW</field-type>

            <field-default>0x0</field-default>

            <field-desc>
              <desc-title>PHY Fast Initialization</desc-title>

              <field-enum-list>
                <field-enum>
                  <field-enum-value>0</field-enum-value>

                  <field-enum-def>
                    <field-enum-name>Normal Mode</field-enum-name>

                    <field-enum-desc>The calibration phase takes between 50us
                    and 100 us to complete and the receiver detect operation
                    takes 200 us to complete</field-enum-desc>
                  </field-enum-def>
                </field-enum>

                <field-enum>
                  <field-enum-value>1</field-enum-value>

                  <field-enum-def>
                    <field-enum-name>FastInit Mode</field-enum-name>

                    <field-enum-desc>Setup phase of the initialization can be
                    reduced to less than 20 us</field-enum-desc>
                  </field-enum-def>
                </field-enum>
              </field-enum-list>

              <p>NOTE: This fast_init mode must not be used for test vector
              generation as result might be unpredictable</p>
            </field-desc>
          </field>
        </reg-def>
      </tgroup>
    </table>

    <table id="table_PCIEPHY0CLKGATE_-_PCIe_PHY0_CLKGATE_CONTROL_1jcra1s2t">
      <title><reg-name-main
      verilog="PCIEPHY0CLKGATE">PCIEPHY0CLKGATE</reg-name-main> -
      <reg-desc>PCIe Physical Layer Clock Control Register</reg-desc></title>

      <tgroup cols="5">
        <colspec colname="A" colwidth="110*"/>

        <colspec colname="B" colwidth="143*"/>

        <colspec colname="C" colwidth="100*"/>

        <colspec colname="D" colwidth="89*"/>

        <colspec colname="E" colwidth="558*"/>

        <thead>
          <row>
            <entry><p>Bit Field</p></entry>

            <entry><p>Field Name</p></entry>

            <entry><p>Type</p></entry>

            <entry><p>Default Value</p></entry>

            <entry><p>Description</p></entry>
          </row>
        </thead>

        <reg-def>
          <field audience="MSCCInternal">
            <field-bits>
              <double>
                <msb>31</msb>

                <lsb>3</lsb>
              </double>
            </field-bits>

            <field-name verilog="RESERVED">RESERVED</field-name>

            <field-type>RW</field-type>

            <field-default>0x0</field-default>

            <field-desc>
              <desc-title>RESERVED</desc-title>
            </field-desc>
          </field>

          <field>
            <field-bits>
              <single>2</single>
            </field-bits>

            <field-name
            verilog="PHY0_CR_PARA_SEL">PHY0_CR_PARA_SEL</field-name>

            <field-type>RW</field-type>

            <field-default>0x0</field-default>

            <field-desc>
              <desc-title>Control Register (CR) parallel interface
              select</desc-title>

              <p>Controls selection between JTAG and CR interfaces:</p>

              <p>0: JTAG</p>

              <p>1: Control Register (CR)</p>

              <p>Note: This input can only be changed when the cr_para_clk and
              jtag_tck clock inputs are disabled.</p>
            </field-desc>
          </field>

          <field>
            <field-bits>
              <single>1</single>
            </field-bits>

            <field-name
            verilog="PHY0_JTAG_CLK_EN">PHY0_JTAG_CLK_EN</field-name>

            <field-type>RW</field-type>

            <field-default>0x0</field-default>

            <field-desc>
              <desc-title>JTAG clock gating control for PHY0</desc-title>

              <p>This is the clock gating control for JTAG clock on PHY0</p>
            </field-desc>
          </field>

          <field>
            <field-bits>
              <single>0</single>
            </field-bits>

            <field-name verilog="PHY0_CR_CLK_EN">PHY0_CR_CLK_EN</field-name>

            <field-type>RW</field-type>

            <field-default>0x0</field-default>

            <field-desc>
              <desc-title>CR clock gating control for PHY0</desc-title>

              <p>This is the clock gating control for CR PARA clock on
              PHY0</p>
            </field-desc>
          </field>
        </reg-def>
      </tgroup>
    </table>

    <table id="table_PCIEPHYPWRCTRL_-_PCIe_PHY_PWR_CONTROL_1jcra1s2t">
      <title><reg-name-main
      verilog="PCIEPHYPWRCTRL">PCIEPHYPWRCTRL</reg-name-main> -
      <reg-desc>Power Control Register</reg-desc></title>

      <tgroup cols="5">
        <colspec colname="A" colwidth="111*"/>

        <colspec colname="B" colwidth="144*"/>

        <colspec colname="C" colwidth="101*"/>

        <colspec colname="D" colwidth="87*"/>

        <colspec colname="E" colwidth="557*"/>

        <thead>
          <row>
            <entry><p>Bit Field</p></entry>

            <entry><p>Field Name</p></entry>

            <entry><p>Type</p></entry>

            <entry><p>Default Value</p></entry>

            <entry><p>Description</p></entry>
          </row>
        </thead>

        <reg-def>
          <field audience="MSCCInternal">
            <field-bits>
              <double>
                <msb>31</msb>

                <lsb>15</lsb>
              </double>
            </field-bits>

            <field-name verilog="RESERVED">RESERVED</field-name>

            <field-type>RW</field-type>

            <field-default>0x0</field-default>

            <field-desc>
              <desc-title>RESERVED</desc-title>
            </field-desc>
          </field>

          <field>
            <field-bits>
              <single>14</single>
            </field-bits>

            <field-name verilog="PG_MODE_EN">PG_MODE_EN</field-name>

            <field-type>RW</field-type>

            <field-default>0x0</field-default>

            <field-desc>
              <desc-title>Power gating support enable</desc-title>

              <p>Control input to enable the power gating support. When
              de-asserted, the control inputs related to power gating are
              ignored. This input is meant to be a tie-off and can be
              transitioned only during the PHY reset sequence</p>
            </field-desc>
          </field>

          <field>
            <field-bits>
              <single>13</single>
            </field-bits>

            <field-name verilog="UPCS_PWR_EN">UPCS_PWR_EN</field-name>

            <field-type>RO</field-type>

            <field-default>0x0</field-default>

            <field-desc>
              <desc-title>Power enable for PCS power switch</desc-title>

              <p>Enable signal for external switch(es) to supply power to the
              power-gated logic in the PCS. For information about power
              gating, see "Power-Gating Support" section.</p>
            </field-desc>
          </field>

          <field>
            <field-bits>
              <single>12</single>
            </field-bits>

            <field-name verilog="UPCS_PWR_STABLE">UPCS_PWR_STABLE</field-name>

            <field-type>RW</field-type>

            <field-default>0x1</field-default>

            <field-desc>
              <desc-title>Power stable to PCS</desc-title>

              <p>Status signal indicating that power for the PCS is stable.
              For information about power gating, see "Power-Gating Support"
              section.</p>
            </field-desc>
          </field>

          <field>
            <field-bits>
              <single>11</single>
            </field-bits>

            <field-name verilog="RESERVED">RESERVED</field-name>

            <field-type>RO</field-type>

            <field-default>0x0</field-default>

            <field-desc>
              <desc-title>RESERVED</desc-title>
            </field-desc>
          </field>

          <field>
            <field-bits>
              <single>10</single>
            </field-bits>

            <field-name verilog="RESERVED">RESERVED</field-name>

            <field-type>RW</field-type>

            <field-default>0x0</field-default>

            <field-desc>
              <desc-title>RESERVED</desc-title>
            </field-desc>
          </field>

          <field>
            <field-bits>
              <single>9</single>
            </field-bits>

            <field-name verilog="RESERVED">RESERVED</field-name>

            <field-type>RO</field-type>

            <field-default>0x0</field-default>

            <field-desc>
              <desc-title>RESERVED</desc-title>
            </field-desc>
          </field>

          <field>
            <field-bits>
              <single>8</single>
            </field-bits>

            <field-name verilog="RESERVED">RESERVED</field-name>

            <field-type>RW</field-type>

            <field-default>0x1</field-default>

            <field-desc>
              <desc-title>RESERVED</desc-title>
            </field-desc>
          </field>

          <field>
            <field-bits>
              <single>7</single>
            </field-bits>

            <field-name verilog="RESERVED">RESERVED</field-name>

            <field-type>RO</field-type>

            <field-default>0x0</field-default>

            <field-desc>
              <desc-title>RESERVED</desc-title>
            </field-desc>
          </field>

          <field>
            <field-bits>
              <single>6</single>
            </field-bits>

            <field-name verilog="RESERVED">RESERVED</field-name>

            <field-type>RW</field-type>

            <field-default>0x1</field-default>

            <field-desc>
              <desc-title>RESERVED</desc-title>
            </field-desc>
          </field>

          <field>
            <field-bits>
              <single>5</single>
            </field-bits>

            <field-name
            verilog="PHY0_SRAM_INIT_DONE">PHY0_SRAM_INIT_DONE</field-name>

            <field-type>RO</field-type>

            <field-default>0x0</field-default>

            <field-desc>
              <desc-title>SRAM Initialization done</desc-title>

              <p>Signal indicating that the SRAM has been initialized by the
              boot loader in the Raw PCS. This signal does not assert if
              sram_bypass is asserted.</p>
            </field-desc>
          </field>

          <field>
            <field-bits>
              <single>4</single>
            </field-bits>

            <field-name
            verilog="PHY0_SRAM_EXT_LD_DONE">PHY0_SRAM_EXT_LD_DONE</field-name>

            <field-type>RW</field-type>

            <field-default>0x0</field-default>

            <field-desc>
              <desc-title>SRAM external load done</desc-title>

              <p>Signal asserted by user after any updates to the SRAM have
              been loaded.</p>
            </field-desc>
          </field>

          <field>
            <field-bits>
              <single>3</single>
            </field-bits>

            <field-name verilog="PHY0_PCS_PWR_EN">PHY0_PCS_PWR_EN</field-name>

            <field-type>RO</field-type>

            <field-default>0x0</field-default>

            <field-desc>
              <desc-title>PHY0 Power enable for Raw PCS power
              switches.</desc-title>

              <p>Enable signal for external switches to supply power to the
              power gated logic in Raw PCS.</p>
            </field-desc>
          </field>

          <field>
            <field-bits>
              <single>2</single>
            </field-bits>

            <field-name
            verilog="PHY0_PCS_PWR_STABLE">PHY0_PCS_PWR_STABLE</field-name>

            <field-type>RW</field-type>

            <field-default>0x1</field-default>

            <field-desc>
              <desc-title>PHY0 Power stable for Raw PCS.</desc-title>

              <p>Status signal indicating that the power for the Raw PCS is
              stable. The pcs_pwr_stable signal should only be asserted if the
              supply is 90% of nominal or higher.</p>
            </field-desc>
          </field>

          <field>
            <field-bits>
              <single>1</single>
            </field-bits>

            <field-name verilog="PHY0_PMA_PWR_EN">PHY0_PMA_PWR_EN</field-name>

            <field-type>RO</field-type>

            <field-default>0x0</field-default>

            <field-desc>
              <desc-title>PHY0 Power enable for PMA power switch</desc-title>

              <p>Enable signal for PMA power switch (external) to supply power
              to the PMA.</p>
            </field-desc>
          </field>

          <field>
            <field-bits>
              <single>0</single>
            </field-bits>

            <field-name
            verilog="PHY0_PMA_PWR_STABLE">PHY0_PMA_PWR_STABLE</field-name>

            <field-type>RW</field-type>

            <field-default>0x1</field-default>

            <field-desc>
              <desc-title>PHY0 Power stable for PMA</desc-title>

              <p>Status signal indicating that the power for the PMA is
              stable. The pma_pwr_stable signal should only be asserted if the
              supply is 90% of nominal or higher.</p>
            </field-desc>
          </field>
        </reg-def>
      </tgroup>
    </table>

    <table id="table_PCIEPHYRESTUNE_-_PCIe_PMA_RESISTOR_TUNE_CTRL_2jcra1s2t">
      <title><reg-name-main
      verilog="PCIEPHYRESTUNE">PCIEPHYRESTUNE</reg-name-main> - <reg-desc>PMA
      Resistor tune Control Register</reg-desc></title>

      <tgroup cols="5">
        <colspec colname="A" colwidth="111*"/>

        <colspec colname="B" colwidth="144*"/>

        <colspec colname="C" colwidth="101*"/>

        <colspec colname="D" colwidth="87*"/>

        <colspec colname="E" colwidth="557*"/>

        <thead>
          <row>
            <entry><p>Bit Field</p></entry>

            <entry><p>Field Name</p></entry>

            <entry><p>Type</p></entry>

            <entry><p>Default Value</p></entry>

            <entry><p>Description</p></entry>
          </row>
        </thead>

        <reg-def>
          <field audience="MSCCInternal">
            <field-bits>
              <double>
                <msb>31</msb>

                <lsb>6</lsb>
              </double>
            </field-bits>

            <field-name verilog="RESERVED">RESERVED</field-name>

            <field-type>RW</field-type>

            <field-default>0x0</field-default>

            <field-desc>
              <desc-title>Reserved</desc-title>
            </field-desc>
          </field>

          <field>
            <field-bits>
              <single>5</single>
            </field-bits>

            <field-name verilog="PHY_RES_ACK_OUT">PHY_RES_ACK_OUT</field-name>

            <field-type>RO</field-type>

            <field-default>0x0</field-default>

            <field-desc>
              <desc-title>Arbitration lines for sharing single reference
              resistor (res_ack_out).</desc-title>

              <p>Arbitration lines used for sharing a single reference
              resistor among multiple cores.</p>
            </field-desc>
          </field>

          <field>
            <field-bits>
              <single>4</single>
            </field-bits>

            <field-name verilog="PHY_RES_ACK_IN">PHY_RES_ACK_IN</field-name>

            <field-type>RW</field-type>

            <field-default>0x0</field-default>

            <field-desc>
              <desc-title>Arbitration lines for sharing single reference
              resistor (res_ack_in).</desc-title>

              <p>Arbitration lines used for sharing a single-reference
              resistor among multiple cores.</p>
            </field-desc>
          </field>

          <field>
            <field-bits>
              <single>3</single>
            </field-bits>

            <field-name verilog="PHY_RES_REQ_OUT">PHY_RES_REQ_OUT</field-name>

            <field-type>RO</field-type>

            <field-default>0x0</field-default>

            <field-desc>
              <desc-title>Arbitration lines for sharing single reference
              resistor (res_req_out).</desc-title>

              <p>Arbitration lines used for sharing a single-reference
              resistor among multiple cores.</p>
            </field-desc>
          </field>

          <field>
            <field-bits>
              <single>2</single>
            </field-bits>

            <field-name verilog="PHY_RES_REQ_IN">PHY_RES_REQ_IN</field-name>

            <field-type>RW</field-type>

            <field-default>0x0</field-default>

            <field-desc>
              <desc-title>Arbitration lines for sharing single reference
              resistor (res_req_in)</desc-title>

              <p>Arbitration lines used for sharing a single-reference
              resistor among multiple cores.</p>
            </field-desc>
          </field>

          <field>
            <field-bits>
              <single>1</single>
            </field-bits>

            <field-name verilog="PHY_RTUNE_ACK">PHY_RTUNE_ACK</field-name>

            <field-type>RO</field-type>

            <field-default>0x0</field-default>

            <field-desc>
              <desc-title>Resistor tune acknowledge</desc-title>

              <p>Indicates that a resistor tune has completed.</p>
            </field-desc>
          </field>

          <field>
            <field-bits>
              <single>0</single>
            </field-bits>

            <field-name verilog="PHY_RTUNE_REQ">PHY_RTUNE_REQ</field-name>

            <field-type>RW</field-type>

            <field-default>0x0</field-default>

            <field-desc>
              <desc-title>Resistor tune request.</desc-title>

              <p>Assertion triggers a resistor tune request (if one is not
              already in progress).</p>
            </field-desc>
          </field>
        </reg-def>
      </tgroup>
    </table>

    <table id="table_PCIEPHYMISCCTRL_-_PCIe_PMA_MISC_CTRL_2jcra1s2t">
      <title><reg-name-main
      verilog="PCIEPHYMISCCTRL">PCIEPHYMISCCTRL</reg-name-main> - <reg-desc>PMA
      Interrupt Control Register</reg-desc></title>

      <tgroup cols="5">
        <colspec colname="A" colwidth="111*"/>

        <colspec colname="B" colwidth="144*"/>

        <colspec colname="C" colwidth="101*"/>

        <colspec colname="D" colwidth="87*"/>

        <colspec colname="E" colwidth="557*"/>

        <thead>
          <row>
            <entry><p>Bit Field</p></entry>

            <entry><p>Field Name</p></entry>

            <entry><p>Type</p></entry>

            <entry><p>Default Value</p></entry>

            <entry><p>Description</p></entry>
          </row>
        </thead>

        <reg-def>
          <field audience="MSCCInternal">
            <field-bits>
              <double>
                <msb>31</msb>

                <lsb>4</lsb>
              </double>
            </field-bits>

            <field-name verilog="RESERVED">RESERVED</field-name>

            <field-type>RW</field-type>

            <field-default>0x0</field-default>

            <field-desc>
              <desc-title>Reserved</desc-title>
            </field-desc>
          </field>

          <field>
            <field-bits>
              <single>3</single>
            </field-bits>

            <field-name audience="MSCCInternal"
            verilog="PCBI_CG_DISABLE">PCBI_CG_DISABLE</field-name>

            <field-type>RW</field-type>

            <field-default>0x0</field-default>

            <field-desc>
              <desc-title>PMA PCBI Clock Gate Disable</desc-title>

              <p>Forces clock gating logic to be disabled for PMA. When asserted, all
              clock gating logic will be bypassed and the generated block will
              be logically equivalent to a PCBI block that did not utilize
              clock gating</p>
            </field-desc>
          </field>

          <field>
            <field-bits>
              <single>2</single>
            </field-bits>

            <field-name verilog="PMA_WCIMODE">PMA_WCIMODE</field-name>

            <field-type>RW</field-type>

            <field-default>0x1</field-default>

            <field-desc>
              <desc-title>PMA Write Clear Interrupt Mode</desc-title>

              <p>The active high write clear interrupt mode (WCIMODE) signal
              indicates that interrupts are cleared when writing a one on a
              given interrupt register bit.</p>

              <field-enum-list>
                <field-enum>
                  <field-enum-value>0</field-enum-value>

                  <field-enum-def>
                    <field-enum-name>Disabled</field-enum-name>

                    <field-enum-desc>Interrupts cleared on interrupt register
                    read</field-enum-desc>
                  </field-enum-def>
                </field-enum>

                <field-enum>
                  <field-enum-value>1</field-enum-value>

                  <field-enum-def>
                    <field-enum-name>Enabled</field-enum-name>

                    <field-enum-desc>Interrupts cleared on interrupts register
                    write (Default)</field-enum-desc>
                  </field-enum-def>
                </field-enum>
              </field-enum-list>
            </field-desc>
          </field>

          <field>
            <field-bits>
              <single>1</single>
            </field-bits>

            <field-name verilog="PMA_CLRINT">PMA_CLRINT</field-name>

            <field-type>RW</field-type>

            <field-default>0x0</field-default>

            <field-desc>
              <desc-title>PMA Wrapper Interrupt Clear</desc-title>

              <p>Asserting CLRINT for at least one clock cycle clears all
              interrupts generated by the PMA Wrapper.</p>

              <field-enum-list>
                <field-enum>
                  <field-enum-value>0</field-enum-value>

                  <field-enum-def>
                    <field-enum-name>Deasserted</field-enum-name>

                    <field-enum-desc/>
                  </field-enum-def>
                </field-enum>

                <field-enum>
                  <field-enum-value>1</field-enum-value>

                  <field-enum-def>
                    <field-enum-name>Asserted</field-enum-name>

                    <field-enum-desc/>
                  </field-enum-def>
                </field-enum>
              </field-enum-list>
            </field-desc>
          </field>

          <field>
            <field-bits>
              <single>0</single>
            </field-bits>

            <field-name audience="MSCCInternal"
            verilog="PMA_IDDQ">PMA_IDDQ</field-name>

            <field-type>RW</field-type>

            <field-default>0x0</field-default>

            <field-desc>
              <desc-title>PMA IDDQ Mode</desc-title>

              <p>Enable PMA IDDQ mode.</p>

              <p>This forces the iddq_mode state to the PMA</p>
            </field-desc>
          </field>

        </reg-def>
      </tgroup>
    </table>

    <table id="table_PCIEOVRDCTRL_-_PCIe_PCIE_OVRD_CTRL_2jcra1s2t">
      <title><reg-name-main
      verilog="PCIEOVRDCTRL">PCIEOVRDCTRL</reg-name-main> - <reg-desc>PCIE
      Override Control Register</reg-desc></title>

      <tgroup cols="5">
        <colspec colname="A" colwidth="111*"/>

        <colspec colname="B" colwidth="144*"/>

        <colspec colname="C" colwidth="101*"/>

        <colspec colname="D" colwidth="87*"/>

        <colspec colname="E" colwidth="557*"/>

        <thead>
          <row>
            <entry><p>Bit Field</p></entry>

            <entry><p>Field Name</p></entry>

            <entry><p>Type</p></entry>

            <entry><p>Default Value</p></entry>

            <entry><p>Description</p></entry>
          </row>
        </thead>

        <reg-def>

          <field audience="MSCCInternal">
            <field-bits>
              <double>
                <msb>31</msb>

                <lsb>2</lsb>
              </double>
            </field-bits>

            <field-name verilog="RESERVED">RESERVED</field-name>

            <field-type>RW</field-type>

            <field-default>0x0</field-default>

            <field-desc>
              <desc-title>Reserved</desc-title>
            </field-desc>
          </field>
          <field>
            <field-bits>
              <single>1</single>
            </field-bits>

            <field-name audience="MSCCInternal"
            verilog="MST_OVRD_EN1">MST_OVRD_EN1</field-name>

            <field-type>RW</field-type>

            <field-default>0x0</field-default>

            <field-desc>
              <desc-title>Master Override Enable 1</desc-title>
              <p>Set this bit to 1 to enable all or partial of the override control bits in PCIEOVRDREGS1. </p>
            </field-desc>
          </field>
          <field>
            <field-bits>
              <single>0</single>
            </field-bits>

            <field-name audience="MSCCInternal"
            verilog="MST_OVRD_EN0">MST_OVRD_EN0</field-name>

            <field-type>RW</field-type>

            <field-default>0x0</field-default>

            <field-desc>
              <desc-title>Master Override Enable 0</desc-title>
              <p>Set this bit to 1 to enable all or partial of the override control bits in PCIEOVRDREGS0. </p>
            </field-desc>
          </field>
        </reg-def>
      </tgroup>
    </table>

    <table id="table_PCIEOVRDREGS0_-_PCIe_PCIE_OVRD_REGS0_2jcra1s2t">
      <title><reg-name-main
      verilog="PCIEOVRDREGS0">PCIEOVRDREGS0</reg-name-main> - <reg-desc>PCIE
      Override Register 0</reg-desc></title>

      <tgroup cols="5">
        <colspec colname="A" colwidth="111*"/>

        <colspec colname="B" colwidth="144*"/>

        <colspec colname="C" colwidth="101*"/>

        <colspec colname="D" colwidth="87*"/>

        <colspec colname="E" colwidth="557*"/>

        <thead>
          <row>
            <entry><p>Bit Field</p></entry>

            <entry><p>Field Name</p></entry>

            <entry><p>Type</p></entry>

            <entry><p>Default Value</p></entry>

            <entry><p>Description</p></entry>
          </row>
        </thead>

        <reg-def>
          <field>
            <field-bits>
              <double>
                <msb>31</msb>
                <lsb>0</lsb>
              </double>
            </field-bits>
            <field-name verilog="OVRD_CTRLS">OVRD_CTRLS</field-name>
            <field-type>RW</field-type>
            <field-default>0x0</field-default>
            <field-desc>
              <desc-title>Override Control Bits</desc-title>
              <p>This field contains bit pairs for overriding particular control signals.
              It consits of the override enable bit, n and its overriding value bit, n+1.
              Please find the details in the PCIE Engineering Document. </p>
            </field-desc>
          </field>
        </reg-def>
      </tgroup>
    </table>

    <table id="table_PCIEOVRDREGS1_-_PCIe_PCIE_OVRD_REGS1_2jcra1s2t">
      <title><reg-name-main
      verilog="PCIEOVRDREGS1">PCIEOVRDREGS1</reg-name-main> - <reg-desc>PCIE
      Override Register 1</reg-desc></title>

      <tgroup cols="5">
        <colspec colname="A" colwidth="111*"/>

        <colspec colname="B" colwidth="144*"/>

        <colspec colname="C" colwidth="101*"/>

        <colspec colname="D" colwidth="87*"/>

        <colspec colname="E" colwidth="557*"/>

        <thead>
          <row>
            <entry><p>Bit Field</p></entry>

            <entry><p>Field Name</p></entry>

            <entry><p>Type</p></entry>

            <entry><p>Default Value</p></entry>

            <entry><p>Description</p></entry>
          </row>
        </thead>

        <reg-def>
          <field>
            <field-bits>
              <double>
                <msb>31</msb>
                <lsb>0</lsb>
              </double>
            </field-bits>
            <field-name verilog="OVRD_CTRLS">OVRD_CTRLS</field-name>
            <field-type>RW</field-type>
            <field-default>0x0</field-default>
            <field-desc>
              <desc-title>Override Control Bits</desc-title>
              <p>This field contains bit pairs for overriding particular control signals.
              It consits of the override enable bit, n and its overriding value bit, n+1.
              Please find the details in the PCIE Engineering Document. </p>
            </field-desc>
          </field>
        </reg-def>
      </tgroup>
    </table>

  </body>
</topic>
