<?xml version="1.0" encoding="UTF-8"?>
<!-- Date Stamp: Wed Aug  2 16:39:38 MST 2023 -->
<!DOCTYPE topic PUBLIC "-//OASIS//DTD DITA 1.2 Topic//EN"
"topic.dtd">
<topic base="base" id="testaddr">
  <title>Device Manager Register Addesss Map</title>

  <body>
    <p/>

    <table id="table_DM_Address_Map_000">
      <title>Device Manager Register Addesss Map Table</title>

      <tgroup cols="3">
        <colspec colwidth="148*"/>

        <colspec colwidth="218*"/>

        <colspec colwidth="634*"/>

        <thead>
          <row>
            <entry><p>Offset Address</p></entry>

            <entry><p>Register Mnemonic </p></entry>

            <entry><p>Register Description </p></entry>
          </row>
        </thead>

        <address-map>

          <register-reference>
            <address>0x60000</address>

            <addr-element>
              <addr-mnemonic>DID</addr-mnemonic>
            </addr-element>

            <address-details>
              <p><xref
              href="ttn_dm_csr_reg.xml#ttn_dm_csr/table_DID"/></p>
            </address-details>
          </register-reference>


          <register-reference>
            <address>0x60004</address>

            <addr-element>
              <addr-mnemonic>BCVSTS</addr-mnemonic>
            </addr-element>

            <address-details>
              <p><xref
              href="ttn_dm_csr_reg.xml#ttn_dm_csr/table_BCVSTS"/></p>
            </address-details>
          </register-reference>


          <register-reference>
            <address>0x60008</address>

            <addr-element>
              <addr-mnemonic>BOOTSTS</addr-mnemonic>
            </addr-element>

            <address-details>
              <p><xref
              href="ttn_dm_csr_reg.xml#ttn_dm_csr/table_BOOTSTS"/></p>
            </address-details>
          </register-reference>


          <register-reference>
            <address>0x6000c</address>

            <addr-element>
              <addr-mnemonic>BOOTINFO</addr-mnemonic>
            </addr-element>

            <address-details>
              <p><xref
              href="ttn_dm_csr_reg.xml#ttn_dm_csr/table_BOOTINFO"/></p>
            </address-details>
          </register-reference>


          <register-reference>
            <address>0x60010</address>

            <addr-element>
              <addr-mnemonic>BTYPE</addr-mnemonic>
            </addr-element>

            <address-details>
              <p><xref
              href="ttn_dm_csr_reg.xml#ttn_dm_csr/table_BTYPE"/></p>
            </address-details>
          </register-reference>




          <register-reference>
            <address>0x60020</address>

            <addr-element>
              <addr-mnemonic>SYSRST</addr-mnemonic>
            </addr-element>

            <address-details>
              <p><xref
              href="ttn_dm_csr_reg.xml#ttn_dm_csr/table_SYSRST"/></p>
            </address-details>
          </register-reference>


          <register-reference>
            <address>0x60024</address>

            <addr-element>
              <addr-mnemonic>NODERST</addr-mnemonic>
            </addr-element>

            <address-details>
              <p><xref
              href="ttn_dm_csr_reg.xml#ttn_dm_csr/table_NODERST"/></p>
            </address-details>
          </register-reference>




          <register-reference>
            <address>0x60028</address>

            <addr-element>
              <addr-mnemonic>JTAGFWDATA</addr-mnemonic>
            </addr-element>

            <address-details>
              <p><xref
              href="ttn_dm_csr_reg.xml#ttn_dm_csr/table_JTAGFWDATA"/></p>
            </address-details>
          </register-reference>



          <register-reference>
            <address>0x6002c</address>

            <addr-element>
              <addr-mnemonic>JTAGFWCTL</addr-mnemonic>
            </addr-element>

            <address-details>
              <p><xref
              href="ttn_dm_csr_reg.xml#ttn_dm_csr/table_JTAGFWCTL"/></p>
            </address-details>
          </register-reference>















          <register-reference>
            <address>0x60030</address>

            <addr-element>
              <addr-mnemonic>EACCESSCTL</addr-mnemonic>
            </addr-element>

            <address-details>
              <p><xref
              href="ttn_dm_csr_reg.xml#ttn_dm_csr/table_EACCESSCTL"/></p>
            </address-details>
          </register-reference>


          <register-reference>
            <address>0x60034</address>

            <addr-element>
              <addr-mnemonic>PARCNTL</addr-mnemonic>
            </addr-element>

            <address-details>
              <p><xref
              href="ttn_dm_csr_reg.xml#ttn_dm_csr/table_PARCNTL"/></p>
            </address-details>
          </register-reference>


          <register-reference>
            <address>0x60038</address>

            <addr-element>
              <addr-mnemonic>TRCPADCTL</addr-mnemonic>
            </addr-element>

            <address-details>
              <p><xref
              href="ttn_dm_csr_reg.xml#ttn_dm_csr/table_TRCPADCTL"/></p>
            </address-details>
          </register-reference>




          <register-reference>
            <address>0x6003c</address>

            <addr-element>
              <addr-mnemonic>GPIO</addr-mnemonic>
            </addr-element>

            <address-details>
              <p><xref
              href="ttn_dm_csr_reg.xml#ttn_dm_csr/table_GPIO"/></p>
            </address-details>
          </register-reference>




          <register-reference>
            <address>0x60054</address>

            <addr-element>
              <addr-mnemonic>FREEZE</addr-mnemonic>
            </addr-element>

            <address-details>
              <p><xref
              href="ttn_dm_csr_reg.xml#ttn_dm_csr/table_FREEZE"/></p>
            </address-details>
          </register-reference>




          <register-reference>
            <address>0x60080</address>

            <addr-element>
              <addr-mnemonic>CORERSTTYP</addr-mnemonic>
            </addr-element>

            <address-details>
              <p><xref
              href="ttn_dm_csr_reg.xml#ttn_dm_csr/table_CORERSTTYP"/></p>
            </address-details>
          </register-reference>





          <register-reference>
            <address>0x60100</address>

            <addr-element>
              <addr-mnemonic>GPSR[x]</addr-mnemonic>
              <instances>
                <instance>
                  <instance-start>0</instance-start>
                  <instance-stop>15</instance-stop>
                </instance>
              </instances>
            </addr-element>

            <address-details>
              <p><xref
              href="ttn_dm_csr_reg.xml#ttn_dm_csr/table_GPSR0"/></p>
            </address-details>
          </register-reference>


          <register-reference>
            <address>0x60140</address>

            <addr-element>
              <addr-mnemonic>SHTDWNSTS</addr-mnemonic>
            </addr-element>

            <address-details>
              <p><xref
              href="ttn_dm_csr_reg.xml#ttn_dm_csr/table_SHTDWNSTS"/></p>
            </address-details>
          </register-reference>


          <register-reference>
            <address>0x60144</address>

            <addr-element>
              <addr-mnemonic>SHTDWNMSK</addr-mnemonic>
            </addr-element>

            <address-details>
              <p><xref
              href="ttn_dm_csr_reg.xml#ttn_dm_csr/table_SHTDWNMSK"/></p>
            </address-details>
          </register-reference>


          <register-reference>
            <address>0x60148</address>

            <addr-element>
              <addr-mnemonic>PCIEINTSTS</addr-mnemonic>
            </addr-element>

            <address-details>
              <p><xref
              href="ttn_dm_csr_reg.xml#ttn_dm_csr/table_PCIEINTSTS"/></p>
            </address-details>
          </register-reference>


          <register-reference>
            <address>0x6014c</address>

            <addr-element>
              <addr-mnemonic>PCIEINTMSK</addr-mnemonic>
            </addr-element>

            <address-details>
              <p><xref
              href="ttn_dm_csr_reg.xml#ttn_dm_csr/table_PCIEINTMSK"/></p>
            </address-details>
          </register-reference>


          <register-reference>
            <address>0x60150</address>

            <addr-element>
              <addr-mnemonic>PCIERSTSTS[x]</addr-mnemonic>
              <instances>
                <instance>
                  <instance-start>0</instance-start>
                  <instance-stop>1</instance-stop>
                </instance>
              </instances>
            </addr-element>

            <address-details>
              <p><xref
              href="ttn_dm_csr_reg.xml#ttn_dm_csr/table_PCIERSTSTS0"/></p>
            </address-details>
          </register-reference>


          <register-reference>
            <address>0x60160</address>

            <addr-element>
              <addr-mnemonic>PCIERSTMSK[x]</addr-mnemonic>
              <instances>
                <instance>
                  <instance-start>0</instance-start>
                  <instance-stop>1</instance-stop>
                </instance>
              </instances>
            </addr-element>

            <address-details>
              <p><xref
              href="ttn_dm_csr_reg.xml#ttn_dm_csr/table_PCIERSTMSK0"/></p>
            </address-details>
          </register-reference>





          <register-reference>
            <address>0x60170</address>

            <addr-element>
              <addr-mnemonic>PVTINTSTS</addr-mnemonic>
            </addr-element>

            <address-details>
              <p><xref
              href="ttn_dm_csr_reg.xml#ttn_dm_csr/table_PVTINTSTS"/></p>
            </address-details>
          </register-reference>


          <register-reference>
            <address>0x60174</address>

            <addr-element>
              <addr-mnemonic>PVTINTMSK</addr-mnemonic>
            </addr-element>

            <address-details>
              <p><xref
              href="ttn_dm_csr_reg.xml#ttn_dm_csr/table_PVTINTMSK"/></p>
            </address-details>
          </register-reference>





          <register-reference>
            <address>0x60178</address>

            <addr-element>
              <addr-mnemonic>DCSUINTSTS</addr-mnemonic>
            </addr-element>

            <address-details>
              <p><xref
              href="ttn_dm_csr_reg.xml#ttn_dm_csr/table_DCSUINTSTS"/></p>
            </address-details>
          </register-reference>


          <register-reference>
            <address>0x6017c</address>

            <addr-element>
              <addr-mnemonic>DCSUINTMSK</addr-mnemonic>
            </addr-element>

            <address-details>
              <p><xref
              href="ttn_dm_csr_reg.xml#ttn_dm_csr/table_DCSUINTMSK"/></p>
            </address-details>
          </register-reference>






          <register-reference>
            <address>0x60180</address>

            <addr-element>
              <addr-mnemonic>SWDTCTL</addr-mnemonic>
            </addr-element>

            <address-details>
              <p><xref
              href="ttn_dm_csr_reg.xml#ttn_dm_csr/table_SWDTCTL"/></p>
            </address-details>
          </register-reference>


          <register-reference>
            <address>0x60184</address>

            <addr-element>
              <addr-mnemonic>SWDTCNT</addr-mnemonic>
            </addr-element>

            <address-details>
              <p><xref
              href="ttn_dm_csr_reg.xml#ttn_dm_csr/table_SWDTCNT"/></p>
            </address-details>
          </register-reference>


          <register-reference>
            <address>0x60188</address>

            <addr-element>
              <addr-mnemonic>SWDTLOAD</addr-mnemonic>
            </addr-element>

            <address-details>
              <p><xref
              href="ttn_dm_csr_reg.xml#ttn_dm_csr/table_SWDTLOAD"/></p>
            </address-details>
          </register-reference>





          <register-reference>
            <address>0x60800</address>

            <addr-element>
              <addr-mnemonic>CERRSTS</addr-mnemonic>
            </addr-element>

            <address-details>
              <p><xref
              href="ttn_dm_csr_reg.xml#ttn_dm_csr/table_CERRSTS"/></p>
            </address-details>
          </register-reference>


          <register-reference>
            <address>0x60804</address>

            <addr-element>
              <addr-mnemonic>CERRMSK</addr-mnemonic>
            </addr-element>

            <address-details>
              <p><xref
              href="ttn_dm_csr_reg.xml#ttn_dm_csr/table_CERRMSK"/></p>
            </address-details>
          </register-reference>



          <register-reference>
            <address>0x60808</address>

            <addr-element>
              <addr-mnemonic>AI0CERRSTS</addr-mnemonic>
            </addr-element>

            <address-details>
              <p><xref
              href="ttn_dm_csr_reg.xml#ttn_dm_csr/table_AI0CERRSTS"/></p>
            </address-details>
          </register-reference>


          <register-reference>
            <address>0x6080c</address>

            <addr-element>
              <addr-mnemonic>AI0CERRMSK</addr-mnemonic>
            </addr-element>

            <address-details>
              <p><xref
              href="ttn_dm_csr_reg.xml#ttn_dm_csr/table_AI0CERRMSK"/></p>
            </address-details>
          </register-reference>




          <register-reference>
            <address>0x60810</address>

            <addr-element>
              <addr-mnemonic>AI1CERRSTS</addr-mnemonic>
            </addr-element>

            <address-details>
              <p><xref
              href="ttn_dm_csr_reg.xml#ttn_dm_csr/table_AI1CERRSTS"/></p>
            </address-details>
          </register-reference>


          <register-reference>
            <address>0x60814</address>

            <addr-element>
              <addr-mnemonic>AI1CERRMSK</addr-mnemonic>
            </addr-element>

            <address-details>
              <p><xref
              href="ttn_dm_csr_reg.xml#ttn_dm_csr/table_AI1CERRMSK"/></p>
            </address-details>
          </register-reference>








          <register-reference>
            <address>0x60880</address>

            <addr-element>
              <addr-mnemonic>UCERRSTS</addr-mnemonic>
            </addr-element>

            <address-details>
              <p><xref
              href="ttn_dm_csr_reg.xml#ttn_dm_csr/table_UCERRSTS"/></p>
            </address-details>
          </register-reference>


          <register-reference>
            <address>0x60884</address>

            <addr-element>
              <addr-mnemonic>UCERRMSK</addr-mnemonic>
            </addr-element>

            <address-details>
              <p><xref
              href="ttn_dm_csr_reg.xml#ttn_dm_csr/table_UCERRMSK"/></p>
            </address-details>
          </register-reference>





          <register-reference>
            <address>0x60888</address>

            <addr-element>
              <addr-mnemonic>AI0UCERRSTS</addr-mnemonic>
            </addr-element>

            <address-details>
              <p><xref
              href="ttn_dm_csr_reg.xml#ttn_dm_csr/table_AI0UCERRSTS"/></p>
            </address-details>
          </register-reference>


          <register-reference>
            <address>0x6088c</address>

            <addr-element>
              <addr-mnemonic>AI0UCERRMSK</addr-mnemonic>
            </addr-element>

            <address-details>
              <p><xref
              href="ttn_dm_csr_reg.xml#ttn_dm_csr/table_AI0UCERRMSK"/></p>
            </address-details>
          </register-reference>




          <register-reference>
            <address>0x60890</address>

            <addr-element>
              <addr-mnemonic>AI1UCERRSTS</addr-mnemonic>
            </addr-element>

            <address-details>
              <p><xref
              href="ttn_dm_csr_reg.xml#ttn_dm_csr/table_AI1UCERRSTS"/></p>
            </address-details>
          </register-reference>


          <register-reference>
            <address>0x60894</address>

            <addr-element>
              <addr-mnemonic>AI1UCERRMSK</addr-mnemonic>
            </addr-element>

            <address-details>
              <p><xref
              href="ttn_dm_csr_reg.xml#ttn_dm_csr/table_AI1UCERRMSK"/></p>
            </address-details>
          </register-reference>














          <register-reference>
            <address>0x60900</address>

            <addr-element>
              <addr-mnemonic>OERRSTS</addr-mnemonic>
            </addr-element>

            <address-details>
              <p><xref
              href="ttn_dm_csr_reg.xml#ttn_dm_csr/table_OERRSTS"/></p>
            </address-details>
          </register-reference>


          <register-reference>
            <address>0x60908</address>

            <addr-element>
              <addr-mnemonic>OERRMSK</addr-mnemonic>
            </addr-element>

            <address-details>
              <p><xref
              href="ttn_dm_csr_reg.xml#ttn_dm_csr/table_OERRMSK"/></p>
            </address-details>
          </register-reference>





          <register-reference>
            <address>0x6090c</address>

            <addr-element>
              <addr-mnemonic>DMINTSTS</addr-mnemonic>
            </addr-element>

            <address-details>
              <p><xref
              href="ttn_dm_csr_reg.xml#ttn_dm_csr/table_DMINTSTS"/></p>
            </address-details>
          </register-reference>








          <register-reference>
            <address>0x61000</address>

            <addr-element>
              <addr-mnemonic>CWDTCTL[x]</addr-mnemonic>
              <instances>
                <instance>
                  <instance-start>0</instance-start>
                  <instance-stop>15</instance-stop>
                </instance>
              </instances>
            </addr-element>

            <address-details>
              <p><xref
              href="ttn_dm_csr_reg.xml#ttn_dm_csr/table_CWDTCTL0"/></p>
            </address-details>
          </register-reference>


          <register-reference>
            <address>0x62000</address>

            <addr-element>
              <addr-mnemonic>CWDTCNT[x]</addr-mnemonic>
              <instances>
                <instance>
                  <instance-start>0</instance-start>
                  <instance-stop>15</instance-stop>
                </instance>
              </instances>
            </addr-element>

            <address-details>
              <p><xref
              href="ttn_dm_csr_reg.xml#ttn_dm_csr/table_CWDTCNT0"/></p>
            </address-details>
          </register-reference>


          <register-reference>
            <address>0x63000</address>

            <addr-element>
              <addr-mnemonic>CWDTLOAD[x]</addr-mnemonic>
              <instances>
                <instance>
                  <instance-start>0</instance-start>
                  <instance-stop>15</instance-stop>
                </instance>
              </instances>
            </addr-element>

            <address-details>
              <p><xref
              href="ttn_dm_csr_reg.xml#ttn_dm_csr/table_CWDTLOAD0"/></p>
            </address-details>
          </register-reference>









          <register-reference>
            <address>0x64000</address>

            <addr-element>
              <addr-mnemonic>PWROFFCTL</addr-mnemonic>
            </addr-element>

            <address-details>
              <p><xref
              href="ttn_dm_csr_reg.xml#ttn_dm_csr/table_PWROFFCTL"/></p>
            </address-details>
          </register-reference>


          <register-reference>
            <address>0x64004</address>

            <addr-element>
              <addr-mnemonic>PWROFFSTS</addr-mnemonic>
            </addr-element>

            <address-details>
              <p><xref
              href="ttn_dm_csr_reg.xml#ttn_dm_csr/table_PWROFFSTS"/></p>
            </address-details>
          </register-reference>





          <register-reference>
            <address>0x64110</address>

            <addr-element>
              <addr-mnemonic>FCCTL</addr-mnemonic>
            </addr-element>

            <address-details>
              <p><xref
              href="ttn_dm_csr_reg.xml#ttn_dm_csr/table_FCCTL"/></p>
            </address-details>
          </register-reference>


          <register-reference>
            <address>0x64114</address>

            <addr-element>
              <addr-mnemonic>FCSTS</addr-mnemonic>
            </addr-element>

            <address-details>
              <p><xref
              href="ttn_dm_csr_reg.xml#ttn_dm_csr/table_FCSTS"/></p>
            </address-details>
          </register-reference>







          <register-reference audience="MSCCInternal">
            <address>0x65000</address>

            <addr-element>
              <addr-mnemonic>LPWROVR[x]</addr-mnemonic>
              <instances>
                <instance>
                  <instance-start>0</instance-start>
                  <instance-stop>21</instance-stop>
                </instance>
              </instances>
            </addr-element>

            <address-details>
              <p><xref
              href="pwr_cntl_reg.xml#pwr_cntl/table_LPWROVR_-_Local_Power_Control_Override_0ivcpxz1o"/></p>
            </address-details>
          </register-reference>





          <register-reference audience="MSCCInternal">
            <address>0x66000</address>

            <addr-element>
              <addr-mnemonic>LPWRSTS[x]</addr-mnemonic>
              <instances>
                <instance>
                  <instance-start>0</instance-start>
                  <instance-stop>21</instance-stop>
                </instance>
              </instances>
            </addr-element>

            <address-details>
              <p><xref
              href="pwr_cntl_reg.xml#pwr_cntl/table_LPWRSTS_-_Low_Power_Status_0j1cnwqid"/></p>
            </address-details>
          </register-reference>








          <register-reference audience="MSCCInternal">
            <address>0x67000</address>

            <addr-element>
              <addr-mnemonic>A53PWRSTS[x]</addr-mnemonic>
              <instances>
                <instance>
                  <instance-start>0</instance-start>
                  <instance-stop>19</instance-stop>
                </instance>
              </instances>
            </addr-element>

            <address-details>
              <p><xref
              href="ttn_dm_csr_reg.xml#ttn_dm_csr/table_A53PWRSTS"/></p>
            </address-details>
          </register-reference>









          <register-reference>
            <address>0x70000</address>

            <addr-element>
              <addr-mnemonic>DEVCFG</addr-mnemonic>
            </addr-element>

            <address-details>
              <p><xref
              href="ttn_dm_csr_reg.xml#ttn_dm_csr/table_DEVCFG"/></p>
            </address-details>
          </register-reference>






          <register-reference>
            <address>0x70004</address>

            <addr-element>
              <addr-mnemonic>ARMCFG</addr-mnemonic>
            </addr-element>

            <address-details>
              <p><xref
              href="ttn_dm_csr_reg.xml#ttn_dm_csr/table_ARMCFG"/></p>
            </address-details>
          </register-reference>




        </address-map>
      </tgroup>
    </table>

    <p/>
  </body>
</topic>
