<?xml version="1.0" encoding="UTF-8"?>
<!-- Date Stamp: Mon Jul 30 15:49:52 PDT 2018 -->
<!DOCTYPE topic PUBLIC "-//OASIS//DTD DITA 1.2 Topic//EN"
"topic.dtd">
<topic base="base" id="DDR_addr">
  <title/>

  <body>
    <p/>

    <table id="table_DDR_Register_Address_Space">
      <title>DDR Register Address Space</title>

      <tgroup cols="3">
        <colspec colwidth="148*"/>

        <colspec colwidth="218*"/>

        <colspec colwidth="634*"/>

        <thead>
          <row>
            <entry><p>Offset Address</p></entry>

            <entry><p>Register Mnemonic </p></entry>

            <entry><p>Register Description </p></entry>
          </row>
        </thead>

        <address-map>
          <register-reference>
            <address>0x0000000</address>

            <addr-element>
              <address-prefix>PHY_</address-prefix>
            </addr-element>

            <address-details>
              <p><xref
              href="snps_phy_reg_addr.xml#SNPS_PHY_addr/SNPS_PHY_addr_table_00">DDR
              PHY registers. See Table: DDR PHY Device Table for
              details.</xref></p>
            </address-details>
          </register-reference>

          <register-reference>
            <address>0x2000000</address>

            <addr-element>
              <address-prefix>PHY_</address-prefix>
            </addr-element>

            <address-details>
              <p><xref
              href="pm20_82_566_regs_addr.xml#PM20_82_566_WRAPPER_addr/PM20_82_566_WRAPPER_addr_table_00">DDR
              PHY Wrapper registers. See Table: DDR PHY Device Table for
              details.</xref></p>
            </address-details>
          </register-reference>

          <register-reference>
            <address>0x2000800</address>

            <addr-element>
              <address-prefix>PHY_</address-prefix>
            </addr-element>

            <address-details>
              <p><xref
              href="lw20_60_1036_regs_addr.xml#PM20_82_566_BIST_addr/PM20_82_566_BIST_addr_table_00">DDR
              PHY BIST registers. See Table: DDR PHY Device Table for
              details.</xref></p>
            </address-details>
          </register-reference>

          <register-reference>
            <address>0x2000C20</address>

            <addr-element>
              <address-prefix>PHY_</address-prefix>
            </addr-element>

            <address-details>
              <p><xref
              href="lw20_60_1036_sram_addr.xml#PM20_82_566_SRAM_addr/PM20_82_566_SRAM_addr_table_00">DDR
              PHY SRAM registers. See Table: DDR PHY Device Table for
              details.</xref></p>
            </address-details>
          </register-reference>

          <register-reference>
            <address>0x2020000</address>

            <addr-element>
              <address-prefix>CTL_</address-prefix>
            </addr-element>

            <address-details>
              <p><xref
              href="DWC_ddrctl_addr.xml#DDR_CTL_addr/DDR_CTL_addr_table_00">DDR
              Controller registers. See Table: DDR CTL addr table 00 for
              details.</xref></p>
            </address-details>
          </register-reference>

          <register-reference>
            <address>0x2060000</address>

            <addr-element>
              <address-prefix>TOP_</address-prefix>
            </addr-element>

            <address-details>
              <p><xref
              href="ddr_top_addr.xml#ddr_top_addr/table_DDR_top_CSR_Address_Map">DDR
              Misc registers. See Table: DDR_top CSR Address Table for
              details.</xref></p>
            </address-details>
          </register-reference>

          <register-reference>
            <address>0x2080000</address>

            <addr-element>
              <address-prefix>TOP_</address-prefix>
            </addr-element>

            <address-details>
              <p><xref
              href="perfmon_axi_addr.xml#perfmon_addr/table_DDR_top_CSR_Address_Table">DDR
              Client Perfmon registers. See Table: DDR_top CSR Address Table
              for details.</xref></p>
            </address-details>
          </register-reference>
        </address-map>
      </tgroup>
    </table>
  </body>
</topic>
