<?xml version="1.0" encoding="UTF-8"?>
<!DOCTYPE topic PUBLIC "-//OASIS//DTD DITA 1.2 Topic//EN"
"topic.dtd">
<topic base="base" id="uart_csr_MTN">
  <title>UART Registers</title>

  <body>
    <p>UART Genereal Registers</p>

    <table id="table_URBR">
      <title><reg-name-main verilog="URBR">URBR</reg-name-main> -
      <reg-desc>UART Receive Buffer Register. </reg-desc></title>

      <tgroup cols="5">
        <colspec colname="A" colwidth="111*"/>

        <colspec colname="B" colwidth="144*"/>

        <colspec colname="C" colwidth="101*"/>

        <colspec colname="D" colwidth="87*"/>

        <colspec colname="E" colwidth="557*"/>

        <thead>
          <row>
            <entry><p>Bit Field</p></entry>

            <entry><p>Field Name</p></entry>

            <entry><p>Type</p></entry>

            <entry><p>Default Value</p></entry>

            <entry><p>Description</p></entry>
          </row>
        </thead>

        <reg-def>
          <field>
            <field-bits>
              <double>
                <msb>31</msb>

                <lsb>8</lsb>
              </double>
            </field-bits>

            <field-name verilog="RESERVED">RESERVED</field-name>

            <field-type>RO</field-type>

            <field-default>0x0</field-default>

            <field-desc>
              <p><b>Reserved</b></p>
            </field-desc>
          </field>

          <field>
            <field-bits>
              <double>
                <msb>7</msb>

                <lsb>0</lsb>
              </double>
            </field-bits>

            <field-name verilog="RBR">RBR</field-name>

            <field-type>RW</field-type>

            <field-default>0x0</field-default>

            <field-desc>
              <p><b>Receive Buffer Register</b></p>

              <p>This field contains data received on the UART serial input.
              The data in this field is only valid if the Data Ready (DR) bit
              is set in the UART Line Status Register (ULSR).</p>

              <p>In non-FIFO mode or when the FIFO is full, if the data is not
              read before the next data character arrives, then last received
              data character is discarded.</p>
            </field-desc>
          </field>
        </reg-def>
      </tgroup>
    </table>

    <table id="table_UTHR">
      <title><reg-name-main verilog="UTHR">UTHR</reg-name-main> -
      <reg-desc>UART Transmit Holding Register </reg-desc></title>

      <tgroup cols="5">
        <colspec colname="A" colwidth="111*"/>

        <colspec colname="B" colwidth="144*"/>

        <colspec colname="C" colwidth="101*"/>

        <colspec colname="D" colwidth="87*"/>

        <colspec colname="E" colwidth="557*"/>

        <thead>
          <row>
            <entry><p>Bit Field</p></entry>

            <entry><p>Field Name</p></entry>

            <entry><p>Type</p></entry>

            <entry><p>Default Value</p></entry>

            <entry><p>Description</p></entry>
          </row>
        </thead>

        <reg-def>
          <field>
            <field-bits>
              <double>
                <msb>31</msb>

                <lsb>8</lsb>
              </double>
            </field-bits>

            <field-name verilog="RESERVED">RESERVED</field-name>

            <field-type>RO</field-type>

            <field-default>0x0</field-default>

            <field-desc>
              <p><b>Reserved</b></p>
            </field-desc>
          </field>

          <field>
            <field-bits>
              <double>
                <msb>7</msb>

                <lsb>0</lsb>
              </double>
            </field-bits>

            <field-name verilog="THR">THR</field-name>

            <field-type>RW</field-type>

            <field-default>0x0</field-default>

            <field-desc>
              <p><b>Transmit Holding Register</b></p>

              <p>Data written to this field is transmitted on the UART serial
              output. This register should only be written when the THR Empty
              (THRE) bit is set in the UART Line Status Register (ULSR).</p>
            </field-desc>
          </field>
        </reg-def>
      </tgroup>
    </table>

    <table id="table_UDLL">
      <title><reg-name-main verilog="UDLL">UDLL</reg-name-main> - <reg-desc>
      UART Divisor Latch Low</reg-desc></title>

      <tgroup cols="5">
        <colspec colname="A" colwidth="111*"/>

        <colspec colname="B" colwidth="144*"/>

        <colspec colname="C" colwidth="101*"/>

        <colspec colname="D" colwidth="87*"/>

        <colspec colname="E" colwidth="557*"/>

        <thead>
          <row>
            <entry><p>Bit Field</p></entry>

            <entry><p>Field Name</p></entry>

            <entry><p>Type</p></entry>

            <entry><p>Default Value</p></entry>

            <entry><p>Description</p></entry>
          </row>
        </thead>

        <reg-def>
          <field>
            <field-bits>
              <double>
                <msb>31</msb>

                <lsb>8</lsb>
              </double>
            </field-bits>

            <field-name verilog="RESERVED">RESERVED</field-name>

            <field-type>RO</field-type>

            <field-default>0x0</field-default>

            <field-desc>
              <p><b>Reserved</b></p>
            </field-desc>
          </field>

          <field>
            <field-bits>
              <double>
                <msb>7</msb>

                <lsb>0</lsb>
              </double>
            </field-bits>

            <field-name verilog="DLL">DLL</field-name>

            <field-type>RW</field-type>

            <field-default>0x0</field-default>

            <field-desc>
              <p><b>Divisor Latch Low</b></p>

              <p>This field contains the lower 8 bits of the 16-bit UART baud
              rate divisor value.</p>

              <p>The 16-bit divisor value of zero is reserved and if used
              produces undefined behavior.</p>

              <p><b>Note: </b>A valid value must be written to this field as
              part of UART initialization before the interface is used.</p>
            </field-desc>
          </field>
        </reg-def>
      </tgroup>
    </table>

    <table id="table_UIER">
      <title><reg-name-main verilog="UIER">UIER</reg-name-main> -
      <reg-desc>UART Interrupt Enable Register </reg-desc></title>

      <tgroup cols="5">
        <colspec colname="A" colwidth="111*"/>

        <colspec colname="B" colwidth="144*"/>

        <colspec colname="C" colwidth="101*"/>

        <colspec colname="D" colwidth="87*"/>

        <colspec colname="E" colwidth="557*"/>

        <thead>
          <row>
            <entry><p>Bit Field</p></entry>

            <entry><p>Field Name</p></entry>

            <entry><p>Type</p></entry>

            <entry><p>Default Value</p></entry>

            <entry><p>Description</p></entry>
          </row>
        </thead>

        <reg-def>
          <field>
            <field-bits>
              <double>
                <msb>31</msb>

                <lsb>8</lsb>
              </double>
            </field-bits>

            <field-name verilog="RESERVED">RESERVED</field-name>

            <field-type>RO</field-type>

            <field-default>0x0</field-default>

            <field-desc>
              <p><b>Reserved</b></p>
            </field-desc>
          </field>

          <field>
            <field-bits>
              <single>7</single>
            </field-bits>

            <field-name verilog="PTIME">PTIME</field-name>

            <field-type>RW</field-type>

            <field-default>0x0</field-default>

            <field-desc>
              <p><b>Programmable THRE Interrupt Mode Enable</b></p>

              <p>This bit selects the cause of the THRE (Transmit Holding
              Register Empty) Interrupt:</p>

              <p>0 (Programmable THRE Interrupt Mode Disabled) - The THRE
              Interrupt is generated when the Transmit Holding Register
              becomes empty.</p>

              <p>1 (Programmable THRE Interrupt Mode Enabled) - The THRE
              Interrupt is generated when the Transmit FIFO is at or below
              threshold defined in UFCR register.</p>
            </field-desc>
          </field>

          <field>
            <field-bits>
              <double>
                <msb>6</msb>

                <lsb>4</lsb>
              </double>
            </field-bits>

            <field-name verilog="RESERVED">RESERVED</field-name>

            <field-type>RO</field-type>

            <field-default>0x0</field-default>

            <field-desc>
              <p><b>Reserved</b></p>
            </field-desc>
          </field>

          <field>
            <field-bits>
              <single>3</single>
            </field-bits>

            <field-name verilog="EDSSI">EDSSI</field-name>

            <field-type>RW</field-type>

            <field-default>0x0</field-default>

            <field-desc>
              <p><b>Enable Modem Status Interrupt</b></p>

              <p>This bit controls the Modem Status Interrupt:</p>

              <p>0 - Interrupt Disabled</p>

              <p>1 - Interrupt Enabled</p>
            </field-desc>
          </field>

          <field>
            <field-bits>
              <single>2</single>
            </field-bits>

            <field-name verilog="ELSI">ELSI</field-name>

            <field-type>RW</field-type>

            <field-default>0x0</field-default>

            <field-desc>
              <p><b>Enable Receiver Line Status Interrupt </b></p>

              <p>This bit controls the Receiver Line Status Interrupt:</p>

              <p>0 - Interrupt Disabled</p>

              <p>1 - Interrupt Enabled</p>
            </field-desc>
          </field>

          <field>
            <field-bits>
              <single>1</single>
            </field-bits>

            <field-name verilog="ETBEI">ETBEI</field-name>

            <field-type>RW</field-type>

            <field-default>0x0</field-default>

            <field-desc>
              <p><b>Enable Transmit Holding Register Empty Interrupt </b></p>

              <p>This bit controls the Transmit Holding Register
              Interrupt:</p>

              <p>0 - Interrupt Disabled</p>

              <p>1 - Interrupt Enabled</p>
            </field-desc>
          </field>

          <field>
            <field-bits>
              <single>0</single>
            </field-bits>

            <field-name verilog="ERBFI">ERBFI</field-name>

            <field-type>RW</field-type>

            <field-default>0x0</field-default>

            <field-desc>
              <p><b>Enable Receive Data Available Interrupt </b></p>

              <p>This bit controls the Receive Data Available Interrupt and,
              when in FIFO mode, the Character Timeout Interrupt:</p>

              <p>0 - Interrupt Disabled</p>

              <p>1 - Interrupt Enabled Note:</p>

              <p><b>Note:</b> A Character Timeout occurs if at least 1
              character is present in the Receive FIFO and no character is
              written to or read from it for the duration of 4 character
              times.</p>
            </field-desc>
          </field>
        </reg-def>
      </tgroup>
    </table>

    <table id="table_UDLH">
      <title><reg-name-main verilog="UDLH">UDLH</reg-name-main> -
      <reg-desc>UART Divisor Latch High </reg-desc></title>

      <tgroup cols="5">
        <colspec colname="A" colwidth="111*"/>

        <colspec colname="B" colwidth="144*"/>

        <colspec colname="C" colwidth="101*"/>

        <colspec colname="D" colwidth="87*"/>

        <colspec colname="E" colwidth="557*"/>

        <thead>
          <row>
            <entry><p>Bit Field</p></entry>

            <entry><p>Field Name</p></entry>

            <entry><p>Type</p></entry>

            <entry><p>Default Value</p></entry>

            <entry><p>Description</p></entry>
          </row>
        </thead>

        <reg-def>
          <field>
            <field-bits>
              <double>
                <msb>31</msb>

                <lsb>8</lsb>
              </double>
            </field-bits>

            <field-name verilog="RESERVED">RESERVED</field-name>

            <field-type>RO</field-type>

            <field-default>0x0</field-default>

            <field-desc>
              <p><b>Reserved</b></p>
            </field-desc>
          </field>

          <field>
            <field-bits>
              <double>
                <msb>7</msb>

                <lsb>0</lsb>
              </double>
            </field-bits>

            <field-name verilog="DLH">DLH</field-name>

            <field-type>RW</field-type>

            <field-default>0x0</field-default>

            <field-desc>
              <p><b>Divisor Latch High</b></p>

              <p>This field contains the upper 8 bits of the 16-bit UART baud
              rate divisor value.</p>

              <p>The 16-bit divisor value of zero is reserved and if used
              produces undefined behavior.</p>

              <p><b>Note: </b>A valid value must be written to this field as
              part of UART initialization before the interface is used.</p>
            </field-desc>
          </field>
        </reg-def>
      </tgroup>
    </table>

    <table id="table_UIIR">
      <title><reg-name-main verilog="UIIR">UIIR</reg-name-main> -
      <reg-desc>UART Interrupt Identity Register </reg-desc></title>

      <tgroup cols="5">
        <colspec colname="A" colwidth="111*"/>

        <colspec colname="B" colwidth="144*"/>

        <colspec colname="C" colwidth="101*"/>

        <colspec colname="D" colwidth="87*"/>

        <colspec colname="E" colwidth="557*"/>

        <thead>
          <row>
            <entry><p>Bit Field</p></entry>

            <entry><p>Field Name</p></entry>

            <entry><p>Type</p></entry>

            <entry><p>Default Value</p></entry>

            <entry><p>Description</p></entry>
          </row>
        </thead>

        <reg-def>
          <field>
            <field-bits>
              <double>
                <msb>31</msb>

                <lsb>8</lsb>
              </double>
            </field-bits>

            <field-name verilog="RESERVED">RESERVED</field-name>

            <field-type>RO</field-type>

            <field-default>0x0</field-default>

            <field-desc>
              <p><b>Reserved</b></p>
            </field-desc>
          </field>

          <field>
            <field-bits>
              <double>
                <msb>7</msb>

                <lsb>6</lsb>
              </double>
            </field-bits>

            <field-name verilog="FIFOSE">FIFOSE</field-name>

            <field-type>RO</field-type>

            <field-default>0x0</field-default>

            <field-desc>
              <p><b>FIFOs Enabled </b></p>

              <p>This field is used to indicate whether FIFOs are enabled or
              disabled.</p>

              <p>00 - FIFOs are disabled</p>

              <p>11 - FIFOs are enabled</p>
            </field-desc>
          </field>

          <field>
            <field-bits>
              <double>
                <msb>5</msb>

                <lsb>4</lsb>
              </double>
            </field-bits>

            <field-name verilog="RESERVED">RESERVED</field-name>

            <field-type>RO</field-type>

            <field-default>0x0</field-default>

            <field-desc>
              <p><b>Reserved</b></p>
            </field-desc>
          </field>

          <field>
            <field-bits>
              <double>
                <msb>3</msb>

                <lsb>0</lsb>
              </double>
            </field-bits>

            <field-name verilog="IID">IID</field-name>

            <field-type>RO</field-type>

            <field-default>0x1</field-default>

            <field-desc>
              <p><b>Interrupt ID </b></p>

              <p>This field encodes the highest priority pending
              interrupt:</p>

              <p>0001 - No interrupt is pending.</p>

              <p>0010 - Transmit Holding Register Empty. Note: This interrupt
              is cleared by reading the UIIR register, or by writing a
              character to the UTHR register (when FIFO or Programmable THRE
              Mode is disabled) or enough characters to get the FIFO above the
              threshold (when FIFO and Programmable THRE Mode are
              enabled).</p>

              <p>0100 - Receive Data Available. Note: This interrupt is
              cleared by reading a character from the URBR register (when FIFO
              is disabled) or enough characters to get the FIFO below the
              trigger level (when FIFO is enabled).</p>

              <p>0110 - Overrun, Parity, Framing errors or Break. Note: These
              interrupts are cleared using the ULSR register.</p>

              <p>1100 - Character Timeout.</p>

              <p><b>Note:</b> This interrupt is cleared by reading the URBR
              register. Note: Binary values shown. All other values are
              reserved and correspond to unimplemented features.</p>
            </field-desc>
          </field>
        </reg-def>
      </tgroup>
    </table>

    <table id="table_UFCR">
      <title><reg-name-main verilog="UFCR">UFCR</reg-name-main> -
      <reg-desc>UART FIFO Control Register </reg-desc></title>

      <tgroup cols="5">
        <colspec colname="A" colwidth="111*"/>

        <colspec colname="B" colwidth="144*"/>

        <colspec colname="C" colwidth="101*"/>

        <colspec colname="D" colwidth="87*"/>

        <colspec colname="E" colwidth="557*"/>

        <thead>
          <row>
            <entry><p>Bit Field</p></entry>

            <entry><p>Field Name</p></entry>

            <entry><p>Type</p></entry>

            <entry><p>Default Value</p></entry>

            <entry><p>Description</p></entry>
          </row>
        </thead>

        <reg-def>
          <field>
            <field-bits>
              <double>
                <msb>31</msb>

                <lsb>8</lsb>
              </double>
            </field-bits>

            <field-name verilog="RESERVED">RESERVED</field-name>

            <field-type>RO</field-type>

            <field-default>0x0</field-default>

            <field-desc>
              <p><b>Reserved</b></p>
            </field-desc>
          </field>

          <field>
            <field-bits>
              <double>
                <msb>7</msb>

                <lsb>6</lsb>
              </double>
            </field-bits>

            <field-name verilog="RET">RET</field-name>

            <field-type>RW</field-type>

            <field-default>0x0</field-default>

            <field-desc>
              <p><b>Receive Full Trigger </b></p>

              <p>This field selects the Threshold value at which the Receive
              Data Available interrupt is generated:</p>

              <p>0 - One character in FIFO</p>

              <p>1 - FIFO is quarter full</p>

              <p>2 - FIFO is half full</p>

              <p>3 - FIFO is two characters less than full (i.e., almost full)
              This field returns a value of zero when read.</p>
            </field-desc>
          </field>

          <field>
            <field-bits>
              <double>
                <msb>5</msb>

                <lsb>4</lsb>
              </double>
            </field-bits>

            <field-name verilog="TET">TET</field-name>

            <field-type>RW</field-type>

            <field-default>0x0</field-default>

            <field-desc>
              <p><b>Transmit Empty Trigger</b></p>

              <p>This field selects the Threshold value at which the Transmit
              Holding Register Empty interrupt is generated:</p>

              <p>0 - FIFO empty</p>

              <p>1 - FIFO contains 2 characters</p>

              <p>2 - FIFO quarter full</p>

              <p>3 - FIFO half full This field returns a value of zero when
              read.</p>
            </field-desc>
          </field>

          <field>
            <field-bits>
              <single>3</single>
            </field-bits>

            <field-name verilog="RESERVED">RESERVED</field-name>

            <field-type>RO</field-type>

            <field-default>0x0</field-default>

            <field-desc>
              <p><b>Reserved</b></p>
            </field-desc>
          </field>

          <field>
            <field-bits>
              <single>2</single>
            </field-bits>

            <field-name verilog="XFIFOR">XFIFOR</field-name>

            <field-type>RW</field-type>

            <field-default>0x0</field-default>

            <field-desc>
              <p><b>Transmit FIFO Reset</b></p>

              <p>Writing a value of one to this field resets the Transmit
              FIFO. This field returns a value of zero when read.</p>
            </field-desc>
          </field>

          <field>
            <field-bits>
              <single>1</single>
            </field-bits>

            <field-name verilog="RFIFOR">RFIFOR</field-name>

            <field-type>RW</field-type>

            <field-default>0x0</field-default>

            <field-desc>
              <p><b>Receive FIFO Reset</b></p>

              <p>Writing a value of one to this field resets the Receive FIFO.
              This field returns a value of zero when read.</p>
            </field-desc>
          </field>

          <field>
            <field-bits>
              <single>0</single>
            </field-bits>

            <field-name verilog="FIFOE">FIFOE</field-name>

            <field-type>RW</field-type>

            <field-default>0x0</field-default>

            <field-desc>
              <p><b>FIFO Enable</b></p>

              <p>This bit is used to enable or disable the Transmit and
              Receive FIFOs:</p>

              <p>0 - The FIFOs are Disabled</p>

              <p>1 - The FIFOs are Enabled</p>

              <p>Changing the value of this bit from 0 to 1 also resets both
              FIFOs. This field returns a value of zero when read.</p>
            </field-desc>
          </field>
        </reg-def>
      </tgroup>
    </table>

    <table id="table_ULCR">
      <title><reg-name-main verilog="ULCR">ULCR</reg-name-main> -
      <reg-desc>UART Line Control Register</reg-desc></title>

      <tgroup cols="5">
        <colspec colname="A" colwidth="111*"/>

        <colspec colname="B" colwidth="144*"/>

        <colspec colname="C" colwidth="101*"/>

        <colspec colname="D" colwidth="87*"/>

        <colspec colname="E" colwidth="557*"/>

        <thead>
          <row>
            <entry><p>Bit Field</p></entry>

            <entry><p>Field Name</p></entry>

            <entry><p>Type</p></entry>

            <entry><p>Default Value</p></entry>

            <entry><p>Description</p></entry>
          </row>
        </thead>

        <reg-def>
          <field>
            <field-bits>
              <double>
                <msb>31</msb>

                <lsb>8</lsb>
              </double>
            </field-bits>

            <field-name verilog="RESERVED">RESERVED</field-name>

            <field-type>RO</field-type>

            <field-default>0x0</field-default>

            <field-desc>
              <p><b>Reserved</b></p>
            </field-desc>
          </field>

          <field>
            <field-bits>
              <single>7</single>
            </field-bits>

            <field-name verilog="DLAB">DLAB</field-name>

            <field-type>RW</field-type>

            <field-default>0x0</field-default>

            <field-desc>
              <p><b>Divisor Latch Address Bit </b></p>

              <p>This bit must be set to 1 in order to access the Baud Rate
              Divisor Latches. When this bit is cleared to 0, access to other
              registers is enabled at those addresses.</p>
            </field-desc>
          </field>

          <field>
            <field-bits>
              <single>6</single>
            </field-bits>

            <field-name verilog="BC">BC</field-name>

            <field-type>RW</field-type>

            <field-default>0x0</field-default>

            <field-desc>
              <p><b>Break Control </b></p>

              <p>When this bit is set a Break is transmitted.</p>
            </field-desc>
          </field>

          <field>
            <field-bits>
              <single>5</single>
            </field-bits>

            <field-name verilog="SP">SP</field-name>

            <field-type>RW</field-type>

            <field-default>0x0</field-default>

            <field-desc>
              <p><b>Stick Parity</b></p>

              <p>When Parity is enabled, this bit is used in conjunction with
              EPS to select Mark or Space parity (for testing purposes).</p>
            </field-desc>
          </field>

          <field>
            <field-bits>
              <single>4</single>
            </field-bits>

            <field-name verilog="EPS">EPS</field-name>

            <field-type>RW</field-type>

            <field-default>0x0</field-default>

            <field-desc>
              <p><b>Even Parity Select </b></p>

              <p>When Parity is enabled this field selects the Parity
              Type:</p>

              <p>0 - Odd parity</p>

              <p>1 - Even parity</p>
            </field-desc>
          </field>

          <field>
            <field-bits>
              <single>3</single>
            </field-bits>

            <field-name verilog="PEN">PEN</field-name>

            <field-type>RW</field-type>

            <field-default>0x0</field-default>

            <field-desc>
              <p><b>Parity Enable</b></p>

              <p>This field selects the Parity mode:</p>

              <p>0 - Parity is Disabled</p>

              <p>1 - Parity is Enabled</p>
            </field-desc>
          </field>

          <field>
            <field-bits>
              <single>2</single>
            </field-bits>

            <field-name verilog="STOP">STOP</field-name>

            <field-type>RW</field-type>

            <field-default>0x0</field-default>

            <field-desc>
              <p><b>Number of Stop Bits </b></p>

              <p>This field selects the number of stop bits per character:</p>

              <p>0 - Use 1 stop bit</p>

              <p>1 - Use 2 stop bits (if the character length is more than
              5-bits) or 1.5 stop bits (if the character length is
              5-bits).</p>
            </field-desc>
          </field>

          <field>
            <field-bits>
              <double>
                <msb>1</msb>

                <lsb>0</lsb>
              </double>
            </field-bits>

            <field-name verilog="DLS">DLS</field-name>

            <field-type>RW</field-type>

            <field-default>0x0</field-default>

            <field-desc>
              <p><b>Data Length Select </b></p>

              <p>This field selects the number of data bits per character:</p>

              <p>0 - Data is 5 bits</p>

              <p>1 - Data is 6 bits</p>

              <p>2 - Data is 7 bits</p>

              <p>3 - Data is 8 bits</p>
            </field-desc>
          </field>
        </reg-def>
      </tgroup>
    </table>

    <table id="table_UMCR">
      <title><reg-name-main verilog="UMCR">UMCR</reg-name-main> -
      <reg-desc>UART Modem Control Register </reg-desc></title>

      <tgroup cols="5">
        <colspec colname="A" colwidth="111*"/>

        <colspec colname="B" colwidth="144*"/>

        <colspec colname="C" colwidth="101*"/>

        <colspec colname="D" colwidth="87*"/>

        <colspec colname="E" colwidth="557*"/>

        <thead>
          <row>
            <entry><p>Bit Field</p></entry>

            <entry><p>Field Name</p></entry>

            <entry><p>Type</p></entry>

            <entry><p>Default Value</p></entry>

            <entry><p>Description</p></entry>
          </row>
        </thead>

        <reg-def>
          <field>
            <field-bits>
              <double>
                <msb>31</msb>

                <lsb>7</lsb>
              </double>
            </field-bits>

            <field-name verilog="RESERVED">RESERVED</field-name>

            <field-type>RO</field-type>

            <field-default>0x0</field-default>

            <field-desc>
              <p><b>Reserved</b></p>
            </field-desc>
          </field>

          <field>
            <field-bits>
              <double>
                <msb>6</msb>

                <lsb>5</lsb>
              </double>
            </field-bits>

            <field-name verilog="RESERVED">RESERVED</field-name>

            <field-type>RO</field-type>

            <field-default>0x0</field-default>

            <field-desc>
              <p><b>Reserved</b></p>
            </field-desc>
          </field>

          <field>
            <field-bits>
              <single>4</single>
            </field-bits>

            <field-name verilog="LB">LB</field-name>

            <field-type>RW</field-type>

            <field-default>0x0</field-default>

            <field-desc>
              <p><b>Loopback </b></p>

              <p>This bit controls the local loopback feature for diagnostic
              testing of the associated serial channel:</p>

              <p>0 - Loopback is Disabled</p>

              <p>1 - Loopback is Enabled.</p>
            </field-desc>
          </field>

          <field>
            <field-bits>
              <double>
                <msb>3</msb>

                <lsb>0</lsb>
              </double>
            </field-bits>

            <field-name verilog="RESERVED">RESERVED</field-name>

            <field-type>RO</field-type>

            <field-default>0x0</field-default>

            <field-desc>
              <p><b>Reserved</b></p>
            </field-desc>
          </field>
        </reg-def>
      </tgroup>
    </table>

    <table id="table_ULSR">
      <title><reg-name-main verilog="ULSR">ULSR</reg-name-main> -
      <reg-desc>UART Line Status Register </reg-desc></title>

      <tgroup cols="5">
        <colspec colname="A" colwidth="111*"/>

        <colspec colname="B" colwidth="144*"/>

        <colspec colname="C" colwidth="101*"/>

        <colspec colname="D" colwidth="87*"/>

        <colspec colname="E" colwidth="557*"/>

        <thead>
          <row>
            <entry><p>Bit Field</p></entry>

            <entry><p>Field Name</p></entry>

            <entry><p>Type</p></entry>

            <entry><p>Default Value</p></entry>

            <entry><p>Description</p></entry>
          </row>
        </thead>

        <reg-def>
          <field>
            <field-bits>
              <double>
                <msb>31</msb>

                <lsb>8</lsb>
              </double>
            </field-bits>

            <field-name verilog="RESERVED">RESERVED</field-name>

            <field-type>RO</field-type>

            <field-default>0x0</field-default>

            <field-desc>
              <p><b>Reserved</b></p>
            </field-desc>
          </field>

          <field>
            <field-bits>
              <single>7</single>
            </field-bits>

            <field-name verilog="RFE">RFE</field-name>

            <field-type>RO</field-type>

            <field-default>0x0</field-default>

            <field-desc>
              <p><b>Receive FIFO Error</b></p>

              <p>This bit is set when the Receive FIFO contains a character
              with a parity error or a framing error, or a break
              indication.</p>
            </field-desc>
          </field>

          <field>
            <field-bits>
              <single>6</single>
            </field-bits>

            <field-name verilog="TEMT">TEMT</field-name>

            <field-type>RO</field-type>

            <field-default>0x1</field-default>

            <field-desc>
              <p><b>Transmit Empty</b></p>

              <p>This bit is set when both the transmitter holding register
              and the transmitter shift register are empty.</p>
            </field-desc>
          </field>

          <field>
            <field-bits>
              <single>5</single>
            </field-bits>

            <field-name verilog="THRE">THRE</field-name>

            <field-type>RO</field-type>

            <field-default>0x1</field-default>

            <field-desc>
              <p><b>Transmit Holding Register Empty</b></p>

              <p>This bit is set to indicate that the UART is ready to accept
              a new character for transmission.</p>
            </field-desc>
          </field>

          <field>
            <field-bits>
              <single>4</single>
            </field-bits>

            <field-name verilog="BI">BI</field-name>

            <field-type>RO</field-type>

            <field-default>0x0</field-default>

            <field-desc>
              <p><b>Break Interrupt </b></p>

              <p>This bit is set when a break is received.</p>
            </field-desc>
          </field>

          <field>
            <field-bits>
              <single>3</single>
            </field-bits>

            <field-name verilog="FE">FE</field-name>

            <field-type>RO</field-type>

            <field-default>0x0</field-default>

            <field-desc>
              <p><b>Framing Error</b></p>

              <p>This bit is set whenever a received character does not have a
              valid stop bit.</p>
            </field-desc>
          </field>

          <field>
            <field-bits>
              <single>2</single>
            </field-bits>

            <field-name verilog="PE">PE</field-name>

            <field-type>RO</field-type>

            <field-default>0x0</field-default>

            <field-desc>
              <p><b>Parity Error </b></p>

              <p>This bit is set whenever a character with incorrect parity is
              received.</p>
            </field-desc>
          </field>

          <field>
            <field-bits>
              <single>1</single>
            </field-bits>

            <field-name verilog="OE">OE</field-name>

            <field-type>RO</field-type>

            <field-default>0x0</field-default>

            <field-desc>
              <p><b>Overrun Error </b></p>

              <p>This bit is set whenever a receiver overrun occurs.</p>
            </field-desc>
          </field>

          <field>
            <field-bits>
              <single>0</single>
            </field-bits>

            <field-name verilog="DR">DR</field-name>

            <field-type>RO</field-type>

            <field-default>0x0</field-default>

            <field-desc>
              <p><b>Data Ready </b></p>

              <p>This is set whenever a character has been received and may be
              read from the receive buffer.</p>
            </field-desc>
          </field>
        </reg-def>
      </tgroup>
    </table>

    <table audience="MSCCInternal" id="table_UMSR">
      <title><reg-name-main verilog="UMSR">UMSR</reg-name-main> -
      <reg-desc>UART Modem Status Register </reg-desc></title>

      <tgroup cols="5">
        <colspec colname="A" colwidth="111*"/>

        <colspec colname="B" colwidth="144*"/>

        <colspec colname="C" colwidth="101*"/>

        <colspec colname="D" colwidth="87*"/>

        <colspec colname="E" colwidth="557*"/>

        <thead>
          <row>
            <entry><p>Bit Field</p></entry>

            <entry><p>Field Name</p></entry>

            <entry><p>Type</p></entry>

            <entry><p>Default Value</p></entry>

            <entry><p>Description</p></entry>
          </row>
        </thead>

        <reg-def>
          <field>
            <field-bits>
              <double>
                <msb>31</msb>

                <lsb>8</lsb>
              </double>
            </field-bits>

            <field-name verilog="RESERVED">RESERVED</field-name>

            <field-type>RO</field-type>

            <field-default>0x0</field-default>

            <field-desc>
              <p><b>Reserved (Undefined) </b></p>

              <p>Since the UART does not implement modem control signals, this
              register is unused and its value is undefined.</p>
            </field-desc>
          </field>

          <field>
            <field-bits>
              <double>
                <msb>7</msb>

                <lsb>0</lsb>
              </double>
            </field-bits>

            <field-name verilog="RESERVED">RESERVED</field-name>

            <field-type>RW</field-type>

            <field-default>0x0</field-default>

            <field-desc>
              <p><b>Reserved</b></p>
            </field-desc>
          </field>
        </reg-def>
      </tgroup>
    </table>

    <table id="table_USCR">
      <title><reg-name-main verilog="USCR">USCR</reg-name-main> -
      <reg-desc>UART Scratchpad Register </reg-desc></title>

      <tgroup cols="5">
        <colspec colname="A" colwidth="111*"/>

        <colspec colname="B" colwidth="144*"/>

        <colspec colname="C" colwidth="101*"/>

        <colspec colname="D" colwidth="87*"/>

        <colspec colname="E" colwidth="557*"/>

        <thead>
          <row>
            <entry><p>Bit Field</p></entry>

            <entry><p>Field Name</p></entry>

            <entry><p>Type</p></entry>

            <entry><p>Default Value</p></entry>

            <entry><p>Description</p></entry>
          </row>
        </thead>

        <reg-def>
          <field>
            <field-bits>
              <double>
                <msb>31</msb>

                <lsb>8</lsb>
              </double>
            </field-bits>

            <field-name verilog="RESERVED">RESERVED</field-name>

            <field-type>RO</field-type>

            <field-default>0x0</field-default>

            <field-desc>
              <p><b>Reserved</b></p>
            </field-desc>
          </field>

          <field>
            <field-bits>
              <double>
                <msb>7</msb>

                <lsb>0</lsb>
              </double>
            </field-bits>

            <field-name verilog="DATA">DATA</field-name>

            <field-type>RW</field-type>

            <field-default>0x0</field-default>

            <field-desc>
              <p><b>Scratchpad Data</b></p>

              <p>This register has no defined purpose and it may be used by
              software to hold temporary data when needed.</p>
            </field-desc>
          </field>
        </reg-def>
      </tgroup>
    </table>

    <table audience="MSCCInternal" id="table_UFAR">
      <title><reg-name-main verilog="UFAR">UFAR</reg-name-main> -
      <reg-desc>UART FIFO Access Register</reg-desc></title>

      <tgroup cols="5">
        <colspec colname="A" colwidth="111*"/>

        <colspec colname="B" colwidth="144*"/>

        <colspec colname="C" colwidth="101*"/>

        <colspec colname="D" colwidth="87*"/>

        <colspec colname="E" colwidth="557*"/>

        <thead>
          <row>
            <entry><p>Bit Field</p></entry>

            <entry><p>Field Name</p></entry>

            <entry><p>Type</p></entry>

            <entry><p>Default Value</p></entry>

            <entry><p>Description</p></entry>
          </row>
        </thead>

        <reg-def>
          <field>
            <field-bits>
              <double>
                <msb>31</msb>

                <lsb>1</lsb>
              </double>
            </field-bits>

            <field-name verilog="RESERVED">RESERVED</field-name>

            <field-type>RO</field-type>

            <field-default>0x0</field-default>

            <field-desc>
              <p><b>Reserved</b></p>
            </field-desc>
          </field>

          <field>
            <field-bits>
              <single>0</single>
            </field-bits>

            <field-name verilog="FAR">FAR</field-name>

            <field-type>RW</field-type>

            <field-default>0x0</field-default>

            <field-desc>
              <p><b>FIFO Access Register </b></p>

              <p>This field is used to enable FIFO Access Mode for testing
              purposes. When FIFO Access Mode is enabled, it is possible to
              write to the Receive FIFO and read from the Transmit FIFO.</p>

              <p>0 - FIFO Access Mode is Disabled</p>

              <p>1 - FIFO Access Mode is Enabled</p>
            </field-desc>
          </field>
        </reg-def>
      </tgroup>
    </table>

    <table id="table_UODM">
      <title><reg-name-main verilog="UODM">UODM</reg-name-main> -
      <reg-desc>UART Open Drain Mode Register</reg-desc></title>

      <tgroup cols="5">
        <colspec colname="A" colwidth="111*"/>

        <colspec colname="B" colwidth="144*"/>

        <colspec colname="C" colwidth="101*"/>

        <colspec colname="D" colwidth="87*"/>

        <colspec colname="E" colwidth="557*"/>

        <thead>
          <row>
            <entry><p>Bit Field</p></entry>

            <entry><p>Field Name</p></entry>

            <entry><p>Type</p></entry>

            <entry><p>Default Value</p></entry>

            <entry><p>Description</p></entry>
          </row>
        </thead>

        <reg-def>
          <field>
            <field-bits>
              <double>
                <msb>31</msb>

                <lsb>2</lsb>
              </double>
            </field-bits>

            <field-name verilog="RESERVED">RESERVED</field-name>

            <field-type>RO</field-type>

            <field-default>0x0</field-default>

            <field-desc>
              <p><b>Reserved</b></p>
            </field-desc>
          </field>

          <field>
            <field-bits>
              <single>1</single>
            </field-bits>

            <field-name verilog="EN">PORTSEL</field-name>

            <field-type>RW</field-type>

            <field-default>0x0</field-default>

            <field-desc>
              <p><b>Port Select </b></p>

              <p>This field is used to select which GPIO pins the UART is
              connected to.</p>

              <p>0 - The UART controller is connected to GPIO[8:7]. These pins
              can be used in either Push/Pull or Simulated Open Drain mode
              depending on the value of EN.</p>

              <p>1 - The UART controller is connected to GPIO[16:15].</p>
            </field-desc>
          </field>

          <field>
            <field-bits>
              <single>0</single>
            </field-bits>

            <field-name verilog="EN">EN</field-name>

            <field-type>RW</field-type>

            <field-default>0x0</field-default>

            <field-desc>
              <p><b>Enable </b></p>

              <p>This field is used to enable simulated Open Drain mode for
              the UART on GPIO[8:7] and has no effect when PORTSEL is
              configured to 1'b1..</p>

              <p>0 - Simulated Open Drain Mode is Disabled. Standard push/pull
              operation is used.</p>

              <p>1 - Simulated Open Drain Mode is Enabled.</p>
            </field-desc>
          </field>
        </reg-def>
      </tgroup>
    </table>

    <p/>
  </body>
</topic>
