<?xml version="1.0" encoding="UTF-8"?>
<!-- Date Stamp: Mon Sep 17 09:18:04 PDT 2018 -->
<!DOCTYPE topic PUBLIC "-//OASIS//DTD DITA 1.2 Topic//EN"
"topic.dtd">
<topic base="base" id="testaddr">
  <title>UART Register Address Map</title>

  <body>
    <p/>

    <table id="table_UART_Address_Map_5jk9w6hzb">
      <title>UART Address Map</title>

      <tgroup cols="3">
        <colspec colwidth="148*"/>

        <colspec colwidth="218*"/>

        <colspec colwidth="634*"/>

        <thead>
          <row>
            <entry><p>Offset Address</p></entry>

            <entry><p>Register Mnemonic </p></entry>

            <entry><p>Register Description </p></entry>
          </row>
        </thead>

        <address-map>
          <register-reference>
            <address>0x00000</address>

            <addr-element>
              <addr-mnemonic>URBR</addr-mnemonic>
            </addr-element>

            <address-details>
              <p><xref
              href="uart_csr_reg.xml#uart_csr_MTN/table_URBR">URBR</xref></p>
            </address-details>
          </register-reference>

          <register-reference>
            <address>0x00000</address>

            <addr-element>
              <addr-mnemonic>UTHR</addr-mnemonic>
            </addr-element>

            <address-details>
              <p><xref
              href="uart_csr_reg.xml#uart_csr_MTN/table_UTHR">UTHR</xref></p>
            </address-details>
          </register-reference>

          <register-reference>
            <address>0x00000</address>

            <addr-element>
              <addr-mnemonic>UDLL</addr-mnemonic>
            </addr-element>

            <address-details>
              <p><xref
              href="uart_csr_reg.xml#uart_csr_MTN/table_UDLL">UDLL</xref></p>
            </address-details>
          </register-reference>

          <register-reference>
            <address>0x00004</address>

            <addr-element>
              <addr-mnemonic>UIER</addr-mnemonic>
            </addr-element>

            <address-details>
              <p><xref
              href="uart_csr_reg.xml#uart_csr_MTN/table_UIER">UIER</xref></p>
            </address-details>
          </register-reference>

          <register-reference>
            <address>0x00004</address>

            <addr-element>
              <addr-mnemonic>UDLH</addr-mnemonic>
            </addr-element>

            <address-details>
              <p><xref
              href="uart_csr_reg.xml#uart_csr_MTN/table_UDLH">UDLH</xref></p>
            </address-details>
          </register-reference>

          <register-reference>
            <address>0x00008</address>

            <addr-element>
              <addr-mnemonic>UIIR</addr-mnemonic>
            </addr-element>

            <address-details>
              <p><xref
              href="uart_csr_reg.xml#uart_csr_MTN/table_UIIR">UIIR</xref></p>
            </address-details>
          </register-reference>

          <register-reference>
            <address>0x00008</address>

            <addr-element>
              <addr-mnemonic>UFCR</addr-mnemonic>
            </addr-element>

            <address-details>
              <p><xref
              href="uart_csr_reg.xml#uart_csr_MTN/table_UFCR">UFCR</xref></p>
            </address-details>
          </register-reference>

          <register-reference>
            <address>0x0000c</address>

            <addr-element>
              <addr-mnemonic>ULCR</addr-mnemonic>
            </addr-element>

            <address-details>
              <p><xref
              href="uart_csr_reg.xml#uart_csr_MTN/table_ULCR">ULCR</xref></p>
            </address-details>
          </register-reference>

          <register-reference>
            <address>0x00010</address>

            <addr-element>
              <addr-mnemonic>UMCR</addr-mnemonic>
            </addr-element>

            <address-details>
              <p><xref
              href="uart_csr_reg.xml#uart_csr_MTN/table_UMCR">UMCR</xref></p>
            </address-details>
          </register-reference>

          <register-reference>
            <address>0x00014</address>

            <addr-element>
              <addr-mnemonic>ULSR</addr-mnemonic>
            </addr-element>

            <address-details>
              <p><xref
              href="uart_csr_reg.xml#uart_csr_MTN/table_ULSR">ULSR</xref></p>
            </address-details>
          </register-reference>

          <register-reference audience="MSCCInternal">
            <address>0x00018</address>

            <addr-element>
              <addr-mnemonic>UMSR</addr-mnemonic>
            </addr-element>

            <address-details>
              <p><xref
              href="uart_csr_reg.xml#uart_csr_MTN/table_UMSR">UMSR</xref></p>
            </address-details>
          </register-reference>

          <register-reference>
            <address>0x0001c</address>

            <addr-element>
              <addr-mnemonic>USCR</addr-mnemonic>
            </addr-element>

            <address-details>
              <p><xref
              href="uart_csr_reg.xml#uart_csr_MTN/table_USCR">USCR</xref></p>
            </address-details>
          </register-reference>

          <register-reference audience="MSCCInternal">
            <address>0x00020</address>

            <addr-element>
              <addr-mnemonic>UFAR</addr-mnemonic>
            </addr-element>

            <address-details>
              <p><xref
              href="uart_csr_reg.xml#uart_csr_MTN/table_UFAR">UFAR</xref></p>
            </address-details>
          </register-reference>

          <register-reference>
            <address>0x00400</address>

            <addr-element>
              <addr-mnemonic>UODM</addr-mnemonic>
            </addr-element>

            <address-details>
              <p><xref
              href="uart_csr_reg.xml#uart_csr_MTN/table_UODM">UODM</xref></p>
            </address-details>
          </register-reference>
        </address-map>
      </tgroup>
    </table>

    <p/>
  </body>
</topic>
