<?xml version="1.0" encoding="UTF-8"?>
<!-- Date Stamp: Mon Aug 29 13:22:02 PDT 2022 -->
<!DOCTYPE topic PUBLIC "-//OASIS//DTD DITA 1.2 Topic//EN" "topic.dtd">
<topic base="base" id="vpu_regdef">
  <title>VPU Register Address Map</title>
  <body>
    <table id="subunit_table_vpu_regdef">
      <title>VPU Register Address Map</title>
      <tgroup cols="3">
        <colspec colwidth="148*"/>
        <colspec colwidth="218*"/>
        <colspec colwidth="634*"/>
        <thead>
          <row>
            <entry><p>Offset Address</p></entry>
            <entry><p>Register Mnemonic </p></entry>
            <entry><p>Register Description </p></entry>
          </row>
        </thead>
        <address-map>
          <register-reference>
            <address>0x00000</address>
            <addr-element>
              <addr-mnemonic>MEMAPROP[x]</addr-mnemonic>
              <instances>
                <instance>
                  <instance-start>0</instance-start>
                  <instance-stop>3</instance-stop>
                </instance>
              </instances>
            </addr-element>
            <address-details>
              <p><xref
                href="vpu_regdef_reg.xml#vpu_regdef/table_VPU_MEMAPROP">MEMAPROP</xref>
              </p>
            </address-details>
          </register-reference>
          <register-reference>
            <address>0x00010</address>
            <addr-element>
              <addr-mnemonic>MEMAPROT[x]</addr-mnemonic>
              <instances>
                <instance>
                  <instance-start>0</instance-start>
                  <instance-stop>3</instance-stop>
                </instance>
              </instances>
            </addr-element>
            <address-details>
              <p><xref
                href="vpu_regdef_reg.xml#vpu_regdef/table_VPU_MEMAPROT">MEMAPROT</xref>
              </p>
            </address-details>
          </register-reference>
          <register-reference>
            <address>0x00100</address>
            <addr-element>
              <addr-mnemonic>CTL</addr-mnemonic>
            </addr-element>
            <address-details>
              <p><xref
                href="vpu_regdef_reg.xml#vpu_regdef/table_VPU_CTL">CTL</xref>
              </p>
            </address-details>
          </register-reference>
          <register-reference>
            <address>0x00104</address>
            <addr-element>
              <addr-mnemonic>STS</addr-mnemonic>
            </addr-element>
            <address-details>
              <p><xref
                href="vpu_regdef_reg.xml#vpu_regdef/table_VPU_STS">STS</xref>
              </p>
            </address-details>
          </register-reference>
          <register-reference>
            <address>0x00200</address>
            <addr-element>
              <addr-mnemonic>UCERRSTS</addr-mnemonic>
            </addr-element>
            <address-details>
              <p><xref
                href="vpu_regdef_reg.xml#vpu_regdef/table_VPU_UCERRSTS">UCERRSTS</xref>
              </p>
            </address-details>
          </register-reference>
          <register-reference>
            <address>0x00204</address>
            <addr-element>
              <addr-mnemonic>UCERRMSK</addr-mnemonic>
            </addr-element>
            <address-details>
              <p><xref
                href="vpu_regdef_reg.xml#vpu_regdef/table_VPU_UCERRMSK">UCERRMSK</xref>
              </p>
            </address-details>
          </register-reference>
          <register-reference>
            <address>0x00208</address>
            <addr-element>
              <addr-mnemonic>UCERRSWTGR</addr-mnemonic>
            </addr-element>
            <address-details>
              <p><xref
                href="vpu_regdef_reg.xml#vpu_regdef/table_VPU_UCERRSWTGR">UCERRSWTGR</xref>
              </p>
            </address-details>
          </register-reference>
          <register-reference audience="MSCCInternal">
            <address>0x0020c</address>
            <addr-element>
              <addr-mnemonic>CERRSTS</addr-mnemonic>
            </addr-element>
            <address-details>
              <p><xref
                href="vpu_regdef_reg.xml#vpu_regdef/table_VPU_CERRSTS">CERRSTS</xref>
              </p>
            </address-details>
          </register-reference>
          <register-reference audience="MSCCInternal">
            <address>0x00210</address>
            <addr-element>
              <addr-mnemonic>CERRMSK</addr-mnemonic>
            </addr-element>
            <address-details>
              <p><xref
                href="vpu_regdef_reg.xml#vpu_regdef/table_VPU_CERRMSK">CERRMSK</xref>
              </p>
            </address-details>
          </register-reference>
          <register-reference audience="MSCCInternal">
            <address>0x00214</address>
            <addr-element>
              <addr-mnemonic>CERRSWTGR</addr-mnemonic>
            </addr-element>
            <address-details>
              <p><xref
                href="vpu_regdef_reg.xml#vpu_regdef/table_VPU_CERRSWTGR">CERRSWTGR</xref>
              </p>
            </address-details>
          </register-reference>
          <register-reference>
            <address>0x00218</address>
            <addr-element>
              <addr-mnemonic>AUTDISMSK</addr-mnemonic>
            </addr-element>
            <address-details>
              <p><xref
                href="vpu_regdef_reg.xml#vpu_regdef/table_VPU_AUTDISMSK">AUTDISMSK</xref>
              </p>
            </address-details>
          </register-reference>
          <register-reference>
            <address>0x00230</address>
            <addr-element>
              <addr-mnemonic>QTO</addr-mnemonic>
            </addr-element>
            <address-details>
              <p><xref
                href="vpu_regdef_reg.xml#vpu_regdef/table_VPU_QTO">QTO</xref>
              </p>
            </address-details>
          </register-reference>
          <register-reference>
            <address>0x00234</address>
            <addr-element>
              <addr-mnemonic>QTIMER</addr-mnemonic>
            </addr-element>
            <address-details>
              <p><xref
                href="vpu_regdef_reg.xml#vpu_regdef/table_VPU_QTIMER">QTIMER</xref>
              </p>
            </address-details>
          </register-reference>
          <register-reference>
            <address>0x00300</address>
            <addr-element>
              <addr-mnemonic>POWERCTL</addr-mnemonic>
            </addr-element>
            <address-details>
              <p><xref
                href="vpu_regdef_reg.xml#vpu_regdef/table_VPU_POWERCTL">POWERCTL</xref>
              </p>
            </address-details>
          </register-reference>
          <register-reference audience="MSCCInternal">
            <address>0x00304</address>
            <addr-element>
              <addr-mnemonic>RAMRESET</addr-mnemonic>
            </addr-element>
            <address-details>
              <p><xref
                href="vpu_regdef_reg.xml#vpu_regdef/table_VPU_RAMRESET">RAMRESET</xref>
              </p>
            </address-details>
          </register-reference>
          <register-reference audience="MSCCInternal">
            <address>0x00308</address>
            <addr-element>
              <addr-mnemonic>RAMPOWERCNT</addr-mnemonic>
            </addr-element>
            <address-details>
              <p><xref
                href="vpu_regdef_reg.xml#vpu_regdef/table_VPU_RAMPOWERCNT">RAMPOWERCNT</xref>
              </p>
            </address-details>
          </register-reference>
          <register-reference audience="MSCCInternal">
            <address>0x00310</address>
            <addr-element>
              <addr-mnemonic>DBGCTL</addr-mnemonic>
            </addr-element>
            <address-details>
              <p><xref
                href="vpu_regdef_reg.xml#vpu_regdef/table_VPU_DBGCTL">DBGCTL</xref>
              </p>
            </address-details>
          </register-reference>
          <register-reference audience="MSCCInternal">
            <address>0x00320</address>
            <addr-element>
              <addr-mnemonic>RAMECTL</addr-mnemonic>
            </addr-element>
            <address-details>
              <p><xref
                href="vpu_regdef_reg.xml#vpu_regdef/table_VPU_RAMECTL">RAMECTL</xref>
              </p>
            </address-details>
          </register-reference>
          <register-reference>
            <address>0x00400</address>
            <addr-element>
              <addr-mnemonic>REQ</addr-mnemonic>
            </addr-element>
            <address-details>
              <p><xref
                href="vpu_regdef_reg.xml#vpu_regdef/table_VPU_REQ">REQ</xref>
              </p>
            </address-details>
          </register-reference>
          <register-reference>
            <address>0x00404</address>
            <addr-element>
              <addr-mnemonic>REQNS</addr-mnemonic>
            </addr-element>
            <address-details>
              <p><xref
                href="vpu_regdef_reg.xml#vpu_regdef/table_VPU_REQNS">REQNS</xref>
              </p>
            </address-details>
          </register-reference>
          <register-reference>
            <address>0x00408</address>
            <addr-element>
              <addr-mnemonic>HALT</addr-mnemonic>
            </addr-element>
            <address-details>
              <p><xref
                href="vpu_regdef_reg.xml#vpu_regdef/table_VPU_HALT">HALT</xref>
              </p>
            </address-details>
          </register-reference>
          <register-reference>
            <address>0x00410</address>
            <addr-element>
              <addr-mnemonic>SGLHI[x]</addr-mnemonic>
              <instances>
                <instance>
                  <instance-start>0</instance-start>
                  <instance-stop>15</instance-stop>
                </instance>
              </instances>
            </addr-element>
            <address-details>
              <p><xref
                href="vpu_regdef_reg.xml#vpu_regdef/table_VPU_SGLHI">SGLHI</xref>
              </p>
            </address-details>
          </register-reference>
          <register-reference>
            <address>0x00450</address>
            <addr-element>
              <addr-mnemonic>SGLLO[x]</addr-mnemonic>
              <instances>
                <instance>
                  <instance-start>0</instance-start>
                  <instance-stop>15</instance-stop>
                </instance>
              </instances>
            </addr-element>
            <address-details>
              <p><xref
                href="vpu_regdef_reg.xml#vpu_regdef/table_VPU_SGLLO">SGLLO</xref>
              </p>
            </address-details>
          </register-reference>
          <register-reference>
            <address>0x00490</address>
            <addr-element>
              <addr-mnemonic>MEMPROP</addr-mnemonic>
            </addr-element>
            <address-details>
              <p><xref
                href="vpu_regdef_reg.xml#vpu_regdef/table_VPU_MEMPROP">MEMPROP</xref>
              </p>
            </address-details>
          </register-reference>
          <register-reference>
            <address>0x00494</address>
            <addr-element>
              <addr-mnemonic>XMEMPROP</addr-mnemonic>
            </addr-element>
            <address-details>
              <p><xref
                href="vpu_regdef_reg.xml#vpu_regdef/table_VPU_XMEMPROP">XMEMPROP</xref>
              </p>
            </address-details>
          </register-reference>
          <register-reference>
            <address>0x00498</address>
            <addr-element>
              <addr-mnemonic>XMEMBASE</addr-mnemonic>
            </addr-element>
            <address-details>
              <p><xref
                href="vpu_regdef_reg.xml#vpu_regdef/table_VPU_XMEMBASE">XMEMBASE</xref>
              </p>
            </address-details>
          </register-reference>
          <register-reference>
            <address>0x0049c</address>
            <addr-element>
              <addr-mnemonic>XMEMLIMIT</addr-mnemonic>
            </addr-element>
            <address-details>
              <p><xref
                href="vpu_regdef_reg.xml#vpu_regdef/table_VPU_XMEMLIMIT">XMEMLIMIT</xref>
              </p>
            </address-details>
          </register-reference>
          <register-reference>
            <address>0x00500</address>
            <addr-element>
              <addr-mnemonic>TIMEOUT</addr-mnemonic>
            </addr-element>
            <address-details>
              <p><xref
                href="vpu_regdef_reg.xml#vpu_regdef/table_VPU_TIMEOUT">TIMEOUT</xref>
              </p>
            </address-details>
          </register-reference>
          <register-reference audience="MSCCInternal">
            <address>0x00510</address>
            <addr-element>
              <addr-mnemonic>PCTL</addr-mnemonic>
            </addr-element>
            <address-details>
              <p><xref
                href="vpu_regdef_reg.xml#vpu_regdef/table_VPU_PCTL">PCTL</xref>
              </p>
            </address-details>
          </register-reference>
          <register-reference>
            <address>0x00600</address>
            <addr-element>
              <addr-mnemonic>R0</addr-mnemonic>
            </addr-element>
            <address-details>
              <p><xref
                href="vpu_regdef_reg.xml#vpu_regdef/table_VPU_R0">R0</xref>
              </p>
            </address-details>
          </register-reference>
          <register-reference>
            <address>0x00604</address>
            <addr-element>
              <addr-mnemonic>R1</addr-mnemonic>
            </addr-element>
            <address-details>
              <p><xref
                href="vpu_regdef_reg.xml#vpu_regdef/table_VPU_R1">R1</xref>
              </p>
            </address-details>
          </register-reference>
          <register-reference>
            <address>0x00608</address>
            <addr-element>
              <addr-mnemonic>R2</addr-mnemonic>
            </addr-element>
            <address-details>
              <p><xref
                href="vpu_regdef_reg.xml#vpu_regdef/table_VPU_R2">R2</xref>
              </p>
            </address-details>
          </register-reference>
          <register-reference>
            <address>0x0060c</address>
            <addr-element>
              <addr-mnemonic>R3</addr-mnemonic>
            </addr-element>
            <address-details>
              <p><xref
                href="vpu_regdef_reg.xml#vpu_regdef/table_VPU_R3">R3</xref>
              </p>
            </address-details>
          </register-reference>
          <register-reference>
            <address>0x00610</address>
            <addr-element>
              <addr-mnemonic>R4</addr-mnemonic>
            </addr-element>
            <address-details>
              <p><xref
                href="vpu_regdef_reg.xml#vpu_regdef/table_VPU_R4">R4</xref>
              </p>
            </address-details>
          </register-reference>
          <register-reference>
            <address>0x00614</address>
            <addr-element>
              <addr-mnemonic>R5</addr-mnemonic>
            </addr-element>
            <address-details>
              <p><xref
                href="vpu_regdef_reg.xml#vpu_regdef/table_VPU_R5">R5</xref>
              </p>
            </address-details>
          </register-reference>
          <register-reference>
            <address>0x00618</address>
            <addr-element>
              <addr-mnemonic>R6</addr-mnemonic>
            </addr-element>
            <address-details>
              <p><xref
                href="vpu_regdef_reg.xml#vpu_regdef/table_VPU_R6">R6</xref>
              </p>
            </address-details>
          </register-reference>
          <register-reference>
            <address>0x0061c</address>
            <addr-element>
              <addr-mnemonic>R7</addr-mnemonic>
            </addr-element>
            <address-details>
              <p><xref
                href="vpu_regdef_reg.xml#vpu_regdef/table_VPU_R7">R7</xref>
              </p>
            </address-details>
          </register-reference>
          <register-reference>
            <address>0x00620</address>
            <addr-element>
              <addr-mnemonic>R8</addr-mnemonic>
            </addr-element>
            <address-details>
              <p><xref
                href="vpu_regdef_reg.xml#vpu_regdef/table_VPU_R8">R8</xref>
              </p>
            </address-details>
          </register-reference>
          <register-reference>
            <address>0x00624</address>
            <addr-element>
              <addr-mnemonic>R9</addr-mnemonic>
            </addr-element>
            <address-details>
              <p><xref
                href="vpu_regdef_reg.xml#vpu_regdef/table_VPU_R9">R9</xref>
              </p>
            </address-details>
          </register-reference>
          <register-reference>
            <address>0x00628</address>
            <addr-element>
              <addr-mnemonic>R10</addr-mnemonic>
            </addr-element>
            <address-details>
              <p><xref
                href="vpu_regdef_reg.xml#vpu_regdef/table_VPU_R10">R10</xref>
              </p>
            </address-details>
          </register-reference>
          <register-reference>
            <address>0x0062c</address>
            <addr-element>
              <addr-mnemonic>R11</addr-mnemonic>
            </addr-element>
            <address-details>
              <p><xref
                href="vpu_regdef_reg.xml#vpu_regdef/table_VPU_R11">R11</xref>
              </p>
            </address-details>
          </register-reference>
          <register-reference>
            <address>0x00630</address>
            <addr-element>
              <addr-mnemonic>R12</addr-mnemonic>
            </addr-element>
            <address-details>
              <p><xref
                href="vpu_regdef_reg.xml#vpu_regdef/table_VPU_R12">R12</xref>
              </p>
            </address-details>
          </register-reference>
          <register-reference>
            <address>0x00634</address>
            <addr-element>
              <addr-mnemonic>R13</addr-mnemonic>
            </addr-element>
            <address-details>
              <p><xref
                href="vpu_regdef_reg.xml#vpu_regdef/table_VPU_R13">R13</xref>
              </p>
            </address-details>
          </register-reference>
          <register-reference>
            <address>0x00638</address>
            <addr-element>
              <addr-mnemonic>R14</addr-mnemonic>
            </addr-element>
            <address-details>
              <p><xref
                href="vpu_regdef_reg.xml#vpu_regdef/table_VPU_R14">R14</xref>
              </p>
            </address-details>
          </register-reference>
          <register-reference>
            <address>0x0063c</address>
            <addr-element>
              <addr-mnemonic>R15</addr-mnemonic>
            </addr-element>
            <address-details>
              <p><xref
                href="vpu_regdef_reg.xml#vpu_regdef/table_VPU_R15">R15</xref>
              </p>
            </address-details>
          </register-reference>
          <register-reference>
            <address>0x00640</address>
            <addr-element>
              <addr-mnemonic>IRHI</addr-mnemonic>
            </addr-element>
            <address-details>
              <p><xref
                href="vpu_regdef_reg.xml#vpu_regdef/table_VPU_IRHI">IRHI</xref>
              </p>
            </address-details>
          </register-reference>
          <register-reference>
            <address>0x00644</address>
            <addr-element>
              <addr-mnemonic>IRLO</addr-mnemonic>
            </addr-element>
            <address-details>
              <p><xref
                href="vpu_regdef_reg.xml#vpu_regdef/table_VPU_IRLO">IRLO</xref>
              </p>
            </address-details>
          </register-reference>
          <register-reference>
            <address>0x00648</address>
            <addr-element>
              <addr-mnemonic>IAR</addr-mnemonic>
            </addr-element>
            <address-details>
              <p><xref
                href="vpu_regdef_reg.xml#vpu_regdef/table_VPU_IAR">IAR</xref>
              </p>
            </address-details>
          </register-reference>
          <register-reference>
            <address>0x01000</address>
            <addr-element>
              <addr-mnemonic>FIRMWAREFLT</addr-mnemonic>
            </addr-element>
            <address-details>
              <p><xref
                href="vpu_regdef_reg.xml#vpu_regdef/table_VPU_FIRMWAREFLT">FIRMWAREFLT</xref>
              </p>
            </address-details>
          </register-reference>
          <register-reference>
            <address>0x01010</address>
            <addr-element>
              <addr-mnemonic>PARSEERR</addr-mnemonic>
            </addr-element>
            <address-details>
              <p><xref
                href="vpu_regdef_reg.xml#vpu_regdef/table_VPU_PARSEERR">PARSEERR</xref>
              </p>
            </address-details>
          </register-reference>
          <register-reference>
            <address>0x01080</address>
            <addr-element>
              <addr-mnemonic>STATE</addr-mnemonic>
            </addr-element>
            <address-details>
              <p><xref
                href="vpu_regdef_reg.xml#vpu_regdef/table_VPU_STATE">STATE</xref>
              </p>
            </address-details>
          </register-reference>
          <register-reference>
            <address>0x01084</address>
            <addr-element>
              <addr-mnemonic>STOP</addr-mnemonic>
            </addr-element>
            <address-details>
              <p><xref
                href="vpu_regdef_reg.xml#vpu_regdef/table_VPU_STOP">STOP</xref>
              </p>
            </address-details>
          </register-reference>
          <register-reference>
            <address>0x0108c</address>
            <addr-element>
              <addr-mnemonic>FATALFLT</addr-mnemonic>
            </addr-element>
            <address-details>
              <p><xref
                href="vpu_regdef_reg.xml#vpu_regdef/table_VPU_FATALFLT">FATALFLT</xref>
              </p>
            </address-details>
          </register-reference>
          <register-reference>
            <address>0x01090</address>
            <addr-element>
              <addr-mnemonic>ICNTHI</addr-mnemonic>
            </addr-element>
            <address-details>
              <p><xref
                href="vpu_regdef_reg.xml#vpu_regdef/table_VPU_ICNTHI">ICNTHI</xref>
              </p>
            </address-details>
          </register-reference>
          <register-reference>
            <address>0x01094</address>
            <addr-element>
              <addr-mnemonic>ICNTLO</addr-mnemonic>
            </addr-element>
            <address-details>
              <p><xref
                href="vpu_regdef_reg.xml#vpu_regdef/table_VPU_ICNTLO">ICNTLO</xref>
              </p>
            </address-details>
          </register-reference>
          <register-reference>
            <address>0x01098</address>
            <addr-element>
              <addr-mnemonic>CCNTHI</addr-mnemonic>
            </addr-element>
            <address-details>
              <p><xref
                href="vpu_regdef_reg.xml#vpu_regdef/table_VPU_CCNTHI">CCNTHI</xref>
              </p>
            </address-details>
          </register-reference>
          <register-reference>
            <address>0x0109c</address>
            <addr-element>
              <addr-mnemonic>CCNTLO</addr-mnemonic>
            </addr-element>
            <address-details>
              <p><xref
                href="vpu_regdef_reg.xml#vpu_regdef/table_VPU_CCNTLO">CCNTLO</xref>
              </p>
            </address-details>
          </register-reference>
          <register-reference audience="MSCCInternal">
            <address>0x010c0</address>
            <addr-element>
              <addr-mnemonic>RAMSBE</addr-mnemonic>
            </addr-element>
            <address-details>
              <p><xref
                href="vpu_regdef_reg.xml#vpu_regdef/table_VPU_RAMSBE">RAMSBE</xref>
              </p>
            </address-details>
          </register-reference>
          <register-reference audience="MSCCInternal">
            <address>0x010c4</address>
            <addr-element>
              <addr-mnemonic>RAMDBE</addr-mnemonic>
            </addr-element>
            <address-details>
              <p><xref
                href="vpu_regdef_reg.xml#vpu_regdef/table_VPU_RAMDBE">RAMDBE</xref>
              </p>
            </address-details>
          </register-reference>
          <register-reference audience="MSCCInternal">
            <address>0x02000</address>
            <addr-element>
              <addr-mnemonic>GATHERFLT</addr-mnemonic>
            </addr-element>
            <address-details>
              <p><xref
                href="vpu_regdef_reg.xml#vpu_regdef/table_VPU_GATHERFLT">GATHERFLT</xref>
              </p>
            </address-details>
          </register-reference>
          <register-reference audience="MSCCInternal">
            <address>0x02010</address>
            <addr-element>
              <addr-mnemonic>SCATTERFLT</addr-mnemonic>
            </addr-element>
            <address-details>
              <p><xref
                href="vpu_regdef_reg.xml#vpu_regdef/table_VPU_SCATTERFLT">SCATTERFLT</xref>
              </p>
            </address-details>
          </register-reference>
          <register-reference audience="MSCCInternal">
            <address>0x02100</address>
            <addr-element>
              <addr-mnemonic>PARSERDBG</addr-mnemonic>
            </addr-element>
            <address-details>
              <p><xref
                href="vpu_regdef_reg.xml#vpu_regdef/table_VPU_PARSERDBG">PARSERDBG</xref>
              </p>
            </address-details>
          </register-reference>
          <register-reference audience="MSCCInternal">
            <address>0x02110</address>
            <addr-element>
              <addr-mnemonic>GATHERDBG1</addr-mnemonic>
            </addr-element>
            <address-details>
              <p><xref
                href="vpu_regdef_reg.xml#vpu_regdef/table_VPU_GATHERDBG1">GATHERDBG1</xref>
              </p>
            </address-details>
          </register-reference>
          <register-reference audience="MSCCInternal">
            <address>0x02114</address>
            <addr-element>
              <addr-mnemonic>GATHERDBG2</addr-mnemonic>
            </addr-element>
            <address-details>
              <p><xref
                href="vpu_regdef_reg.xml#vpu_regdef/table_VPU_GATHERDBG2">GATHERDBG2</xref>
              </p>
            </address-details>
          </register-reference>
          <register-reference audience="MSCCInternal">
            <address>0x02120</address>
            <addr-element>
              <addr-mnemonic>PROCESSORDBG</addr-mnemonic>
            </addr-element>
            <address-details>
              <p><xref
                href="vpu_regdef_reg.xml#vpu_regdef/table_VPU_PROCESSORDBG">PROCESSORDBG</xref>
              </p>
            </address-details>
          </register-reference>
          <register-reference audience="MSCCInternal">
            <address>0x02130</address>
            <addr-element>
              <addr-mnemonic>SCATTERDBG</addr-mnemonic>
            </addr-element>
            <address-details>
              <p><xref
                href="vpu_regdef_reg.xml#vpu_regdef/table_VPU_SCATTERDBG">SCATTERDBG</xref>
              </p>
            </address-details>
          </register-reference>
          <register-reference audience="MSCCInternal">
            <address>0x02140</address>
            <addr-element>
              <addr-mnemonic>CPLDBG1</addr-mnemonic>
            </addr-element>
            <address-details>
              <p><xref
                href="vpu_regdef_reg.xml#vpu_regdef/table_VPU_CPLDBG1">CPLDBG1</xref>
              </p>
            </address-details>
          </register-reference>
          <register-reference audience="MSCCInternal">
            <address>0x02144</address>
            <addr-element>
              <addr-mnemonic>CPLDBG2</addr-mnemonic>
            </addr-element>
            <address-details>
              <p><xref
                href="vpu_regdef_reg.xml#vpu_regdef/table_VPU_CPLDBG2">CPLDBG2</xref>
              </p>
            </address-details>
          </register-reference>
          <register-reference audience="MSCCInternal">
            <address>0x04000</address>
            <addr-element>
              <addr-mnemonic>STATSCTL</addr-mnemonic>
            </addr-element>
            <address-details>
              <p><xref
                href="vpu_regdef_reg.xml#vpu_regdef/table_VPU_STATSCTL">STATSCTL</xref>
              </p>
            </address-details>
          </register-reference>
          <register-reference audience="MSCCInternal">
            <address>0x04004</address>
            <addr-element>
              <addr-mnemonic>STATSSTOPCNT</addr-mnemonic>
            </addr-element>
            <address-details>
              <p><xref
                href="vpu_regdef_reg.xml#vpu_regdef/table_VPU_STATSSTOPCNT">STATSSTOPCNT</xref>
              </p>
            </address-details>
          </register-reference>
          <register-reference audience="MSCCInternal">
            <address>0x04010</address>
            <addr-element>
              <addr-mnemonic>CYCLECNT</addr-mnemonic>
            </addr-element>
            <address-details>
              <p><xref
                href="vpu_regdef_reg.xml#vpu_regdef/table_VPU_CYCLECNT">CYCLECNT</xref>
              </p>
            </address-details>
          </register-reference>
          <register-reference audience="MSCCInternal">
            <address>0x04020</address>
            <addr-element>
              <addr-mnemonic>IOPCPLCNT</addr-mnemonic>
            </addr-element>
            <address-details>
              <p><xref
                href="vpu_regdef_reg.xml#vpu_regdef/table_VPU_IOPCPLCNT">IOPCPLCNT</xref>
              </p>
            </address-details>
          </register-reference>
          <register-reference>
            <address>0xc0000</address>
            <addr-element>
              <address-prefix>IMQ[x]</address-prefix>
              <instances>
                <instance>
                  <instance-start>0</instance-start>
                  <instance-stop>15</instance-stop>
                </instance>
              </instances>
            </addr-element>
            <address-details>
              <p><xref
                href="mif_ibq_addr.xml#ibq_addr/table_IMQ_Table_0j33kjmbs"></xref>
              </p>
            </address-details>
          </register-reference>
          <register-reference>
            <address>0xc1000</address>
            <addr-element>
              <address-prefix>OMQ[x]</address-prefix>
              <instances>
                <instance>
                  <instance-start>0</instance-start>
                  <instance-stop>15</instance-stop>
                </instance>
              </instances>
            </addr-element>
            <address-details>
              <p><xref
                href="mif_obq_addr.xml#obq_addr/table_OMQ_Table_0j33pa4bu"></xref>
              </p>
            </address-details>
          </register-reference>
          <register-reference>
            <address>0xc2000</address>
            <addr-element>
              <address-prefix>QG</address-prefix>
            </addr-element>
            <address-details>
              <p><xref
                href="mif_group_addr.xml#queue_addr/table_MIF_CSR_Address_Table_fitltbioq"></xref>
              </p>
            </address-details>
          </register-reference>
        </address-map>
      </tgroup>
    </table>
  </body>
</topic>
