<?xml version="1.0" encoding="UTF-8"?>
<!DOCTYPE topic PUBLIC "-//OASIS//DTD DITA 1.2 Topic//EN"
"/SysSchema/dita/dtd/technicalContent/dtd/topic.dtd">
<topic base="base" id="XOR_Calculator_5mi3647aju" xml:lang="en-US">
  <title>XOR Calculator Registers</title>

  <body>
    <table id="XCSTSXORCalculatorStatus">
      <title><reg-name-main verilog="XCSTS">XCSTS</reg-name-main>
      <reg-desc>XOR Calculator Status</reg-desc></title>

      <tgroup cols="5">
        <colspec colwidth="8*"/>

        <colspec colwidth="27*"/>

        <colspec colwidth="8*"/>

        <colspec colwidth="10*"/>

        <colspec colwidth="46*"/>

        <thead>
          <row>
            <entry><p>Bit Field</p></entry>

            <entry><p>Field Name</p></entry>

            <entry><p>Type</p></entry>

            <entry><p>Default Value</p></entry>

            <entry><p>Description</p></entry>
          </row>
        </thead>

        <reg-def>
          <field>
            <field-bits>
              <double>
                <msb>31</msb>

                <lsb>26</lsb>
              </double>
            </field-bits>

            <field-name verilog="RESERVED">RESERVED</field-name>

            <field-type>RO</field-type>

            <field-default>0x0</field-default>

            <field-desc>
              <p/>
            </field-desc>
          </field>

          <field>
            <field-bits>
              <double>
                <msb>25</msb>

                <lsb>19</lsb>
              </double>
            </field-bits>

            <field-name verilog="AXFID">AXFID</field-name>

            <field-type>RO</field-type>

            <field-default>0x0</field-default>

            <field-desc>
              <p><b otherprops="bold">Active XOR Flow IDs</b></p>

              <p>This field contains the number of currently active XOR flow
              IDs.</p>
            </field-desc>
          </field>

          <field>
            <field-bits>
              <double>
                <msb>18</msb>

                <lsb>12</lsb>
              </double>
            </field-bits>

            <field-name verilog="AXB">AXB</field-name>

            <field-type>RO</field-type>

            <field-default>0x0</field-default>

            <field-desc>
              <p><b otherprops="bold">Active XOR Buffers</b></p>

              <p>This field contains the number of currently active XOR
              buffers (i.e., XOR buffers that are allocated to a XOR
              calculator context ID).</p>
            </field-desc>
          </field>

          <field>
            <field-bits>
              <double>
                <msb>11</msb>

                <lsb>2</lsb>
              </double>
            </field-bits>

            <field-name verilog="AXCC">AXCC</field-name>

            <field-type>RO</field-type>

            <field-default>0x0</field-default>

            <field-desc>
              <p><b otherprops="bold">Active XOR Calculator Contexts</b></p>

              <p>This field contains the number of currently active XOR
              calculator context IDs (i.e., XOR calculator context IDs that
              are not in the idle state).</p>
            </field-desc>
          </field>

          <field>
            <field-bits>
              <single>1</single>
            </field-bits>

            <field-name verilog="FIDB">FIDB</field-name>

            <field-type>RW1C</field-type>

            <field-default>0x0</field-default>

            <field-desc>
              <p><b otherprops="bold">Flow ID Blocked</b></p>

              <p>This bit is set if a FlashChReq message is blocked due to the
              inability to activate a new flow ID.</p>
            </field-desc>
          </field>

          <field>
            <field-bits>
              <single>0</single>
            </field-bits>

            <field-name verilog="FIDBS">FIDBS</field-name>

            <field-type>RO</field-type>

            <field-default>0x0</field-default>

            <field-desc>
              <p><b otherprops="bold">Flow ID Blocked Current Status</b></p>

              <p>This bit is set if a FlashChReq message is currently blocked
              due to the inability to activate a new flow ID.</p>
            </field-desc>
          </field>
        </reg-def>
      </tgroup>
    </table>

    <table id="XCCFGXORCalculatorConfiguration">
      <title><reg-name-main verilog="XCCFG">XCCFG</reg-name-main>
      <reg-desc>XOR Calculator Configuration</reg-desc></title>

      <tgroup cols="5">
        <colspec colwidth="8*"/>

        <colspec colwidth="27*"/>

        <colspec colwidth="8*"/>

        <colspec colwidth="10*"/>

        <colspec colwidth="46*"/>

        <thead>
          <row>
            <entry><p>Bit Field</p></entry>

            <entry><p>Field Name</p></entry>

            <entry><p>Type</p></entry>

            <entry><p>Default Value</p></entry>

            <entry><p>Description</p></entry>
          </row>
        </thead>

        <reg-def>
          <field>
            <field-bits>
              <double>
                <msb>31</msb>

                <lsb>30</lsb>
              </double>
            </field-bits>

            <field-name verilog="RESERVED">RESERVED</field-name>

            <field-type>RO</field-type>

            <field-default>0x0</field-default>

            <field-desc>
              <p/>
            </field-desc>
          </field>

          <field>
            <field-bits>
              <double>
                <msb>29</msb>

                <lsb>24</lsb>
              </double>
            </field-bits>

            <field-name verilog="XBNUM">XBNUM</field-name>

            <field-type>RW</field-type>

            <field-default>0x0</field-default>

            <field-desc>
              <p><b otherprops="bold">Number of XOR Buffers</b></p>

              <p>This field controls the number of XOR buffers used by the XOR
              calculator. The number of buffers used by the XOR calculator is
              equal to the value in this field plus one.</p>

              <p>Examples:</p>

              <p>Value of 0 means use one buffer</p>

              <p>Value of 1 means use two buffers</p>

              <p>Value of 0x3F means use 64 buffers</p>

              <p>This field may only be modified when the Flash interface is
              disabled. Modifying the value of this field in any other
              operational state produces undefined results.</p>
            </field-desc>
          </field>

          <field>
            <field-bits>
              <double>
                <msb>23</msb>

                <lsb>19</lsb>
              </double>
            </field-bits>

            <field-name verilog="RESERVED">RESERVED</field-name>

            <field-type>RO</field-type>

            <field-default>0x0</field-default>

            <field-desc>
              <p/>
            </field-desc>
          </field>

          <field>
            <field-bits>
              <double>
                <msb>18</msb>

                <lsb>0</lsb>
              </double>
            </field-bits>

            <field-name verilog="XBSIZE">XBSIZE</field-name>

            <field-type>RW</field-type>

            <field-default>0x0</field-default>

            <field-desc>
              <p><b otherprops="bold">XOR Buffer Size</b></p>

              <p>This field controls the size of an XOR buffer. The size of an
              XOR buffer is equal to the number of DWords in this field.</p>

              <p>Initiating a XOR operation when this field is set to zero
              causes a fatal error to be reported.</p>

              <p>This field may only be modified when the Flash interface is
              disabled. Modifying the value of this field in any other
              operational state produces undefined results.</p>
            </field-desc>
          </field>
        </reg-def>
      </tgroup>
    </table>

    <table id="table_XBPWRCNTL_-_XOR_Buffer_Power_Control_0jfod8pgj">
      <title><reg-name-main verilog="XBPWRCNTL">XBPWRCNTL</reg-name-main> -
      <reg-desc>XOR Buffer Power Control</reg-desc></title>

      <tgroup cols="5">
        <colspec colname="A" colwidth="111*"/>

        <colspec colname="B" colwidth="144*"/>

        <colspec colname="C" colwidth="101*"/>

        <colspec colname="D" colwidth="87*"/>

        <colspec colname="E" colwidth="557*"/>

        <thead>
          <row>
            <entry><p>Bit Field</p></entry>

            <entry><p>Field Name</p></entry>

            <entry><p>Type</p></entry>

            <entry><p>Default Value</p></entry>

            <entry><p>Description</p></entry>
          </row>
        </thead>

        <reg-def>
          <field>
            <field-bits>
              <single>31</single>
            </field-bits>

            <field-name verilog="PWRSVON">PWRSVON</field-name>

            <field-type>RW</field-type>

            <field-default>0x0</field-default>

            <field-desc>
              <p><b>Power Save On</b></p>
            </field-desc>
          </field>

          <field>
            <field-bits>
              <single>30</single>
            </field-bits>

            <field-name verilog="RESERVED">RESERVED</field-name>

            <field-type>RO</field-type>

            <field-default>0x0</field-default>

            <field-desc>
              <p/>
            </field-desc>
          </field>

          <field>
            <field-bits>
              <double>
                <msb>29</msb>

                <lsb>24</lsb>
              </double>
            </field-bits>

            <field-name verilog="TDFSC">TDFSC</field-name>

            <field-type>RW</field-type>

            <field-default>0x7</field-default>

            <field-desc>
              <p><b>TFDSC</b></p>
            </field-desc>
          </field>

          <field>
            <field-bits>
              <double>
                <msb>23</msb>

                <lsb>16</lsb>
              </double>
            </field-bits>

            <field-name verilog="HOLD">HOLD</field-name>

            <field-type>RW</field-type>

            <field-default>0xF</field-default>

            <field-desc>
              <p><b>Hold Time</b></p>
            </field-desc>
          </field>

          <field>
            <field-bits>
              <double>
                <msb>15</msb>

                <lsb>0</lsb>
              </double>
            </field-bits>

            <field-name verilog="SHTDWN">SHTDWN</field-name>

            <field-type>RW</field-type>

            <field-default>0x0</field-default>

            <field-desc>
              <p><b>Shut Down</b></p>
            </field-desc>
          </field>
        </reg-def>
      </tgroup>
    </table>

    <table id="table_RAID6CFG_-_Raid_6_Configuration_2kg9zjrjc">
      <title><reg-name-main verilog="RAID6CFG">RAID6CFG</reg-name-main> -
      <reg-desc>Raid 6 Configuration</reg-desc></title>

      <tgroup cols="5">
        <colspec colname="A" colwidth="111*"/>

        <colspec colname="B" colwidth="144*"/>

        <colspec colname="C" colwidth="101*"/>

        <colspec colname="D" colwidth="87*"/>

        <colspec colname="E" colwidth="557*"/>

        <thead>
          <row>
            <entry><p>Bit Field</p></entry>

            <entry><p>Field Name</p></entry>

            <entry><p>Type</p></entry>

            <entry><p>Default Value</p></entry>

            <entry><p>Description</p></entry>
          </row>
        </thead>

        <reg-def>
          <field>
            <field-bits>
              <single>31</single>
            </field-bits>

            <field-name verilog="R6ENABLE">R6ENABLE</field-name>

            <field-type>RW</field-type>

            <field-default>0x0</field-default>

            <field-desc>
              <desc-title>RAID 6 enable</desc-title>

              <p>If set RAID 6 is used for the XOR. If cleared RAID 5 is used
              for the XOR</p>
            </field-desc>
          </field>

          <field>
            <field-bits>
              <double>
                <msb>30</msb>

                <lsb>8</lsb>
              </double>
            </field-bits>

            <field-name verilog="RESERVED">RESERVED</field-name>

            <field-type>RO</field-type>

            <field-default>0x0</field-default>

            <field-desc>
              <p/>
            </field-desc>
          </field>

          <field>
            <field-bits>
              <double>
                <msb>7</msb>

                <lsb>0</lsb>
              </double>
            </field-bits>

            <field-name verilog="POLY">POLY</field-name>

            <field-type>RW</field-type>

            <field-default>0x1D</field-default>

            <field-desc>
              <desc-title>Polynomial used for RAID 6 calculation</desc-title>

              <p/>
            </field-desc>
          </field>
        </reg-def>
      </tgroup>
    </table>

    <table id="XCXBBASE630XORCalculatorXORBufferBase630">
      <title><reg-name-main verilog="XCXBBASE">XCXBBASE[63:0]</reg-name-main>
      <reg-desc>XOR Calculator XOR Buffer Base [63:0]</reg-desc></title>

      <tgroup cols="5">
        <colspec colwidth="8*"/>

        <colspec colwidth="27*"/>

        <colspec colwidth="8*"/>

        <colspec colwidth="10*"/>

        <colspec colwidth="46*"/>

        <thead>
          <row>
            <entry><p>Bit Field</p></entry>

            <entry><p>Field Name</p></entry>

            <entry><p>Type</p></entry>

            <entry><p>Default Value</p></entry>

            <entry><p>Description</p></entry>
          </row>
        </thead>

        <reg-def>
          <field>
            <field-bits>
              <double>
                <msb>31</msb>

                <lsb>21</lsb>
              </double>
            </field-bits>

            <field-name verilog="RESERVED">RESERVED</field-name>

            <field-type>RO</field-type>

            <field-default>0x0</field-default>

            <field-desc>
              <p/>
            </field-desc>
          </field>

          <field>
            <field-bits>
              <double>
                <msb>20</msb>

                <lsb>6</lsb>
              </double>
            </field-bits>

            <field-name verilog="BASEADDR">BASEADDR</field-name>

            <field-type>RW</field-type>

            <field-default>0x0</field-default>

            <field-desc>
              <p><b otherprops="bold">XOR Buffer Base Address</b></p>

              <p>This field contains the memory line (64B) aligned base
              address of the corresponding XOR buffer in the XOR buffer
              RAM.</p>
            </field-desc>
          </field>

          <field>
            <field-bits>
              <double>
                <msb>5</msb>

                <lsb>0</lsb>
              </double>
            </field-bits>

            <field-name verilog="RESERVED">RESERVED</field-name>

            <field-type>RO</field-type>

            <field-default>0x0</field-default>

            <field-desc>
              <p/>
            </field-desc>
          </field>
        </reg-def>
      </tgroup>
    </table>

    <table id="XCUESXORCalculatorUncorrectableErrorStatus">
      <title><reg-name-main verilog="XCUES">XCUES</reg-name-main>
      <reg-desc>XOR Calculator Uncorrectable Error Status</reg-desc></title>

      <tgroup cols="5">
        <colspec colwidth="8*"/>

        <colspec colwidth="27*"/>

        <colspec colwidth="8*"/>

        <colspec colwidth="10*"/>

        <colspec colwidth="46*"/>

        <thead>
          <row>
            <entry><p>Bit Field</p></entry>

            <entry><p>Field Name</p></entry>

            <entry><p>Type</p></entry>

            <entry><p>Default Value</p></entry>

            <entry><p>Description</p></entry>
          </row>
        </thead>

        <reg-def>
          <field>
            <field-bits>
              <double>
                <msb>31</msb>

                <lsb>6</lsb>
              </double>
            </field-bits>

            <field-name verilog="RESERVED">RESERVED</field-name>

            <field-type>RO</field-type>

            <field-default>0x0</field-default>

            <field-desc>
              <p/>
            </field-desc>
          </field>

          <field>
            <field-bits>
              <single>5</single>
            </field-bits>

            <field-name verilog="RFE">RFE</field-name>

            <field-type>RW1C</field-type>

            <field-default>0x0</field-default>

            <field-desc>
              <p><b otherprops="bold">Reference Count Error</b></p>

              <p>This bit is set when a reference count decrement operation is
              initiated on a XOR calculator context ID whose state is idle
              .</p>
            </field-desc>
          </field>

          <field>
            <field-bits>
              <single>4</single>
            </field-bits>

            <field-name verilog="XCCIDE">XCCIDE</field-name>

            <field-type>RW1C</field-type>

            <field-default>0x0</field-default>

            <field-desc>
              <p><b otherprops="bold">XOR Calculator Context ID Error</b></p>

              <p>This bit is set when any operation is attempted by a Flash
              channel processor to a XOR calculator context ID whose state is
              invalid.</p>
            </field-desc>
          </field>

          <field>
            <field-bits>
              <single>3</single>
            </field-bits>

            <field-name verilog="XBCE">XBCE</field-name>

            <field-type>RW1C</field-type>

            <field-default>0x0</field-default>

            <field-desc>
              <p><b otherprops="bold">XOR Buffer Computed Error</b></p>

              <p>This bit is set when a XOR buffer to Flash bulk data transfer
              is initiated to a XOR calculator context ID that is not in the
              computed state.</p>
            </field-desc>
          </field>

          <field>
            <field-bits>
              <single>2</single>
            </field-bits>

            <field-name verilog="XBAE">XBAE</field-name>

            <field-type>RW1C</field-type>

            <field-default>0x0</field-default>

            <field-desc>
              <p><b otherprops="bold">XOR Buffer Access Error</b></p>

              <p>This bit is set when a controller memory to Flash bulk data
              transfer is initiated to a XOR calculator context ID that does
              not have an allocated buffer.</p>
            </field-desc>
          </field>

          <field>
            <field-bits>
              <single>1</single>
            </field-bits>

            <field-name verilog="XBOE">XBOE</field-name>

            <field-type>RW1C</field-type>

            <field-default>0x0</field-default>

            <field-desc>
              <p><b otherprops="bold">XOR Buffer Offset Error</b></p>

              <p>This bit is set when a bulk data transfer operation specifies
              a buffer offset that is greater than the configured XOR buffer
              size.</p>
            </field-desc>
          </field>

          <field>
            <field-bits>
              <single>0</single>
            </field-bits>

            <field-name verilog="FIDE">FIDE</field-name>

            <field-type>RW1C</field-type>

            <field-default>0x0</field-default>

            <field-desc>
              <p><b otherprops="bold">Flow ID Error</b></p>

              <p>This bit is set when a FlashChReq message is received that
              uses the XOR calculator and has a Flow ID that is greater than
              the number of enabled XOR buffers.</p>
            </field-desc>
          </field>
        </reg-def>
      </tgroup>
    </table>

    <table audience="MSCCInternal"
           id="table_XDPDBG_-_XOR_Datapath_Debug_Register_0kz4egxdv">
      <title><reg-name-main verilog="XDPDBG">XDPDBG</reg-name-main> -
      <reg-desc>XOR Datapath Debug Register</reg-desc></title>

      <tgroup cols="5">
        <colspec colname="A" colwidth="111*"/>

        <colspec colname="B" colwidth="144*"/>

        <colspec colname="C" colwidth="101*"/>

        <colspec colname="D" colwidth="87*"/>

        <colspec colname="E" colwidth="557*"/>

        <thead>
          <row>
            <entry><p>Bit Field</p></entry>

            <entry><p>Field Name</p></entry>

            <entry><p>Type</p></entry>

            <entry><p>Default Value</p></entry>

            <entry><p>Description</p></entry>
          </row>
        </thead>

        <reg-def>
          <field>
            <field-bits>
              <double>
                <msb>31</msb>

                <lsb>18</lsb>
              </double>
            </field-bits>

            <field-name verilog="RESERVED">RESERVED</field-name>

            <field-type>RO</field-type>

            <field-default>0x0</field-default>

            <field-desc>
              <p/>
            </field-desc>
          </field>

          <field>
            <field-bits>
              <single>17</single>
            </field-bits>

            <field-name verilog="AXIEMPT">AXIEMPT</field-name>

            <field-type>RO</field-type>

            <field-default>HWINIT</field-default>

            <field-desc>
              <p>See RTL</p>
            </field-desc>
          </field>

          <field>
            <field-bits>
              <single>16</single>
            </field-bits>

            <field-name verilog="AXIFFRDY">AXIFFRDY</field-name>

            <field-type>RO</field-type>

            <field-default>HWINIT</field-default>

            <field-desc>
              <p>See RTL</p>
            </field-desc>
          </field>

          <field>
            <field-bits>
              <double>
                <msb>15</msb>

                <lsb>8</lsb>
              </double>
            </field-bits>

            <field-name verilog="LASTSTS">LASTSTS</field-name>

            <field-type>RO</field-type>

            <field-default>HWINIT</field-default>

            <field-desc>
              <p>See RTL</p>
            </field-desc>
          </field>

          <field>
            <field-bits>
              <double>
                <msb>7</msb>

                <lsb>4</lsb>
              </double>
            </field-bits>

            <field-name verilog="AXIFSM">AXIFSM</field-name>

            <field-type>RO</field-type>

            <field-default>HWINIT</field-default>

            <field-desc>
              <p>See RTL</p>
            </field-desc>
          </field>

          <field>
            <field-bits>
              <double>
                <msb>3</msb>

                <lsb>0</lsb>
              </double>
            </field-bits>

            <field-name verilog="RMWFSM">RMWFSM</field-name>

            <field-type>RO</field-type>

            <field-default>HWINIT</field-default>

            <field-desc>
              <p>See RTL</p>
            </field-desc>
          </field>
        </reg-def>
      </tgroup>
    </table>
  </body>
</topic>
