<?xml version="1.0" encoding="UTF-8"?>
<!-- Date Stamp: Mon Aug 29 13:21:31 PDT 2022 -->
<!DOCTYPE topic PUBLIC "-//OASIS//DTD DITA 1.2 Topic//EN" "topic.dtd">
<topic base="base" id="xr_regdef">
  <title>XOR DPS Register Address Map</title>
  <body>
    <table id="subunit_table_xr_regdef">
      <title>XOR DPS Register Address Map</title>
      <tgroup cols="3">
        <colspec colwidth="148*"/>
        <colspec colwidth="218*"/>
        <colspec colwidth="634*"/>
        <thead>
          <row>
            <entry><p>Offset Address</p></entry>
            <entry><p>Register Mnemonic </p></entry>
            <entry><p>Register Description </p></entry>
          </row>
        </thead>
        <address-map>
          <register-reference>
            <address>0x00000</address>
            <addr-element>
              <addr-mnemonic>MEMAPROP[x]</addr-mnemonic>
              <instances>
                <instance>
                  <instance-start>0</instance-start>
                  <instance-stop>3</instance-stop>
                </instance>
              </instances>
            </addr-element>
            <address-details>
              <p><xref
                href="xr_regdef_reg.xml#xr_regdef/table_XU_MEMAPROP">MEMAPROP</xref>
              </p>
            </address-details>
          </register-reference>
          <register-reference>
            <address>0x00010</address>
            <addr-element>
              <addr-mnemonic>MEMAPROT[x]</addr-mnemonic>
              <instances>
                <instance>
                  <instance-start>0</instance-start>
                  <instance-stop>3</instance-stop>
                </instance>
              </instances>
            </addr-element>
            <address-details>
              <p><xref
                href="xr_regdef_reg.xml#xr_regdef/table_XU_MEMAPROT">MEMAPROT</xref>
              </p>
            </address-details>
          </register-reference>
          <register-reference>
            <address>0x00100</address>
            <addr-element>
              <addr-mnemonic>CTL</addr-mnemonic>
            </addr-element>
            <address-details>
              <p><xref
                href="xr_regdef_reg.xml#xr_regdef/table_XU_CTL">CTL</xref>
              </p>
            </address-details>
          </register-reference>
          <register-reference>
            <address>0x00104</address>
            <addr-element>
              <addr-mnemonic>STS</addr-mnemonic>
            </addr-element>
            <address-details>
              <p><xref
                href="xr_regdef_reg.xml#xr_regdef/table_XU_STS">STS</xref>
              </p>
            </address-details>
          </register-reference>
          <register-reference>
            <address>0x00200</address>
            <addr-element>
              <addr-mnemonic>UCERRSTS</addr-mnemonic>
            </addr-element>
            <address-details>
              <p><xref
                href="xr_regdef_reg.xml#xr_regdef/table_XU_UCERRSTS">UCERRSTS</xref>
              </p>
            </address-details>
          </register-reference>
          <register-reference>
            <address>0x00204</address>
            <addr-element>
              <addr-mnemonic>UCERRMSK</addr-mnemonic>
            </addr-element>
            <address-details>
              <p><xref
                href="xr_regdef_reg.xml#xr_regdef/table_XU_UCERRMSK">UCERRMSK</xref>
              </p>
            </address-details>
          </register-reference>
          <register-reference>
            <address>0x00208</address>
            <addr-element>
              <addr-mnemonic>UCERRSWTGR</addr-mnemonic>
            </addr-element>
            <address-details>
              <p><xref
                href="xr_regdef_reg.xml#xr_regdef/table_XU_UCERRSWTGR">UCERRSWTGR</xref>
              </p>
            </address-details>
          </register-reference>
          <register-reference audience="MSCCInternal">
            <address>0x0020c</address>
            <addr-element>
              <addr-mnemonic>CERRSTS</addr-mnemonic>
            </addr-element>
            <address-details>
              <p><xref
                href="xr_regdef_reg.xml#xr_regdef/table_XU_CERRSTS">CERRSTS</xref>
              </p>
            </address-details>
          </register-reference>
          <register-reference audience="MSCCInternal">
            <address>0x00210</address>
            <addr-element>
              <addr-mnemonic>CERRMSK</addr-mnemonic>
            </addr-element>
            <address-details>
              <p><xref
                href="xr_regdef_reg.xml#xr_regdef/table_XU_CERRMSK">CERRMSK</xref>
              </p>
            </address-details>
          </register-reference>
          <register-reference audience="MSCCInternal">
            <address>0x00214</address>
            <addr-element>
              <addr-mnemonic>CERRSWTGR</addr-mnemonic>
            </addr-element>
            <address-details>
              <p><xref
                href="xr_regdef_reg.xml#xr_regdef/table_XU_CERRSWTGR">CERRSWTGR</xref>
              </p>
            </address-details>
          </register-reference>
          <register-reference>
            <address>0x00218</address>
            <addr-element>
              <addr-mnemonic>AUTDISMSK</addr-mnemonic>
            </addr-element>
            <address-details>
              <p><xref
                href="xr_regdef_reg.xml#xr_regdef/table_XU_AUTDISMSK">AUTDISMSK</xref>
              </p>
            </address-details>
          </register-reference>
          <register-reference audience="MSCCInternal">
            <address>0x00220</address>
            <addr-element>
              <addr-mnemonic>ERRINJ</addr-mnemonic>
            </addr-element>
            <address-details>
              <p><xref
                href="xr_regdef_reg.xml#xr_regdef/table_XU_ERRINJ">ERRINJ</xref>
              </p>
            </address-details>
          </register-reference>
          <register-reference>
            <address>0x00230</address>
            <addr-element>
              <addr-mnemonic>QTO</addr-mnemonic>
            </addr-element>
            <address-details>
              <p><xref
                href="xr_regdef_reg.xml#xr_regdef/table_XU_QTO">QTO</xref>
              </p>
            </address-details>
          </register-reference>
          <register-reference>
            <address>0x00234</address>
            <addr-element>
              <addr-mnemonic>QTIMER</addr-mnemonic>
            </addr-element>
            <address-details>
              <p><xref
                href="xr_regdef_reg.xml#xr_regdef/table_XU_QTIMER">QTIMER</xref>
              </p>
            </address-details>
          </register-reference>
          <register-reference>
            <address>0x00804</address>
            <addr-element>
              <addr-mnemonic>ENBLFEATURE</addr-mnemonic>
            </addr-element>
            <address-details>
              <p><xref
                href="xr_regdef_reg.xml#xr_regdef/table_XU_ENBLFEATURE">ENBLFEATURE</xref>
              </p>
            </address-details>
          </register-reference>
          <register-reference audience="MSCCInternal">
            <address>0x00808</address>
            <addr-element>
              <addr-mnemonic>RAMPOWERCNT</addr-mnemonic>
            </addr-element>
            <address-details>
              <p><xref
                href="xr_regdef_reg.xml#xr_regdef/table_XU_RAMPOWERCNT">RAMPOWERCNT</xref>
              </p>
            </address-details>
          </register-reference>
          <register-reference audience="MSCCInternal">
            <address>0x0080c</address>
            <addr-element>
              <addr-mnemonic>PARSERCTL</addr-mnemonic>
            </addr-element>
            <address-details>
              <p><xref
                href="xr_regdef_reg.xml#xr_regdef/table_XU_PARSERCTL">PARSERCTL</xref>
              </p>
            </address-details>
          </register-reference>
          <register-reference audience="MSCCInternal">
            <address>0x00810</address>
            <addr-element>
              <addr-mnemonic>DBGCTL</addr-mnemonic>
            </addr-element>
            <address-details>
              <p><xref
                href="xr_regdef_reg.xml#xr_regdef/table_XU_DBGCTL">DBGCTL</xref>
              </p>
            </address-details>
          </register-reference>
          <register-reference audience="MSCCInternal">
            <address>0x00814</address>
            <addr-element>
              <addr-mnemonic>RAMECTL</addr-mnemonic>
            </addr-element>
            <address-details>
              <p><xref
                href="xr_regdef_reg.xml#xr_regdef/table_XU_RAMECTL">RAMECTL</xref>
              </p>
            </address-details>
          </register-reference>
          <register-reference>
            <address>0x00818</address>
            <addr-element>
              <addr-mnemonic>RAIDCTL</addr-mnemonic>
            </addr-element>
            <address-details>
              <p><xref
                href="xr_regdef_reg.xml#xr_regdef/table_XU_RAIDCTL">RAIDCTL</xref>
              </p>
            </address-details>
          </register-reference>
          <register-reference>
            <address>0x0081c</address>
            <addr-element>
              <addr-mnemonic>SEARCHCTL</addr-mnemonic>
            </addr-element>
            <address-details>
              <p><xref
                href="xr_regdef_reg.xml#xr_regdef/table_XU_SEARCHCTL">SEARCHCTL</xref>
              </p>
            </address-details>
          </register-reference>
          <register-reference audience="MSCCInternal">
            <address>0x0100c</address>
            <addr-element>
              <addr-mnemonic>PARSEFATAL</addr-mnemonic>
            </addr-element>
            <address-details>
              <p><xref
                href="xr_regdef_reg.xml#xr_regdef/table_XU_PARSEFATAL">PARSEFATAL</xref>
              </p>
            </address-details>
          </register-reference>
          <register-reference audience="MSCCInternal">
            <address>0x01010</address>
            <addr-element>
              <addr-mnemonic>PARSEWARN</addr-mnemonic>
            </addr-element>
            <address-details>
              <p><xref
                href="xr_regdef_reg.xml#xr_regdef/table_XU_PARSEWARN">PARSEWARN</xref>
              </p>
            </address-details>
          </register-reference>
          <register-reference audience="MSCCInternal">
            <address>0x01014</address>
            <addr-element>
              <addr-mnemonic>PARSEINFO</addr-mnemonic>
            </addr-element>
            <address-details>
              <p><xref
                href="xr_regdef_reg.xml#xr_regdef/table_XU_PARSEINFO">PARSEINFO</xref>
              </p>
            </address-details>
          </register-reference>
          <register-reference audience="MSCCInternal">
            <address>0x01018</address>
            <addr-element>
              <addr-mnemonic>PARSEMMBPL</addr-mnemonic>
            </addr-element>
            <address-details>
              <p><xref
                href="xr_regdef_reg.xml#xr_regdef/table_XU_PARSEMMBPL">PARSEMMBPL</xref>
              </p>
            </address-details>
          </register-reference>
          <register-reference audience="MSCCInternal">
            <address>0x0101c</address>
            <addr-element>
              <addr-mnemonic>PARSEMMBPH</addr-mnemonic>
            </addr-element>
            <address-details>
              <p><xref
                href="xr_regdef_reg.xml#xr_regdef/table_XU_PARSEMMBPH">PARSEMMBPH</xref>
              </p>
            </address-details>
          </register-reference>
          <register-reference audience="MSCCInternal">
            <address>0x01030</address>
            <addr-element>
              <addr-mnemonic>FIRMWAREFLT</addr-mnemonic>
            </addr-element>
            <address-details>
              <p><xref
                href="xr_regdef_reg.xml#xr_regdef/table_XU_FIRMWAREFLT">FIRMWAREFLT</xref>
              </p>
            </address-details>
          </register-reference>
          <register-reference audience="MSCCInternal">
            <address>0x02000</address>
            <addr-element>
              <addr-mnemonic>GATHERFLT</addr-mnemonic>
            </addr-element>
            <address-details>
              <p><xref
                href="xr_regdef_reg.xml#xr_regdef/table_XU_GATHERFLT">GATHERFLT</xref>
              </p>
            </address-details>
          </register-reference>
          <register-reference audience="MSCCInternal">
            <address>0x02004</address>
            <addr-element>
              <addr-mnemonic>OPSFLT</addr-mnemonic>
            </addr-element>
            <address-details>
              <p><xref
                href="xr_regdef_reg.xml#xr_regdef/table_XU_OPSFLT">OPSFLT</xref>
              </p>
            </address-details>
          </register-reference>
          <register-reference audience="MSCCInternal">
            <address>0x02008</address>
            <addr-element>
              <addr-mnemonic>SCATTERFLT</addr-mnemonic>
            </addr-element>
            <address-details>
              <p><xref
                href="xr_regdef_reg.xml#xr_regdef/table_XU_SCATTERFLT">SCATTERFLT</xref>
              </p>
            </address-details>
          </register-reference>
          <register-reference audience="MSCCInternal">
            <address>0x02100</address>
            <addr-element>
              <addr-mnemonic>PARSERDBG1</addr-mnemonic>
            </addr-element>
            <address-details>
              <p><xref
                href="xr_regdef_reg.xml#xr_regdef/table_XU_PARSERDBG1">PARSERDBG1</xref>
              </p>
            </address-details>
          </register-reference>
          <register-reference audience="MSCCInternal">
            <address>0x02104</address>
            <addr-element>
              <addr-mnemonic>GATHERDBG1</addr-mnemonic>
            </addr-element>
            <address-details>
              <p><xref
                href="xr_regdef_reg.xml#xr_regdef/table_XU_GATHERDBG1">GATHERDBG1</xref>
              </p>
            </address-details>
          </register-reference>
          <register-reference audience="MSCCInternal">
            <address>0x02108</address>
            <addr-element>
              <addr-mnemonic>GATHERDBG2</addr-mnemonic>
            </addr-element>
            <address-details>
              <p><xref
                href="xr_regdef_reg.xml#xr_regdef/table_XU_GATHERDBG2">GATHERDBG2</xref>
              </p>
            </address-details>
          </register-reference>
          <register-reference audience="MSCCInternal">
            <address>0x02110</address>
            <addr-element>
              <addr-mnemonic>GATHERS1DBG1</addr-mnemonic>
            </addr-element>
            <address-details>
              <p><xref
                href="xr_regdef_reg.xml#xr_regdef/table_XU_GATHERS1DBG1">GATHERS1DBG1</xref>
              </p>
            </address-details>
          </register-reference>
          <register-reference audience="MSCCInternal">
            <address>0x02114</address>
            <addr-element>
              <addr-mnemonic>GATHERS1DBG2</addr-mnemonic>
            </addr-element>
            <address-details>
              <p><xref
                href="xr_regdef_reg.xml#xr_regdef/table_XU_GATHERS1DBG2">GATHERS1DBG2</xref>
              </p>
            </address-details>
          </register-reference>
          <register-reference audience="MSCCInternal">
            <address>0x02118</address>
            <addr-element>
              <addr-mnemonic>GATHERS1DBG3</addr-mnemonic>
            </addr-element>
            <address-details>
              <p><xref
                href="xr_regdef_reg.xml#xr_regdef/table_XU_GATHERS1DBG3">GATHERS1DBG3</xref>
              </p>
            </address-details>
          </register-reference>
          <register-reference audience="MSCCInternal">
            <address>0x02120</address>
            <addr-element>
              <addr-mnemonic>GATHERS2DBG1</addr-mnemonic>
            </addr-element>
            <address-details>
              <p><xref
                href="xr_regdef_reg.xml#xr_regdef/table_XU_GATHERS2DBG1">GATHERS2DBG1</xref>
              </p>
            </address-details>
          </register-reference>
          <register-reference audience="MSCCInternal">
            <address>0x02124</address>
            <addr-element>
              <addr-mnemonic>GATHERS2DBG2</addr-mnemonic>
            </addr-element>
            <address-details>
              <p><xref
                href="xr_regdef_reg.xml#xr_regdef/table_XU_GATHERS2DBG2">GATHERS2DBG2</xref>
              </p>
            </address-details>
          </register-reference>
          <register-reference audience="MSCCInternal">
            <address>0x02128</address>
            <addr-element>
              <addr-mnemonic>GATHERS2DBG3</addr-mnemonic>
            </addr-element>
            <address-details>
              <p><xref
                href="xr_regdef_reg.xml#xr_regdef/table_XU_GATHERS2DBG3">GATHERS2DBG3</xref>
              </p>
            </address-details>
          </register-reference>
          <register-reference audience="MSCCInternal">
            <address>0x02130</address>
            <addr-element>
              <addr-mnemonic>OPSDBG1</addr-mnemonic>
            </addr-element>
            <address-details>
              <p><xref
                href="xr_regdef_reg.xml#xr_regdef/table_XU_OPSDBG1">OPSDBG1</xref>
              </p>
            </address-details>
          </register-reference>
          <register-reference audience="MSCCInternal">
            <address>0x02134</address>
            <addr-element>
              <addr-mnemonic>OPSDBG2</addr-mnemonic>
            </addr-element>
            <address-details>
              <p><xref
                href="xr_regdef_reg.xml#xr_regdef/table_XU_OPSDBG2">OPSDBG2</xref>
              </p>
            </address-details>
          </register-reference>
          <register-reference audience="MSCCInternal">
            <address>0x02140</address>
            <addr-element>
              <addr-mnemonic>OPSIB1DBG1</addr-mnemonic>
            </addr-element>
            <address-details>
              <p><xref
                href="xr_regdef_reg.xml#xr_regdef/table_XU_OPSIB1DBG1">OPSIB1DBG1</xref>
              </p>
            </address-details>
          </register-reference>
          <register-reference audience="MSCCInternal">
            <address>0x02144</address>
            <addr-element>
              <addr-mnemonic>OPSIB2DBG1</addr-mnemonic>
            </addr-element>
            <address-details>
              <p><xref
                href="xr_regdef_reg.xml#xr_regdef/table_XU_OPSIB2DBG1">OPSIB2DBG1</xref>
              </p>
            </address-details>
          </register-reference>
          <register-reference audience="MSCCInternal">
            <address>0x02148</address>
            <addr-element>
              <addr-mnemonic>OPSEB1DBG1</addr-mnemonic>
            </addr-element>
            <address-details>
              <p><xref
                href="xr_regdef_reg.xml#xr_regdef/table_XU_OPSEB1DBG1">OPSEB1DBG1</xref>
              </p>
            </address-details>
          </register-reference>
          <register-reference audience="MSCCInternal">
            <address>0x0214c</address>
            <addr-element>
              <addr-mnemonic>OPSEB2DBG1</addr-mnemonic>
            </addr-element>
            <address-details>
              <p><xref
                href="xr_regdef_reg.xml#xr_regdef/table_XU_OPSEB2DBG1">OPSEB2DBG1</xref>
              </p>
            </address-details>
          </register-reference>
          <register-reference audience="MSCCInternal">
            <address>0x02150</address>
            <addr-element>
              <addr-mnemonic>SCATTERDBG1</addr-mnemonic>
            </addr-element>
            <address-details>
              <p><xref
                href="xr_regdef_reg.xml#xr_regdef/table_XU_SCATTERDBG1">SCATTERDBG1</xref>
              </p>
            </address-details>
          </register-reference>
          <register-reference audience="MSCCInternal">
            <address>0x02154</address>
            <addr-element>
              <addr-mnemonic>SCATTERDBG2</addr-mnemonic>
            </addr-element>
            <address-details>
              <p><xref
                href="xr_regdef_reg.xml#xr_regdef/table_XU_SCATTERDBG2">SCATTERDBG2</xref>
              </p>
            </address-details>
          </register-reference>
          <register-reference audience="MSCCInternal">
            <address>0x02160</address>
            <addr-element>
              <addr-mnemonic>SCATTERD1DBG1</addr-mnemonic>
            </addr-element>
            <address-details>
              <p><xref
                href="xr_regdef_reg.xml#xr_regdef/table_XU_SCATTERD1DBG1">SCATTERD1DBG1</xref>
              </p>
            </address-details>
          </register-reference>
          <register-reference audience="MSCCInternal">
            <address>0x02164</address>
            <addr-element>
              <addr-mnemonic>SCATTERD1DBG2</addr-mnemonic>
            </addr-element>
            <address-details>
              <p><xref
                href="xr_regdef_reg.xml#xr_regdef/table_XU_SCATTERD1DBG2">SCATTERD1DBG2</xref>
              </p>
            </address-details>
          </register-reference>
          <register-reference audience="MSCCInternal">
            <address>0x02168</address>
            <addr-element>
              <addr-mnemonic>SCATTERD1DBG3</addr-mnemonic>
            </addr-element>
            <address-details>
              <p><xref
                href="xr_regdef_reg.xml#xr_regdef/table_XU_SCATTERD1DBG3">SCATTERD1DBG3</xref>
              </p>
            </address-details>
          </register-reference>
          <register-reference audience="MSCCInternal">
            <address>0x0216c</address>
            <addr-element>
              <addr-mnemonic>SCATTERD1DBG4</addr-mnemonic>
            </addr-element>
            <address-details>
              <p><xref
                href="xr_regdef_reg.xml#xr_regdef/table_XU_SCATTERD1DBG4">SCATTERD1DBG4</xref>
              </p>
            </address-details>
          </register-reference>
          <register-reference audience="MSCCInternal">
            <address>0x02170</address>
            <addr-element>
              <addr-mnemonic>SCATTERD2DBG1</addr-mnemonic>
            </addr-element>
            <address-details>
              <p><xref
                href="xr_regdef_reg.xml#xr_regdef/table_XU_SCATTERD2DBG1">SCATTERD2DBG1</xref>
              </p>
            </address-details>
          </register-reference>
          <register-reference audience="MSCCInternal">
            <address>0x02174</address>
            <addr-element>
              <addr-mnemonic>SCATTERD2DBG2</addr-mnemonic>
            </addr-element>
            <address-details>
              <p><xref
                href="xr_regdef_reg.xml#xr_regdef/table_XU_SCATTERD2DBG2">SCATTERD2DBG2</xref>
              </p>
            </address-details>
          </register-reference>
          <register-reference audience="MSCCInternal">
            <address>0x02178</address>
            <addr-element>
              <addr-mnemonic>SCATTERD2DBG3</addr-mnemonic>
            </addr-element>
            <address-details>
              <p><xref
                href="xr_regdef_reg.xml#xr_regdef/table_XU_SCATTERD2DBG3">SCATTERD2DBG3</xref>
              </p>
            </address-details>
          </register-reference>
          <register-reference audience="MSCCInternal">
            <address>0x0217c</address>
            <addr-element>
              <addr-mnemonic>SCATTERD2DBG4</addr-mnemonic>
            </addr-element>
            <address-details>
              <p><xref
                href="xr_regdef_reg.xml#xr_regdef/table_XU_SCATTERD2DBG4">SCATTERD2DBG4</xref>
              </p>
            </address-details>
          </register-reference>
          <register-reference audience="MSCCInternal">
            <address>0x02180</address>
            <addr-element>
              <addr-mnemonic>CPLDBG1</addr-mnemonic>
            </addr-element>
            <address-details>
              <p><xref
                href="xr_regdef_reg.xml#xr_regdef/table_XU_CPLDBG1">CPLDBG1</xref>
              </p>
            </address-details>
          </register-reference>
          <register-reference audience="MSCCInternal">
            <address>0x04000</address>
            <addr-element>
              <addr-mnemonic>STATSCTL</addr-mnemonic>
            </addr-element>
            <address-details>
              <p><xref
                href="xr_regdef_reg.xml#xr_regdef/table_XU_STATSCTL">STATSCTL</xref>
              </p>
            </address-details>
          </register-reference>
          <register-reference audience="MSCCInternal">
            <address>0x04004</address>
            <addr-element>
              <addr-mnemonic>STATSSTOPCNT</addr-mnemonic>
            </addr-element>
            <address-details>
              <p><xref
                href="xr_regdef_reg.xml#xr_regdef/table_XU_STATSSTOPCNT">STATSSTOPCNT</xref>
              </p>
            </address-details>
          </register-reference>
          <register-reference audience="MSCCInternal">
            <address>0x04008</address>
            <addr-element>
              <addr-mnemonic>CYCLECNT</addr-mnemonic>
            </addr-element>
            <address-details>
              <p><xref
                href="xr_regdef_reg.xml#xr_regdef/table_XU_CYCLECNT">CYCLECNT</xref>
              </p>
            </address-details>
          </register-reference>
          <register-reference audience="MSCCInternal">
            <address>0x0400c</address>
            <addr-element>
              <addr-mnemonic>IOPCPLCNT</addr-mnemonic>
            </addr-element>
            <address-details>
              <p><xref
                href="xr_regdef_reg.xml#xr_regdef/table_XU_IOPCPLCNT">IOPCPLCNT</xref>
              </p>
            </address-details>
          </register-reference>
          <register-reference audience="MSCCInternal">
            <address>0x04010</address>
            <addr-element>
              <addr-mnemonic>IMSGACKCNT</addr-mnemonic>
            </addr-element>
            <address-details>
              <p><xref
                href="xr_regdef_reg.xml#xr_regdef/table_XU_IMSGACKCNT">IMSGACKCNT</xref>
              </p>
            </address-details>
          </register-reference>
          <register-reference audience="MSCCInternal">
            <address>0x04014</address>
            <addr-element>
              <addr-mnemonic>IMSGNAKCNT</addr-mnemonic>
            </addr-element>
            <address-details>
              <p><xref
                href="xr_regdef_reg.xml#xr_regdef/table_XU_IMSGNAKCNT">IMSGNAKCNT</xref>
              </p>
            </address-details>
          </register-reference>
          <register-reference audience="MSCCInternal">
            <address>0x04018</address>
            <addr-element>
              <addr-mnemonic>OMSGACKCNT</addr-mnemonic>
            </addr-element>
            <address-details>
              <p><xref
                href="xr_regdef_reg.xml#xr_regdef/table_XU_OMSGACKCNT">OMSGACKCNT</xref>
              </p>
            </address-details>
          </register-reference>
          <register-reference audience="MSCCInternal">
            <address>0x0401c</address>
            <addr-element>
              <addr-mnemonic>OMSGNAKCNT</addr-mnemonic>
            </addr-element>
            <address-details>
              <p><xref
                href="xr_regdef_reg.xml#xr_regdef/table_XU_OMSGNAKCNT">OMSGNAKCNT</xref>
              </p>
            </address-details>
          </register-reference>
          <register-reference>
            <address>0xc0000</address>
            <addr-element>
              <address-prefix>IMQ[x]</address-prefix>
              <instances>
                <instance>
                  <instance-start>0</instance-start>
                  <instance-stop>19</instance-stop>
                </instance>
              </instances>
            </addr-element>
            <address-details>
              <p><xref
                href="mif_ibq_addr.xml#ibq_addr/table_IMQ_Table_0j33kjmbs"></xref>
              </p>
            </address-details>
          </register-reference>
          <register-reference>
            <address>0xc1000</address>
            <addr-element>
              <address-prefix>OMQ[x]</address-prefix>
              <instances>
                <instance>
                  <instance-start>0</instance-start>
                  <instance-stop>19</instance-stop>
                </instance>
              </instances>
            </addr-element>
            <address-details>
              <p><xref
                href="mif_obq_addr.xml#obq_addr/table_OMQ_Table_0j33pa4bu"></xref>
              </p>
            </address-details>
          </register-reference>
          <register-reference>
            <address>0xc2000</address>
            <addr-element>
              <address-prefix>QG</address-prefix>
            </addr-element>
            <address-details>
              <p><xref
                href="mif_group_addr.xml#queue_addr/table_MIF_CSR_Address_Table_fitltbioq"></xref>
              </p>
            </address-details>
          </register-reference>
          <register-reference audience="MSCCInternal">
            <address>0xffffc</address>
            <addr-element>
              <addr-mnemonic>RESERVED</addr-mnemonic>
            </addr-element>
            <address-details>
              <p><xref
                href="xr_regdef_reg.xml#xr_regdef/table_XU_RESERVED">RESERVED</xref>
              </p>
            </address-details>
          </register-reference>
        </address-map>
      </tgroup>
    </table>
  </body>
</topic>
